id,kind,scope,subject,confidence,evidence_ids,source_refs,summary,last_verified_utc
th04-main-native-main-entry-v1077,pattern,th04-main,Private normal-route trace reaches native MAIN after game_init_main(),runtime-observed,ev-th04-main-native-main-trace-v1077,src/main/core/main.cpp;scripts/probes/probe_th04_native_main_link.py;scripts/probes/run_th04_maine_diagnostic_hdi.py;docs/reconstruction/product/TH04_NATIVE_MAIN_EMS_STARTUP_V1080.md,"The v1077 GAME.BAT diagnostic records MAIN.BIN=02 after game_init_main() but no first-frame INPUT.BIN. This establishes a bounded runtime path into native MAIN only; it does not establish full startup, target layout, or exactness.",2026-09-30T05:31:00+00:00
th04-main-native-ems-capability-v1079,hazard,th04-main,Native MAIN stops at the EMS capability probe boundary under split tracing,runtime-observed,ev-th04-main-native-ems-trace-v1079,src/main/ems.cpp;src/main/core/main.cpp;scripts/probes/probe_th04_native_main_link.py;scripts/probes/run_th04_maine_diagnostic_hdi.py;docs/reconstruction/product/TH04_NATIVE_MAIN_EMS_STARTUP_V1080.md,"The v1079 overlay records MAIN.BIN=02 and EMS.BIN=12 immediately before ems_exist(), followed by an invalid INT D1h diagnostic. Isolate EMS ABI and interrupt-vector behavior next; do not copy target addresses or bytes, and do not treat the marker as proof that ems_exist() alone is the fault.",2026-09-30T05:31:00+00:00
th04-main-native-ems-skip-v1080,hazard,th04-main,Skipping EMS reaches the stage-session boundary but is not a startup workaround,runtime-observed,ev-th04-main-native-ems-skip-v1080,src/main/ems.cpp;src/main/core/main.cpp;scripts/probes/run_th04_maine_diagnostic_hdi.py;docs/reconstruction/product/TH04_NATIVE_MAIN_EMS_STARTUP_V1080.md,"The v1080 private skip-EMS control records MAIN.BIN=06 and EMS.BIN=10, emits diagnostic START/EXIT, and ends on DOS abnormal termination before the input trace. It only bounds a follow-on stage_session_init() path; full startup remains open.",2026-09-30T05:31:00+00:00
th04-main-native-aggregate-v1022,pattern,th04-main,Two-cold replay keeps the complete configured MAIN source graph deterministic after the routing frontier closed,compiler-observed,ev-th04-main-native-aggregate-v1022,config/th04_main_exact_units.toml;scripts/replay_th04_main_exact_units.py;docs/reconstruction/product/TH04_NATIVE_MAIN_LINK_MANIFEST_V1021.md,"The v1022 replay passes all 275 selected units in both cold builds and reproduces candidate SHA-256 d51db833654d139b6e79c059a70be2859d4f83a3d6c9777e7fbc547f1d3c0bdb. Treat this as a scaffold-overlay compiler/link Oracle only; it does not establish a standalone native MAIN artifact.",2026-09-29T09:31:34+00:00
th04-main-native-aggregate-gap-v1022,hazard,th04-main,The deterministic aggregate candidate still lacks target packed bytes and standalone startup evidence,compiler-observed,ev-th04-main-native-aggregate-v1022;ev-th04-main-native-aggregate-compare-v1022,config/th04_main_exact_units.toml;config/native_main_sources.toml;docs/RE_HANDOFF.md,"The valid candidate is 152974 bytes versus 156258 target bytes, with 6224 raw differences and 3301 program bytes outside relocation sites despite matching relocation multiplicity and site values. The historical th04_main.asm scaffold, DATA/BSS ownership, native object placement, and PC-98 startup remain open; do not promote the aggregate to exact or standalone MAIN readiness.",2026-09-29T09:31:34+00:00
th04-main-native-link-v1073,pattern,th04-main,Private context wrappers restore standalone TASM assembly for twelve maintained body-only MAIN ASM owners while preserving the current body as the logical source,compiler-observed,ev-th04-main-native-link-v1073,scripts/probes/probe_th04_native_main_link.py;config/native_main_sources.toml;docs/RE_HANDOFF.md,"The v1073 diagnostic link passes 192 C/C++ roots, 8 state owners, 125 product ASM owners, and 4 private sprite-resource owners. Each wrapper recovers only historical declaration/segment context from revision 0b398a0; wrapper bytes receive no exactness credit. TLINK emits a valid 190937-byte MZ with 1163 relocations and no unresolved, duplicate, group, or fixup errors, but reference BMP provenance, target layout, raw equality, and startup remain open.",2026-09-30T03:50:45+00:00
th04-main-native-startup-v1073,hazard,th04-main,Diagnostic direct-MAIN boot does not establish complete product startup,runtime-observed,ev-th04-main-native-startup-v1073,scripts/probes/prepare_th04_main_diagnostic_hdi.py;scripts/probes/run_th04_maine_diagnostic_hdi.py;docs/RE_HANDOFF.md,"The disposable v1073 HDI run returns 0 with no missing boot markers and records START 0d0a, but the captured frame is the PC-98 DOS boot screen and MAIN-hit/OP/CDG markers are absent. Repeated unknown INT 1Bh SCSI BIOS calls are an emulator/runtime unknown; menu/game startup and behavioral acceptance remain unverified.",2026-09-30T03:51:43+00:00
target-local-image,fact,global,Target provenance,observed,ev-source-hdi,config/targets.toml,The current hashes attest the user's Japanese HDI but external pristine canonicality is still open,2026-09-06
th04-zun-is-mz,fact,th04-zun,Executable format,observed,ev-th04-zun-target,config/targets.toml,TH04 ZUN.COM begins with and validates as DOS MZ despite its COM extension,2026-09-06
pc98-fat-offset,fact,source-hdi,Filesystem access,observed,ev-source-hdi,config/targets.toml,The TOUHOU FAT12 boot sector begins at HDI file offset 38912 and uses 1024-byte FAT sectors,2026-09-06
rec98-progress,fact,reference,TH04 ReC98 status,corroborated,,docs/REFERENCE_ANALYSIS.md,ReC98 reports TH04 RE 46.62 percent finalized 39.30 percent and position independence 100 percent as of 2026-01-19; these are not exact byte-match percentages,2026-09-06
mzdiff-scope,hazard,reference,ReC98 comparison terminology,corroborated,,https://github.com/nmlgc/mzdiff/blob/02603e1b070a1cfe5f9c580d49b9eb28617aeb4a/mzdiff.py,mzdiff separates MZ header relocations and program image but is not a per-unit JSON or semantic/ABI/runtime Oracle,2026-09-06
oracle-mutation-suite,recipe,control-plane,Comparator regression,observed,ev-oracle-smoke-corpus,scripts/smoke_oracles.py,Run TH01-TH05 self-comparison plus per-game header relocation relocated-word program overlay and COM mutations after comparator changes,2026-09-06
cross-game-calibration-boundary,hazard,control-plane,TH01-TH05 calibration corpus,observed,ev-oracle-smoke-corpus;ev-rec98-th01-cold-repeat,docs/ORACLES.md,Original executables validate parser fault routing while the separate attested cold build validates compiler and linker reproducibility; neither substitutes for target exactness,2026-09-06
normalized-not-exact,hazard,global,Relocation-normalized equality,observed,ev-oracle-smoke-corpus,docs/ORACLES.md,Normalization is diagnostic only and must never promote an exact state,2026-09-06
toolchain-local-candidate,fact,pc98-borland,Borland build-chain identity,compiler-observed,ev-toolchain-surfaces;ev-toolchain-omf-probes,config/toolchain.toml;docs/TOOLCHAIN.md,The installed TC4J TASM32 TLINK runner configuration include library and startup surfaces pass local identity and execution attestation; third-party acquisition canonicality remains qualified,2026-09-06
toolchain-clean-bootstrap,recipe,pc98-borland,Fresh toolchain reproduction,compiler-observed,ev-toolchain-clean-bootstrap,scripts/bootstrap_toolchain.sh;docs/TOOLCHAIN.md,Run the bootstrapper only into an empty private toolchain tree; an independent empty-clone test reproduced all pinned identities and the deterministic linked probe,2026-09-06
upstream-requires-local-proof,hazard,global,Upstream reconstruction intake,inferred,,docs/ORACLES.md,Upstream source and status are candidate provenance only and cannot satisfy exact gates until independently rebuilt and validated locally,2026-09-06
th04-th05-main-shared-blocks,pattern,th04-main,Cross-game byte anchors,observed,ev-th04-th05-shared-main,scripts/mine_shared_blocks.py,TH04 and TH05 MAIN contain several raw-identical runs over 1 KiB; use offsets as search anchors but infer neither function boundaries nor source identity,2026-09-06
mz-analysis-bundle,recipe,control-plane,Private analysis import,observed,ev-th04-main-target,scripts/export_analysis_bundle.py,Export a hash-verified MZ load module normalized view relocated view metadata and relocation CSV before configuring an analysis backend,2026-09-06
th04-mz-topology,fact,th04,MZ headers and relocations,observed,ev-th04-op-target;ev-th04-main-target;ev-th04-maine-target;ev-th04-zun-target,docs/ARCHITECTURE.md,TH04 MAIN has a 6144-byte header and 1136 relocations while OP MAINE and ZUN have 32-byte headers and zero relocations; all entry points are relative 0000:0000,2026-09-06
borland-short-dos-path,recipe,pc98-borland,Borland DPMI execution,observed,ev-toolchain-surfaces,docs/TOOLCHAIN.md,Use an isolated Wine prefix with TC4 at C:\TC4 because execution through the repository deep Z path fails in the Borland DPMI loader,2026-09-06
turboc-cfg-name,negative-result,pc98-borland,Turbo C++ configuration discovery,observed,ev-turboc-cfg-negative;ev-toolchain-omf-probes,docs/TOOLCHAIN.md,TCC.CFG did not expose standard headers in cold-001; the hash-attested TURBOC.CFG supplies C:\TC4\INCLUDE and C:\TC4\LIB,2026-09-06
omf-producer-dependencies,pattern,pc98-borland,Compiler contamination detection,compiler-observed,ev-toolchain-omf-probes,scripts/lib/omf.py,OMF translator comments identify TC86 Borland C++ 4.02 and Turbo Assembler 5.0 while E9 dependencies expose the actual source and include paths,2026-09-06
omf-e9-dual-identity,pattern,pc98-borland,OMF reproducibility routing,observed,ev-rec98-th01-omf,docs/TOOLCHAIN.md;https://github.com/open-watcom/open-watcom-v2/blob/b36230f83e0ad7c40fc682f2d2c10bc034efcf23/bld/watcom/h/pcobj.h,Keep raw OMF identity and a second digest normalizing only E9 DOS time and date words; never normalize code data paths fixups or source-level build-time strings,2026-09-06
rec98-th01-strict-vector,hazard,th01,Upstream candidate exactness,observed,ev-rec98-th01-strict-raw;ev-rec98-policy-differential,config/rec98_th01_calibration.toml,The pinned ReC98 build has three raw-rejected MZ files and one exact COM even though all three MZ program images match; upstream policy compatibility is not local exactness,2026-09-06
rec98-th01-cold-repeat,fact,th01,Cold build reproducibility,observed,ev-rec98-th01-cold-repeat;ev-rec98-th01-omf,docs/BUILD_MATCHING.md,Two isolated builds produce the same four-file TH01 output tree and the same dependency-timestamp-normalized 65-object TH01 set,2026-09-06
rec98-pc98-cold-repeat,fact,pc98-borland,All-game cold build reproducibility,observed,ev-rec98-pc98-cold-repeat;ev-rec98-pc98-omf-repeat,config/rec98_pc98_calibration.toml;docs/BUILD_MATCHING.md,Three isolated builds produce the same selected 20-output identity and the same narrowly normalized per-game OMF identities,2026-09-06
rec98-all-game-vector,recipe,control-plane,Untrusted candidate regression,observed,ev-rec98-pc98-calibration,scripts/survey_rec98_outputs.py;config/rec98_pc98_calibration.toml,Use the default exact gate for acceptance and calibration only to reproduce the pinned 3-pass 17-reject vector; a one-byte mutation is known to fail closed,2026-09-06
rec98-th04-candidate-topology,pattern,th04,ReC98 candidate routing,observed,ev-rec98-th04-op-strict-raw;ev-rec98-th04-main-strict-raw;ev-rec98-th04-maine-strict-raw;ev-rec98-th04-zun-strict-raw,docs/BUILD_MATCHING.md,All four TH04 candidates fail raw comparison; MAIN retains relocation count with 3326 outside-site differences while OP and MAINE differ broadly and ZUN has a container mismatch,2026-09-06
rec98-th02-narrow-deltas,pattern,th02,Comparator sensitivity controls,observed,ev-rec98-pc98-calibration,config/rec98_pc98_calibration.toml;docs/BUILD_MATCHING.md,The three rejected TH02 MZ candidates preserve program sizes and relocation counts while differing outside relocation sites by only 2 17 and 1 bytes; use them as narrow regression controls,2026-09-06
ghidra-headless-layout,recipe,control-plane,Pinned headless analysis layout,observed,ev-analysis-toolchain;ev-analysis-toolchain-clean-bootstrap,config/analysis_toolchain.toml;docs/GHIDRA.md,Keep downloads and versioned Ghidra JDK installs under ignored .tools with stable .tools/ghidra and .tools/jdk links; keep private databases under ignored ghidra-project and generated exports below .analysis/ghidra,2026-09-06
ghidra-dot-project-path,negative-result,control-plane,Ghidra private project placement,observed,ev-ghidra-dot-project-path,docs/GHIDRA.md,A project root below .analysis is rejected because Ghidra forbids dot-prefixed path elements; root ghidra-project is the documented local exception,2026-09-06
ghidra-mz-load-model,fact,pc98-mz,Ghidra 12.1.3 MzLoader behavior,corroborated,ev-analysis-toolchain,config/analysis_toolchain.toml;docs/GHIDRA.md,Ghidra loads DOS MZ program bytes at segment 0x1000 applies relocation words maps the header into a HEADER overlay and derives provisional blocks using relocation targets plus a RETF heuristic,2026-09-06
ghidra-db-attestation,recipe,control-plane,Database target consistency,observed,ev-ghidra-th04-main-db;ev-ghidra-oracle-mutations,scripts/ghidra.py;scripts/attest_ghidra_database.py,Run the read-only headless check before target work; it compares full original and modified FileBytes header and load snapshots source mappings relocations entry timeout state nonce and samples through an independent Python MZ parser,2026-09-06
ghidra-cross-game-calibration,fact,control-plane,Ghidra MZ Oracle calibration,observed,ev-ghidra-th01-op-db;ev-ghidra-th04-op-db,docs/GHIDRA.md,The same database Oracle passes TH01 OP with 625 relocations and TH04 OP with zero relocations so both relocation branches have real-corpus controls,2026-09-06
ghidra-boundaries-provisional,hazard,pc98-mz,Ghidra block and function ownership,corroborated,ev-analysis-toolchain,docs/GHIDRA.md;config/analysis_toolchain.toml,Ghidra MzLoader block topology and auto-analysis functions are navigation candidates because loader segment discovery and RETF adjustment are heuristic; database attestation does not promote boundaries or source claims,2026-09-06
exact-evidence-unit-binding,hazard,control-plane,Exact promotion evidence reuse,observed,ev-exact-ledger-adversarial,config/oracles.toml;scripts/validate_tracking.py,Only target and format evidence may be artifact-scoped and only the explicit global allowlist may omit an artifact; every other exact requirement binds to unit ID file start and compare size with replay metadata,2026-09-06
omf-single-module-frame,hazard,pc98-borland,OMF concatenation,observed,ev-omf-single-module-adversarial,scripts/lib/omf.py,Valid checksums and outer boundary records are insufficient because concatenated modules can mimic them; require exactly one THEADR and one MODEND or MODEND32,2026-09-06
mz-minimum-runtime-envelope,pattern,pc98-mz,MZ format integrity,observed,ev-mz-extended-integrity,scripts/lib/pc98.py,Reject bytes-on-last-page above 511 inverted min/max allocation and an initial SS:SP beyond the load module plus minimum allocation,2026-09-06
ghidra-source-mapping-partition,hazard,pc98-mz,Ghidra FileBytes aliases,observed,ev-ghidra-mapping-partition-v2,scripts/lib/ghidra.py,Exact header and load coverage does not exclude extra aliases; reject every target-backed range not wholly in the unloaded HEADER or loaded module mapping category,2026-09-06
portable-runner-boundary,recipe,pc98-borland,Host runner identity,compiler-observed,ev-preexecution-identity-gates,config/toolchain.toml;docs/TOOLCHAIN.md,Pin proprietary compiler media tools and MS-DOS Player before execution but treat host Wine binary hashes as diagnostics; cold deterministic output and exact comparison remain the portable acceptance gates,2026-09-06
dosboxx-headless-host-smoke,recipe,pc98-runtime,Headless emulator baseline,observed,ev-runtime-host-smoke,config/runtime.toml;docs/RUNTIME.md,Use the pinned Ubuntu DOSBox-X binary checked-in dummy-SDL PC-98 profile and hash-attested private HDI for startup and guest-boot availability only; author claim-scoped checkpoints and replay them under a pinned Neko Project II debug build before calling results deterministic runtime evidence,2026-09-06
th04-main-slowdown-first-unit,fact,th04-main,slowdown_frame_delay,observed,ev-th04-main-slowdown-boundary;ev-th04-main-slowdown-frame-delay-raw;ev-th04-main-slowdown-frame-delay-aggregate,docs/reconstruction/main/TH04_MAIN_SLOWDOWN.md;docs/reconstruction/main/TH04_MAIN_EXACT_BATCH.md;src/main/slowdown.cpp,The 26-byte SLOWDOWN_TEXT function is now exact from maintained source under the checked-in two-cold-build replay; the earlier source-present state is historical.,2026-09-06
th04-main-authored-screen,hazard,th04-main,Superseded initial routing inventory,observed,ev-th04-main-authored-screen-map;ev-th04-main-authored-screen-target,config/evidence.csv;config/units.csv,The initial 58-contribution screen is historical discovery evidence only. Its prose snapshot was retired after bounded owners and function ledgers superseded it; overlapping bookkeeping rows are excluded so agents never use its module names counts or states as the current queue or source layout.,2026-09-07
borland-omf-e8-source-mtime,pattern,pc98-borland,Primary source timestamp in OMF,compiler-observed,ev-th04-main-dialog-std-prefix-omf,scripts/replay_th04_main_exact_units.py;docs/reconstruction/main/TH04_MAIN_EXACT_BATCH.md,Turbo C++ records primary-source metadata in COMENT class E8. Overlaying source with copyfile manufactured per-run OMF differences; preserve identical input metadata with copy2 rather than expanding normalization.,2026-09-06
th04-main-dialog-relocation-order-blockers,hazard,th04-main,Remaining raw-identical dialog relocation-order blockers,observed,ev-th04-main-dialog-op-relocation-order-blocker;ev-th04-main-dialog-run-relocation-order-blocker;ev-th04-main-dialog-init-layout-split-v1,docs/reconstruction/main/TH04_MAIN_EXACT_BATCH.md;config/units.csv,"dialog_op and dialog_run still reproduce raw bytes and relocation sets but not ordered overlapping MZ relocation sequences. dialog_init was a separate case: restoring its original C++ TU boundary makes its six relocations match exactly, so it is no longer a blocker.",2026-09-06
th04-main-pmd-les-pure-c-negative,negative-result,th04-main,Generic far-pointer PMD LES probes,compiler-observed,ev-th04-main-pmd-pure-c-les-negative;ev-th04-main-snd-pmd-resident-toolchain-replay,docs/reconstruction/main/TH04_MAIN_EXACT_BATCH.md;src/main/sound/pmd_resident.c,"Generic MK_FP, typed/register far-local, and separate _BX/_ES pure-C shapes fail to reproduce the one-instruction IVT load. This is a negative result for those shapes only: a Borland __es segment-specific pointer later reproduces the exact LES naturally.",2026-09-06
th04-main-snd-load-mov-encoding-negative,negative-result,th04-main,snd_load MOV BX AX encoding,compiler-observed,ev-th04-main-tasm-mov-bx-ax-negative;ev-th04-main-snd-load-register-allocation-negative,docs/reconstruction/main/TH04_MAIN_EXACT_BATCH.md,"Target register-register mismatches in dialog/stages/snd_load/it_spl_u use alternate direction-bit encodings with the same semantics. TH02 snd_load is raw-exact with 8B D8; tested TC4J flags and TASM modes still use 8B D8. Pure-C register-handle probes allocate the handle to DX, then DI under realistic fixed-register pressure, or spill when DI is unavailable; none place it in BX or emit 89 C3. The only cold TC86 89 C3 sample still routes to inline assembly.",2026-09-06
borland-codeseg-call-shape-negative,negative-result,pc98-borland,Cross-code-segment direct call shape,compiler-observed,ev-th04-main-codeseg-call-shape-negative,docs/reconstruction/main/TH04_MAIN_EXACT_BATCH.md,"After respecting #pragma codeseg and first-declaration segment ownership, a natural cross-code-segment C++ call still emits CALLF rather than target PUSH CS plus near CALL; TU combining alone does not remove this inline-assembly blocker.",2026-09-06
ghidra-function-body-manual-review,pattern,th04-main,Ghidra noncontiguous/overlapping function bodies,observed,ev-th04-main-function-screen-manual-v3;ev-th04-main-player-pos-manual-boundary-v1;ev-th04-main-player-move-switch-boundary-v1,scripts/review_th04_main_functions.py;config/th04_main_function_review.toml;tests/test_function_review.py;docs/reconstruction/main/TH04_MAIN_EXACT_BATCH.md,"Do not equate a noncontiguous Ghidra body with an ambiguous target boundary. A manual override is allowed only when TLINK public and exact owner agree, raw 16-bit decoding tiles the configured min/max span through RET/RETF, and any indirect switch table targets only instruction starts inside that span.",2026-09-06
th04-main-pmd-es-ivt-exact,fact,th04-main,snd_pmd_resident __es IVT access,compiler-observed,ev-th04-main-snd-pmd-resident-toolchain-replay;ev-th04-main-snd-pmd-resident-raw;ev-th04-main-snd-pmd-resident-aggregate,src/main/sound/pmd_resident.c;docs/reconstruction/main/TH04_MAIN_EXACT_BATCH.md,"Casting the PMD IVT slot as a Borland segment-specific pointer, *(void far * __es *)(PMD * 4), after _ES=0 makes TC4J naturally emit 26 C4 1E 80 01 (LES BX,ES:[0180h]). The complete 46-byte function then passes two-cold-build raw/map/relocation/OMF exact replay without inline assembly or byte emission.",2026-09-06
th04-main-snd-load-ds-save-negative,negative-result,th04-main,snd_load pure-C DS preservation,compiler-observed,ev-th04-main-snd-load-ds-save-negative,docs/reconstruction/main/TH04_MAIN_EXACT_BATCH.md,"Pure-C saved-DS locals, register locals, and ES-temporary forms do not reproduce the target mid-function PUSH DS ... POP DS pair. TC4J emits memory or MOV-based segment saves/restores instead; __saveregs saves all registers and __loadds does not create the needed mid-function pair.",2026-09-06
borland-tu-boundary-fixupp-order,pattern,pc98-borland,Translation-unit boundaries affect FIXUPP/MZ relocation order,compiler-observed,ev-th04-main-dialog-init-relocation-order-blocker;ev-th04-main-dialog-init-layout-split-v1;ev-th04-main-dialog-init-aggregate-split-v1,scripts/replay_th04_main_exact_units.py;config/th04_main_exact_units.toml;docs/reconstruction/main/TH04_MAIN_EXACT_BATCH.md,Merging two natural C++ translation units can preserve every linked code byte while changing Intel OMF LEDATA/FIXUPP batching and therefore ordered MZ relocation entries. TH04 dialog_init is the concrete case: restoring the original second DIALOG_TEXT TU keeps code/layout identical and fixes all six ordered relocations.,2026-09-06
th04-main-dialog-op-run-tu-split-negative,negative-result,th04-main,dialog_op/dialog_run historical TU split,compiler-observed,ev-th04-main-dialog-op-relocation-order-blocker;ev-th04-main-dialog-run-relocation-order-blocker;ev-th04-main-dialog-init-layout-split-v1,docs/reconstruction/main/TH04_MAIN_EXACT_BATCH.md,"The historical pre-merge dialog_f.cpp object already has the same dialog_op/dialog_run pointer-fixup order as the current merged candidate. Restoring the lower TU split fixes dialog_init/exit only; it does not solve dialog_op or dialog_run, so do not repeat that split as a proposed fix for those two.",2026-09-06
borland-tcc-via-tasm-fixupp-order,pattern,pc98-borland,TCC -B versus direct TC86 FIXUPP ordering,compiler-observed,,docs/reconstruction/main/TH04_MAIN_FIXUP_CODEGEN_PROBES.md,"On the exact slowdown control, direct TC86 and TCC-generated assembly assembled by pinned-media TASM 4.1 emit identical LEDATA while ordering the same FIXUPP locations oppositely. Producer path is therefore a binary input even when machine code is identical.",2026-09-06
th04-main-dialog-op-tu-rotation-matrix,negative-result,th04-main,dialog_op natural TU/FIXUPP rotations,compiler-observed,,docs/reconstruction/main/TH04_MAIN_FIXUP_CODEGEN_PROBES.md,Natural DIALOG_TEXT boundary probes place dialog_op at object offsets 0x27F 0x0F2 0x29 and 0; raw dialog_op bytes remain exact but the same relocation set rotates as X+A+B+C C+X+A+B and B+C+X+A rather than target A+B+C+X. Do not repeat these boundary placements as fixes.,2026-09-06
th04-main-dialog-run-source-fixupp-negative,negative-result,th04-main,dialog_run source/TU/FIXUPP probes,compiler-observed,,docs/reconstruction/main/TH04_MAIN_FIXUP_CODEGEN_PROBES.md,Making dialog_run a standalone 0x17F-byte TU ending at RET preserves raw bytes but keeps relocation order B+A. Goto-form control flow and a dialog_text_put macro also keep all 383 code bytes yet leave FIXUPP unchanged; tested inline replacements that do change FIXUPP also change code.,2026-09-06
th04-main-dialog-tc86-flag-matrix-negative,negative-result,th04-main,dialog_op/dialog_run TC86 option matrix,compiler-observed,,docs/reconstruction/main/TH04_MAIN_FIXUP_CODEGEN_PROBES.md,"Among tested TC86 variants only baseline -X and -d- preserve both dialog_op and dialog_run target byte slices, and all three retain the same wrong ordered relocations. -y -v -G -O- -Z- -k- and alternate CPU modes change code and/or relocation sets.",2026-09-06
omf-code-segment-before-x86-decode,hazard,pc98-borland,Instruction mining from Intel OMF,compiler-observed,,docs/reconstruction/main/TH04_MAIN_FIXUP_CODEGEN_PROBES.md,Never search raw OMF bytes for opcode evidence. Parse LNAMES and SEGDEF first and decode only LEDATA whose segment class is CODE; otherwise comments strings DATA and other non-code payloads can create false x86 instruction hits.,2026-09-06
th04-main-snd-load-clean-code-89-negative,negative-result,th04-main,snd_load 89 C3 clean-code corpus survey,compiler-observed,,docs/reconstruction/main/TH04_MAIN_FIXUP_CODEGEN_PROBES.md;docs/reconstruction/main/TH04_MAIN_EXACT_BATCH.md,"After segment-aware OMF parsing and real 16-bit decoding, the current clean TC86 C/C++ CODE corpus contains zero register-register MOV instructions using opcode 89 /r, including zero destination-BX examples. TASM 4.1 also emits ordinary mov bx,ax as 8B D8. This is a corpus negative, not a universal impossibility proof.",2026-09-06
th04-main-dialog-natural-boundaries-exhausted-v2,negative-result,th04-main,dialog_op natural shared-function TU boundaries,compiler-observed,ev-th04-main-dialog-natural-boundary-matrix-v2-negative,docs/reconstruction/main/TH04_MAIN_FIXUP_CODEGEN_PROBES.md,The remaining natural shared.cpp function boundaries before dialog_op have now been swept. Object-local starts 0x278 0x1FE 0x1A6 0x16E and 0x124 preserve op/run program bytes but yield op cyclic rotations 20 17 14 14 and 9; together with prior starts 0x27F 0x0F2 0x29 and 0 this exhausts current natural pre-op boundaries without producing target rotation 0. dialog_run stays rotation 2.,2026-09-06
th04-main-snd-load-pseudoreg-alias-negative,negative-result,th04-main,snd_load pseudo-register lvalue aliasing,compiler-observed,ev-th04-main-snd-load-pseudoreg-alias-negative,docs/reconstruction/main/TH04_MAIN_FIXUP_CODEGEN_PROBES.md;docs/reconstruction/main/TH04_MAIN_EXACT_BATCH.md,"TC4J pseudo-register _BX is not an addressable C++ lvalue: reference, template-reference, call-by-reference, comma-lvalue, and conditional-lvalue forms are rejected with Must take address of a memory location. The direct legal assignment remains 8B D8, so do not repeat reference/alias tricks to seek target 89 C3.",2026-09-06
mz-program-image-offset-split-probe-hazard,hazard,pc98-mz,MZ file offsets across structural relinks,observed,ev-th04-main-dialog-natural-boundary-matrix-v2-negative,docs/KNOWLEDGE_BASE.md;docs/reconstruction/main/TH04_MAIN_FIXUP_CODEGEN_PROBES.md,Structural relinks can change e_cparhdr while keeping load-module addresses stable. A TH04 dialog diagnostic candidate used a 0x1600 header versus target 0x1800; slicing the candidate with target file offsets falsely reported hundreds of code mismatches. Compare program-image offsets using each file own parsed header.,2026-09-06
borland-tdump-41-from-tc4j-media,recipe,pc98-borland,Official OMF FIXUPP inspection,compiler-observed,ev-borland-samecodeseg-fixup-frame;ev-th04-main-dialog-historical-asm-fixupp-negative,docs/TOOLCHAIN.md;docs/reconstruction/main/TH04_MAIN_FIXUP_CODEGEN_PROBES.md,The already-attested TC4J TDUTIL.PAK contains Turbo Dump 4.1. Extract it only into ignored analysis space with the same-media UNPAK; TDUMP exposes SEGDEF LEDATA and FIXUPP fields without committing proprietary binaries. For Pointer16 fixups the DOS MZ segment relocation is the segment word at fixup location + 2.,2026-09-06
borland-samecodeseg-fixup-frame,pattern,pc98-borland,#pragma samecodeseg semantics,compiler-observed,ev-borland-samecodeseg-fixup-frame;ev-th04-main-samecodeseg-tlink-bridge-v11,docs/reconstruction/main/TH04_MAIN_FIXUP_CODEGEN_PROBES.md,"TC4J samecodeseg is an OMF-frame hint at compile time: object LEDATA remains CALL FAR while Pointer16 frame changes to the current group. Do not stop at object bytes: with TLINK /f absent, that frame can enable final far-to-near translation to same-length NOP/PUSH CS/near CALL when the target resolves in the group, as TH04 bullets_update proves.",2026-09-06
borland-far-call-bridge-same-tu-segment,pattern,pc98-borland,Natural far-call bridge lowering,compiler-observed,ev-th04-main-bullets-natural-call-bridge-negative,docs/reconstruction/main/TH04_MAIN_FIXUP_CODEGEN_PROBES.md,Minimal TC4J controls show the natural PUSH CS plus near CALL bridge only when a far callee definition is already visible earlier in the same translation unit and same logical code segment. An extern declaration alone or a definition in another code segment of the same group stays CALL FAR.,2026-09-06
th04-main-bullets-natural-call-bridge-negative,negative-result,th04-main,bullets_update sparks_add_random call form,compiler-observed,ev-th04-main-bullets-natural-call-bridge-negative;ev-borland-samecodeseg-fixup-frame;ev-th04-main-samecodeseg-tlink-bridge-v11,docs/reconstruction/main/TH04_MAIN_FIXUP_CODEGEN_PROBES.md;config/th04_main_function_review.toml,"Compiler/object-only probes were correctly negative for raw CALLF lowering: natural external calls, pointer casts, and alloc_text keep CALL FAR in TC86 LEDATA. This does not rule out final-link translation. The final TH04 solution is natural sparks_add_random plus #pragma samecodeseg, whose group-frame fixup lets default TLINK far-call optimization emit target NOP/PUSH CS/near CALL.",2026-09-06
th04-main-dialog-historical-asm-producer-negative,negative-result,th04-main,Pre-decomp dialog ASM FIXUPP producer,compiler-observed,ev-th04-main-dialog-historical-asm-fixupp-negative;ev-th04-main-dialog-run-wrapper-fixupp-negative,docs/reconstruction/main/TH04_MAIN_FIXUP_CODEGEN_PROBES.md,Pinned TASM32 assembly of the pre-dialog-decomp ReC98 th04_main.asm reproduces dialog relocation sets but not target ordering; exact-code inline-wrapper variants also leave direct-TC86 dialog_run group order unchanged. Neither historical ASM producer nor helper boundaries are the missing ordered-relocation explanation.,2026-09-06
ndisasm-long-instruction-continuation-hazard,hazard,pc98-mz,ndisasm raw-byte continuation lines,observed,ev-th04-main-bullets-update-reviewed-boundary-v1;ev-th04-main-function-screen-nonexact-v6,scripts/review_th04_main_functions.py;tests/test_function_review.py;docs/KNOWLEDGE_BASE.md,ndisasm wraps raw bytes of instructions longer than eight bytes onto continuation lines such as -00. Do not infer instruction length from the first display line hex width; derive boundaries from adjacent decoded addresses. This mattered for the 9-byte instruction at TH04 bullets_update 0x2CB84.,2026-09-06
th04-main-snd-load-natural-subspans-v8,fact,th04-main,snd_load exact byte partition after natural-source recovery,observed,ev-snd-load-open-aggregate-v1;ev-snd-load-dispatch-read-aggregate-v1;ev-snd-load-func-load-aggregate-v1;ev-th04-main-function-screen-sndload-v7;ev-th04-main-snd-load-v8-full-aggregate,src/shared/sound/load_open.inl;src/shared/sound/load_dispatch_read.inl;src/shared/sound/load_func.inl;docs/reconstruction/main/TH04_MAIN_EXACT_BATCH.md,"snd_load has 230/234 authored bytes exact. The recovered natural C++ subspans cover DOS open (8 bytes), driver dispatch/read (26 bytes), and MOV AX,[BP+6] (3 bytes); only PUSH DS, target 89 C3 MOV BX,AX, and POP DS remain nonexact. These four bytes define the sole reviewed nonexact function in the current v11 baseline.",2026-09-07
borland-param-address-inhibits-promotion,pattern,pc98-borland,Taking a parameter address to preserve BP-relative reload codegen,compiler-observed,ev-snd-load-func-load-toolchain-replay-v1;ev-snd-load-func-load-raw-v1;ev-th04-main-snd-load-param-promotion-v8-negative,src/shared/sound/load_func.inl;scripts/replay_th04_main_exact_units.py;docs/reconstruction/main/TH04_MAIN_FIXUP_CODEGEN_PROBES.md,"In TH04 snd_load, direct _AX=func, casts, and an inline identity helper promote func into DI and perturb the whole function. Loading through *reinterpret_cast<snd_load_func_t near *>(&func) keeps the parameter memory-resident and makes TC4J naturally emit 8B 46 06 without DI promotion or layout drift.",2026-09-06
exact-replay-pinned-source-replacement,pattern,pc98-borland,Fail-closed source-span replacement inside pinned scaffold,observed,ev-snd-load-func-load-toolchain-replay-v1;ev-snd-load-func-load-cold-v1;ev-snd-load-func-load-aggregate-v1,scripts/replay_th04_main_exact_units.py;tests/test_exact_replay.py;docs/KNOWLEDGE_BASE.md,"When only a small low-level scaffold span has a natural maintained replacement, source_mode=replace verifies the complete scaffold SHA-256 plus replacement offset, original span size, and original span SHA-256 before patching. It preserves source mtime and records old/new identities; any scaffold drift fails closed.",2026-09-06
th04-main-snd-load-ds-save-v8-negative,negative-result,th04-main,Natural TC4J source shapes for the mid-function DS save/restore pair,compiler-observed,ev-th04-main-snd-load-ds-save-negative;ev-th04-main-snd-load-ds-clean-corpus-v8-negative;ev-th04-main-snd-load-ds-segtype-v8-negative,docs/reconstruction/main/TH04_MAIN_FIXUP_CODEGEN_PROBES.md;docs/reconstruction/main/TH04_MAIN_EXACT_BATCH.md,"TC4J geninterrupt is only __int__(i) and exposes no segment-clobber contract. Ordinary/register/ES-temporary saves, __seg pointer saves, and a 239-object clean CODE corpus produce MOV-based saves or full __saveregs prologues, not an isolated mid-function PUSH DS ... POP DS. Keep those two bytes blocked rather than manufacturing them.",2026-09-06
tc4j-pc98-ide-mov-direction-v9-negative,negative-result,pc98-borland,PC-98 TC.EXE integrated compiler MOV direction,compiler-observed,ev-th04-main-tc4j-pc98-ide-mov-v9-negative,scripts/probe_tc4j_pc98_ide.py;docs/TOOLCHAIN.md;docs/reconstruction/main/TH04_MAIN_FIXUP_CODEGEN_PROBES.md,"The original PC-98 TC.EXE from the attested TC4J TCPC98.PAK can be batch-replayed under the pinned DOSBox-X machine=pc98 profile. Despite its Turbo C++ 4.0 IDE banner, generated OMF reports TC86 Borland C++ 4.02 and a natural _BX=_AX probe emits 8B D8, so using the IDE integrated compiler does not explain TH04 snd_load target 89 C3.",2026-09-06
tc4j-pc98-ide-producer-replay,recipe,pc98-borland,Replay same-media PC-98 integrated compiler,compiler-observed,ev-th04-main-tc4j-pc98-ide-mov-v9-negative,scripts/probe_tc4j_pc98_ide.py;config/runtime.toml;config/runtime/dosbox-x-headless.conf;docs/TOOLCHAIN.md,"Do not run PC-98 TC.EXE through the IBM-compatible MS-DOS Player for producer evidence: machine detection fails. The checked-in probe privately extracts TCPC98.PAK and TCALC.PAK, mounts an ignored drive in the pinned DOSBox-X PC-98 profile, runs TC /b TCALC.PRJ, validates the OMF public CODE bytes, and writes only a private receipt; no Borland binary is committed.",2026-09-06
borland-alloc-text-external-call-v10-negative,negative-result,pc98-borland,#pragma alloc_text on external far calls,compiler-observed,ev-borland-alloc-text-external-call-v10-negative,docs/reconstruction/main/TH04_MAIN_FIXUP_CODEGEN_PROBES.md,"TC4J accepts #pragma alloc_text(f), but for an extern far callee it does not change CALL FAR LEDATA or the Pointer16 call fixup shape. The current cold OMF corpus has zero ALIAS records and TCC exposes no alias/weak pragma keyword, so alloc_text is not a hidden same-segment bridge mechanism.",2026-09-06
borland-same-segment-bridge-no-nop-v10,negative-result,pc98-borland,Same-TU same-segment far-call bridge lacks target NOP,compiler-observed,ev-borland-same-segment-bridge-no-nop-v10-negative;ev-th04-main-samecodeseg-tlink-bridge-v11,docs/reconstruction/main/TH04_MAIN_FIXUP_CODEGEN_PROBES.md;src/main/bullet/update_body.inl,The same-TU/same-logical-segment compiler control still proves TC86 itself emits PUSH CS + near CALL without a leading NOP. It is a compiler-layer negative only. TH04 target NOP is supplied by TLINK far-call translation of a five-byte CALL FAR after samecodeseg changes the OMF frame; v11 supersedes the earlier final-binary interpretation.,2026-09-07
borland-samecodeseg-tlink-farcall-translation,pattern,pc98-borland,Final far-call translation after #pragma samecodeseg,compiler-observed,ev-th04-main-samecodeseg-tlink-bridge-v11;ev-th04-main-bullets-update-full-aggregate-v1,src/main/bullet/update_body.inl;docs/reconstruction/main/TH04_MAIN_FIXUP_CODEGEN_PROBES.md;docs/KNOWLEDGE_BASE.md,"For an external far callee in another SEGDEF of the same final code group, #pragma samecodeseg changes the TC86 Pointer16 frame while leaving object LEDATA CALL FAR. TLINK 6.10 defaults to optimizing far calls unless /f is supplied; it can then replace the five-byte CALLF with same-length NOP/PUSH CS/near CALL and remove the segment relocation. Judge this mechanism at final MZ, not object LEDATA.",2026-09-06
th04-main-bullets-update-full-v11,fact,th04-main,Full natural bullets_update exact reconstruction,observed,ev-th04-main-bullets-update-full-aggregate-v1;ev-th04-main-function-screen-bullets-v11;ev-th04-main-samecodeseg-tlink-bridge-v11,src/main/bullet/update_body.inl;config/units.csv;config/th04_main_function_review.toml;docs/reconstruction/main/TH04_MAIN_EXACT_BATCH.md,"bullets_update is exact across its complete 0x36B reviewed extent, including 0x360 bytes of code and 11 bytes of compiler-owned switch metadata/table. Maintained natural C++ plus local #pragma samecodeseg causes normal TLINK far-call optimization to reproduce the target NOP/PUSH CS/near CALL. No inline assembly or byte injection remains in maintained source.",2026-09-06
th04-main-exact-batch-v11,fact,th04-main,Historical reviewed authored baseline after full bullets_update recovery,observed,ev-th04-main-bullets-v11-full-aggregate;ev-th04-main-function-screen-bullets-v11;ev-th04-main-snd-load-v8-full-aggregate,src/main/bullet/update_body.inl;config/units.csv;config/th04_main_authored_functions.csv;docs/PROGRESS.md;docs/reconstruction/main/TH04_MAIN_EXACT_BATCH.md,Historical v11 baseline: 12704/12708 reviewed authored C/C++ bytes exact and 113/114 reviewed functions exact after full bullets_update recovery. Superseded by th04-main-exact-batch-authored-expand-v13; retain this row to explain the v11 receipts and later denominator growth.,2026-09-07
th04-main-snd-load-z-reload-v12-negative,negative-result,th04-main,snd_load TC4J -Z register-reload suppression,compiler-observed,ev-th04-main-snd-load-z-reload-v12-negative,docs/reconstruction/main/TH04_MAIN_FIXUP_CODEGEN_PROBES.md;docs/reconstruction/main/TH04_MAIN_EXACT_BATCH.md,"Do not retry -Z as a fix for the final snd_load bytes. Minimal -Z/-Z- controls emit identical 8B D8 MOV BX,AX and MOV-based block-scope DS saves. Flipping the real function from its historical -Z- to -Z keeps 8B D8 and additionally suppresses two required LES reloads, increasing the target mismatch count from 2 to 4.",2026-09-06
generated-progress-artifacts,recipe,control-plane,Generated progress synchronization,observed,,scripts/progress.py;scripts/ci.py;docs/PROGRESS.md;resources/progress.svg,Generate both progress artifacts from the ledgers with scripts/progress.py; its check mode detects stale output and CI rejects generated files that were not committed.,2026-09-07
th04-product-source-layout,recipe,repository,TH04 product source ownership and independent-build direction,observed,,AGENTS.md;README.md;docs/ARCHITECTURE.md;docs/RE_WORKFLOW.md;src/main,"Organize source by TH04 artifact and engine subsystem under src/main src/op src/maine src/zun and proved src/shared; never use exact partial(s) or module(s) directories. Cross-game trees and pinned ReC98 are evidence/replay scaffolding only, not product include dependencies. Use .inl only for bodies included by semantic translation units, and do not claim an independent build until a clean checkout compiles from checked-in TH04 source and headers plus the pinned toolchain and documented libraries.",2026-09-07
rec98-compat-forwarding-boundary,recipe,pc98-reconstruction,Reusable quarantine for unlocalized ReC98 headers,observed,,compat/rec98/README.md;docs/ARCHITECTURE.md;scripts/replay_th04_main_exact_units.py;scripts/validate_tracking.py,Route every direct libs platform th01 th02 th03 or th05 product include through a matching one-line compat/rec98 forwarding header. Replay must materialize and hash the complete forwarding layer; validators reject direct source imports and missing forwarders. The layer is not authored source or a standalone SDK: replace each forwarder with an attested local common ABI/platform header instead of copying the recursive ReC98 header closure.,2026-09-07
th04-main-mb-dft-score-prefix-v13,fact,th04-main,Reviewed pure-C/C++ prefix inside raw-identical mb_dft.cpp,observed,ev-th04-main-midboss-score-bonuses-boundary-v1;ev-th04-main-midboss-score-bonuses-aggregate-v1;ev-th04-main-midboss-score-bonus-manual-boundary-v1;ev-th04-main-boss-score-bonus-manual-boundary-v1,src/main/midboss/score_bonus.inl;config/th04_main_function_review.toml;docs/reconstruction/main/TH04_MAIN_EXACT_BATCH.md,"Do not classify the whole raw-identical 0x119-byte mb_dft.cpp contribution as authored C/C++. Target Ghidra and TLINK bind a 0xD9-byte prefix containing exactly midboss_score_bonus (0x6A) and boss_score_bonus (0x6F); the next public midboss_defeat_update starts at 0x2A047 and its upstream candidate contains inline assembly. The pure prefix cold-replays exact in the 63-unit aggregate. Ghidra body sets are noncontiguous for both functions, so their function claims use the fail-closed manual min/max + TLINK + raw-ndisasm gate rather than weakening automatic review.",2026-09-07
th04-main-snd-mmd-wrapper-overlay-v13,recipe,th04-main,Cross-game shared-source overlay ownership for snd_mmd_resident,compiler-observed,ev-th04-main-snd-mmd-shared-overlay-negative-v1,src/shared/sound/mmd_resident.c;config/th04_main_exact_units.toml;docs/reconstruction/main/TH04_MAIN_EXACT_BATCH.md,"When a TH04 wrapper includes a source file also compiled by TH02/TH03, do not overlay a TH04-only maintained implementation onto the shared lower-game path during exact replay. Doing so changed GAME=2 header ownership and failed with five redeclaration/type errors. Overlay the TH04 wrapper th04/snd_mmdr.c instead; this keeps lower-game corpus inputs untouched while preserving the TH04 object/module identity.",2026-09-07
th04-main-snd-mmd-return-tailmerge-v13-negative,negative-result,th04-main,Historical -WX tail-merge observation for snd_mmd_resident,compiler-observed,ev-th04-main-snd-mmd-natural-return-negative-v1,src/shared/sound/mmd_resident.c;docs/reconstruction/main/TH04_MAIN_EXACT_BATCH.md,"The Borland __es far-pointer form naturally recovers snd_mmd_resident LES plus all three magic checks and both global stores, but ordinary return true/false in TC4J C mode tail-merges the true return into JMP + one shared RETF. That adds one byte and shifts three JNZ displacements, leaving seven differing positions over the reviewed 47-byte function. Explicit goto, _AX self-assignment, and whole-function -O- probes did not recover the target early RETF. This was a -WX-specific negative, not a proof that natural C was impossible. v18 removes -WX and recovers the exact two-RETF target; keep the old row to prevent repeating the return-shape search under the wrong option.",2026-09-07
th04-main-exact-batch-authored-expand-v13,fact,th04-main,Historical reviewed authored baseline after MB_DFT boundary expansion,observed,ev-th04-main-midboss-score-bonuses-aggregate-v1;ev-th04-main-midboss-score-bonus-manual-boundary-v1;ev-th04-main-boss-score-bonus-manual-boundary-v1;ev-th04-main-snd-mmd-natural-return-negative-v1,config/units.csv;config/th04_main_authored_functions.csv;docs/PROGRESS.md;docs/reconstruction/main/TH04_MAIN_EXACT_BATCH.md,Historical v13 baseline: 12921/12972 reviewed authored C/C++ bytes exact and 115/116 reviewed functions exact after MB_DFT prefix expansion plus the reviewed nonexact snd_mmd_resident byte candidate. Superseded by th04-main-exact-batch-authored-expand-v14 after snd_se_reset boundary review.,2026-09-07
th04-main-snd-se-reset-boundary-v14,fact,th04-main,Separate pure-C snd_se_reset from trailing codestring padding,observed,ev-th04-main-snd-se-reset-boundary-v1;ev-th04-main-snd-se-reset-aggregate-v1,src/main/sound/se_reset.inl;config/th04_main_exact_units.toml;docs/reconstruction/main/TH04_MAIN_EXACT_BATCH.md,"The 12-byte th02/snd_se_r.cpp SHARED contribution must not be promoted wholesale as authored C/C++. TLINK binds _snd_se_reset at byte 0; raw 16-bit decode reaches RETF after 11 bytes, and the twelfth byte is a standalone NOP from upstream #pragma codestring. Keep the 11-byte pure-C function as an exact byte owner and leave the NOP outside authored C/C++ accounting. Ghidra currently has no function at 0x238A6, so byte ownership can be exact without inventing a reviewed-function claim. Maintained cross-game includes use forwarded-fragment plus compat/rec98 adapters.",2026-09-07
th04-main-stages-prefix-screen-v14,negative-result,th04-main,STAGES_TEXT first 0x5A bytes are mixed inline-ASM function,corroborated,ev-th04-main-authored-screen-target;ev-th04-main-authored-screen-map,_reference/ReC98/th04/main/stage/stages.cpp;config/units.csv;docs/reconstruction/main/TH04_MAIN_EXACT_BATCH.md,"The only uncovered 0x5A bytes before the already-exact 0x1AA-byte stages render suffix are carpet_lighting_put_new. ReC98 is only candidate evidence, but TLINK confirms it spans exactly 0x3F9A..0x3FF3; its candidate source relies on inline ASM for DS/ES transfer, MUL, LODSB, SHL, and LOOP. Do not count that prefix as maintained authored C/C++ or spend denominator-expansion effort on it unless those low-level operations are first recovered naturally and independently verified.",2026-09-07
th04-main-exact-batch-authored-expand-v14,fact,th04-main,Historical reviewed authored baseline after snd_se_reset boundary expansion,observed,ev-th04-main-snd-se-reset-aggregate-v1;ev-th04-main-snd-se-reset-boundary-v1;ev-th04-main-midboss-score-bonuses-aggregate-v1;ev-th04-main-snd-mmd-natural-return-negative-v1,config/units.csv;config/th04_main_authored_functions.csv;docs/PROGRESS.md;docs/reconstruction/main/TH04_MAIN_EXACT_BATCH.md,Historical v14 baseline was 12932/12983 authored C/C++ bytes exact (99.607179%) and 115/116 reviewed functions exact (99.137931%). Superseded by th04-main-exact-batch-authored-expand-v16 after no-Ghidra function recovery and dialog_animate exact reconstruction.,2026-09-07
th04-main-codestring-padding-boundaries-v15,fact,th04-main,Explicit one-byte padding boundaries,observed,ev-th04-main-authored-screen-target;ev-th04-main-authored-screen-map,config/units.csv;docs/reconstruction/main/TH04_MAIN_EXACT_BATCH.md,"Six former one-byte gaps are explicit padding owners: tile 0xE341=90, initmain 0x14EB3=00, snd_se_reset 0x150B1=90, snd_se 0x150EB=90, scrolly3 0x15531=90, and grcg_3 0x15715=90. Target bytes were checked directly; pinned reference source only corroborates matching padding directives. These bytes do not enter authored C/C++ accounting.",2026-09-07
th04-main-item-splashes-init-v15-negative,negative-result,th04-main,item_splashes_init natural source shape,compiler-observed,ev-th04-main-item-splashes-init-codegen-v15-negative,docs/reconstruction/main/TH04_MAIN_EXACT_BATCH.md;_reference/ReC98/th04/main/item/splash_u.cpp,"The complete 26-byte target function matches the current candidate at 25/26 bytes; the remaining difference is target 31 C0 versus TC4J 33 C0. Standard memset calls runtime, the Borland memset intrinsic reorders setup and remains 33 C0, and a compound zeroing expression also canonicalizes to 33 C0. Keep this low-level function outside maintained authored exact ownership until a genuinely natural source shape is found.",2026-09-07
th04-main-no-ghidra-public-audit-v16,pattern,th04-main,TLINK-public audit for Ghidra-missed authored functions,observed,ev-th04-main-midboss-invalidate-no-ghidra-boundary-v1;ev-th04-main-boss-backdrop-no-ghidra-boundary-v1;ev-th04-main-snd-se-reset-no-ghidra-boundary-v1;ev-th04-main-grcg-rmw-no-ghidra-boundary-v1;ev-th04-main-bullet-turn-x-no-ghidra-boundary-v1;ev-th04-main-bullet-turn-y-no-ghidra-boundary-v1;ev-th04-main-template-tune-easy-no-ghidra-boundary-v1;ev-th04-main-tune-easy-no-ghidra-boundary-v1,scripts/review_th04_main_functions.py;tests/test_function_review.py;config/th04_main_function_review.toml;config/th04_main_authored_functions.csv,"Do not treat the target Ghidra function inventory as a complete authored-function universe. Auditing TLINK publics inside exact authored byte owners found eight real functions absent from the ledger: seven had no Ghidra entry and bullet_turn_y was swallowed by an unrelated oversized body. reviewed_exact_no_ghidra requires exact owner + TLINK public + gap-free raw RET/RETF decode + exact next-public/owner-end boundary, and fully accounts trailing switch metadata/tables when present. After promotion, the same audit returns zero uncovered TLINK publics inside exact authored owners.",2026-09-07
th04-main-dialog-animate-samecodeseg-v16,pattern,th04-main,Natural dialog_animate far-call bridge via samecodeseg and TLINK,compiler-observed,ev-th04-main-dialog-animate-boundary-v1;ev-th04-main-dialog-animate-layout-v1;ev-th04-main-dialog-animate-raw-v1;ev-th04-main-dialog-animate-aggregate-v1,src/main/dialog/animate.inl;config/th04_main_exact_units.toml;docs/reconstruction/main/TH04_MAIN_EXACT_BATCH.md,"dialog_animate proves the bullets_update linker pattern is reusable outside that function. Maintained natural C++ uses an ordinary tiles_activate_and_render_all_for_next_N_frames(PAGE_COUNT) call plus #pragma samecodeseg. TC86 retains an external far-call fixup, then normal TLINK 6.10 optimization emits the target five-byte NOP/PUSH CS/near CALL bridge with exact ordered relocations. The complete 62-byte function passes focused and 65-unit two-cold replay with no inline ASM or byte emission.",2026-09-07
th04-main-exact-batch-authored-expand-v16,fact,th04-main,Historical reviewed authored baseline after no-Ghidra recovery and dialog_animate exact,observed,ev-th04-main-dialog-animate-aggregate-v1;ev-th04-main-dialog-animate-boundary-v1;ev-th04-main-tune-easy-no-ghidra-boundary-v1;ev-th04-main-bullet-turn-x-no-ghidra-boundary-v1;ev-th04-main-bullet-turn-y-no-ghidra-boundary-v1,config/units.csv;config/th04_main_authored_functions.csv;docs/PROGRESS.md;docs/reconstruction/main/TH04_MAIN_EXACT_BATCH.md,Historical v16 baseline was 12994/13045 authored C/C++ bytes exact (99.609046%) and 124/125 reviewed functions exact (99.2%). dialog_animate adds a 62-byte natural-C++ exact owner and automatic exact function. Eight previously missing TLINK-public functions inside exact owners are now reviewed through the fail-closed no-Ghidra path; snd_load remains the sole reviewed nonexact function. Superseded by th04-main-exact-batch-authored-expand-v17 after script-parameter helper recovery and internal/static function review.,2026-09-07
th04-main-dialog-script-params-v17,fact,th04-main,Exact shared script parameter helpers inside dialog.cpp,observed,ev-th04-main-dialog-script-params-boundary-v1;ev-th04-main-dialog-script-params-aggregate-v1;ev-th04-main-dialog-script-param-first-boundary-v1;ev-th04-main-dialog-script-param-second-boundary-v1,src/main/dialog/script_params.inl;config/th04_main_exact_units.toml;config/th04_main_authored_functions.csv;docs/reconstruction/main/TH04_MAIN_EXACT_BATCH.md,"A linker-public audit exposed two pure-C++ helpers between dialog_box_fade_in_animate and dialog_op that were not previously owned: script_param_read_number_first (201 bytes) and script_param_read_number_second (41 bytes). Fresh nonce-attested Ghidra gives contiguous 201/201 and 41/41 bodies, TLINK publics are exactly 0x25DA and 0x26A3 with dialog_op at 0x26CC, and the maintained 242-byte fragment passes focused plus 66-unit two-cold raw/map/relocation/OMF replay with no inline ASM or byte emission.",2026-09-07
th04-main-internal-function-pointer-anchor-v17,pattern,th04-main,Review internal/static authored functions without TLINK publics,observed,ev-th04-main-tiles-render-all-timed-internal-boundary-v1;ev-th04-main-internal-ghidra-audit-v17,scripts/review_th04_main_functions.py;tests/test_function_review.py;config/th04_main_function_review.toml;src/main/tile/render.inl,"Do not assume linker publics enumerate every authored function. reviewed_exact_internal admits a no-public static function only when one exact authored owner, one contiguous target Ghidra body, gap-free raw RET/RETF decode, the exact next TLINK public, and an independent target pointer word all agree on the entry. tiles_render_all_timed at 0x1CB80 is the first control: a later exact-owner instruction stores offset 0x2090, which resolves under MAIN_01 CS base 0x1AAF0 to 0x1CB80. A regression test mutates the pointer word and requires the gate to fail.",2026-09-07
th04-main-public-function-coverage-v17,fact,th04-main,Exhaustive remaining C/C++ TLINK-public function queue,observed,ev-th04-main-unreviewed-public-audit-v17;ev-th04-main-internal-ghidra-audit-v17,config/th04_main_authored_functions.csv;config/units.csv;docs/RE_HANDOFF.md;docs/reconstruction/main/TH04_MAIN_EXACT_BATCH.md,"A target/candidate/TLINK audit over every C/C++ module contribution leaves exactly 14 linker-public intervals outside the reviewed function ledger after the script-helper promotion. Ten are raw-identical in the current candidate but remain unpromoted because their known source shape is low-level/inline-ASM or their required relocation/control-flow Oracle is still blocked; four have raw differences. Separately, exact-owner Ghidra-entry audit leaves only one switch case label and three basic-block false splits inside already-reviewed bullets_update after tiles_render_all_timed is admitted. This is the current routing queue; do not restart from the old ReC98 module list.",2026-09-07
th04-main-exact-batch-authored-expand-v17,fact,th04-main,Historical reviewed authored baseline after script helpers and internal/static audit,observed,ev-th04-main-dialog-script-params-aggregate-v1;ev-th04-main-function-screen-script-params-internal-v17;ev-th04-main-tiles-render-all-timed-internal-boundary-v1;ev-th04-main-unreviewed-public-audit-v17,config/units.csv;config/th04_main_authored_functions.csv;docs/PROGRESS.md;docs/reconstruction/main/TH04_MAIN_EXACT_BATCH.md,"Historical v17 baseline was 13236/13287 authored C/C++ bytes exact (99.616166%) and 127/128 reviewed functions exact (99.218750%). The 242-byte script-parameter owner adds two exact functions, and the stricter internal/static gate adds tiles_render_all_timed without changing byte ownership. snd_load remains the sole reviewed nonexact function; snd_mmd_resident remains the sole source-present reviewed byte owner. Superseded by v18 after natural snd_mmd_resident recovery.",2026-09-07
th04-main-snd-mmd-no-wx-v18,pattern,th04-main,snd_mmd_resident exact control flow without -WX,compiler-observed,ev-th04-main-snd-mmd-resident-boundary-v2;ev-th04-main-snd-mmd-resident-toolchain-v2;ev-th04-main-snd-mmd-resident-raw-v2;ev-th04-main-snd-mmd-resident-aggregate-v2,src/shared/sound/mmd_resident.c;config/th04_main_exact_units.toml;docs/reconstruction/main/TH04_MAIN_EXACT_BATCH.md,"Removing -WX from the pure-C TH04 MMD wrapper is the decisive exactness fix. The same __es source still emits the target LES and magic checks, but TC4J now keeps distinct true/false RETF paths and reproduces all 47 function bytes. This directly falsifies the old candidate comment that -WX was required for the early RETF; extensive C/C++ return-shape/barrier probes under -WX were solving the wrong problem.",2026-09-07
borland-zero-code-segdef-alignment-v18,pattern,pc98-borland,Zero-code word-aligned SEGDEF as layout input,compiler-observed,ev-th04-main-snd-mmd-resident-toolchain-v2;ev-th04-main-snd-mmd-resident-layout-v2;ev-th04-main-snd-mmd-resident-aggregate-v2,src/main/sound/mmd_align.c;scripts/replay_th04_main_exact_units.py;tests/test_exact_replay.py;config/th04_main_exact_units.toml,An empty TC4J C translation unit with -WX -zCSHARED -k- emits a word-aligned SHARED SEGDEF and no LEDATA. In TH04 this zero-code build input restores KAJA/MODE/LOAD starts after the exact 47-byte no-WX MMD function. The fail-closed build_inserts replay gate copies a checked-in source at one unique Tupfile context and records source/build-file hashes; it patches neither objects nor linked bytes. DOS 8.3 output naming requires the overlay name mmdaln.c. The target gap byte remains separately excluded padding.,2026-09-07
th04-main-exact-batch-authored-expand-v18,fact,th04-main,Reviewed authored baseline after exact snd_mmd_resident recovery,observed,ev-th04-main-snd-mmd-resident-aggregate-v2;ev-th04-main-snd-mmd-resident-boundary-v2;ev-th04-main-function-screen-snd-mmd-v18,config/units.csv;config/th04_main_authored_functions.csv;docs/PROGRESS.md;docs/reconstruction/main/TH04_MAIN_EXACT_BATCH.md,Historical v18 baseline was 13283/13287 authored C/C++ bytes exact (99.969895%) and 128/129 reviewed functions exact (99.224806%). snd_mmd_resident became exact pure C; its following 0x90 byte is explicit excluded padding. Superseded by v20 after recovering the contiguous MIDBOSS/HUD_HP/MB_DFT authored TU.,2026-09-07
th04-main-dialog-run-pc98-ide-v19-negative,negative-result,th04-main,Same-media PC-98 integrated compiler for dialog_run FIXUPP order,compiler-observed,ev-th04-main-dialog-run-pc98-ide-v19-negative,docs/reconstruction/main/TH04_MAIN_FIXUP_CODEGEN_PROBES.md;scripts/probe_tc4j_pc98_ide.py,"Do not retry PC-98 TC.EXE as a dialog_run relocation-order producer. A same-media integrated-compiler nodebug object keeps the same 0x17F DIALOG_TEXT LEDATA as direct TC86, yet both emit Pointer16 fixups in 171,152,D4,A9 order while the pinned target MZ requires D4,A9,171,152. Producer switching therefore preserves the wrong cyclic rotation even when code bytes match.",2026-09-07
th04-main-dialog-run-metadata-flush-v19-negative,negative-result,th04-main,#line and local debug metadata as dialog_run FIXUPP flush triggers,compiler-observed,ev-th04-main-dialog-run-fixupp-flush-v19-negative,docs/reconstruction/main/TH04_MAIN_FIXUP_CODEGEN_PROBES.md,"Do not retry #line, local -y, or local -v as OMF batching fixes for dialog_run. #line between the early/late relocation groups leaves both LEDATA and FIXUPP payload byte-identical. Local -y/-v still emit one LEDATA and one FIXUPP record while changing tail machine code, so they cannot create the target two-batch relocation order without violating raw exactness.",2026-09-07
th04-main-dialog-run-extern-order-v19-negative,negative-result,th04-main,External declaration order as dialog_run FIXUPP ordering control,compiler-observed,ev-th04-main-dialog-run-extern-order-v19-negative,docs/reconstruction/main/TH04_MAIN_FIXUP_CODEGEN_PROBES.md,"Do not retry reordering extern declarations or first declaration order merely to rotate dialog_run relocations. A calibrated TC4J four-call control keeps machine code identical when f1..f4 declarations are reversed, but FIXUPP location order remains 13,0E,09,04; only EXTDEF target indices change. Fixup emission order is not controlled by external declaration order in this producer path.",2026-09-07
th04-main-midboss-contiguous-tu-v20,pattern,th04-main,Recover false logical segment/TU boundaries from target-contiguous code and near-call evidence,observed,ev-th04-main-midboss-hud-defeat-boundary-v20;ev-th04-main-midboss-hud-defeat-aggregate-v20;ev-th04-main-function-screen-midboss-v20,src/main/midboss/midboss.cpp;config/th04_main_exact_units.toml;config/th04_main_function_review.toml;docs/reconstruction/main/TH04_MAIN_EXACT_BATCH.md,"MIDBOSS_TEXT 0x5A, HUD_HP_TEXT 0x58, and MB_DFT_TEXT 0x119 were reconstructed as three logical segments, but their target bytes are perfectly contiguous and midboss_defeat_update uses a four-byte PUSH CS/CALL near back to midboss_reset. Rebuilding all six functions in target flat order as one natural-C++ TU produces the complete 0x1CB region byte-exact with unchanged next-segment start and ordered relocations. Treat a cross-reconstructed-segment near call plus zero-gap flat layout as evidence that the reconstructed TU/segment boundary itself may be false before resorting to low-level call spelling.",2026-09-07
borland-samecodeseg-cross-segment-v20-negative,negative-result,pc98-borland,Cross-logical-segment samecodeseg can mimic a near bridge but misbind the symbol,compiler-observed,ev-borland-samecodeseg-cross-segment-v20-negative,config/th04_main_function_review.toml;docs/reconstruction/main/TH04_MAIN_FIXUP_CODEGEN_PROBES.md,"Definition-visible plus #pragma samecodeseg can make TC4J emit a four-byte PUSH CS/CALL near even when caller and callee bodies were assigned different logical segments. That byte shape is not sufficient proof: in the real separated midboss layout the pragma rebound midboss_reset's symbol/frame to MB_DFT and the linked call targeted the wrong function. The accepted solution removes the false TU/segment split instead. Always verify final public address and displacement, not just object LEDATA.",2026-09-07
th04-main-exact-batch-authored-expand-v20,fact,th04-main,Historical reviewed authored baseline after contiguous midboss TU recovery,observed,ev-th04-main-midboss-hud-defeat-aggregate-v20;ev-th04-main-function-screen-midboss-v20,config/units.csv;config/th04_main_authored_functions.csv;docs/PROGRESS.md;docs/reconstruction/main/TH04_MAIN_EXACT_BATCH.md,Historical v20 baseline was 13347/13351 authored C/C++ bytes exact (99.970039%) and 129/130 reviewed functions exact (99.230769%). Superseded by v21 after recovering the contiguous MAIN_035/BOSS authored TU.,2026-09-07
th04-main-main035-boss-contiguous-tu-v21,pattern,th04-main,Recover false MAIN_035/BOSS TU boundaries from target-flat continuity,observed,ev-th04-main-main035-boss-boundary-v21;ev-th04-main-main035-boss-aggregate-v21;ev-th04-main-function-screen-boss-v21,src/main/boss/boss.cpp;config/th04_main_exact_units.toml;config/th04_main_function_review.toml;docs/reconstruction/main/TH04_MAIN_EXACT_BATCH.md,"The target 0x2DF61..0x2E916 range is one 0x9B6 natural-C++ producer region although the reconstruction split it between a 0x677 MAIN_035 suffix and 0x33F BOSS_TEXT. TC4J emits one 0x9B6 MAIN_035_TEXT contribution, BOSS_TEXT becomes zero-length, MAIN_036 starts unchanged, all 2486 bytes and all 60 ordered overlapping relocations match, and ordinary bb_boss_free() emits the target four-byte near bridge. Test whether the reconstructed segment/TU boundary itself is false before resorting to low-level call spelling.",2026-09-07
th04-main-tasm-local-boundary-v21,pattern,th04-main,Use raw-exact TASM local labels to corroborate hidden function boundaries when Ghidra is incomplete,observed,ev-th04-main-main035-boss-boundary-v21;ev-th04-main-function-screen-boss-v21,config/th04_main_function_review.toml;scripts/review_th04_main_functions.py;docs/reconstruction/main/TH04_MAIN_EXACT_BATCH.md,"The previously unowned 0x677 MAIN_035 suffix contains ten true functions. Target Ghidra finds many starts but under-sizes stage3/stagex and false-splits stage4. A pinned TASM listing of the already raw-exact scaffold supplies independent local-label offsets; combined with target raw RET/RETF tiling, final natural-C++ TLINK publics, and exact owner containment, it fixes true extents without trusting Ghidra or ReC98 alone. Manual reviewed extents must shadow same-address automatic Ghidra claims.",2026-09-07
th04-main-stage-setup-rec98-v21-negative,negative-result,th04-main,Do not trust ReC98 TH04 stage2/stage3 setup semantics,observed,ev-th04-main-main035-boss-boundary-v21;ev-th04-main-main035-boss-raw-v21,src/main/boss/boss.cpp;docs/reconstruction/main/TH04_MAIN_EXACT_BATCH.md,"ReC98 stage setup source was useful only for names and broad structure. Target raw/decompile disproves its TH04 stage2/stage3 constants and control flow: stage2 has one select_for_rank(255,128,32,8), frames_until=2600, HP=750, boss Y=81 and sprite=0. Reconstruct these functions from target semantics and compiler output rather than copying the candidate.",2026-09-07
th04-main-exact-batch-authored-expand-v21,fact,th04-main,Historical reviewed authored baseline after contiguous MAIN_035/BOSS TU recovery,observed,ev-th04-main-main035-boss-aggregate-v21;ev-th04-main-function-screen-boss-v21,config/units.csv;config/th04_main_authored_functions.csv;docs/PROGRESS.md;docs/reconstruction/main/TH04_MAIN_EXACT_BATCH.md,Historical v21 baseline was 15470/15474 authored C/C++ bytes exact (99.974150%) and 140/141 reviewed functions exact (99.290780%). Superseded by v22 after target-driven recovery of chasecrosses_add from the previously unowned MAIN_034 prefix.,2026-09-07
borland-first-declaration-fixup-frame-v21,pattern,pc98-borland,First declaration controls near-pointer fixup segment/group frame,compiler-observed,ev-th04-main-main035-boss-toolchain-v21;ev-th04-main-main035-boss-layout-v21,src/main/boss/boss.cpp;scripts/replay_th04_main_exact_units.py;docs/reconstruction/main/TH04_MAIN_FIXUP_CODEGEN_PROBES.md,"When natural C++ stores near callbacks whose code lives in another logical group, TC86 must first see those declarations while the real codeseg/group is active. In v21, declaring MAIN_01 callbacks under #pragma codeseg MAI_TEXT main_01 before the MAIN_035 TU eliminates TLINK fixup overflows without emitting code. samecodeseg alone is not equivalent because cross-segment use can rebind the callee symbol. Always verify final public address, displacement, and ordered relocations.",2026-09-07
th04-main-chasecrosses-target-driven-v22,pattern,th04-main,Recover authored C++ from main.asm even when ReC98 has only declarations,observed,ev-th04-main-chasecrosses-boundary-v22;ev-th04-main-chasecrosses-raw-v22;ev-th04-main-chasecrosses-aggregate-v22;ev-th04-main-function-screen-chase-v22,src/main/boss/chasecrosses_add.cpp;config/th04_main_exact_units.toml;docs/reconstruction/main/TH04_MAIN_EXACT_BATCH.md,"chasecrosses_add at target 0x2A087 was absent from authored ownership and ReC98 contained only the chasecross structure/prototype, not a recovered implementation. Fresh target Ghidra gives a contiguous 74-byte body; TLINK gives the matching public; target raw semantics plus the known structure layout yield a natural C++ loop that TC86 emits as exactly 74 target bytes. Search main.asm/TASM function inventories directly rather than treating ReC98 reconstructed translation units as the candidate universe.",2026-09-07
borland-zero-code-code-order-anchor-v22,pattern,pc98-borland,Zero-code SEGDEF/GRPDEF anchor preserves global code order for incremental segment-prefix migration,compiler-observed,ev-th04-main-chasecrosses-anchor-v22;ev-th04-main-chasecrosses-layout-v22;ev-th04-main-chasecrosses-aggregate-v22,src/main/layout/main_code_order_anchor.asm;scripts/replay_th04_main_exact_units.py;tests/test_exact_replay.py;config/th04_main_exact_units.toml,"Migrating the prefix of a large ASM segment to a new C++ object changes TLINK first-segment ordering unless the original code-segment order is established first. A checked-in TASM metadata object declares all MAIN_01 and MAIN_03 code segments/groups in target order, emits 50 SEGDEF plus 2 GRPDEF and zero LEDATA, and lets chase.obj precede residual main.obj while all program CODE segment starts/lengths remain target-identical. Replay hard-checks LEDATA=0 and deterministic OMF identity; the anchor owns no authored bytes.",2026-09-07
th04-main-exact-batch-authored-expand-v22,fact,th04-main,Historical reviewed authored baseline after target-driven chasecrosses recovery,observed,ev-th04-main-chasecrosses-aggregate-v22;ev-th04-main-function-screen-chase-v22,config/units.csv;config/th04_main_authored_functions.csv;docs/PROGRESS.md;docs/reconstruction/main/TH04_MAIN_EXACT_BATCH.md,Historical v22 baseline was 15544/15548 authored C/C++ bytes exact (99.974273%) and 141/142 reviewed functions exact (99.295775%). Superseded by v23 after extending the target-driven MAIN_034 prefix through the adjacent internal safety-circle initializer.,2026-09-07
th04-main-safetycircle-target-driven-v23,pattern,th04-main,Recover no-public authored C++ after a public prefix by target call and TASM boundaries,observed,ev-th04-main-safetycircle-boundary-v23;ev-th04-main-main034-prefix-raw-v23;ev-th04-main-main034-prefix-aggregate-v23;ev-th04-main-function-screen-safetycircle-v23,src/main/boss/chasecrosses_add.cpp;config/th04_main_function_review.toml;scripts/review_th04_main_functions.py;docs/reconstruction/main/TH04_MAIN_EXACT_BATCH.md,"The 63-byte function at target 0x2A0D1 has no original TLINK public and Ghidra truncates its body to 25 bytes. A target near CALL at 0x2ADD6, raw RET at 0x2A10F, the next TASM/Ghidra true entry at 0x2A110, and containment in an exact natural-C++ owner establish the full function. Generated publics introduced only to call across reconstructed objects must not be mistaken for target boundary evidence.",2026-09-07
th04-main-safetycircle-rec98-layout-v23-negative,negative-result,th04-main,ReC98 safetycircle_t tail layout is wrong for TH04 target,observed,ev-th04-main-safetycircle-boundary-v23;ev-th04-main-main034-prefix-raw-v23,src/main/boss/chasecrosses_add.cpp;docs/reconstruction/main/TH04_MAIN_EXACT_BATCH.md,"ReC98 declares safetycircle_t::unused_3[8], placing col_ring at +0x1C. Target instruction C6 44 18 08 writes col_ring at +0x18. A natural TC4J probe with [8] emits +0x1C; changing only that field to unused_3[4] emits the exact 63-byte instruction skeleton and full-link target bytes. Treat ReC98 structures as candidates and verify member offsets from target accesses.",2026-09-07
th04-main-internal-call-boundary-v23,pattern,th04-main,Fail-closed internal-function review when Ghidra truncates a target-called body,observed,ev-th04-main-safetycircle-boundary-v23;ev-th04-main-function-screen-safetycircle-v23,scripts/review_th04_main_functions.py;tests/test_function_review.py;config/th04_main_function_review.toml,"For no-public internal functions whose Ghidra entry is real but body construction is incomplete, reviewed_exact_internal_call requires exact-owner containment, a Ghidra entry at the start, gap-free raw decode through RET/RETF, a second Ghidra entry exactly at the next byte, and a target rel16 CALL resolving to the start. A reconstruction-generated public may be explicitly named but never substitutes for the target-local anchors.",2026-09-07
th04-main-exact-batch-authored-expand-v23,fact,th04-main,Historical reviewed authored baseline after MAIN_034 safety-circle recovery,observed,ev-th04-main-main034-prefix-aggregate-v23;ev-th04-main-function-screen-safetycircle-v23,config/units.csv;config/th04_main_authored_functions.csv;docs/PROGRESS.md;docs/reconstruction/main/TH04_MAIN_EXACT_BATCH.md,Historical v23 baseline was 15607/15611 authored C/C++ bytes exact (99.974377%) and 142/143 reviewed functions exact (99.300699%). Superseded by v24 after recovering the adjacent 691-byte Yuuka6 entity/safety-circle update from MAIN_034.,2026-09-07
th04-main-yuuka6-update-target-driven-v24,pattern,th04-main,Large target-only gameplay functions can be reconstructed from raw semantics plus typed APIs,observed,ev-th04-main-main034-prefix-boundary-v24;ev-th04-main-main034-prefix-raw-v24;ev-th04-main-main034-prefix-aggregate-v24;ev-th04-main-yuuka6-entities-boundary-v24,src/main/boss/chasecrosses_add.cpp;config/th04_main_exact_units.toml;docs/reconstruction/main/TH04_MAIN_EXACT_BATCH.md,"The 691-byte function at target 0x2A110 was not reconstructed in ReC98. Target raw/TASM semantics, existing typed bullet/item/spark/vector APIs, and structure fields were enough to derive natural C++. TC86 emitted the exact 0x2B3 size and instruction sequence; the only object-layer difference was the expected samecodeseg far call to sparks_add_random, which TLINK naturally converts to the target NOP; PUSH CS; CALL near bridge. Full linking reproduces the entire 0x33C MAIN_034 prefix byte-for-byte.",2026-09-07
borland-local-declaration-order-v24,pattern,pc98-borland,Local declaration order controls Turbo C++ BP-relative stack slots,compiler-observed,ev-th04-main-main034-prefix-toolchain-v24;ev-th04-main-main034-prefix-raw-v24,src/main/boss/chasecrosses_add.cpp;docs/reconstruction/main/TH04_MAIN_FIXUP_CODEGEN_PROBES.md,"For yuuka6_entities_update, an otherwise instruction-identical natural source differed at 16 linked bytes solely because four locals occupied BP-1/-2/-4/-6 instead of target BP-6/-5/-4/-2. TC86 allocates these locals in declaration order. Reordering declarations to length, top, angle, angle_delta changed only the BP displacements and removed all 16 final-byte differences. Prefer source-level declaration-order tuning over assembly when local-slot offsets are the only mismatch.",2026-09-07
th04-main-internal-call-next-target-v24,pattern,th04-main,Internal-call boundary gate can attest a next target entry that Ghidra completely misses,observed,ev-th04-main-yuuka6-entities-boundary-v24;ev-th04-main-function-screen-yuuka6-v24,scripts/review_th04_main_functions.py;tests/test_function_review.py;config/th04_main_function_review.toml,"When Ghidra starts the current function but misses the next true function entirely, reviewed_exact_internal_call may use next_target_address plus a SHA-attested target byte prefix instead of next_internal_address. The gate still requires exact-owner containment, bounded current Ghidra entry, gap-free raw RET/RETF, a target rel16 CALL resolving to the current entry, and explicit treatment of any reconstruction-generated public. This accepted 0x2A110..0x2A3C2 while Ghidra stopped at 0x2A3C0 and had no entry at 0x2A3C3.",2026-09-07
th04-main-exact-batch-authored-expand-v24,fact,th04-main,Historical reviewed authored baseline after 691-byte Yuuka6 MAIN_034 recovery,observed,ev-th04-main-main034-prefix-aggregate-v24;ev-th04-main-function-screen-yuuka6-v24,config/units.csv;config/th04_main_authored_functions.csv;docs/PROGRESS.md;docs/reconstruction/main/TH04_MAIN_EXACT_BATCH.md,Historical v24 baseline was 16298/16302 authored C/C++ bytes exact (99.975463%) and 143/144 reviewed functions exact (99.305556%). Superseded by v25 after recovering the adjacent 118-byte Yuuka6 phase-2 fly function.,2026-09-07
borland-sparse-switch-v25,pattern,pc98-borland,Sparse switch syntax can restore TC86 shared AX compare lowering,compiler-observed,ev-th04-main-main034-prefix-toolchain-v25;ev-th04-main-main034-prefix-raw-v25,src/main/boss/chasecrosses_add.cpp;docs/reconstruction/main/TH04_MAIN_FIXUP_CODEGEN_PROBES.md,"For yuuka6_phase2_fly, semantically equivalent if/else-if comparisons of boss.phase_frame compiled four bytes shorter because TC86 compared memory twice. Rewriting as switch(boss.phase_frame) made TC86 load AX once, compare case 1 and case 112, emit the target default jump, and re-materialize BX=6 in the first case. Function size changed from 0x72 to the exact 0x76 with an identical 49-instruction mnemonic sequence.",2026-09-07
th04-main-no-ghidra-internal-call-v25,pattern,th04-main,Review an internal target-called function when Ghidra misses the current entry entirely,observed,ev-th04-main-yuuka6-phase2-boundary-v25;ev-th04-main-function-screen-phase2-v25,scripts/review_th04_main_functions.py;tests/test_function_review.py;config/th04_main_function_review.toml,"reviewed_exact_no_ghidra_internal_call handles a stricter failure mode than v23/v24: current address has no Ghidra function at all, but the next boundary has a complete Ghidra entry. The gate requires exact-owner containment, no current Ghidra entry, full raw RET/RETF, exact next-Ghidra boundary, and a target rel16 call resolving to the current address. Any reconstruction-generated TLINK public must be explicitly named and remains non-target plumbing.",2026-09-07
th04-main-exact-batch-authored-expand-v25,fact,th04-main,Historical reviewed authored baseline after Yuuka6 phase2 fly recovery,observed,ev-th04-main-main034-prefix-aggregate-v25;ev-th04-main-function-screen-phase2-v25,config/units.csv;config/th04_main_authored_functions.csv;docs/PROGRESS.md;docs/reconstruction/main/TH04_MAIN_EXACT_BATCH.md,Historical v25 baseline was 16416/16420 authored C/C++ bytes exact (99.975639%) and 144/145 reviewed functions exact (99.310345%). Superseded by v26 after recovering the adjacent 111-byte Yuuka6 move helper from MAIN_034.,2026-09-07
th04-main-yuuka6-move-target-driven-v26,pattern,th04-main,Recover target-only helper with private data aliases and natural sparse control flow,observed,ev-th04-main-main034-prefix-boundary-v26;ev-th04-main-main034-prefix-raw-v26;ev-th04-main-main034-prefix-aggregate-v26;ev-th04-main-yuuka6-move-boundary-v26;ev-th04-main-function-screen-move-v26,src/main/boss/chasecrosses_add.cpp;config/th04_main_exact_units.toml;config/th04_main_function_review.toml;docs/reconstruction/main/TH04_MAIN_EXACT_BATCH.md,"Target 0x2A439..0x2A4A7 is a 111-byte helper absent from ReC98 high-level source. Fresh Ghidra gives a complete entry, pinned TASM fixes the next boundary, and target raw semantics recover natural C++ that TC86 places exactly at MAIN_034 offset 0x3B2. Two private ASM data labels are exposed to C++ by zero-byte public aliases at their original storage; the data are not copied or re-emitted. Full linking extends the exact MAIN_034 prefix to 0x421 bytes with all seven ordered relocations unchanged.",2026-09-07
th04-main-internal-ret-imm-v26,pattern,th04-main,Internal-call boundary review accepts RET/RETF with immediate stack cleanup,observed,ev-th04-main-yuuka6-move-boundary-v26;ev-th04-main-function-screen-move-v26,scripts/review_th04_main_functions.py;tests/test_function_review.py;config/th04_main_function_review.toml,"A valid Pascal/callee-cleanup near function can end in RET imm16 rather than bare RET. The internal-call reviewer now uses the same fail-closed terminal predicate as linear_decode: the final instruction text must start with ret or retf, thereby accepting RET 4/RETF imm16 while still rejecting JMP or other non-return terminals. A positive ret 0x4 and negative jmp regression test pin this behavior.",2026-09-07
th04-main-exact-batch-authored-expand-v26,fact,th04-main,Historical reviewed authored baseline after Yuuka6 move helper recovery,observed,ev-th04-main-main034-prefix-aggregate-v26;ev-th04-main-function-screen-move-v26,config/units.csv;config/th04_main_authored_functions.csv;docs/PROGRESS.md;docs/reconstruction/main/TH04_MAIN_EXACT_BATCH.md,Historical v26 baseline was 16527/16531 authored C/C++ bytes exact (99.975803%) and 145/146 reviewed functions exact (99.315068%). Superseded by v27 after recovering the adjacent 91-byte Yuuka6 horizontal-wave helper.,2026-09-07
th04-main-yuuka6-wave-target-driven-v27,pattern,th04-main,Use final linked constant packing to correct natural polar-call semantics,observed,ev-th04-main-main034-prefix-raw-v27;ev-th04-main-main034-prefix-aggregate-v27;ev-th04-main-yuuka6-wave-boundary-v27;ev-th04-main-function-screen-wave-v27,src/main/boss/chasecrosses_add.cpp;config/th04_main_exact_units.toml;docs/reconstruction/main/TH04_MAIN_EXACT_BATCH.md,"The 91-byte helper at 0x2A4A8 has a natural TC86 C++ fingerprint. An initial polar(center=48px,radius=80px,...) source matched function size and all relocations but swapped exactly two immediate bytes. Target packed Pascal arguments showed the true semantics are center=80px,radius=48px; swapping only those natural arguments yields a completely exact 0x47C MAIN_034 prefix. This is a source-semantic correction driven by final linked argument bytes, not a byte workaround.",2026-09-07
th04-main-exact-batch-authored-expand-v27,fact,th04-main,Historical reviewed authored baseline after Yuuka6 horizontal-wave recovery,observed,ev-th04-main-main034-prefix-aggregate-v27;ev-th04-main-function-screen-wave-v27,config/units.csv;config/th04_main_authored_functions.csv;docs/PROGRESS.md;docs/reconstruction/main/TH04_MAIN_EXACT_BATCH.md,Historical v27 baseline was 16618/16622 authored C/C++ bytes exact (99.975936%) and 146/147 reviewed functions exact (99.319728%). Superseded by v28 after recovering the adjacent 58-byte Yuuka6 move-to-center helper.,2026-09-07
th04-main-yuuka6-center-target-driven-v28,pattern,th04-main,Use branch shape and linked thresholds to recover small target-only movement helpers,observed,ev-th04-main-main034-prefix-raw-v28;ev-th04-main-main034-prefix-aggregate-v28;ev-th04-main-yuuka6-center-boundary-v28;ev-th04-main-function-screen-center-v28,src/main/boss/chasecrosses_add.cpp;config/th04_main_exact_units.toml;config/th04_main_function_review.toml;docs/reconstruction/main/TH04_MAIN_EXACT_BATCH.md,"The 58-byte helper at target 0x2A503 is absent from ReC98 high-level source. Fresh target Ghidra provides a complete body; raw target shows a sprite-state animation branch followed by 192px/193px subpixel thresholds and +/-1px X motion. Natural C++ reproduces all 58 bytes exactly, extends MAIN_034 to 0x4B6, and preserves ordered relocations in two-cold focused and aggregate replay. Two target near CALLs independently resolve to the function; the generated TLINK public is plumbing only.",2026-09-07
th04-main-exact-batch-authored-expand-v28,fact,th04-main,Historical reviewed authored baseline after Yuuka6 move-to-center recovery,observed,ev-th04-main-main034-prefix-aggregate-v28;ev-th04-main-function-screen-center-v28,config/units.csv;config/th04_main_authored_functions.csv;docs/PROGRESS.md;docs/reconstruction/main/TH04_MAIN_EXACT_BATCH.md,Historical v28 baseline was 16676/16680 authored C/C++ bytes exact (99.976019%) and 147/148 reviewed functions exact (99.324324%). Superseded by v29 after recovering the eight adjacent Yuuka6 animation helpers as an independent natural-C++ TU.,2026-09-07
toolchain-parallel-probe-isolation-v28,pattern,pc98-borland,Use per-process 8.3 probe workspaces for concurrent Wine/MS-DOS toolchain attestation,compiler-observed,ev-toolchain-parallel-probe-v28,scripts/attest_toolchain.py;tests/test_toolchain.py;docs/TOOLCHAIN.md,A fixed C:\\TH04PROBE directory is unsafe on a multi-agent host: concurrent attesters can unlink or overwrite each other's cprobe/APROBE outputs and create a false nondeterminism failure even though each TC4J/TASM/TLINK round is stable. Use a process-unique 8-character DOS directory for probe inputs/outputs. Two simultaneous revised attestations both pass raw replay identity. Do not respond to this race by weakening OMF determinism or by repinning unrelated optional Wine helpers.,2026-09-07
borland-switch-table-alignment-v29,pattern,pc98-borland,TC86 -a/-a2 naturally emits target switch-table alignment bytes,compiler-observed,ev-th04-main-yuuka6-animations-toolchain-v29;ev-th04-main-yuuka6-animations-raw-v29;ev-th04-main-yuuka6-animations-aggregate-v29,src/main/boss/yuuka6_animations.cpp;docs/reconstruction/main/TH04_MAIN_FIXUP_CODEGEN_PROBES.md,"Eight Yuuka6 switch helpers compiled naturally to 0x3C6 bytes under default/-a1 but the target occupies 0x3CA. TC86 -a/-a2 adds exactly four zero alignment bytes before the open, spin-back, appear, and shield switch tables and shifts later publics to the exact target offsets without changing semantic code. A file-start #pragma option -a reproduces this under the normal build command; no codestring, inline ASM, or byte injection is needed.",2026-09-07
th04-main-switch-extent-accounting-v29,pattern,th04-main,Authored function extents include compiler-owned trailing switch tables,observed,ev-th04-main-yuuka6-animations-boundary-v29;ev-th04-main-function-screen-animations-v29,scripts/review_th04_main_functions.py;tests/test_function_review.py;config/th04_main_function_review.toml,"For TC86 switch functions, Ghidra may stop at RET or at the indirect dispatcher while compare tables, alignment metadata, and near jump tables remain compiler-authored bytes before the next public. reviewed_exact_extent now fail-closes on raw terminal decode plus exact contiguous metadata/compare/jump tables whose targets are instruction starts and whose end equals the reviewed public extent or exact owner end.",2026-09-07
th04-main-yuuka6-animations-target-driven-v29,pattern,th04-main,Recover complete Yuuka6 animation helper block from target compiler structure,observed,ev-th04-main-yuuka6-animations-boundary-v29;ev-th04-main-yuuka6-animations-raw-v29;ev-th04-main-yuuka6-animations-aggregate-v29;ev-th04-main-function-screen-animations-v29,src/main/boss/yuuka6_animations.cpp;config/th04_main_exact_units.toml;config/th04_main_function_review.toml,The eight MAIN_034 Yuuka6 animation helpers at 0x2A53D..0x2A906 total 0x3CA bytes. Target publics/TASM boundaries plus raw RET and switch-table layouts drove a natural C++ reconstruction. Focused two-cold and 67-unit aggregate replay are byte/map/relocation/OMF exact; all eight functions enter the reviewed denominator.,2026-09-07
th04-main-exact-batch-authored-expand-v29,fact,th04-main,Reviewed authored baseline after Yuuka6 animation recovery,observed,ev-th04-main-yuuka6-animations-aggregate-v29;ev-th04-main-function-screen-animations-v29,config/units.csv;config/th04_main_authored_functions.csv;docs/PROGRESS.md;docs/reconstruction/main/TH04_MAIN_EXACT_BATCH.md,Current reviewed TH04 MAIN baseline is 17646/17650 authored C/C++ bytes exact (99.977337%) and 155/156 reviewed functions exact (99.358974%). The animation block adds 970 exact authored bytes and eight exact reviewed functions; snd_load remains the sole reviewed nonexact function with four blocked bytes.,2026-09-07
replay-unit-dependency-closure-v29,pattern,th04-main,Focused exact replay resolves manifest unit dependencies,observed,ev-th04-main-yuuka6-animations-aggregate-v29,scripts/replay_th04_main_exact_units.py;tests/test_exact_replay.py;config/th04_main_exact_units.toml,"Incremental exact owners can depend on already-accepted maintained sources and transforms. requires_units computes a manifest-order transitive closure for both explicit focused selection and default cohorts, rejects missing dependencies, and ensures a focused child replay materializes and validates the prerequisite owner instead of silently falling back to pinned upstream source.",2026-09-07
exact-replay-input-snapshot-v29,pattern,th04-main,Freeze repo-owned replay inputs before cold A/B materialization,observed,ev-th04-main-replay-input-snapshot-v29;ev-th04-main-yuuka6-animations-cold-v29;ev-th04-main-yuuka6-animations-aggregate-v29,scripts/replay_th04_main_exact_units.py;tests/test_exact_replay.py;config/th04_main_exact_units.toml,"On a shared multi-agent worktree, reading maintained overlays separately for cold build A and B can make one replay consume two different dirty source revisions and falsely look nondeterministic. Snapshot every live repo-owned overlay/split/build input once before materialization, hash the exact frozen bytes, immediately re-hash the live source to reject capture-time drift, feed both builds from the frozen snapshot, and verify the live repo again before receipt emission. This is a reproducibility gate, not permission to ignore dirty-tree changes.",2026-09-07
th04-main-yuuka6-gather-patterns-target-driven-v30,pattern,th04-main,Recover a contiguous target-only helper family from raw/TASM boundaries rather than ReC98 source coverage,observed,ev-th04-main-yuuka6-gather-patterns-boundary-v30;ev-th04-main-yuuka6-gather-patterns-raw-v30;ev-th04-main-yuuka6-gather-patterns-aggregate-v30;ev-th04-main-function-screen-gather-v30,src/main/boss/yuuka6_gather_patterns.cpp;config/th04_main_exact_units.toml;config/th04_main_function_review.toml;docs/reconstruction/main/TH04_MAIN_EXACT_BATCH.md,"Five adjacent MAIN_034 helpers at target 0x2A907..0x2AB5C total 0x256 bytes. ReC98 has only the ASM implementations; Ghidra recognizes four starts but truncates their trailing switch tables and misses the shared 0x15 helper entirely. Pinned TASM PROC boundaries, raw RETs/tables, a target near-call anchor, and typed gather/circle APIs drive a natural C++ TU whose focused and 68-unit aggregate cold replays are byte/map/relocation/OMF exact.",2026-09-07
borland-shared-tail-layout-v30,pattern,pc98-borland,Source label placement controls TC86 short-jump direction even when function size and switch tables already match,compiler-observed,ev-th04-main-yuuka6-gather-patterns-toolchain-v30;ev-th04-main-yuuka6-gather-patterns-raw-v30,src/main/boss/yuuka6_gather_patterns.cpp;docs/reconstruction/main/TH04_MAIN_FIXUP_CODEGEN_PROBES.md,"For the 0xAE gather-side switch, a semantically equivalent first source placed the common gather tail after case 0x12. TC86 emitted the correct total size and switch table but a forward short jump where the target jumps backward. Moving the common label before case 0x12 and using goto from that case changed only CFG layout and produced the target jump words. Treat equal size/table shape as insufficient; compare branch direction and shared-tail placement before reaching for low-level source.",2026-09-07
th04-main-ghidra-mixed-failure-v30,pattern,th04-main,One authored family can require both exact switch extents and a no-Ghidra target-call gate,observed,ev-th04-main-yuuka6-gather-patterns-boundary-v30;ev-th04-main-function-screen-gather-v30,scripts/review_th04_main_functions.py;config/th04_main_function_review.toml,"Within one exact 0x256 owner, Ghidra creates four real entries but reports only 37 CFG addresses and omits compiler compare/jump tables, while the 0x15 shared helper at 0x2A9B5 has no Ghidra entry at all. Review the four switch functions as fully-accounted exact extents; review the missing helper using exact-owner containment, raw RET, next Ghidra/TASM entry, and target CALL 0x2AA14 -> 0x2A9B5. Do not apply one global Ghidra trust rule to the whole region.",2026-09-07
th04-main-exact-batch-authored-expand-v30,fact,th04-main,Reviewed authored baseline after Yuuka6 gather-pattern helper recovery,observed,ev-th04-main-yuuka6-gather-patterns-aggregate-v30;ev-th04-main-function-screen-gather-v30,config/units.csv;config/th04_main_authored_functions.csv;docs/PROGRESS.md;docs/reconstruction/main/TH04_MAIN_EXACT_BATCH.md,Current reviewed TH04 MAIN baseline is 18244/18248 authored C/C++ bytes exact (99.978080%) and 160/161 reviewed functions exact (99.378882%). The gather-pattern family adds 598 exact authored bytes and five exact reviewed functions; snd_load remains the sole reviewed nonexact function with four blocked bytes.,2026-09-07
th04-main-local-proc-candidate-screen-v30,pattern,th04-main,TLINK publics and Ghidra entries are not an exhaustive authored-function candidate universe,observed,ev-th04-main-yuuka6-gather-patterns-boundary-v30;ev-th04-main-function-screen-gather-v30,config/th04_main_function_review.toml;docs/RE_HANDOFF.md;docs/reconstruction/main/TH04_MAIN_EXACT_BATCH.md,"After the v29 exact frontier at 0x2A907, a pinned TASM local-PROC scan finds a continuous Yuuka6 family that the old linker-public-only queue did not enumerate. The first five procedures add 598 reviewed bytes and five exact functions; 0x2A9B5 has neither a Ghidra entry nor TLINK public. Continue candidate discovery from target raw and local TASM boundaries at every exact frontier, then use Ghidra only as one corroborating surface. The next live frontier is 0x2AB5D, with many more Yuuka6 locals before yuuka6_update() and a following Elly local family.",2026-09-07
th04-main-physical-producer-reloc-order-v31,pattern,pc98-borland,Ordered MZ relocations can expose a larger TC86 physical producer than raw-byte exact logical units,compiler-observed,ev-th04-main-yuuka6-attack-patterns-producer-v31;ev-th04-main-yuuka6-attack-patterns-layout-v31;ev-th04-main-yuuka6-attack-patterns-aggregate-v31,scripts/replay_th04_main_exact_units.py;config/th04_main_exact_units.toml;src/main/boss/yuuka6_main034.cpp,"A standalone natural Yuuka6 attack TU reproduced all 0x332 raw bytes but emitted the seven overlapping MZ relocations in a different order. Fusing chase, animations, gather, and attack into one ordinary TC86 producer reproduced both bytes and target relocation order across the 0xE08 producer. Treat relocation order as a physical object/FIXUPP boundary oracle even when logical owner bytes already match; the replay manifest can keep separate logical units while validating one shared producer object.",2026-09-07
th04-main-thicklaser-layout-v32,fact,th04-main,Target thicklaser_t has four unknown bytes after origin,observed,ev-th04-main-yuuka6-late-phase-patterns-toolchain-v32;ev-th04-main-yuuka6-late-phase-patterns-raw-v32;ev-th04-main-yuuka6-late-phase-patterns-layout-v32,_reference/ReC98/th04_main.asm;_reference/ReC98/th04/main/bullet/laser_t.hpp;config/th04_main_exact_units.toml;src/main/boss/yuuka6_main034.cpp,"Do not trust the current ReC98 C++ thicklaser_t layout for TH04: its header has one unknown byte after origin, while the target residual TASM struct has four. The stale header shifts cur_flag_frame and every later field three bytes early. A SHA-locked replay transform changes unused_2 to a 4-byte array; this alone removes the final five operand-byte mismatches in the 0x5A0 late Yuuka6 block and yields raw/relocation exact TC86 output.",2026-09-07
th04-main-yuuka6-late-target-driven-v32,pattern,th04-main,Recover the eight late Yuuka6 local helpers through raw/TASM/Ghidra cross-checks,observed,ev-th04-main-yuuka6-late-phase-patterns-boundary-v32;ev-th04-main-yuuka6-late-phase-patterns-raw-v32;ev-th04-main-yuuka6-late-phase-patterns-aggregate-v32;ev-th04-main-function-screen-late-v32,src/main/boss/yuuka6_main034.cpp;config/th04_main_exact_units.toml;config/th04_main_function_review.toml;docs/reconstruction/main/TH04_MAIN_EXACT_BATCH.md,"Eight contiguous local procedures from runtime 0x2AE8F through 0x2B42E add 0x5A0 reviewed authored bytes. Ghidra has all starts but the first three bodies are sparse. Pinned TASM local PROC starts, raw terminal RETs, next-entry boundaries, and generated publics drive natural C++ that is exact in focused and 70-unit aggregate two-cold replay. The next public frontier is yuuka6_update at 0x2B42F, whose Ghidra body is only three bytes despite a much larger target extent.",2026-09-07
th04-main-exact-batch-authored-expand-v32,fact,th04-main,Reviewed authored baseline after late Yuuka6 helper recovery,observed,ev-th04-main-yuuka6-late-phase-patterns-aggregate-v32;ev-th04-main-function-screen-late-v32,config/units.csv;config/th04_main_authored_functions.csv;docs/PROGRESS.md;docs/reconstruction/main/TH04_MAIN_EXACT_BATCH.md,"After v32, the reviewed TH04 MAIN baseline is 20502/20506 authored C/C++ bytes exact (99.980494%) and 173/174 reviewed functions exact (99.425287%). The eight late-phase helpers add 1440 exact bytes and eight exact reviewed functions; snd_load remains the sole reviewed nonexact function with four blocked bytes. Candidate discovery must continue at yuuka6_update rather than treating the >99% ratios as exhaustive.",2026-09-07
th04-main-elly-local-proc-frontier-v36,pattern,th04-main,Continue authored screening through local TASM PROCs beyond the Yuuka6 public frontier,observed,ev-th04-main-elly-scythe-boundary-v34;ev-th04-main-elly-scythe-init-boundary-v35;ev-th04-main-elly-orbit-boundary-v36;ev-th04-main-function-screen-elly-v36,config/th04_main_function_review.toml;docs/RE_HANDOFF.md;docs/reconstruction/main/TH04_MAIN_EXACT_BATCH.md,"The post-Yuuka6 target is not exhausted by linker publics or Ghidra entries. Local TASM starts at 0x2B95C, 0x2BC3C, 0x2BC73, 0x2BD23, 0x2BD4B, 0x2BDB4, 0x2BE43, 0x2BE78, 0x2BF52, 0x2BFAB, 0x2C044, 0x2C0BF, 0x2C164, 0x2C1CF, and 0x2C251 before public elly_update(). The first three are now exact; resume target-first review at 0x2BD23 and keep Ghidra provisional.",2026-09-07
borland-elly-scythe-block-layout-v34,pattern,pc98-borland,"TC86 block placement, volatile reloads, and condition direction can account for exact legacy state-machine bytes",compiler-observed,ev-th04-main-elly-scythe-toolchain-v34;ev-th04-main-elly-scythe-raw-v34;ev-th04-main-elly-scythe-aggregate-v34,src/main/boss/elly_scythe.cpp;config/th04_main_exact_units.toml,"For the 0x2E0 Elly scythe helper, placing the shared acceleration label inside the second direction branch restores target basic-block order; writing speed = speed + 1 restores target load/inc/store rather than INC memory; declaring the signed turn byte volatile restores the second target reload; and spelling the deceleration cases as if(speed <= 4) goto shared_return; break; naturally emits target near JA plus short JMP. These are natural source-shape/compiler effects, not padding.",2026-09-07
th04-main-elly-orbit-signed-frame-v36,pattern,th04-main,Signed branch opcodes and redundant conditions recover hidden source types/shapes,compiler-observed,ev-th04-main-elly-orbit-boundary-v36;ev-th04-main-elly-orbit-toolchain-v36;ev-th04-main-elly-orbit-raw-v36,src/main/boss/elly_orbit.cpp;config/th04_main_exact_units.toml,"Target 0x2BC73 uses JL/JGE for the private frame word, falsifying an unsigned interpretation. TC86 matches only when the maintained variable is int. The target also retains a logically redundant final if(frame >= 768), which naturally contributes the otherwise missing eight-byte CMP/JL pair; preserve such source redundancy when exact codegen proves it.",2026-09-07
th04-main-exact-batch-authored-expand-v36,fact,th04-main,Reviewed authored baseline after Yuuka6 and first three Elly local helpers,observed,ev-th04-main-elly-orbit-aggregate-v36;ev-th04-main-function-screen-elly-v36,config/units.csv;config/th04_main_authored_functions.csv;docs/PROGRESS.md;docs/reconstruction/main/TH04_MAIN_EXACT_BATCH.md,"Current reviewed TH04 MAIN baseline is 22794/22798 authored C/C++ bytes exact (99.982455%) and 178/179 reviewed functions exact (99.441341%). The post-v30 target-first expansion added attack, late Yuuka6, corrected phase/update ownership, and the first three Elly local helpers. snd_load remains the sole reviewed nonexact function with four blocked bytes.",2026-09-07
borland-abi-header-before-alignment-v38,pattern,pc98-borland,Parse ABI-bearing structs before enabling TC86 -a alignment,compiler-observed,ev-th04-main-elly-phase-orbit-toolchain-v38;ev-th04-main-elly-phase-orbit-raw-v38,src/main/boss/elly_phase_orbit.cpp;config/th04_main_exact_units.toml,"Placing #pragma option -a before bullet.hpp changed BulletTemplate member offsets and left only two operand-byte mismatches even though control flow, size, map, and relocations matched. Including ABI-bearing headers first and enabling -a only afterward restores target count/delta offsets. Treat compiler alignment state at header parse time as part of the reconstructed ABI, not merely code layout.",2026-09-07
tc86-dos-83-overlay-basename-v40,hazard,pc98-borland,Keep replay overlay basenames within DOS 8.3 output naming limits,compiler-observed,ev-th04-main-elly-phase-burst-toolchain-v40;ev-th04-main-elly-phase-burst-aggregate-v40,config/th04_main_exact_units.toml;src/main/boss/elly_phase_burst.cpp,A replay overlay named ellyburst.cpp made TC86 emit elly~3cp.obj while Tup expected ellyburst.obj. Renaming only the overlay to 8.3-safe ellybrst.cpp restores deterministic object discovery. Repository source filenames may stay descriptive; generated DOS-facing overlay/object basenames must be 8 characters or fewer.,2026-09-07
borland-return-value-register-shape-v41,pattern,pc98-borland,Preserve direct AX return-value consumption to avoid TC86 register spills,compiler-observed,ev-th04-main-elly-phase-sweep-toolchain-v41;ev-th04-main-elly-phase-sweep-raw-v41,src/main/boss/elly_phase_sweep.cpp,"Saving elly_gather_update() into a local made TC86 allocate SI and emit PUSH SI / MOV SI,AX / POP SI, growing the function by four bytes. Switching directly on the call result keeps OR AX,AX / CMP AX,2 and matches target exactly. When target tests a return register immediately, source temporaries can be observable codegen differences.",2026-09-07
th04-main-elly-local-proc-family-v48,pattern,th04-main,Complete the target-only Elly local-PROC family before public elly_update,observed,ev-th04-main-elly-phase-scythe-boundary-v37;ev-th04-main-elly-gather-boundary-v39;ev-th04-main-elly-phase-sweep-boundary-v41;ev-th04-main-elly-phase-dual-boundary-v44;ev-th04-main-elly-phase-final-boundary-v48;ev-th04-main-function-screen-elly-v48,config/th04_main_function_review.toml;config/th04_main_exact_units.toml;docs/RE_HANDOFF.md,"The twelve local procedures from 0x2BD23 through 0x2C2E4 add 1,474 reviewed authored bytes and twelve exact functions. Ghidra is complete for only some entries and badly sparse/false-split for others; pinned TASM next-PROC boundaries plus gap-free raw decoding are the stable candidate oracle. The next live target-first frontier is public elly_update() at 0x2C2E5.",2026-09-07
th04-main-exact-batch-authored-expand-v48,fact,th04-main,Reviewed authored baseline after completing Elly local helpers through 0x2C2E4,observed,ev-th04-main-elly-phase-final-aggregate-v48;ev-th04-main-function-screen-elly-v48,config/units.csv;config/th04_main_authored_functions.csv;docs/PROGRESS.md;docs/reconstruction/main/TH04_MAIN_EXACT_BATCH.md,"Current reviewed TH04 MAIN baseline is 24268/24272 authored C/C++ bytes exact (99.983520%) and 190/191 reviewed functions exact (99.476440%). The twelve v37-v48 Elly locals add 1,474 exact bytes/functions while snd_load remains the sole reviewed nonexact function with four blocked bytes. Candidate discovery now resumes at public elly_update() 0x2C2E5.",2026-09-07
th04-main-elly-update-v49,pattern,th04-main,Recover the public Elly FAR dispatcher only after accounting for all trailing compiler tables,observed,ev-th04-main-elly-update-boundary-v49;ev-th04-main-elly-update-raw-v49;ev-th04-main-elly-update-aggregate-v49;ev-th04-main-function-screen-elly-v49,src/main/boss/elly_update.cpp;config/th04_main_exact_units.toml;config/th04_main_function_review.toml,elly_update at 0x2C2E5 has 0x3AD code bytes through RETF at 0x2C691 followed by three contiguous TC86 switch regions through 0x2C6CD. Ghidra cross-links the entry beyond MAIN_034 and cannot define the function. Natural C++ matches all 0x3E9 bytes and ordered relocations; the next exact public bullet_turn_x starts at 0x2C6CE.,2026-09-07
borland-pascal-far-callback-symbol-v49,pattern,pc98-borland,Pascal FAR callback ABI affects OMF external spelling even when no-argument code bytes are unchanged,compiler-observed,ev-th04-main-elly-update-toolchain-v49;ev-th04-main-elly-update-aggregate-v49,src/main/boss/elly_update.cpp;src/main/boss/boss.cpp;config/th04_main_exact_units.toml,The separately exact boss setup TU declares elly_update as pascal far. Plain far can match focused code bytes yet fail the aggregate linker; pascal far plus residual TASM EXTRN spelling @ELLY_UPDATE$QV resolves both producers while preserving the exact 1001-byte slice. Treat callback ABI and OMF symbol spelling as an aggregate-build oracle.,2026-09-07
th04-main-main034-exhausted-v49,fact,th04-main,MAIN_034_TEXT target-first authored frontier is fully exact and locally exhausted,observed,ev-th04-main-elly-update-aggregate-v49;ev-th04-main-function-screen-elly-v49,config/units.csv;config/th04_main_authored_functions.csv;docs/RE_HANDOFF.md,Target map MAIN_034_TEXT spans exactly 0x2647 bytes from 13A9:65F7 through 13A9:8C3D. Twenty-two reviewed exact authored owners tile that span with no gap or overlap and sum to 0x2647; residual main.asm contributes zero bytes at 8C3E. A second pinned-TASM scan finds 38 numeric local PROC starts and all 38 are exact function-ledger entries. The next byte is existing exact BULLET_U_TEXT at 0x2C6CE.,2026-09-07
th04-main-exact-batch-authored-expand-v49,fact,th04-main,Reviewed authored baseline after Elly update and complete MAIN_034 recovery,observed,ev-th04-main-elly-update-aggregate-v49;ev-th04-main-function-screen-elly-v49,config/units.csv;config/th04_main_authored_functions.csv;docs/PROGRESS.md;docs/reconstruction/main/TH04_MAIN_EXACT_BATCH.md,Current reviewed TH04 MAIN baseline is 25269/25273 authored C/C++ bytes exact (99.984173%) and 191/192 reviewed functions exact (99.479167%). elly_update adds 1001 exact authored bytes and one exact function; snd_load remains the sole reviewed nonexact function with four blocked bytes. MAIN_034 is fully tiled by exact authored owners and its numeric local-PROC inventory has no omissions.,2026-09-07
th04-main-main033-marisa-producer-boundaries-v66,pattern,th04-main,Recover TC86 physical producer boundaries from ordered MZ relocations and OMF LEDATA/FIXUPP chunks,compiler-observed,ev-th04-main-marisa-random-burst-layout;ev-th04-main-marisa-special-angles-layout;ev-th04-main-marisa-spread-mirror-layout;ev-th04-main-marisa-update-aggregate,config/th04_main_exact_units.toml;src/main/boss/marisa4_bits_init.cpp;src/main/boss/marisa4_late.cpp;src/main/boss/marisa4_tail.cpp,"MAIN_033 Marisa is not one TC86 producer. Target relocation order proves boundaries at 0x2717D (v59) and 0x2788E (v64): v50-v58 form the 0x578 early producer, v59-v63 the 0x711 middle producer, and v64-v66 the 0x465 tail producer. Borland TDUMP shows FIXUPP entries are emitted high-to-low within one LEDATA/FIXUPP record while records themselves retain record order; choosing these natural source/TU boundaries reproduces target MZ relocation order without changing a single code byte.",2026-09-08
th04-main-marisa-b4m-fusion-negative-v66,negative-result,th04-main,Do not fuse B4M_UPDATE_TEXT and MAIN_033 Marisa into one object to repair relocation order,observed,ev-th04-main-marisa-update-aggregate,config/th04_main_exact_units.toml;src/main/boss/marisa.cpp,A fused B4M+MAIN_033 object was tested and rejected. Placing it in the boss_4m slot made B4M land correctly but shifted MAIN_033 from target 13A9:3175 to 13A9:563D; placing one object cannot simultaneously sit after residual B4M and before residual MAIN_033. TDUMP also showed the fusion did not change MAIN_033 LEDATA boundaries. Keep the already exact boss_4m producer independent.,2026-09-08
tc86-main033-source-shape-v66,pattern,pc98-borland,"Source declaration order, signed byte types, and register lifetime are observable TC86 exactness surfaces",compiler-observed,ev-th04-main-marisa-bits-init-toolchain;ev-th04-main-marisa-bits-update-toolchain;ev-th04-main-marisa-bit-fire-toolchain;ev-th04-main-marisa-spread-bits-toolchain,src/main/boss/marisa4_bits_init.cpp;src/main/boss/marisa.cpp,"Marisa MAIN_033 exactness exposed reusable TC4.02 rules: declaration order can select BP local offsets while preserving execution order; volatile stack indices prevent register promotion; register-local declaration order selects SI versus DI; function-scope register lifetimes can force callee-saved PUSH/POP from entry; and an explicitly signed char is required to produce direct signed memory comparisons. These are natural C++ source-shape constraints, not byte emission.",2026-09-08
th04-main-exact-batch-authored-expand-v66,fact,th04-main,Reviewed authored baseline after Stage 4 Marisa through public marisa_update,observed,ev-th04-main-marisa-update-aggregate;ev-th04-main-function-screen-marisa-v66,config/units.csv;config/th04_main_authored_functions.csv;docs/PROGRESS.md;docs/reconstruction/main/TH04_MAIN_EXACT_BATCH.md,"Current reviewed TH04 MAIN baseline is 29603/29607 authored C/C++ bytes exact (99.986490%) and 208/209 reviewed functions exact (99.521531%). v50-v66 recover 4,334 authored bytes and 17 functions across three target-proven MAIN_033 TC86 producers; snd_load remains the sole reviewed nonexact function with four blocked bytes. MAIN_033 continues beyond Marisa into enemy/Mugetsu/Kurumi/Orange code, so candidate discovery is not exhausted.",2026-09-08
th04-main-main033-next-frontier-v66,fact,th04-main,Continue target-first MAIN_033 screening after Marisa into enemy and Mugetsu local procedures,observed,ev-th04-main-marisa-update-boundary;ev-th04-main-function-screen-marisa-v66,docs/RE_HANDOFF.md;config/th04_main_function_review.toml,"marisa_update ends at 0x27CF2 and public enemies_add starts at 0x27CF3. After the public enemy helpers, pinned TASM exposes Mugetsu locals beginning at 0x2802F (0x15 bytes), then 0x28044, 0x280BB, 0x2812A, 0x2821E, 0x28314, 0x2838A, 0x2845E, 0x284AC, 0x28556, 0x285E4, and 0x28655 before mugetsu_update. Resume there rather than returning to legacy module umbrellas.",2026-09-08
th04-main-enemies-add-v67,pattern,th04-main,Recover ENEMIES_ADD from target rather than Ghidra body size,observed,ev-th04-main-enemies-add-boundary-v67;ev-th04-main-enemies-add-raw-v67;ev-th04-main-enemies-add-aggregate-v67,src/main/enemy/enemies_add.cpp;config/th04_main_exact_units.toml;config/th04_main_function_review.toml,"ENEMIES_ADD starts at 0x27CF3 and is 0xDE bytes through RET 8 at 0x27DD0. Target Ghidra constructs only 12 bytes, while TLINK puts std_run at 0x27DD1. Natural C++ is exact across focused and 105-owner aggregate replay; continue MAIN_033 screening at std_run.",2026-09-08
tc4-byte-conditional-result-v67,pattern,pc98-borland,Preserve byte-valued conditional results when target uses AL branches,compiler-observed,ev-th04-main-enemies-add-toolchain-v67;ev-th04-main-enemies-add-raw-v67,src/main/enemy/enemies_add.cpp,"For enemy spawned_in_left_half, a plain boolean comparison makes TC4 materialize 1/0 in AX and adds one byte. A ternary whose branches are explicitly unsigned char keeps the result in AL and exactly reproduces target MOV AL,1 / MOV AL,0 plus the shared byte store. This is a source type/codegen rule, not emitted bytes.",2026-09-08
th04-main-exact-batch-authored-expand-v67,fact,th04-main,Reviewed authored baseline after ENEMIES_ADD recovery,observed,ev-th04-main-enemies-add-aggregate-v67;ev-th04-main-function-screen-enemies-v67,config/units.csv;config/th04_main_authored_functions.csv;docs/PROGRESS.md;docs/reconstruction/main/TH04_MAIN_EXACT_BATCH.md,Current reviewed TH04 MAIN baseline is 29825/29829 authored C/C++ bytes exact (99.986590%) and 209/210 reviewed functions exact (99.523810%). ENEMIES_ADD adds 222 exact bytes and one exact function; snd_load remains the sole reviewed nonexact function with four blocked bytes.,2026-09-08
th04-main-main033-frontier-v67,pattern,th04-main,Continue target-first MAIN_033 screening beyond ENEMIES_ADD,observed,ev-th04-main-enemies-add-boundary-v67;ev-th04-main-function-screen-enemies-v67,_reference/ReC98/th04_main.asm;config/th04_main_exact_units.toml;docs/RE_HANDOFF.md,"After exact ENEMIES_ADD at 0x27CF3..0x27DD0, the next true TLINK/TASM entry is std_run at 0x27DD1 (0x6D bytes to ENEMY_BULLET_TEMPLATE_PUSH at 0x27E3E), followed by ENEMIES_UPDATE at 0x27E59. MAIN_033 remains far from exhausted; do not treat the Marisa-family completion as the segment boundary.",2026-09-08
tc4-inline-byte-word-boundary-v68,pattern,pc98-borland,Use an inline semantic helper to preserve a redundant byte-to-word zero extension,compiler-observed,ev-th04-main-std-run-toolchain-v68;ev-th04-main-std-run-raw-v68,src/main/stage/std_run.cpp,"In std_run, directly passing two byte fields lets TC4 reuse AH=0 and removes the target second MOV AH,0. Wrapping only the second byte in a tiny inline unsigned-byte-to-word helper keeps the source high-level, emits no call, and naturally restores exactly that MOV AH,0 while every other instruction remains unchanged.",2026-09-08
tc4-repmovsw-order-blocker-v69,pattern,pc98-borland,Treat REP MOVSW setup order as a real source/compiler boundary,compiler-observed,ev-th04-main-enemy-bullet-template-push-boundary-v69;ev-th04-main-enemy-bullet-template-push-codegen-v69-negative,src/main/enemy/bullet_template_push.cpp;_reference/ReC98/decomp.hpp;src/main/gather.cpp,"ENEMY_BULLET_TEMPLATE_PUSH target orders CX, SI, DI, ES, REP MOVSW. Plain struct assignment uses SCOPY@; -G assignment gives SI/DI/ES/CX; __memcpy__ gives SI/ES/DI/CX; an inline assignment helper expands to 36 bytes. ReC98 uses an inline-ASM decomp macro for analogous reordered copies, but new reconstruction must not use that shortcut. Keep this 27-byte function blocked until a natural source/compiler form is found.",2026-09-08
th04-main-exact-batch-authored-expand-v69,fact,th04-main,Reviewed authored baseline after std_run exact and bullet-template-push blocked classification,observed,ev-th04-main-std-run-aggregate-v68;ev-th04-main-function-screen-std-v69,config/units.csv;config/th04_main_authored_functions.csv;docs/PROGRESS.md;docs/reconstruction/main/TH04_MAIN_EXACT_BATCH.md,Current reviewed TH04 MAIN baseline is 29934/29965 authored C/C++ bytes exact (99.896546%) and 210/212 reviewed functions exact (99.056604%). std_run adds 109 exact bytes; the 27-byte ENEMY_BULLET_TEMPLATE_PUSH is now honestly included as blocked. The only other reviewed nonexact function is snd_load with four blocked bytes.,2026-09-08
th04-main-main033-frontier-v69,pattern,th04-main,Continue target-first MAIN_033 screening at ENEMIES_UPDATE while preserving the v69 physical blocker,observed,ev-th04-main-enemy-bullet-template-push-boundary-v69;ev-th04-main-function-screen-std-v69,_reference/ReC98/th04_main.asm;config/th04_main_exact_units.toml;docs/RE_HANDOFF.md,"After std_run exact at 0x27DD1..0x27E3D, blocked ENEMY_BULLET_TEMPLATE_PUSH occupies 0x27E3E..0x27E58. ENEMIES_UPDATE begins at 0x27E59 and raw/Ghidra extend it 470 bytes through 0x2802E, immediately before Mugetsu local 0x2802F. Candidate discovery is not exhausted, but any later C++ producer must respect the unresolved 27-byte physical ordering boundary rather than silently moving past it.",2026-09-08
tc4-enemy-kill-label-layout-v70,pattern,pc98-borland,Lexical label placement can preserve a target two-byte jump and live AL across nested damage logic,compiler-observed,ev-th04-main-enemies-update-toolchain-v70;ev-th04-main-enemies-update-raw-v70,src/main/enemy/enemies_update.cpp;_reference/ReC98/th04_main.asm,"ENEMIES_UPDATE stayed one byte too long until the shared kill_enemy label was lexically placed inside the else branch of if(value < hp), with damaged_this_frame assigned after that inner if. TC4 then naturally emitted JGE kill; SUB; JMP damaged-tail; kill block; damaged-tail and preserved the shots_hittest AL value, producing the complete 470-byte target without low-level code.",2026-09-08
tc4-switch-table-align-v73,pattern,pc98-borland,Use post-header pragma option -a when target sparse-switch tables contain a compiler alignment byte,compiler-observed,ev-th04-main-reimu-gather-intro-toolchain-v73;ev-th04-main-reimu-gather-intro-raw-v73,src/main/boss/reimu4_gather_intro.cpp;_reference/ReC98/th04_main.asm,"reimu_gather_intro code was already exact but its sparse switch tail was one byte short. A fused-producer probe did not restore the byte. Placing #pragma option -a after headers naturally emitted the target 0x00 metadata/alignment byte before the ten compare words and ten jump words, making the full 0xE6 owner exact without padding injection.",2026-09-08
th04-main-no-ghidra-orbs-add-v74,pattern,th04-main,Treat TLINK-public orbs_add_moving as authored even when Ghidra has no entry,observed,ev-th04-main-reimu-orbs-add-moving-boundary-v74;ev-th04-main-reimu-orbs-add-moving-raw-v74,src/main/boss/reimu4_orb_add.cpp;_reference/ReC98/th04_main.asm;config/th04_main_function_review.toml,"Target Ghidra has no function at runtime 0x2EB31, but TLINK public orbs_add_moving, pinned TASM, and raw RET at 0x2EB8B close a 91-byte function ending exactly at public orbs_add_spinning 0x2EB8C. Natural C++ is byte/relocation exact, so Ghidra absence must not exclude this authored candidate class.",2026-09-08
tc4-register-init-order-v75,pattern,pc98-borland,Separate register declarations from initialization to reproduce CX/SI/DI allocation and instruction order,compiler-observed,ev-th04-main-reimu-orbs-add-spinning-toolchain-v75;ev-th04-main-reimu-orbs-add-spinning-raw-v75,src/main/boss/reimu4_orb_spin.cpp;_reference/ReC98/th04_main.asm,"orbs_add_spinning differed only by CX/DI role assignment. Marking spawned as register selected target CX, but declaration initializers still reordered the first instructions. Declaring orb, i, and spawned first and then assigning spawned=0; orb=orbs; i=0 produced target CX/SI/DI roles and initialization order, yielding 103/103 exact bytes.",2026-09-08
th04-main-main036-frontier-v75,pattern,th04-main,Continue MAIN_036 target-first screening after the two exact orb allocators,observed,ev-th04-main-function-screen-reimu-orbs-v75;ev-th04-main-reimu-orbs-add-spinning-boundary-v75,_reference/ReC98/th04_main.asm;config/th04_main_exact_units.toml;docs/RE_HANDOFF.md,"After exact orbs_add_moving 0x2EB31..0x2EB8B and orbs_add_spinning 0x2EB8C..0x2EBF2, the next true TASM PROC reimu_1EBF3 spans 0x2EBF3..0x2ED14 (0x122 bytes). Ghidra falsely splits it into 0x2EBF3..0x2EC3F and 0x2EC40..0x2ED14. Further Reimu local PROC starts are 0x2ED15, 0x2EDBC, 0x2EE21, 0x2EE73, 0x2EF87, 0x2F04E, 0x2F111, 0x2F17C, 0x2F22A, 0x2F2F3, 0x2F378, then public reimu_update at 0x2F3AB. Do not use Ghidra split bodies as authored boundaries.",2026-09-08
th04-main-exact-batch-authored-expand-v75,fact,th04-main,Reviewed authored baseline after MAIN_033 ENEMIES_UPDATE and MAIN_036 Reimu/orb recovery,observed,ev-th04-main-reimu-orbs-add-spinning-aggregate-v75;ev-th04-main-function-screen-reimu-orbs-v75,config/units.csv;config/th04_main_authored_functions.csv;docs/PROGRESS.md;docs/reconstruction/main/TH04_MAIN_EXACT_BATCH.md,Current reviewed TH04 MAIN baseline is 31136/31167 authored C/C++ bytes exact (99.900536%) and 216/218 reviewed functions exact (99.082569%). The only reviewed nonexact bytes are ENEMY_BULLET_TEMPLATE_PUSH (27) and snd_load (4); candidate discovery continues in MAIN_036 at reimu_1EBF3.,2026-09-08
th04-main-reimu-ghidra-false-split-v76,pattern,th04-main,Treat 0x2EBF3..0x2ED14 as one authored orb-update function despite a Ghidra 77+213 split,observed,ev-th04-main-reimu-orbs-update-boundary-v76;ev-th04-main-function-screen-reimu-v87,_reference/ReC98/th04_main.asm;src/main/boss/reimu4_orbs_update.cpp;config/th04_main_function_review.toml,"Pinned TASM has one reimu_1EBF3 PROC of 0x122 bytes. Fresh Ghidra invents a second function at 0x2EC40, splitting the true owner into 77 and 213 bytes. Exact raw replay plus manual function review promote only 0x2EBF3 and reject 0x2EC40 as an authored boundary.",2026-09-08
tc4-reimu-enum-inc-v76,pattern,pc98-borland,Use natural enum post-update when target encodes state transition as INC byte memory,compiler-observed,ev-th04-main-reimu-orbs-update-toolchain-v76;ev-th04-main-reimu-orbs-update-raw-v76,src/main/boss/reimu4_orbs_update.cpp,"Assigning OF_MOVE emitted MOV byte [si],2 and made the function one byte too long. Preserving source-level orb->flag++ naturally emitted target INC byte [si], recovering the full 290-byte function without byte emission.",2026-09-08
tc4-reimu-redundant-random-angle-v84,pattern,pc98-borland,Preserve repeated random-angle assignments even when a later assignment overwrites the value,compiler-observed,ev-th04-main-reimu-phase-cloud-ring-stack-raw-v80;ev-th04-main-reimu-phase-stack-octet-raw-v84,src/main/boss/reimu4_phase_cloud_ring_stack.cpp;src/main/boss/reimu4_phase_stack_octet.cpp,v80 was six bytes short and v84 three bytes short until target-visible second randring2_next16 angle assignments were restored. These assignments look redundant semantically but are compiler-authored code and must not be optimized out of reconstructed source.,2026-09-08
tc4-reimu-expression-spelling-v85,pattern,pc98-borland,Source-equivalent arithmetic and ternary spellings can select target opcodes and branch direction,compiler-observed,ev-th04-main-reimu-phase-pellet-cloud-raw-v81;ev-th04-main-reimu-phase-dual-special-raw-v85,src/main/boss/reimu4_phase_pellet_cloud.cpp;src/main/boss/reimu4_phase_dual_special.cpp,"In v81, x + (-0x44) emits target ADD AL,0xBC whereas x - 0x44 emits SUB. In v85, the inverse-condition ternary (angle != 0x78) ? 0x78 : -0x78 preserves TC4 common-store lowering while selecting target JZ; explicit if/else destroys that layout.",2026-09-08
tc4-reimu-loop-increment-order-v86,pattern,pc98-borland,Place multiple loop increments in the for increment expression in target execution order,compiler-observed,ev-th04-main-reimu-phase-stack-fan-raw-v86;ev-th04-main-reimu-phase-stack-fan-toolchain-v86,src/main/boss/reimu4_phase_stack_fan.cpp,"v86 differed only because a body angle update preceded the implicit loop-index increment. Writing i++, bullet_template.angle += -0x10 in the for increment expression naturally emitted target CALL, INC SI, angle update ordering and made all 133 bytes exact.",2026-09-08
th04-main-main036-frontier-v87,pattern,th04-main,Continue MAIN_036 target-first recovery at public reimu_update after clearing all preceding Reimu locals,observed,ev-th04-main-function-screen-reimu-v87;ev-th04-main-reimu-bg-pulse-boundary-v87,_reference/ReC98/th04_main.asm;config/th04_main_exact_units.toml;docs/RE_HANDOFF.md,"All true Reimu local PROCs from 0x2EBF3 through 0x2F3AA are now exact. The next authored candidate is public FAR reimu_update at 0x2F3AB..0x2F8ED, total 0x543 bytes: 0x515 code through RETF plus 0x2E compiler-owned tables (5-value/5-jump mode table and 13-entry top-level phase jump table). Fresh Ghidra body ranges are badly cross-linked, so use raw/TASM/table extent proof. Next true PROC is gengetsu_1F8EE at 0x2F8EE.",2026-09-08
th04-main-exact-batch-authored-expand-v87,fact,th04-main,Reviewed authored baseline after clearing the MAIN_036 Reimu local-helper frontier,observed,ev-th04-main-reimu-bg-pulse-aggregate-v87;ev-th04-main-function-screen-reimu-v87,config/units.csv;config/th04_main_authored_functions.csv;docs/PROGRESS.md;docs/reconstruction/main/TH04_MAIN_EXACT_BATCH.md,"Current reviewed TH04 MAIN baseline is 33112/33143 authored C/C++ bytes exact (99.906466%) and 228/230 reviewed functions exact (99.130435%). v76-v87 add 1,976 exact bytes and 12 exact functions. The only reviewed nonexact bytes remain ENEMY_BULLET_TEMPLATE_PUSH (27) and snd_load (4).",2026-09-08
tc4-gengetsu-prefix-physical-owner-v89,pattern,pc98-borland,Keep the first three Gengetsu procedures in one physical TC86 producer,compiler-observed,ev-th04-main-gengetsu-prefix-toolchain-v89;ev-th04-main-gengetsu-prefix-layout-v89;ev-th04-main-gengetsu-prefix-raw-v89,src/main/boss/gengetsu6_prefix.cpp;config/th04_main_exact_units.toml,"The three true functions at 0x2F8EE, 0x2F903, and 0x2F97A tile one 0xD7 MAIN_036_TEXT producer. Splitting the middle sparse-switch function into its own TU removes the target word-alignment byte before its four compare and four jump words. One natural C++ TU preserves bytes, ordered relocations, and OMF without padding injection.",2026-09-08
th04-main-gengetsu-cycle-table-v93b,pattern,th04-main,Account for the compiler jump table after gengetsu_cycle_phase,observed,ev-th04-main-gengetsu-cycle-boundary-v93b;ev-th04-main-gengetsu-cycle-raw-v93b;ev-th04-main-function-screen-gengetsu-v94,src/main/boss/gengetsu6_cycle.cpp;config/th04_main_function_review.toml,"gengetsu_cycle_phase starts at 0x2FD30 and has 0xC4 code bytes through RET at 0x2FDF3, followed by five contiguous TC86 jump words through 0x2FDFD. Fresh Ghidra stops at the code end. The reviewed exact extent is 0xCE bytes and the next true procedure begins at 0x2FDFE.",2026-09-08
th04-main-main036-frontier-v94,fact,th04-main,Continue target-first Gengetsu screening after 0x2FEDE,observed,ev-th04-main-gengetsu-patterns3-boundary-v94;ev-th04-main-function-screen-gengetsu-v94,_reference/ReC98/th04_main.asm;config/th04_main_function_review.toml;docs/RE_HANDOFF.md,"The twelve true Gengetsu procedures from 0x2F8EE through 0x2FEDE are exact; target Ghidra omits entries at 0x2F8EE and 0x2F97A and sparsely constructs several others. Resume at local procedure 0x2FEDF, followed by 0x30050, 0x300B6, 0x30195, 0x30202, 0x3023B, then public FAR gengetsu_update at 0x3026A. Keep pinned TASM next-PROC boundaries and raw decoding primary.",2026-09-08
th04-main-exact-batch-authored-expand-v94,fact,th04-main,Reviewed authored baseline after Reimu update and the first Gengetsu family,observed,ev-th04-main-gengetsu-patterns3-aggregate-v94;ev-th04-main-function-screen-gengetsu-v94,config/units.csv;config/th04_main_authored_functions.csv;docs/PROGRESS.md;docs/reconstruction/main/TH04_MAIN_EXACT_BATCH.md,"Current reviewed TH04 MAIN baseline is 35980/36011 authored C/C++ bytes exact (99.913915%) and 241/243 reviewed functions exact (99.176955%). v88-v94 add 2,868 exact authored bytes and 13 exact functions. The only reviewed nonexact bytes remain ENEMY_BULLET_TEMPLATE_PUSH (27) and snd_load (4). Percentages are reviewed-ledger coverage, not whole-executable completion.",2026-09-08
th04-diet-packed-artifacts,fact,th04,OP MAINE and ZUN packed payload recovery,observed,ev-th04-op-diet-boundary-v1;ev-th04-maine-diet-boundary-v1;ev-th04-zun-diet-boundary-v1,config/th04_boundary_review.toml;scripts/boundary_review/unpack_diet.py,"OP.EXE MAINE.EXE and ZUN.COM are MZ containers with a DIET marker at file offset 0x1C. Executing only each attested target stub at load segments 0x1000 and 0x2000 yields load-invariant unrelocated payloads: OP 69028 bytes/804 relocations, MAINE 62414/559, and ZUN 13422/0.",2026-09-08
th04-zun-composite-layout,fact,th04-zun,Flat payload component ownership,observed,ev-th04-zun-diet-boundary-v1;ev-th04-zun-boundary-ghidra-v1,config/th04_boundary_review.toml;docs/BOUNDARY_REVIEW.md,"The 13422-byte ZUN payload is an exact composite of a 39-byte COMCSTM header, 264-byte usage text, 223-byte selector stub, 327-byte selector metadata, 926-byte ongchk.com, 1141-byte zuninit.com, 6360-byte res_huma.com, 4066-byte memchk.com, 8-byte move-up stub, and 68-byte customization stub.",2026-09-08
th04-all-artifact-boundary-ledger-v1,fact,th04,All-artifact authored function queue after origin review,corroborated,ev-th04-function-boundary-ledger-v1;ev-th04-main-sub3680-boundary-v1;ev-th04-main-boundary-ghidra-v1;ev-th04-op-boundary-ghidra-v1;ev-th04-maine-boundary-ghidra-v1;ev-th04-zun-boundary-ghidra-v1;ev-th04-tasm-boundary-export-v1,config/th04_function_boundaries.csv;docs/BOUNDARY_REVIEW.md,"The classified inventory contains 2120 function-like observations and 732 authored reconstruction candidates: OP 94, MAIN 553, MAINE 72, ZUN 13. MAIN has 241 accepted exact and 2 blocked; 489 candidates are otherwise unreviewed. Another 52 original-style ASM observations require separate attestation and 1336 runtime/library/data/switch observations are excluded. MAIN payload 0x3680 is a narrow game-owned function exception inside the otherwise MASTER.LIB th04_main.asm _TEXT contribution.",2026-09-08
tasm-local-proc-boundaries,recipe,th04,Recover local PROC entries omitted by MAP and Ghidra,compiler-observed,ev-th04-tasm-boundary-export-v1,scripts/boundary_review/export_tasm_function_boundaries.py;config/th04_boundary_review.toml,Generate expanded listings with the pinned TASM32 5.0 and accept only PROC lines whose second listing column contains an emitting 16-bit offset. Map segment-relative offsets through the matching object contribution; apply 0x100 only where the COM source explicitly uses ORG 100h. This exposed 502 candidate PROC boundaries without treating non-emitting macro declarations as functions.,2026-09-08
ghidra-entry-is-not-authored-function,hazard,th04,Keep function observation origin and accepted state separate,observed,ev-th04-function-boundary-ledger-v1,config/th04_function_boundaries.csv;docs/BOUNDARY_REVIEW.md,A Ghidra entry may be compiler startup Borland runtime MASTER.LIB embedded library data/BSS or a switch-case artifact. Never use raw Ghidra function counts as authored progress; route only work_queue=reconstruct rows and reconcile provisional boundaries before creating accepted units.,2026-09-08
th04-main-gengetsu-boundary-failures-v98,pattern,th04-main,Ghidra omissions and truncations at the end of MAIN_036_TEXT,observed,ev-th04-main-gengetsu-random-ring-boundary-v96;ev-th04-main-gengetsu-columns-boundary-v95;ev-th04-main-gengetsu-update-boundary-v98;ev-th04-main-function-screen-gengetsu-v98,config/th04_function_boundaries.csv;config/th04_main_function_review.toml;src/main/boss/gengetsu6_random_ring.cpp;src/main/boss/gengetsu6_update.cpp,"Fresh attested Ghidra has no function at target 0x30050, sparsely constructs 0x2FEDF, and truncates public FAR gengetsu_update before its real epilogue and trailing 10-word switch table. Pinned TASM PROC boundaries, raw RET/RETF tiling, call/public anchors, exact owner placement, and validated switch targets are required to recover these authored extents.",2026-09-08
tc4-gengetsu-source-shape-v98,pattern,pc98-borland,Natural C++ source grouping and branch shape affect exact TC4J output,compiler-observed,ev-th04-main-gengetsu-columns-toolchain-v95;ev-th04-main-gengetsu-helpers-toolchain-v97;ev-th04-main-gengetsu-update-toolchain-v98,src/main/boss/gengetsu6_columns.cpp;src/main/boss/gengetsu6_helpers.cpp;src/main/boss/gengetsu6_update.cpp;config/th04_main_exact_units.toml,"Three exactness probes produced reusable TC4J constraints without inline ASM: parenthesizing ((i*TO_SP(24))+TO_SP(6)) before adding a random term selects the target DX-then-AX addition order; an if/else source shape preserves the target near conditional branch where an equivalent early return is two bytes shorter; and factoring four repeated wave-target blocks into a static inline early-return helper adds four bytes per inlined copy, while direct nested if blocks reproduce the target. Preserve source control-flow shape when chasing raw exactness.",2026-09-08
th04-main-boss-bomb-invincibility-v97,fact,th04-main,Former BSS byte_259EF is boss bomb invincibility countdown,observed,ev-th04-main-gengetsu-helpers-boundary-v97;ev-th04-main-gengetsu-update-raw-v98,src/main/boss/gengetsu6_helpers.cpp;src/main/boss/gengetsu6_update.cpp;config/th04_main_exact_units.toml,The anonymous BSS byte formerly named byte_259EF is used as a boss bomb-invincibility countdown: gengetsu_update sets it to 0x20 while bombing and decrements it each frame; gengetsu_hittest switches to damage-only handling while it is nonzero. The exact transform publishes it as _boss_bomb_invincibility_frames for later Mugetsu/Gengetsu recovery.,2026-09-08
th04-main-main036-complete-v98,fact,th04-main,MAIN_036_TEXT target-first frontier is exact through segment end,observed,ev-th04-main-gengetsu-columns-aggregate-v95;ev-th04-main-gengetsu-random-ring-aggregate-v96;ev-th04-main-gengetsu-helpers-aggregate-v97;ev-th04-main-gengetsu-update-aggregate-v98;ev-th04-main-function-screen-gengetsu-v98,config/units.csv;config/th04_main_authored_functions.csv;config/th04_function_boundaries.csv;docs/RE_HANDOFF.md,"v95-v98 add 2,061 exact authored bytes and seven exact functions from 0x2FEDF through MAIN_036_TEXT end 0x306EB. The reviewed MAIN baseline is now 38,041/38,072 authored bytes exact (99.918575%) and 248/250 functions exact (99.200000%); only the same 31 reviewed bytes in snd_load and enemy_bullet_template_push remain nonexact. Whole-artifact boundary inventory still has unreviewed authored candidates, so these percentages are reviewed-ledger coverage only.",2026-09-08
tc4-end-gameexecl-samecodeseg-v99,pattern,pc98-borland,Use samecodeseg when target TLINK optimized END_TEXT calls to GameExecl,compiler-observed,ev-th04-main-end-family-toolchain-v99;ev-th04-main-end-family-layout-v99;ev-th04-main-end-family-raw-v99,src/main/end/ending.cpp;config/th04_main_exact_units.toml,"A normal far reference to GameExecl emitted CALL FAR plus one segment relocation per ending function. Ordinary #pragma samecodeseg GameExecl changed the fixup frame/link optimization so TLINK emitted the target NOP; PUSH CS; CALL near sequence and removed the three extra segment relocations, making all 0x7C END_TEXT bytes and ordered relocations exact. This is compiler/linker control, not inline byte emission.",2026-09-08
th04-main-end-family-v99,fact,th04-main,END_TEXT ending family is exact from pure C++,observed,ev-th04-main-end-family-boundary-v99;ev-th04-main-end-family-aggregate-v99;ev-th04-main-function-screen-end-v99,src/main/end/ending.cpp;config/th04_main_authored_functions.csv;config/th04_function_boundaries.csv,"Target Ghidra, pinned TASM, TLINK publics, and raw decoding agree on three contiguous FAR functions: end_game_good 0x2B bytes, end_game_bad 0x2B, and end_extra 0x26. One natural C++ producer reproduces all 124 bytes exactly in focused and 137-owner aggregate cold replays; reviewed MAIN becomes 251/253 functions exact.",2026-09-08
th04-main-inline-reference-quarantine-v99,hazard,th04-main,Do not promote raw-identical candidate C++ that depends on inline machine-shape tricks,observed,ev-th04-main-function-screen-end-v99,_reference/ReC98/th04/main/checkerb.cpp;_reference/ReC98/th03/math/vector.cpp;_reference/ReC98/th04/main/item/splash_u.cpp;_reference/ReC98/th04/main/stage/stages.cpp,"Re-screening candidate-C++ frontiers found checkerboard, cross-game vector, item_splashes_init, and carpet_lighting_put_new implementations that rely on inline asm and/or #pragma codestring for target instruction forms. Their similarity is routing evidence only; they remain reconstruction work until an allowed natural source or justified original-style ASM ownership is proved.",2026-09-08
th04-main-ghidra-missed-circle-locals-v99,fact,th04-main,CIRCLE_TEXT retains target-backed boundaries missing from Ghidra,observed,ev-th04-main-function-screen-end-v99,config/th04_function_boundaries.csv;_reference/ReC98/th04/math/randring.inc;_reference/ReC98/th04/main/null.asm,"Ghidra has no entries at randring1_next16 0x1BC70, randring1_next16_mod 0x1BC94, NULLFUNC_NEAR 0x1BCAE, or NULLFUNC_FAR 0x1BCB0. TASM/MAP retain them as candidates. Do not treat Ghidra inventory as exhaustive; exact natural ownership still requires careful CIRCLE_TEXT producer reconstruction rather than copying TASM macros.",2026-09-08
th04-main-end-map-v100,fact,th04-main,END_TEXT map loader/free suffix is exact from target-first pure C++,observed,ev-th04-main-end-map-boundary-v100;ev-th04-main-end-map-aggregate-v100;ev-th04-main-function-screen-map-v100,src/main/formats/map.cpp;config/th04_main_exact_units.toml;config/th04_main_authored_functions.csv,"map_load (0x1B971, 0x4A bytes) and map_free (0x1B9BB, 0x1B bytes) form the final 0x65 bytes of END_TEXT. No ReC98 C++ body exists; target TASM/Ghidra/raw semantics were expressed directly in natural C++ and matched on the first focused replay.",2026-09-08
tc4-segment-suffix-producer-v100,pattern,pc98-borland,Recover an exact segment suffix without disturbing a low-level middle producer,compiler-observed,ev-th04-main-end-map-layout-v100;ev-th04-main-end-map-aggregate-v100,config/th04_main_exact_units.toml;src/main/end/ending.cpp;src/main/formats/map.cpp,"When an authored C++ suffix follows target-derived ASM in one segment, remove only the suffix from the assembler object and link the new C++ object immediately after that assembler object. END_TEXT then tiled as endmain.cpp 0x7C + th04_main.asm 0x13C + mapend.cpp 0x65 with unchanged segment length and exact relocation order. This avoids splitting or padding the middle ASM producer.",2026-09-08
th04-main-map-fn-v100,fact,th04-main,Anonymous far pointer off_21CBA is the mutable ST0?.MAP filename pointer,observed,ev-th04-main-end-map-boundary-v100;ev-th04-main-end-map-raw-v100,src/main/formats/map.cpp;config/th04_main_exact_units.toml,"Target map_load writes resident->stage_ascii into byte 3 of the far string pointer formerly labeled off_21CBA, then opens it. The exact source transform publishes the existing four-byte pointer as _map_fn without changing data bytes; the pointed buffer remains the original ST00.MAP string.",2026-09-08
th04-main-gengetsu-fg-ghidra-truncation-v101,fact,th04-main,BOSS_FG_TEXT gengetsu_fg_render is 0x18E bytes despite a 5-byte Ghidra body,observed,ev-th04-main-gengetsu-fg-boundary-v101;ev-th04-main-function-screen-gengetsu-fg-v101,config/th04_function_boundaries.csv;config/th04_main_function_review.toml;src/main/boss/gengetsu6_fg_render.cpp,"Fresh attested Ghidra creates a function at 0x22F5F containing only ENTER 2 and PUSH SI (body_max 0x22F63). Pinned TASM keeps the PROC open through BOSS_FG_TEXT segment end, and target bytes end with LEAVE; RET at 0x230EB..0x230EC. The correct authored extent is 0x18E bytes. Never use a Ghidra sparse body span as the authored denominator when PROC/segment-end/raw-return evidence disagrees.",2026-09-08
tc4-gengetsu-fg-register-liveness-v101,pattern,pc98-borland,TC4J register liveness and pseudo-register value reuse can select exact DI/SI/AX codegen,compiler-observed,ev-th04-main-gengetsu-fg-toolchain-v101;ev-th04-main-gengetsu-fg-raw-v101,src/main/boss/gengetsu6_fg_render.cpp,"For gengetsu_fg_render, a compiler-managed register local for horizontal position combined with top fixed to _SI makes TC4J allocate horizontal position to DI and emit LEA AX,[DI+48]. Reusing _SI as the signed loop counter reproduces the target XOR/JMP/CMP/JL loop. The first wave call passes _AX because AX still contains the just-computed top value, matching the target single-byte PUSH AX instead of PUSH SI. These are C++ compiler-register expressions, not inline assembly or emitted bytes.",2026-09-08
tc4-segment-suffix-boss-fg-v101,pattern,pc98-borland,Recover a full BOSS_FG_TEXT suffix while preserving earlier target-derived ASM,compiler-observed,ev-th04-main-gengetsu-fg-layout-v101;ev-th04-main-gengetsu-fg-aggregate-v101,config/th04_main_exact_units.toml;src/main/boss/gengetsu6_fg_render.cpp,"As with END_TEXT v100, removing only the final authored function from the target-derived assembler contribution and linking a natural C++ object immediately after the assembler object preserves segment placement. BOSS_FG_TEXT remains exactly sized and ordered while the corrected 0x18E suffix becomes maintained C++.",2026-09-08
th04-main-mugetsu-gengetsu-bg-v102,fact,th04-main,BOSS_BG_TEXT Mugetsu/Gengetsu renderer is exact from target-first C++,observed,ev-th04-main-mugetsu-gengetsu-bg-boundary-v102;ev-th04-main-mugetsu-gengetsu-bg-aggregate-v102;ev-th04-main-function-screen-mugetsu-gengetsu-bg-v102,src/main/boss/mugetsu_gengetsu_bg_render.cpp;config/th04_main_authored_functions.csv;config/th04_function_boundaries.csv,"mugetsu_gengetsu_bg_render at 0x22979..0x22A09 is a complete 0x91-byte BOSS_BG_TEXT suffix. Fresh Ghidra, pinned TASM, TLINK, raw decode, focused replay, and 140-owner aggregate all agree; the function is automatically admitted by the reviewer.",2026-09-08
th04-main-backdrop-coordinate-order-v102,fact,th04-main,"Target packed Pascal arguments prove Mugetsu/Gengetsu backdrop coordinates are (32,16)",observed,ev-th04-main-mugetsu-gengetsu-bg-raw-v102;ev-th04-main-mugetsu-gengetsu-bg-toolchain-v102,src/main/boss/mugetsu_gengetsu_bg_render.cpp;_reference/ReC98/th04/main/boss/impl.hpp,"The first natural-C++ hypothesis used (16,32) based on reference naming/intuition. Target bytes for both cdg_put_noalpha_8 and boss_backdrop_render contain packed dword 0x00200010; TC4J reproduces it only from source arguments (32,16). Treat reference coordinate names as hypotheses and verify Pascal packed argument order from target bytes.",2026-09-08
th04-main-v102-focused-symbol-owner-dependency,pattern,pc98-borland,Focused exact closure must include the owner that establishes truncated Borland publics used inside a later reconstructed span,compiler-observed,ev-th04-main-mugetsu-gengetsu-bg-toolchain-v102;ev-th04-main-mugetsu-gengetsu-bg-aggregate-v102,config/th04_main_exact_units.toml,"The BOSS_BG target span differs textually between a minimal v101 closure and the aggregate because th04-main-main035-boss-tu retargets mugetsu_gengetsu_backdrop_colorfill to the TC4J-truncated public @MUGETSU_GENGETSU_BACKDROP_COLORF$QV. v102 explicitly requires that owner, making focused and aggregate scaffolds identical without relaxing hash checks.",2026-09-08
th04-main-enemies-invalidate-v103,fact,th04-main,TILE_TEXT enemies_invalidate is exact from pure C++,observed,ev-th04-main-enemies-invalidate-boundary-v103;ev-th04-main-enemies-invalidate-aggregate-v103;ev-th04-main-function-screen-enemies-invalidate-v103,src/main/enemy/enemies_invalidate.cpp;config/th04_main_exact_units.toml;config/th04_main_authored_functions.csv,"Target Ghidra, pinned TASM, TLINK and raw bytes agree on a contiguous 0x2B enemies_invalidate body at 0x1C74C..0x1C776. Natural C++ reproduces all 43 bytes in focused and 141-owner aggregate cold replay. The following 0x90 at 0x1C777 is alignment, not authored function bytes.",2026-09-08
tc4-odd-prefix-linker-alignment-v103,pattern,pc98-borland,Let TLINK restore target EVEN padding after an odd-sized natural C++ segment prefix,compiler-observed,ev-th04-main-enemies-invalidate-layout-v103;ev-th04-main-enemies-invalidate-aggregate-v103,config/th04_main_exact_units.toml;src/main/enemy/enemies_invalidate.cpp,"The original include ended with TASM EVEN after a 0x2B function. Replacing only that include with a 0x2B TC4J object and linking it before the remaining ACBP=48 TILE_TEXT assembler contribution makes TLINK start the assembler at 0x1C88, naturally preserving the target 0x90 gap at 0x1C777. Keep the gap excluded from authored bytes; do not synthesize padding in C++.",2026-09-08
tc4-enemy-invalidate-register-loop-v103,pattern,pc98-borland,Ordinary register locals can reproduce the SI/DI enemy invalidation loop,compiler-observed,ev-th04-main-enemies-invalidate-toolchain-v103;ev-th04-main-enemies-invalidate-raw-v103,src/main/enemy/enemies_invalidate.cpp,"For the TH04 enemy invalidation loop, register enemy_t* plus register int makes TC4J allocate SI and DI as in the target. A single unsigned-long store to tile_invalidate_box emits the target 32-bit immediate store, and passing enemy->pos.prev to the ordinary pascal helper yields the target two-word argument push. No inline assembly or byte emission is needed.",2026-09-08
th04-main-bb-txt-v104,fact,th04-main,MAIN_01_TEXT BB text loader/free prefix is exact from pure C++,observed,ev-th04-main-bb-txt-boundary-v104;ev-th04-main-bb-txt-aggregate-v104;ev-th04-main-function-screen-bb-txt-v104,src/main/formats/bb_txt.cpp;config/th04_main_exact_units.toml;config/th04_main_authored_functions.csv,"bb_txt_load (0x21551, 0x4A) and bb_txt_free (0x2159B, 0x1B) form a contiguous 0x65-byte prefix. Fresh Ghidra/TASM/raw agree on both bodies; first focused source matched all bytes and ordered relocations, and the 142-owner aggregate stays exact. No inline ASM/codestring/byte emission is used.",2026-09-08
tc4-file-read-far-pack-v104,pattern,pc98-borland,Natural MK_FP far-buffer expressions can reproduce target packed Pascal file_read pushes,compiler-observed,ev-th04-main-bb-txt-toolchain-v104;ev-th04-main-bb-txt-raw-v104;ev-th04-main-bb-txt-layout-v104,src/main/formats/bb_txt.cpp,"For the second TXT2.BB read, file_read(MK_FP(bb_txt_seg, BB_SIZE), BB_SIZE/2) makes TC4J/TLINK emit the target segment push plus packed dword 0x08000400 (offset 0x800, size 0x400). This preserves the target ABI naturally; no register forcing or assembly is required.",2026-09-08
th04-main-pointnums-shared-tail-v104,hazard,th04-main,pointnums_add_yellow has a shared tail and its 0x1A Ghidra body is not a closed function extent,observed,ev-th04-main-pointnums-shared-tail-v104,config/th04_function_boundaries.csv;_reference/ReC98/th04/main/pointnum/add.asm,"At runtime 0x23D90, pointnums_add_yellow executes a JMP from 0x23DA8 to shared tail 0x23DBE..0x23DF0. pointnums_add_white enters at 0x23DAA and falls into the same tail. Ghidra reports only the yellow 0x1A entry stub because overlapping function bodies conflict. Keep yellow provisional until an exact composite/shared-tail ownership model is proven; do not count 0x1A as its complete execution extent.",2026-09-08
th04-main-mugetsu-fg-v105,fact,th04-main,MAIN_01_TEXT Mugetsu foreground renderer is exact from natural C++,observed,ev-th04-main-mugetsu-fg-boundary-v105;ev-th04-main-mugetsu-fg-aggregate-v105;ev-th04-main-function-screen-mugetsu-fg-v105,src/main/boss/mugetsu_fg_render.cpp;config/th04_main_exact_units.toml;config/th04_main_authored_functions.csv,"mugetsu_fg_render at 0x215B6..0x21646 is one contiguous 0x91-byte function. Fresh Ghidra, pinned TASM, raw decode, focused replay, and 143-owner aggregate all agree. The natural source reuses the previously target-verified gengetsu_bomb_inv_render helper alias and matches without inline ASM or emitted bytes.",2026-09-09
tc4-tasm-public-externalize-v105,pattern,pc98-borland,"When moving a TASM-owned public to TC4J, change the assembler public declaration to extrn",compiler-observed,ev-th04-main-mugetsu-fg-toolchain-v105;ev-th04-main-mugetsu-fg-aggregate-v105,config/th04_main_exact_units.toml;src/main/boss/mugetsu_fg_render.cpp,"The first v105 cold build failed before byte comparison because th04_main.asm still declared public @MUGETSU_FG_RENDER$QV while the C++ object also owned that symbol. For symbols whose PUBLIC is separated from the PROC body, remove the body and replace the original assembler PUBLIC with EXTRN; do not add a second EXTRN at the old body site. This is symbol-ownership bookkeeping, not a codegen workaround.",2026-09-09
th04-main-mugetsu-damage-flash-v105,fact,th04-main,Former BSS byte_259E6 is the Mugetsu damage-flash parity counter,observed,ev-th04-main-mugetsu-fg-boundary-v105;ev-th04-main-mugetsu-fg-raw-v105,src/main/boss/mugetsu_fg_render.cpp;config/th04_main_exact_units.toml,mugetsu_fg_render increments the former anonymous BSS byte_259E6 only on damaged render frames and tests bit 0 to alternate normal and one-plane rendering. The exact transform publishes the unchanged byte as _mugetsu_damage_flash_cycle.,2026-09-09
th04-main-gengetsu-bomb-inv-render-v106,fact,th04-main,MAIN_01_TEXT Gengetsu bombing-invincibility renderer is exact from natural C++,observed,ev-th04-main-gengetsu-bomb-inv-render-boundary-v106;ev-th04-main-gengetsu-bomb-inv-render-aggregate-v106;ev-th04-main-function-screen-gengetsu-bomb-inv-render-v106,src/main/boss/gengetsu_bomb_inv_render.cpp;config/th04_main_exact_units.toml;config/th04_main_authored_functions.csv,"The former sub_11647 at 0x21647..0x21691 is a contiguous 0x4B helper used by Mugetsu/Gengetsu foreground rendering. Fresh Ghidra, TASM, raw decode, focused replay, and the 144-owner aggregate all agree. The previous semantic alias is now backed by maintained pure C++ rather than target-derived ASM.",2026-09-09
tc4-register-local-lea-v106,pattern,pc98-borland,Compiler-managed register locals can select target LEA where fixed pseudo-register expressions emit MOV+ADD,compiler-observed,ev-th04-main-gengetsu-bomb-inv-render-toolchain-v106;ev-th04-main-gengetsu-bomb-inv-render-raw-v106,src/main/boss/gengetsu_bomb_inv_render.cpp,"In the first v106 probe, fixing left directly to _SI made TC4J compute left+48 as MOV AX,SI; ADD AX,48, two bytes longer than target. Declaring left as register int while fixing top to _DI still allocates left to SI, but lets TC4J emit the target LEA AX,[SI+48]. This is ordinary compiler register allocation, not inline assembly.",2026-09-09
th04-main-main01-cpp-frontier-v106,fact,th04-main,v104-v106 remove the remaining target-derived C/C++ code contribution from MAIN_01_TEXT,observed,ev-th04-main-bb-txt-aggregate-v104;ev-th04-main-mugetsu-fg-aggregate-v105;ev-th04-main-gengetsu-bomb-inv-render-aggregate-v106,config/th04_main_exact_units.toml;src/main/formats/bb_txt.cpp;src/main/boss/mugetsu_fg_render.cpp;src/main/boss/gengetsu_bomb_inv_render.cpp,"After the v106 transform, MAIN_01_TEXT is tiled by bbtxt.cpp 0x65 + m5fg.cpp 0x91 + g6binv.cpp 0x4B, followed by a zero-byte th04_main.asm contribution and the separate 0x101 scoreupd.asm original-style ASM owner. Thus the target-derived C/C++ portion of this segment is fully naturalized without absorbing the independent ASM owner.",2026-09-09
th04-main-mugetsu-gather-prefix-v107,fact,th04-main,MAIN_033 Mugetsu gather prefix is exact from natural C++,observed,ev-th04-main-mugetsu-gather-prefix-boundary-v107;ev-th04-main-mugetsu-gather-prefix-aggregate-v107;ev-th04-main-function-screen-mugetsu-gather-prefix-v107,src/main/boss/mugetsu_prefix.cpp;config/th04_main_exact_units.toml;config/th04_main_authored_functions.csv,mugetsu_gathers_add_dual at 0x2802F and mugetsu_gather_intro at 0x28044 form one 0x8C TC86 producer. Focused and 145-owner aggregate replay are raw/map/ordered-relocation exact on the first real C++ source; no inline ASM/codestring/byte emission is used.,2026-09-09
th04-main-mugetsu-gather-ghidra-truncation-v107,hazard,th04-main,mugetsu_gather_intro is 0x77 bytes despite a 0x11 Ghidra body,observed,ev-th04-main-mugetsu-gather-prefix-boundary-v107;ev-th04-main-function-screen-mugetsu-gather-prefix-v107,config/th04_function_boundaries.csv;config/th04_main_function_review.toml;_reference/ReC98/th04_main.asm,"Fresh Ghidra stops at 0x28054, but pinned TASM/raw decode continue through RET at 0x280AA. The trailing compare table 0x280AB..0x280B2 contains 0x20/0x22/0x24/0x30, and the jump table 0x280B3..0x280BA targets 0x2806B/0x28090/0x2808B/0x28097. Reviewer verifies every target is an instruction start and the tables completely fill the 0x77 extent.",2026-09-09
tc4-sparse-switch-shape-reuse-v107,pattern,pc98-borland,Target-verified sparse-switch C++ shape can reproduce TC86 compare-plus-jump tables across boss families,compiler-observed,ev-th04-main-mugetsu-gather-prefix-toolchain-v107;ev-th04-main-mugetsu-gather-prefix-raw-v107,src/main/boss/mugetsu_prefix.cpp;src/main/boss/gengetsu6_prefix.cpp,The natural switch/goto shape already exact for the Gengetsu gather prefix also emits the Mugetsu target compare loop and contiguous value/jump tables when supplied target-verified case values and control flow. Reuse the source shape only as a compiler hypothesis; constants and semantics must still come from the target.,2026-09-09
th04-main-mugetsu-anchor-semantics-v107,fact,th04-main,Former word_231F2 and point_259EA are Mugetsu gather timing offset and anchor state,observed,ev-th04-main-mugetsu-gather-prefix-boundary-v107;ev-th04-main-mugetsu-gather-prefix-raw-v107,src/main/boss/mugetsu_prefix.cpp;config/th04_main_exact_units.toml,"Adjacent Mugetsu phases set the former word_231F2 to 0x10, 0, or -0x50 before the gather-intro switch, while point_259EA is repeatedly saved from/restored to boss position and used as the gather center anchor. Exact transforms publish the unchanged storage as _mugetsu_gather_frame_offset and _mugetsu_anchor.",2026-09-09
th04-main-mugetsu-transition-a-v108,fact,th04-main,MAIN_033 Mugetsu phase-state callback at 0x280BB is exact from natural C++,observed,ev-th04-main-mugetsu-transition-a-boundary-v108;ev-th04-main-mugetsu-transition-a-aggregate-v108;ev-th04-main-function-screen-mugetsu-transition-a-v108,src/main/boss/mugetsu_180bb.cpp;config/th04_main_exact_units.toml;config/th04_main_authored_functions.csv,"Fresh Ghidra has no function at 0x280BB. Pinned TASM/raw close a 0x6F near callback through RET at 0x28129, the TC4J object contributes exactly 0x6F bytes, and the 146-owner aggregate remains exact. Two target stores at 0x28748 and 0x2880C encode near offset 0x462B into fp_259E8.",2026-09-09
th04-main-ghidra-missed-callback-v108,hazard,th04-main,Ghidra can miss callback-only functions whose entry is stored through a function pointer,observed,ev-th04-main-mugetsu-transition-a-boundary-v108;ev-th04-main-function-screen-mugetsu-transition-a-v108,config/th04_function_boundaries.csv;_reference/ReC98/th04_main.asm,"mugetsu_180BB is never created as a Ghidra function even though TASM defines a PROC, raw decode closes at the next PROC, and two target immediates resolve to its segment offset. Preserve TASM/MAP/pointer-store candidates when screening zero-entry Ghidra regions.",2026-09-09
tc4-shared-return-goto-v108,pattern,pc98-borland,Ordinary C++ goto labels can reproduce TC4J shared return sinks when early returns change branch layout,compiler-observed,ev-th04-main-mugetsu-transition-a-toolchain-v108;ev-th04-main-mugetsu-transition-a-raw-v108,src/main/boss/mugetsu_180bb.cpp,"The first natural v108 source used early returns and was five bytes longer because TC4J duplicated/relocated the return-0 path. Expressing the target CFG with ordinary goto labels for sprite_129, after_transition, and ret0 produces the exact branch layout without inline assembly or byte emission.",2026-09-09
th04-main-mugetsu-phase-callback-state-v108,fact,th04-main,fp_259E8 callbacks return an AL state code consumed as 0/1/2/3 phase events,observed,ev-th04-main-mugetsu-transition-a-boundary-v108,_reference/ReC98/th04_main.asm;src/main/boss/mugetsu_180bb.cpp,"Multiple Mugetsu callers invoke fp_259E8, clear AH, and branch on AX values 1, 2, and 3. The exact 0x280BB callback returns 0 during its setup/animation path, 1 on frame 48, 2 until frame 128, and 3 afterward.",2026-09-09
th04-main-reimu-fg-v109,fact,th04-main,BOSS_FG_TEXT Reimu foreground renderer is exact from natural C++,observed,ev-th04-main-reimu-fg-boundary-v109;ev-th04-main-reimu-fg-aggregate-v109;ev-th04-main-function-screen-reimu-fg-v109,src/main/boss/reimu_fg_render.cpp;config/th04_main_exact_units.toml;config/th04_main_authored_functions.csv,"reimu_fg_render at 0x22E93..0x22F5E is one contiguous 0xCC function. Fresh Ghidra, TASM, raw decode, focused replay, and the 147-owner aggregate all agree; the first pure-C++ source is exact without low-level byte-shape tricks.",2026-09-09
th04-main-reimu-render-aliases-v109,pattern,th04-main,Reuse existing semantic aliases before inventing new BSS names; code helpers can be published with byte-preserving labels,observed,ev-th04-main-reimu-fg-boundary-v109;ev-th04-main-reimu-fg-raw-v109,config/th04_main_exact_units.toml;src/main/boss/reimu_fg_render.cpp,"The renderer reuses the already-published _reimu_trail_visible alias for byte_2D03C from v71 rather than creating a third name. The unchanged ASM orb renderer sub_12E37 is exposed as _reimu_orbs_render through a public label at the same address, adding no code bytes.",2026-09-09
th04-main-mugetsu-dense-transition-negative-v109,hazard,th04-main,Natural C++ for Mugetsu 0x2812A/0x2821E remains four bytes nonexact after exhaustive allowed branch-shape probes,observed,ev-th04-main-mugetsu-dense-transition-negative-v109,_reference/ReC98/th04_main.asm;.analysis/reconstruction/exact-unit-replay/gptweb-v109-probe-001/receipt.json;.analysis/reconstruction/exact-unit-replay/gptweb-v109-probe-002/receipt.json,"The two callbacks total 0x1EA target bytes and each owns a dense 33-word switch table. With #pragma option -a, TC4J naturally reproduces the zero metadata bytes, tables, cases, and all other code, but canonicalizes the target CMP/JGE+JMP return gate into CMP/JL, leaving exactly two missing bytes per function. if/goto/while/for/do/boolean forms and -O- probes did not solve it. Do not repeat without a new falsifiable compiler/source hypothesis.",2026-09-09
tc4-dense-switch-align-v109,pattern,pc98-borland,TC4J #pragma option -a can naturally reproduce the one-byte alignment metadata before dense near jump tables,compiler-observed,ev-th04-main-mugetsu-dense-transition-negative-v109,src/main/boss/yuuka6_animations.cpp;config/th04_main_function_review.toml,"The abandoned Mugetsu transition probe initially omitted each target zero byte before a 33-word dense jump table. Adding #pragma option -a, matching already-exact Yuuka6 animation producers, naturally restored those bytes and table alignment. This solves table alignment only; it does not solve the separate Mugetsu branch canonicalization mismatch.",2026-09-09
th04-main-reimu-orbs-render-v110,fact,th04-main,Reimu orb renderer is exact from natural C++,observed,ev-th04-main-reimu-orbs-render-boundary-v110;ev-th04-main-reimu-orbs-render-aggregate-v110;ev-th04-main-function-screen-boss-fg-suffix-v111,src/main/boss/reimu_orbs_render.cpp;config/th04_main_exact_units.toml;config/th04_main_authored_functions.csv,"The 0x22E37..0x22E92 helper is a 92-byte 32-slot orb loop. Reusing the already-validated TH04 Reimu orb struct layout gives exact SI pointer, DI index, x/y/patnum locals, and super_roll_put code on the first focused source.",2026-09-09
th04-main-boss-fg-suffix-v111,pattern,th04-main,BOSS_FG_TEXT can be peeled from the assembler suffix into ordered natural-C++ owners,observed,ev-th04-main-items-render-aggregate-v111;ev-th04-main-reimu-orbs-render-aggregate-v110;ev-th04-main-reimu-fg-aggregate-v109;ev-th04-main-gengetsu-fg-aggregate-v101,config/th04_main_exact_units.toml;src/main/item/items_render.cpp;src/main/boss/reimu_orbs_render.cpp;src/main/boss/reimu_fg_render.cpp;src/main/boss/gengetsu6_fg_render.cpp,"After v111 the target-derived th04_main.asm contribution to BOSS_FG_TEXT is only 0x10B bytes, followed by items.cpp 0x47, r4orbf.cpp 0x5C, r4fg.cpp 0xCC, and g6fg.cpp 0x18E. Segment-suffix source owners preserve target order without manufactured padding or splitting the remaining assembler middle.",2026-09-09
tc4-es-pseudoreg-v111,pattern,pc98-borland,Borland _ES pseudo-register assignment can naturally reproduce direct VRAM segment setup,compiler-observed,ev-th04-main-items-render-toolchain-v111;ev-th04-main-items-render-raw-v111,src/main/item/items_render.cpp,"In items_render(), _ES = SEG_PLANE_B naturally emits target MOV AX,0xA800; MOV ES,AX. This stays in normal C++ pseudo-register source and avoids inline assembly for raw VRAM blitters that require ES preloaded.",2026-09-09
tc4-register-init-order-v111,pattern,pc98-borland,Register-local declaration initialization can move setup before source side effects,compiler-observed,ev-th04-main-items-render-toolchain-v111;ev-th04-main-items-render-raw-v111,src/main/item/items_render.cpp,Initializing register item/i in their declarations caused TC4J to load SI/DI before ES setup and the splash-render call. Declaring them uninitialized and assigning after those side effects preserves target order exactly. Adjust lifetime/order before reaching for lower-level techniques.,2026-09-09
th04-main-boss-fg-closed-v112,fact,th04-main,BOSS_FG_TEXT target-derived ASM contribution is fully closed,observed,ev-th04-main-bullets-render-aggregate-v112;ev-th04-main-items-render-aggregate-v111;ev-th04-main-reimu-orbs-render-aggregate-v110;ev-th04-main-reimu-fg-aggregate-v109;ev-th04-main-gengetsu-fg-aggregate-v101,config/th04_main_exact_units.toml;src/main/bullet/render.cpp;src/main/item/items_render.cpp;src/main/boss/reimu_orbs_render.cpp;src/main/boss/reimu_fg_render.cpp;src/main/boss/gengetsu6_fg_render.cpp,"The 150-owner map gives zero BOSS_FG_TEXT bytes to th04_main.asm. Exact maintained tiling is bulrend.cpp 0x10B + items.cpp 0x47 + r4orbf.cpp 0x5C + r4fg.cpp 0xCC + g6fg.cpp 0x18E, with no manufactured padding.",2026-09-09
tc4-frame-prologue-option-g-v112,pattern,pc98-borland,TC4J #pragma option -G can select explicit BP/SUB stack frames instead of ENTER,compiler-observed,ev-th04-main-bullets-render-toolchain-v112;ev-th04-main-bullets-render-raw-v112,src/main/bullet/render.cpp;src/main/bullet/update_body.inl;.analysis/reconstruction/exact-unit-replay/gptweb-v112-probe-006/receipt.json,"Without -G, v112 emitted ENTER 2,0 and was two bytes short. The same-game exact bullets_update TU already carries #pragma option -G and uses PUSH BP; MOV BP,SP; SUB SP,n. Adding -G to bullets_render reproduced the target frame while leaving the rest deterministic.",2026-09-09
tc4-ax-reuse-patnum-v112,pattern,pc98-borland,Explicit pseudo-register reuse can preserve one-load repeated comparisons,compiler-observed,ev-th04-main-bullets-render-toolchain-v112;ev-th04-main-bullets-render-raw-v112,src/main/bullet/render.cpp,"Direct bullet->patnum tests made TC4J emit three memory CMPs. Assigning _AX = bullet->patnum once and comparing _AX for the three special cloud sprites reproduces the target MOV AX,[SI+18h] followed by three CMP AX,imm instructions; later range tests intentionally reload memory as in target.",2026-09-09
tc4-dos83-overlay-v112,hazard,pc98-borland,Exact-replay overlay filenames must respect DOS 8.3 object naming,observed,ev-th04-main-bullets-render-toolchain-v112,config/th04_main_exact_units.toml;src/main/bullet/render.cpp,Using overlay name bullets_r.cpp caused TC4 DOS to emit bull~1lv.obj while Tup expected bullets_r.obj. Renaming only the replay overlay/module to bulrend.cpp/bulrend.obj restored deterministic dependency tracking. Keep DOS-side overlay basenames within 8.3 when object names are declared exactly.,2026-09-09
th04-main-tasm-proc-coverage-v112,fact,th04-main,Current TASM PROC start inventory is completely represented in the MAIN boundary ledger,observed,ev-th04-main-tasm-proc-coverage-v112,config/th04_function_boundaries.csv;.analysis/reconstruction/boundary-review/tasm/functions.csv,"Mechanical payload-offset comparison covers all 434 MAIN TASM PROC starts with zero missing ledger entries. This closes only the TASM-visible start inventory; 284 MAIN authored candidates remain unreviewed, including 83 provisional/high-risk entries and 45 with no Ghidra observation, so boundary exploration is not exhausted.",2026-09-09
th04-main-yuuka6-bg-v113,fact,th04-main,Ghidra-missed Yuuka6 BOSS_BG suffix is exact from natural C++,observed,ev-th04-main-yuuka6-bg-boundary-v113;ev-th04-main-yuuka6-bg-aggregate-v113;ev-th04-main-function-screen-yuuka6-bg-v113,src/main/boss/yuuka6_bg_render.cpp;config/th04_main_exact_units.toml;config/th04_main_authored_functions.csv,"yuuka6_bg_render at 0x228B9..0x22978 is a 0xC0 near function absent from fresh Ghidra. TASM/raw plus generated public 0AAF:7DC9, exact owner end 0x22979, and next exact public 0AAF:7E89 close the boundary; the first compilable pure-C++ source is exact.",2026-09-09
th04-main-yuuka6-bg-state-v113,fact,th04-main,byte_2CDD0 and byte_2CDD1 are Yuuka6 background state/fade bytes,observed,ev-th04-main-yuuka6-bg-boundary-v113,_reference/ReC98/th04_main.asm;src/main/boss/yuuka6_bg_render.cpp,The Yuuka6 background state machine in sub_12461 repeatedly reads/writes byte_2CDD0 as its mode/state index and byte_2CDD1 as a fade/progress byte. v113 publishes byte-preserving aliases yuuka6_bg_state and yuuka6_bg_fade and initializes both to zero during PHASE_HP_FILL.,2026-09-09
th04-main-boss-bg-suffix-v113,pattern,th04-main,BOSS_BG_TEXT can be peeled safely from its suffix with exact-owner adjacency,observed,ev-th04-main-yuuka6-bg-layout-v113;ev-th04-main-mugetsu-gengetsu-bg-aggregate-v102,config/th04_main_exact_units.toml;src/main/boss/yuuka6_bg_render.cpp;src/main/boss/mugetsu_gengetsu_bg_render.cpp,"After v113 the BOSS_BG_TEXT tail is th04_main.asm 0x73B + y6bg.cpp 0xC0 + mgbg.cpp 0x91. The new C++ owner ends exactly at the next exact public with no padding or relocation overlap, so further work should continue peeling from the remaining assembler suffix rather than splitting its middle.",2026-09-09
th04-main-tasm-proc-coverage-v113,fact,th04-main,TASM-visible MAIN function starts remain fully represented after v113,observed,ev-th04-main-tasm-proc-coverage-v113,config/th04_function_boundaries.csv;.analysis/reconstruction/boundary-review/tasm/functions.csv,"Mechanical payload-offset comparison still covers all 434 MAIN TASM PROC starts with zero missing ledger entries. v113 promotes one no-Ghidra start, leaving 283 unreviewed authored candidates and 82 provisional/high-risk rows; TASM-visible coverage is complete but boundary exploration is not exhausted.",2026-09-09
th04-main-stage-state-init-v115,fact,th04-main,MAIN_012_TEXT stage-state initializer at 0x21ECB is exact over its full 0xCB target extent,observed,ev-th04-main-stage-state-init-boundary-v115;ev-th04-main-stage-state-init-aggregate-v115;ev-th04-main-function-screen-stage-state-v115,src/main/stage_state_init.cpp;config/th04_main_exact_units.toml;config/th04_main_authored_functions.csv,"Fresh Ghidra constructs only 0x2C bytes, but pinned TASM, gap-free raw decode through RET 0x21F95, exact suffix ownership, and the exact next public at 0x21F96 prove a 0xCB function. The first focused pure-C++ source is byte/map/relocation exact and the 152-owner aggregate stays exact.",2026-09-09
th04-main-stage-state-ghidra-truncation-v115,hazard,th04-main,Ghidra can truncate long initialization functions after an early straight-line scalar-store prefix,observed,ev-th04-main-stage-state-init-boundary-v115;ev-th04-main-function-screen-stage-state-v115,config/th04_function_boundaries.csv;_reference/ReC98/th04_main.asm,"At 0x21ECB Ghidra reports only 44 bytes ending after scalar resets, omitting grc_setclip, nine zero-fill calls, and gather-template initialization. TASM PROC/segment end and raw RET prove 203 bytes. Never use a contiguous-looking early Ghidra body as a denominator without adjacent ownership/RET review.",2026-09-09
tc4-storage-block-clear-v115,pattern,pc98-borland,Opaque 32-bit storage views can express target-authored block initialization without importing conflicting legacy struct headers,compiler-observed,ev-th04-main-stage-state-init-toolchain-v115;ev-th04-main-stage-state-init-raw-v115,src/main/stage_state_init.cpp;_reference/ReC98/th04_main.asm,The target initializer calls one Pascal REP STOSD helper for nine heterogeneous storage blocks. Declaring those linker symbols as unsigned-long storage views with independently target/BSS-verified dword counts preserves the intended zero-fill ABI and avoids duplicate declarations from old headers lacking guards. This emits no machine-code arrays or target bytes.,2026-09-09
th04-main-scroll-update-negative-v114,hazard,th04-main,MAI_TEXT scroll-update suffix remains nonexact under explored allowed natural-C++ source shapes,observed,ev-th04-main-scroll-update-negative-v114,.analysis/reconstruction/exact-unit-replay/gptweb-v114-probe-004/receipt.json;.analysis/reconstruction/exact-unit-replay/gptweb-v114-probe-005/receipt.json;.analysis/reconstruction/exact-unit-replay/gptweb-v114-probe-006/receipt.json,The best allowed probe made the first half exact and preserved relocation order but remained seven bytes long: extra byte-to-word zero extension plus a separate post-subtraction compare. A combined compound-expression condition caused TC4 to load the LHS into AX and subtract AX from itself; a semantic to_pixel() local moved through BL and was worse. The candidate was rolled back.,2026-09-09
tc4-compound-result-flags-v114,pattern,pc98-borland,TC4 expression evaluation can destroy a desired AX result or force a separate flag-setting compare around compound assignment,compiler-observed,ev-th04-main-scroll-update-negative-v114,.analysis/reconstruction/exact-unit-replay/gptweb-v114-probe-002/receipt.json;.analysis/reconstruction/exact-unit-replay/gptweb-v114-probe-004/receipt.json,"For the target sequence SHR AX,4; SUB [global],AX; JNS, direct `global -= _AX` evaluated the lvalue by loading the global into AX first, while `global -= _AL` preserved the memory SUB but inserted MOV AH,0 and a later CMP [global],0. Do not assume C compound-assignment syntax preserves pseudo-register liveness or arithmetic flags.",2026-09-09
th04-main-tasm-proc-coverage-v115,fact,th04-main,TASM-visible MAIN starts remain fully represented after the v115 extent correction,observed,ev-th04-main-tasm-proc-coverage-v115,config/th04_function_boundaries.csv;.analysis/reconstruction/boundary-review/tasm/functions.csv,"Mechanical payload-offset comparison still covers all 434 MAIN TASM PROC starts with zero missing ledger entries. v115 promotes one truncated-Ghidra TASM start to exact, leaving 282 MAIN unreviewed authored candidates; TASM-visible coverage is complete but the 82 provisional/high-risk candidates show that boundary exploration is not exhausted.",2026-09-09
th04-main-elly-fg-v116,fact,th04-main,Ghidra-missed Elly foreground renderer at 0x21E12 is exact over 0xB9 bytes,observed,ev-th04-main-elly-fg-boundary-v116;ev-th04-main-elly-fg-aggregate-v116;ev-th04-main-function-screen-elly-fg-v116,src/main/boss/elly_fg_render.cpp;config/th04_main_authored_functions.csv,"Fresh Ghidra has no function at 0x21E12. TASM/raw close through RET 0x21ECA, the generated public starts at 0x21E12, and exact stage_state_init begins at 0x21ECB. Pure C++ reproduces all 185 bytes.",2026-09-09
tc4-live-ax-argument-v116,pattern,pc98-borland,A still-live AX expression can be named directly as a call argument to preserve PUSH AX instead of reloading a register local,compiler-observed,ev-th04-main-elly-fg-toolchain-v116;ev-th04-main-elly-fg-raw-v116,src/main/boss/elly_fg_render.cpp;.analysis/reconstruction/exact-unit-replay/gptweb-v116-probe-001/receipt.json,The first Elly FG source was byte-identical except target PUSH AX versus candidate PUSH DI for top. top had just been calculated in AX and copied to DI; using `_AX` for only the no-damage super_put argument makes TC4J preserve the target PUSH AX while damage/explode paths continue to use DI.,2026-09-09
th04-main-main012-suffix-v116,fact,th04-main,MAIN_012_TEXT suffix is now peeled through Elly FG and stage-state initialization,observed,ev-th04-main-elly-fg-layout-v116;ev-th04-main-stage-state-init-layout-v115,config/th04_main_exact_units.toml;src/main/boss/elly_fg_render.cpp;src/main/stage_state_init.cpp,The 153-owner map tiles MAIN_012_TEXT as th04_main.asm 0x67F + ellyfg.cpp 0xB9 + stinit.cpp 0xCB. Continue suffix peeling at sub_11DE6 rather than splitting the remaining assembler middle.,2026-09-09
th04-main-tasm-proc-coverage-v116,fact,th04-main,TASM-visible MAIN function starts remain fully represented after v116,observed,ev-th04-main-tasm-proc-coverage-v116,config/th04_function_boundaries.csv;.analysis/reconstruction/boundary-review/tasm/functions.csv,"All 434 MAIN TASM PROC starts are represented with zero missing rows. v116 consumes one no-Ghidra provisional start; 281 MAIN authored candidates remain unreviewed, including 81 provisional/high-risk and 43 with no Ghidra observation. Boundary exploration remains nonexhaustive.",2026-09-09
th04-main-shot-level-frontier-handoff-001,fact,th04-main,"Next MAIN_012_TEXT suffix candidate sub_11DE6 is a target-proved FAR 0x2C shot-level selector, but is not yet reconstructed",observed,ev-th04-main-shot-level-boundary-handoff-001,_reference/ReC98/th04_main.asm;config/th04_function_boundaries.csv;docs/RE_HANDOFF.md,"At runtime 0x21DE6..0x21E11, pinned TASM and raw decoding agree on one FAR 44-byte function. It scans 9 SHOT_LEVEL_TO_POWER thresholds with LOOP, writes shot_level, indexes playchar_shot_funcs, updates playchar_shot_func, calls hud_power_put, and RETFs. A preliminary v117 source/unit was deliberately removed before handoff because it had not undergone focused cold replay. Resume only by testing whether natural TC4 C++ can reproduce the target LOOP and NOP/PUSH-CS/CALL-near shape; do not treat this knowledge row as exact acceptance.",2026-09-09
th04-main-shots-add-source-shape-v117,fact,th04-main,MAIN_012_TEXT shots_add natural source is object-shape-ready but link-order blocked,compiler-observed,ev-th04-main-shots-add-boundary-v117;ev-th04-main-shots-add-compiler-shape-v117,src/main/player/shots_add.cpp;docs/reconstruction/main/TH04_MAIN_012_FRONTIER_V117.md,"The Ghidra-missed 0x34-byte shots_add extent is closed by TASM/raw/adjacent-entry review. Maintained natural C++ emits a valid 52-byte TC4J object whose instruction skeleton is target-identical after masking only five external data-symbol fixup words. It is source-present, not exact: unresolved shot_velocity_set and sub_11DE6 still sit after it in the monolithic MAIN_012_TEXT producer, so appending the C++ object would place it incorrectly.",2026-09-11
th04-main-sub-11de6-loop-negative-v117,negative-result,th04-main,sub_11DE6 natural TC4J LOOP generation remains unresolved,compiler-observed,ev-th04-main-sub-11de6-boundary-v117;ev-th04-main-sub-11de6-loop-codegen-negative-v117,docs/reconstruction/main/TH04_MAIN_012_FRONTIER_V117.md,"The complete 44-byte FAR boundary is target-reviewed. Under the pinned MAIN compiler profile, ordinary/register loop counters, explicit _CX, -k-, -G, and CPU-level variants do not produce the target CX=9 plus LOOP instruction. Preserve this as a real code-generation blocker and do not bridge it with inline assembly or codestrings.",2026-09-11
th04-main-shot-velocity-abi-origin-v117,open-question,th04-main,shot_velocity_set ABI and original-source language,compiler-observed,ev-th04-main-shot-velocity-boundary-v117;ev-th04-main-shot-velocity-codegen-negative-v117,docs/reconstruction/main/TH04_MAIN_012_FRONTIER_V117.md;_reference/ReC98/th04/main/player/shot_velocity.asm;_reference/ReC98/th04/main/player/shot.hpp,"Raw/TASM close a Ghidra-missed 28-byte Pascal near body ending in RET 4. Natural C++ can match size and table-copy semantics but not target MOV BX,SP before PUSH SI or XOR BH,BH; ordinary SPPoint-return forms add return shaping. Current ReC98 return type and authored-vs-original-assembly origin remain hypotheses, not accepted facts.",2026-09-11
th04-main-yuuka6-fg-source-shape-v118,fact,th04-main,MAIN_012_TEXT yuuka6_fg_render natural source is object/fixup-shape exact but link-order blocked,compiler-observed,ev-th04-main-yuuka6-fg-boundary-v118;ev-th04-main-yuuka6-fg-compiler-shape-v118;ev-th04-main-yuuka6-fg-layout-blocked-v118,src/main/boss/yuuka6_fg_render.cpp;docs/reconstruction/main/TH04_MAIN_012_YUUKA6_FG_V118.md,"The complete 0x17C-byte near callback is bounded by Ghidra/TASM/raw evidence. Natural TC4J C++ emits a 380-byte LEDATA body whose 45 mismatch runs are exactly the 45 OMF fixup sites and whose other 290 bytes match target. It is source-present only: the following unresolved MAIN_012_TEXT producer seam prevents legitimate target placement without first resolving shots_add, shot_velocity_set, and sub_11DE6.",2026-09-11
th04-main-sub-11de6-loop-crosscheck-v118,negative-result,th04-main,sub_11DE6 source-level DS threshold LOOP generation remains unresolved after exact-corpus correction,compiler-observed,ev-th04-main-sub-11de6-boundary-v117;ev-th04-main-sub-11de6-loop-codegen-negative-v117;ev-th04-main-sub-11de6-loop-crosscheck-v118,docs/reconstruction/main/TH04_MAIN_012_FRONTIER_V117.md;docs/reconstruction/main/TH04_MAIN_012_YUUKA6_FG_V118.md,"TC4J LOOP generation is now narrowly characterized rather than denied: 25 LOOP instructions across 13 current exact natural-source units are all compiler-generated CS switch-table scanners. The target sub_11DE6 instead scans the DS-resident SHOT_LEVEL_TO_POWER thresholds, and the v117 source-level loop matrix still does not emit its CX=9/LOOP form. Original assembly remains only a hypothesis.",2026-09-11
th04-main-shot-velocity-origin-crosscheck-v118,open-question,th04-main,shot_velocity_set original-source language after same-target prologue-shape survey,compiler-observed,ev-th04-main-shot-velocity-boundary-v117;ev-th04-main-shot-velocity-codegen-negative-v117;ev-th04-main-shot-velocity-origin-crosscheck-v118,docs/reconstruction/main/TH04_MAIN_012_FRONTIER_V117.md;_reference/ReC98/th04/main/player/shot_velocity.asm;docs/reconstruction/main/TH04_MAIN_012_YUUKA6_FG_V118.md,"All seven v117 natural probes already used -k-. Same-target MOV BX,SP; PUSH SI/DI peers and Borland compiler research make original-style assembly more plausible, but the peer population includes unreviewed target-derived code and cannot prove origin. Keep the 28-byte boundary closed while leaving source language unresolved.",2026-09-11
th04-main-frontier-layout-resolved-v119,fact,th04-main,MAIN_012_TEXT Yuuka6/shots physical producer seam is replayable without accepting unresolved ASM,observed,ev-th04-main-shots-add-layout-v119;ev-th04-main-yuuka6-fg-layout-v119;ev-th04-main-yuuka6-fg-aggregate-v119,scripts/replay_th04_main_exact_units.py;config/replay/th04_main012_frontier_residual.asm.in;config/th04_main_exact_units.toml,A hash-bound cold-replay scaffold extraction separates the pinned shot_velocity_set plus sub_11DE6 residual into a replay-only OMF between natural shots_add and elly_fg_render. This makes Yuuka6 foreground and shots_add link at their exact target positions while leaving both unresolved functions unaccepted and their source-origin questions open.,2026-09-11
th04-main-yuuka6-fg-exact-v119,fact,th04-main,yuuka6_fg_render is exact natural C++ after legal producer split,observed,ev-th04-main-yuuka6-fg-toolchain-v119;ev-th04-main-yuuka6-fg-raw-v119;ev-th04-main-yuuka6-fg-aggregate-v119,src/main/boss/yuuka6_fg_render.cpp;config/th04_main_exact_units.toml,"The v118 380-byte natural C++ candidate now passes focused and aggregate cold replay with exact map ownership, ten ordered MZ relocations, valid deterministic OMF, and zero raw differences. The former layout blocker is superseded, not erased from history.",2026-09-11
th04-main-shots-add-exact-v119,fact,th04-main,shots_add is exact natural C++ after hash-bound residual extraction,observed,ev-th04-main-shots-add-boundary-v119;ev-th04-main-shots-add-raw-v119;ev-th04-main-shots-add-aggregate-v119,src/main/player/shots_add.cpp;config/th04_main_exact_units.toml,The 52-byte Ghidra-missed shots_add function now has exact natural C++ map/raw ownership in focused and aggregate cold replay. The following shot_velocity_set/sub_11DE6 residual remains replay-only pinned scaffold code and gains no source-origin or exact-function credit.,2026-09-11
th04-main-yuuka6-entities-render-v120,fact,th04-main,MAIN_012_TEXT Yuuka6 chase-cross and safety-circle renderer is exact natural C++,observed,ev-th04-main-yuuka6-entities-boundary-v120;ev-th04-main-yuuka6-entities-aggregate-v120;ev-th04-main-function-screen-v120,src/main/boss/yuuka6_entities_render.cpp;config/th04_main_exact_units.toml;config/th04_main_authored_functions.csv,"The complete 0xD6 near body at load 0x11B44..0x11C19 is exact from ordinary TC4J C++. The source uses the maintained 0x1A-byte chase-cross/safety-circle layouts, naturally reuses live AX for the no-damage y argument, and emits the target register-port GRCG shutdown via _DX/_AL plus outportb. Focused and 156-owner aggregate replay close raw/map/ordered-relocation/OMF/determinism.",2026-09-11
th04-main-midboss-defeat-render-v121,fact,th04-main,MAIN_012_TEXT default midboss defeat renderer is exact natural C++,observed,ev-th04-main-midboss-defeat-boundary-v121;ev-th04-main-midboss-defeat-compiler-shape-v121;ev-th04-main-midboss-defeat-aggregate-v121;ev-th04-main-function-screen-v121,src/main/midboss/defeat_render.cpp;config/th04_main_exact_units.toml;config/th04_main_authored_functions.csv,The complete 0xAA near body at load 0x11A9A..0x11B43 is exact from natural TC4J C++. A target-owned one-byte angle remains in its original assembler data owner through a symbol alias. The only source-shape corrections were expressing the capped increment through live AL and sequencing i++ before the angle update in the for iteration expression. Focused and 157-owner aggregate replay close raw/map/ordered-relocation/OMF/determinism.,2026-09-11
th04-main-kurumi-fg-boundary-v122,fact,th04-main,Kurumi foreground renderer has a target-proved no-Ghidra 0x1D8 extent,observed,ev-th04-main-kurumi-fg-boundary-v122,config/th04_function_boundaries.csv;_reference/ReC98/th04_main.asm,"Pinned TASM, TLINK public, gap-free target decode, the exact next Orange owner, and the callback installation close 0x11793..0x1196A. Ghidra misses the real entry and invents a pseudo-function at 0x118B2 inside the displacement byte of the 0x118B0 PUSH instruction. Keep the candidate provisional/unreviewed until natural source and exact replay are proved.",2026-09-11
th04-main-orange-fg-exact-v122,fact,th04-main,MAIN_012_TEXT Orange foreground renderer is exact natural C++,observed,ev-th04-main-orange-fg-boundary-v122;ev-th04-main-orange-fg-aggregate-v122;ev-th04-main-function-screen-v122,src/main/boss/orange_fg_render.cpp;config/th04_main_exact_units.toml;config/th04_main_authored_functions.csv,The complete 0x12F near body at load 0x1196B..0x11A99 is exact from the first natural TC4J C++ source shape. Focused and 158-owner aggregate replay close raw/map/seven ordered relocations/OMF/determinism; callback installation through boss_fg_render_func explains the lack of direct Ghidra xrefs.,2026-09-11
th04-main-kurumi-fg-exact-v123,fact,th04-main,MAIN_012_TEXT Kurumi foreground renderer is exact natural C++ despite a missing true Ghidra entry,observed,ev-th04-main-kurumi-fg-boundary-v123;ev-th04-main-kurumi-fg-compiler-shape-v123;ev-th04-main-kurumi-fg-aggregate-v123;ev-th04-main-function-screen-v123,src/main/boss/kurumi_fg_render.cpp;config/th04_main_exact_units.toml;config/th04_main_authored_functions.csv,The complete 0x1D8 near body at load 0x11793..0x1196A is exact natural TC4J C++. The target uses six 0x1A-byte spawn-ray records. Rewriting the FREE-record test as an ordinary continue restores the target BX reload and exact 472-byte code skeleton. Focused and 159-owner aggregate replay close raw/map/eight ordered relocations/OMF/determinism. Ghidra misses the true entry and its 0x218B2 pseudo-function begins mid-instruction.,2026-09-11
th04-main-kurumi-spawnrays-exact-v124,fact,th04-main,MAIN_033_TEXT Kurumi spawn-ray allocator/updater cohort is exact natural C++ with replay-only residual suffix interleaving,observed,ev-th04-main-kurumi-spawnrays-boundary-v124;ev-th04-main-kurumi-spawnrays-compiler-shape-v124;ev-th04-main-kurumi-spawnrays-aggregate-v124;ev-th04-main-function-screen-v124,src/main/boss/kurumi_spawnrays.cpp;config/replay/th04_main033_kurumi_suffix.asm.in;config/th04_main_exact_units.toml;config/th04_main_authored_functions.csv,"The adjacent complete 0x65 allocator and 0xEF updater at load 0x18A14..0x18B67 are exact from one natural TC4J producer. Their target position lies inside the original monolithic MAIN_033_TEXT assembler contribution, so cold replay hash-extracts only the untouched 0x18B68..segment-end suffix into an auxiliary TASM object. The suffix receives zero reconstruction credit. Focused and 160-owner aggregate replay close raw/map/four ordered relocations/OMF/determinism.",2026-09-11
th04-main-kurumi-spawnray-phases-exact-v125,fact,th04-main,MAIN_033_TEXT first three Kurumi spawn-ray phase handlers are exact natural C++ and close a sparse Ghidra boundary,observed,ev-th04-main-kurumi-spawnray-phases-boundary-v125;ev-th04-main-kurumi-spawnray-phases-compiler-shape-v125;ev-th04-main-kurumi-spawnray-phases-aggregate-v125;ev-th04-main-function-screen-v125,src/main/boss/kurumi_spawnray_phases.cpp;config/th04_main_exact_units.toml;config/th04_main_authored_functions.csv;docs/reconstruction/main/TH04_MAIN_033_KURUMI_SPAWNRAY_PHASES_V125.md,"The contiguous 0x1D0-byte cohort at load 0x18BE6..0x18DB5 is exact natural TC4J C++. The first 0x90-byte function has the correct Ghidra min/max but Ghidra omits the ordinary 33-byte phase_frame==48 branch at 0x28BFE..0x28C1E; pinned TASM, gap-free raw decode, both MZ relocations, exact owner bytes, and the next generated public close the full boundary. Cold replay splits the prior replay-only MAIN_033 residual into a 0x18B68..0x18BE5 prefix and 0x18DB6..segment-end suffix around the natural C++ owner; neither residual receives reconstruction credit. Focused and 161-owner aggregate replay close raw/map/seven ordered relocations/OMF/determinism.",2026-09-11
th04-main-kurumi-late-phases-v126,fact,th04-main,MAIN_033 Kurumi late phase-handler cohort at load 0x18DB6..0x19059 is exact from natural C++,observed,ev-th04-main-kurumi-late-phases-boundary-v126;ev-th04-main-kurumi-late-phases-aggregate-v126;ev-th04-main-function-screen-kurumi-late-v126,src/main/boss/kurumi_late_phases.cpp;config/th04_main_exact_units.toml;config/th04_main_authored_functions.csv,"Four adjacent near handlers totaling 0x2A4 bytes are recovered as one natural TC4J producer. The first Ghidra function is sparse by 27 ordinary code bytes but manual full-span decode, pinned TASM, exact generated publics, seven ordered relocations, and focused plus 162-owner aggregate replay close the physical boundary and bytes. Replay-only residual prefix/suffix objects and semantic aliases preserve helper/storage layout without receiving reconstruction credit.",2026-09-11
th04-main-kurumi-bullet-stacks-v127,fact,th04-main,MAIN_033 Kurumi bullet-stack phase at load 0x1905A..0x1915C is exact from natural C++,observed,ev-th04-main-kurumi-bullet-stacks-boundary-v127;ev-th04-main-kurumi-bullet-stacks-compiler-shape-v127;ev-th04-main-kurumi-bullet-stacks-toolchain-v127;ev-th04-main-kurumi-bullet-stacks-omf-v127;ev-th04-main-kurumi-bullet-stacks-cold-v127;ev-th04-main-kurumi-bullet-stacks-layout-v127;ev-th04-main-kurumi-bullet-stacks-raw-v127;ev-th04-main-kurumi-bullet-stacks-aggregate-v127;ev-th04-main-function-screen-kurumi-bullet-stacks-v127,src/main/boss/kurumi_bullet_stacks.cpp;MAIN_033_TEXT 13A9:55CA;target file 0x1A85A,"Natural C++ exactly reconstructs the 259-byte Kurumi bullet-stack phase. The target-reviewed near function uses boss_statebyte[13..15] for stack count/angles, emits bilateral bullet stacks every frame after phase frame 16, and periodically emits an aimed pellet spread using the rank-selected boss_statebyte[0] interval.",2026-09-11T14:49:30Z
th04-main-kurumi-update-boundary-v127,fact,th04-main,MAIN_033 kurumi_update() physical owner is 0x1915D..0x195E3,observed,ev-th04-main-kurumi-update-boundary-v127,config/th04_function_boundaries.csv;target MAIN.EXE;v127 aggregate m33kseam.asm,"The far Kurumi dispatcher is not the 41-byte cross-linked body suggested by Ghidra. Target/TASM prove 0x466 executable bytes ending in RETF, followed by one alignment byte and three compiler jump tables totaling 16 entries; the complete 0x487-byte authored owner ends immediately before orange_195E4. This is boundary evidence only; reconstruction and exactness remain open.",2026-09-11
th04-main-kurumi-full-producer-v128,fact,th04-main,MAIN_033 Kurumi code at load 0x18A14..0x195E3 is one exact natural TC4J physical producer,observed,ev-th04-main-kurumi-orbit-boundary-v128;ev-th04-main-kurumi-orbit-aggregate-v128;ev-th04-main-kurumi-update-boundary-v128;ev-th04-main-kurumi-update-aggregate-v128;ev-th04-main-function-screen-kurumi-full-v128,src/main/boss/kurumi_update.cpp;src/main/boss/kurumi_spawnrays.cpp;src/main/boss/kurumi_spawnray_phases.cpp;src/main/boss/kurumi_late_phases.cpp;src/main/boss/kurumi_bullet_stacks.cpp;config/th04_main_exact_units.toml,Relocation order exposed the original physical translation-unit boundary. Recombining the maintained Kurumi functions plus two natural 0x3F orbit helpers into one TC4J producer yields the exact 0xBD0 bytes from load 0x18A14 through post-RETF compiler tables at 0x195E3 and exactly reproduces all 28 ordered MZ relocations. Final focused and 165-owner aggregate double cold replay validate the same producer; replay-only MAIN_033 seam objects retain zero reconstruction credit.,2026-09-11T16:28:17Z
th04-main-pointnums-shared-tail-origin-v135,open-question,th04-main,pointnums dual-entry shared-tail source language and natural code-generation mechanism,compiler-observed,ev-th04-main-pointnums-shared-tail-v104;ev-th04-main-pointnums-shared-tail-v134;ev-th04-main-pointnums-shared-tail-v135;ev-th04-main-pointnums-codegen-negative-v135,config/th04_function_boundaries.csv;_reference/ReC98/th04/main/pointnum/add.asm;.analysis/gpt-web/th04-main-20260912-v135/pointnums-shared-tail-v135.txt,"Target-first review proves two public Pascal-near entries sharing one physical tail: yellow has two logical ranges totaling 0x4D bytes across a 0x61 span, while white is contiguous 0x47. Naive dual natural C++, BX-pseudoreg white-only, -O/-O-/-k/-k-/-G/-G-, and explicit out-of-line common-helper variants do not reproduce the delayed shared BP frame or sibling-entry layout. ReC98 reconstructed the body as ASM in a 2020 reverse-engineering commit, but that does not independently prove original ASM. Keep source language/origin unknown until a new compiler mechanism or independent original-style evidence exists.",2026-09-11
th04-main-pointnum-lifecycle-boundaries-v136,fact,th04-main,CIRCLE_TEXT point-number lifecycle/render cohort has five reviewed nonoverlapping target boundaries,observed,ev-th04-main-pointnum-lifecycle-boundary-v136,config/th04_function_boundaries.csv;target MAIN.EXE;current cold th04/main.map;_reference/ReC98/th04_main.asm,"Target raw, fresh Ghidra, TLINK publics and pinned TASM agree on five near entries at load 0xBCB2, 0xBCBE, 0xBCF4, 0xBD64 and 0xBDFE. Their bodies total 0x1B4 bytes; two one-byte NOP alignment slots are outside function ownership; no MZ relocation overlaps the containing 0x1B6 window.",2026-09-11T23:21:55Z
th04-main-pointnum-lifecycle-origin-v136,negative-result,th04-main,v136 natural TC4J lifecycle producer failure retained after v141 origin correction,compiler-observed,ev-th04-main-pointnum-lifecycle-boundary-v136;ev-th04-main-pointnum-lifecycle-codegen-v136,docs/reconstruction/main/TH04_CIRCLE_POINTNUM_LIFECYCLE_V136.md;config/evidence.csv,The v136 maintained C++ experiment reproduced lifecycle semantics and major register dataflow but TC4J inserted loop zero-tests and merged target-distinct F_REMOVE stores. v141 independent TH04/TH05 target comparison and exact symbolic-TASM replay supersede this row only as an origin question; the compiler-negative result remains durable evidence and the superseded C++ product source is removed.,2026-09-12T05:11:24Z
th04-main-pointnum-render-put-origin-v138,open-question,th04-main,CIRCLE_TEXT POINTNUMS_RENDER/@pointnum_put original source language and exact natural producer mechanism,compiler-observed,ev-th04-main-pointnum-lifecycle-boundary-v136;ev-th04-main-pointnum-render-put-boundary-v138;ev-th04-main-pointnum-put-codegen-v138-negative,config/th04_function_boundaries.csv;_reference/ReC98/th04/main/pointnum/render.asm;_reference/ReC98/th04/main/pointnum/num_put.asm;.analysis/gpt-web/th04-main-20260912-v138,"Target-first review proves contiguous 0x9A render and 0x6A put bodies with no MZ relocations. Renderer self-modifies the immediate of its own width-store instruction; put uses a frameless register ABI with PUSH AX/PUSH DX, LODSW, LOOP and XCHG CX,BX. Two natural TC4J fastcall/register probes instead require a BP frame and explicit tests/moves. ReC98 reconstructed both as ASM in reverse-engineering commits, which is hypothesis evidence only and does not independently prove original handwritten assembly. Keep source language/origin unknown pending a new compiler mechanism or independent original-style evidence.",2026-09-12
th04-main-pointnums-shared-tail-origin-v139,fact,th04-main,pointnums_add dual-entry shared-tail is original-style assembly with a separately owned TASM-EVEN post-ENDP alignment byte,observed,ev-th04-main-pointnums-shared-tail-v135;ev-th04-main-pointnums-codegen-negative-v135;ev-th04-main-pointnums-add-boundary-v139;ev-th04-main-pointnums-add-toolchain-v139;ev-th04-main-pointnums-add-raw-v139,src/main/pointnum/add.asm;docs/reconstruction/main/TH04_MAIN_032_POINTNUMS_ADD_ASM_V139.md;config/th04_function_boundaries.csv;.analysis/reconstruction/exact-unit-replay/gptweb-v139-pointnums-add-focused-align-candidate-003/receipt.json,"Independent TH04 and TH05 original-target bytes preserve the same unusual yellow/white dual-entry, common tail, and delayed BP-frame architecture, while the v134/v135 natural TC4J matrices fail to generate it. A maintainable standalone TASM source produces a 0x62-byte MAIN_032_TEXT contribution that is raw/map/relocation/OMF/determinism exact. The logical yellow body remains 0x4D bytes over a 0x61 span and white remains 0x47; the final byte at load 0x13DF1 is the post-ENDP NOP naturally emitted by the source-level TASM EVEN alignment directive and owned by the physical source unit, not either function body.",2026-09-12T03:46:30Z
th04-main-pointnum-render-put-origin-v140,fact,th04-main,CIRCLE_TEXT POINTNUMS_RENDER and @pointnum_put are exact original-style assembly rather than authored C/C++,observed,ev-th04-main-pointnum-render-origin-v140;ev-th04-main-pointnum-put-origin-v140;ev-th04-main-pointnum-render-aggregate-v140;ev-th04-main-pointnum-put-aggregate-v140,src/main/pointnum/render.asm;src/main/pointnum/put.asm;docs/reconstruction/main/TH04_CIRCLE_POINTNUM_RENDER_PUT_ASM_V140.md;config/th04_function_boundaries.csv,"TH04 POINTNUMS_RENDER owns a direct CS write into the immediate operand of its own later width-store instruction, while legal natural TC4J has no demonstrated producer for that behavior. TH04 and the independently attested TH05 original target share the complete 0x6A @pointnum_put machine skeleton modulo only the linked _sPOINTNUMS word; v138 legal TC4J fastcall/register probes fail its frameless LODSW/LOOP/XCHG shape. Maintained symbolic TASM overlays reproduce both complete TH04 extents through focused and 175-owner aggregate two-cold replay. This classifies the maintained producer as irreducible/original-style assembly without claiming recovery of historical author source text.",2026-09-12T04:36:19Z
th04-main-pointnum-lifecycle-asm-v141,fact,th04-main,CIRCLE_TEXT point-number lifecycle is one exact original-style ASM physical owner,observed,ev-th04-main-pointnum-lifecycle-origin-v141;ev-th04-main-pointnum-lifecycle-raw-v141;ev-th04-main-pointnum-lifecycle-aggregate-v141,src/main/pointnum/lifecycle.asm;docs/reconstruction/main/TH04_CIRCLE_POINTNUM_LIFECYCLE_ASM_V141.md;config/th04_main_exact_units.toml,"TH04 load 0xBCB2..0xBD63 is a 0xB2 physical symbolic-TASM owner containing POINTNUMS_INIT, pointnums_invalidate(), POINTNUMS_UPDATE, and two source-owned EVEN alignment bytes. Independent TH05 target structure plus the v136 TC4J failures support original-style ASM; focused and 176-owner candidate/final aggregate cold replay prove all TH04 owner bytes, map containment, empty relocation overlap, valid deterministic TASM OMF, and no accepted-owner regression. Logical function bodies exclude the two alignment bytes.",2026-09-12T05:11:24Z
th04-main-enemy-bullet-template-push-asm-v142,fact,th04-main,MAIN_033_TEXT enemy bullet-template copy helper is exact original-style assembly and ENEMIES_UPDATE remains exact after producer split,observed,ev-th04-main-enemy-bullet-template-push-origin-v142;ev-th04-main-enemy-bullet-template-push-aggregate-v142;ev-th04-main-enemies-update-aggregate-v142,src/main/enemy/bullet_template_push.asm;src/main/enemy/enemies_update.cpp;docs/reconstruction/main/TH04_MAIN_033_ENEMY_BULLET_TEMPLATE_PUSH_ASM_V142.md;config/th04_main_exact_units.toml,"Fresh TH04 target review closes the 27-byte Pascal-near helper at MAIN_033_TEXT 13A9:43AE. A unique independently attested TH05 target analogue preserves the same CX-first SI/DI, DS-to-ES, REP MOVSW producer order while changing template size/addressing. The v69 legal TC4J copy matrix remains negative. Maintained standalone symbolic TASM is raw/map/relocation/OMF/determinism exact, and splitting it from the adjacent natural-C++ ENEMIES_UPDATE producer preserves all 470 update bytes and ordered relocations through focused and 177-owner candidate/final aggregate replay.",2026-09-12T05:31:26Z
th04-main-shot-velocity-level-asm-v143,fact,th04-main,MAIN_012_TEXT shot_velocity_set and shot-level selector are one exact original-style ASM physical owner,observed,ev-th04-main-shot-seam-origin-v143;ev-th04-main-shot-seam-raw-v143;ev-th04-main-shot-seam-aggregate-v143,src/main/player/shot_velocity.asm;docs/reconstruction/main/TH04_MAIN_012_SHOT_VELOCITY_LEVEL_ASM_V143.md;config/th04_main_exact_units.toml,Independent TH04/TH05 original-target comparison preserves the adjacent low-level producer architecture: Pascal-near stack-peek velocity lookup followed by a CX=9 DS threshold LOOP selector with same-group FAR HUD call. Retained v117/v118 legal TC4J probes fail the TH04 source-level shapes. Maintained symbolic TASM replaces the former v119 replay-only residual and passes focused plus 178-owner candidate/final aggregate cold replay with all 0x48 bytes exact and no relocation overlap.,2026-09-12T06:24:57Z
th04-main-mugetsu-dense-transitions-v144,fact,th04-main,MAIN_033 Mugetsu dense transition callbacks are reviewed source-present authored C++ extents but remain four bytes nonexact,compiler-observed,ev-th04-main-mugetsu-1812a-boundary-v144;ev-th04-main-mugetsu-1821e-boundary-v144;ev-th04-main-mugetsu-dense-compiler-v144;ev-th04-main-mugetsu-dense-crossgame-v144;ev-th04-main-mugetsu-jump-opt-negative-v144;ev-th04-main-mugetsu-dense-transition-negative-v109;ev-th04-main-mugetsu-selector-register-negative-v144,src/main/boss/mugetsu_transitions.cpp;config/th04_function_boundaries.csv;config/th04_main_authored_functions.csv;docs/reconstruction/main/TH04_MAIN_033_MUGETSU_DENSE_TRANSITIONS_V144.md,"Target-first review closes mugetsu_1812A as a 0xF4 physical extent (0xB1 code + zero metadata + 33-word switch table) and Ghidra-missed mugetsu_1821E as 0xF6 (0xB3 + zero + 33 words). Fresh maintained natural C++ is source-present and compiles to a valid 0x1E6 TC4J CODE contribution, but its selector prelude and JL return gate are non-target; historical v109 SHA-bound source separately reached a four-byte gate-only deficit. TH02/TH03/TH05 originals lack this bounded producer signature, so original-style ASM is not independently corroborated. Keep both authored/source-present/blocked until a genuinely new compiler mechanism exists.",2026-09-12T07:44:16Z
th04-main-mugetsu-physical-tu-v145,open-question,th04-main,MAIN_033 Mugetsu callbacks likely belong to a larger TC4J physical producer beginning near load 0x1802F,compiler-observed,ev-th04-main-mugetsu-phase2-raw-v145;ev-th04-main-mugetsu-phase2-relocation-blocker-v145;ev-th04-main-mugetsu-physical-tu-routing-v145;ev-th04-main-mugetsu-transition-a-boundary-v108;ev-th04-main-mugetsu-1812a-boundary-v144;ev-th04-main-mugetsu-1821e-boundary-v144,src/main/boss/mugetsu_prefix.cpp;src/main/boss/mugetsu_180bb.cpp;src/main/boss/mugetsu_transitions.cpp;src/main/boss/mugetsu_phase2_callbacks.cpp;docs/reconstruction/main/TH04_MAIN_033_MUGETSU_PHASE2_CALLBACKS_V145.md;.analysis/gpt-web/th04-main-20260912-v145/relocation-v145.txt,v145 natural C++ for load 0x18314..0x1845D is byte/map exact in two cold builds but fails ordered relocation only. Target relocation indices 567-573 form descending sites 0x183FD..0x180A2 and indices 574-579 form 0x18787..0x1844D. Exact large TC4J controls use roughly 0x3FC LEDATA chunks with following FIXUPP; a producer beginning near the already recovered Mugetsu prefix at load 0x1802F would place 0x180A2..0x183FD in the first chunk and 0x1844D in the second. Treat this as a falsifiable physical-TU routing hypothesis and reconstruct the larger cohort rather than bypassing the relocation gate.,2026-09-12T09:15:31Z
th04-main-mugetsu-physical-tu-v146,open-question,th04-main,MAIN_033 Mugetsu 0x1802F..0x189ED strongly matches one TC4J physical producer but remains nonexact,compiler-observed,ev-th04-main-mugetsu-physical-tu-v146;ev-th04-main-mugetsu-late-compiler-v146;ev-th04-main-mugetsu-phase2-relocation-blocker-v145,src/main/boss/mugetsu_prefix.cpp;src/main/boss/mugetsu_180bb.cpp;src/main/boss/mugetsu_transitions.cpp;src/main/boss/mugetsu_phase2_callbacks.cpp;src/main/boss/mugetsu_late.cpp;.analysis/gpt-web/th04-main-20260912-v146/physical-tu-v146.txt,"Target ownership forms a contiguous 0x9BF Mugetsu region ending exactly before independent POINTNUM_DIGITS_SET. A unified natural TC4J probe emits three LEDATA/FIXUPP chunks with relocation-producing topology 7/6/1, matching target ordered MZ relocation-run cardinality. All v146 late helper and update executable fixed bytes match after masking OMF link fields. Historical TU identity is still not proved and the producer is not exact because maintained v144 dense-transition source remains nonexact; reconstruct/fix that source before any fused exact promotion.",2026-09-12T09:54:02Z
th04-main-mugetsu-main033-exact-v147,fact,th04-main,MAIN_033 Mugetsu 0x1802F..0x189ED is exactly reconstructed by one maintained PC-98 IDE physical producer,observed,ev-th04-main-mugetsu-main033-pc98-ide-v147;ev-th04-main-mugetsu-dense-raw-v147;ev-th04-main-mugetsu-phase2-raw-v147;ev-th04-main-mugetsu-late-raw-v147;ev-th04-main-mugetsu-dense-aggregate-v147;ev-th04-main-mugetsu-phase2-aggregate-v147;ev-th04-main-mugetsu-late-aggregate-v147;ev-th04-main-mugetsu-dense-aggregate-final-v147;ev-th04-main-mugetsu-phase2-aggregate-final-v147;ev-th04-main-mugetsu-late-aggregate-final-v147,src/main/boss/mugetsu_main033.cpp;src/main/boss/mugetsu_prefix.cpp;src/main/boss/mugetsu_180bb.cpp;src/main/boss/mugetsu_transitions.cpp;src/main/boss/mugetsu_phase2_callbacks.cpp;src/main/boss/mugetsu_late.cpp;config/th04_main_exact_units.toml,"A source-driven original TC4J PC-98 IDE integrated-compiler prebuild fuses the maintained logical Mugetsu sources into M5A.CPP, exactly reproducing the 0x9BF MAIN_033 physical contribution, all 15 public offsets, all 14 ordered MZ relocations, and all five logical owner slices. This establishes exact maintained reconstruction and physical producer ownership under the configured Oracle set; it does not prove the historical source text or independently pristine target provenance.",2026-09-12T12:01:34Z
th04-main-boss-bg-main01-exact-v148,fact,th04-main,BOSS_BG_TEXT 0x1217E..0x12978 is recovered as one exact natural TC4J physical producer with nine newly reviewed prefix functions,observed,ev-th04-main-boss-bg-prefix-boundary-v148;ev-th04-main-yuuka6-bg-update-boundary-v148;ev-th04-main-boss-bg-raw-v148;ev-th04-main-boss-bg-aggregate-v148;ev-th04-main-boss-bg-aggregate-final-v148,src/main/boss/boss_bg_main01.cpp;src/main/boss/yuuka6_bg_render.cpp;config/th04_main_exact_units.toml,"Target-first review corrects multiple Ghidra failures in the BOSS_BG prefix, including a missing orange renderer, a 0x1C-to-0x28 Elly invalidation helper, a 4-byte-to-0x8D Reimu/Marisa renderer, and the 15-range cross-linked Yuuka6 update owner. Natural TC4J source plus the existing v113 renderer form one 0x7FB b6all.cpp producer. Focused replay and candidate/post-promotion 182-owner aggregates reproduce the 0x73B new logical owner, the adjacent v113 0xC0 owner, exact map placement, ordered relocations, and deterministic OMF. This establishes maintained exact reconstruction, not historical source text or pristine target provenance.",2026-09-12T13:38:58Z
th04-main-midboss4-exact-v149,fact,th04-main,B4M_UPDATE_TEXT Stage 4 midboss load 0x14F78..0x1554E is exactly reconstructed by one natural TC4J owner,observed,ev-th04-main-midboss4-owner-boundary-v149;ev-th04-main-midboss4-raw-v149;ev-th04-main-midboss4-layout-v149;ev-th04-main-midboss4-aggregate-v149;ev-th04-main-midboss4-aggregate-final-v149,src/main/midboss/m4_update.cpp;config/replay/th04_b4m_prefix_v149.asm.in;docs/reconstruction/main/TH04_B4M_MIDBOSS4_V149.md;config/th04_main_exact_units.toml,"Target-first review closes four Stage 4 pattern helpers and FAR midboss4_update as one 0x5D7 natural-C++ logical owner in B4M_UPDATE_TEXT. The dispatcher owns executable code through RETF plus one metadata byte and a five-value/five-jump switch tail. Hash-bound replay-only assembler restores only the preceding physical segment prefix and receives zero reconstruction credit. Focused, candidate aggregate, and post-promotion 183-owner replay prove all owner bytes, exact map placement, all ten ordered MZ relocations, and deterministic valid TC4J OMF.",2026-09-12T16:03:05Z
th04-main-midboss2-exact-v150,fact,th04-main,B4M_UPDATE_TEXT Stage 2 midboss load 0x14AF2..0x14F77 is exactly reconstructed by one natural TC4J owner,observed,ev-th04-main-midboss2-owner-boundary-v150;ev-th04-main-midboss2-raw-v150;ev-th04-main-midboss2-layout-v150;ev-th04-main-midboss2-aggregate-v150;ev-th04-main-midboss2-aggregate-final-v150;ev-th04-main-midboss2-codegen-negative-v150,src/main/midboss/m2_update.cpp;docs/reconstruction/main/TH04_B4M_MIDBOSS2_V150.md;config/th04_main_exact_units.toml,"Target-first review closes four Stage 2 pattern helpers and FAR midboss2_update as one 0x486 natural-C++ owner. The dispatcher owns executable code through RETF plus a five-value/five-jump switch tail. The immediately preceding gather_point_render remains an independent included helper. Hash-bound replay removes only the Stage 2 suffix from the v149 zero-credit prefix object, inserts m2u.cpp before exact m4u.cpp, and preserves the exact Stage 4 owner. Focused and candidate/post-promotion 184-owner replay prove all owner bytes, exact map placement, all seven ordered MZ relocations, and deterministic valid TC4J OMF.",2026-09-12T17:14:05Z
th04-main-midbossx-exact-v151,fact,th04-main,B4M_UPDATE_TEXT Stage X load 0x146AF..0x14A97 is exactly reconstructed by one natural TC4J owner,observed,ev-th04-main-midbossx-owner-boundary-v151;ev-th04-main-midbossx-raw-v151;ev-th04-main-midbossx-layout-v151;ev-th04-main-midbossx-aggregate-v151;ev-th04-main-midbossx-aggregate-final-v151;ev-th04-main-midbossx-codegen-negative-v151;ev-th04-main-midbossx-angle-negative-v151,src/main/midboss/mx_update.cpp;config/replay/th04_b4m_gather_v151.asm;scripts/replay_th04_main_exact_units.py;docs/reconstruction/main/TH04_B4M_MIDBOSSX_V151.md;config/th04_main_exact_units.toml,"Target-first review closes seven near Stage X helpers and FAR midbossx_update as one 0x3E9 natural-C++ logical owner, including two compiler switch tails. Positive nested threshold source shape and an 8-bit +0xB8 angle expression reproduce target codegen. Focused, candidate aggregate, and post-promotion 185-owner cold replay prove owner bytes/map/nine ordered relocations/deterministic OMF. Independent gather_point_render remains zero-credit replay plumbing and is now protected by a linked auxiliary-extent raw/map/relocation/OMF gate.",2026-09-12T18:29:59Z
th04-main-midboss3-exact-v152,fact,th04-main,B4M_UPDATE_TEXT Stage 3 midboss load 0x142F1..0x146AE is exactly reconstructed by one natural TC4J owner,observed,ev-th04-main-midboss3-owner-boundary-v152;ev-th04-main-midboss3-raw-v152;ev-th04-main-midboss3-layout-v152;ev-th04-main-midboss3-aggregate-v152;ev-th04-main-midboss3-prefix-reloc-negative-v152;ev-th04-main-midboss3-aggregate-final-v152,src/main/midboss/m3_update.cpp;config/th04_main_exact_units.toml,"Target-first review closes four Stage 3 pattern helpers and the cross-linked FAR midboss3_update as one 0x3BE natural-C++ owner. Focused 94-owner replay, candidate-state 186-owner aggregate, and post-promotion 186-owner aggregate prove all owner bytes, exact map placement, all seven ordered relocations, and deterministic valid TC4J OMF. The preceding shortened replay-only assembler prefix remains zero-credit and has a retained relocation-order mismatch despite raw/map equality.",2026-09-12T19:17:54Z
th04-main-midboss1-exact-v153,fact,th04-main,B4M_UPDATE_TEXT Stage 1 midboss load 0x13FB2..0x142F0 is exactly reconstructed by one natural TC4J owner,observed,ev-th04-main-midboss1-owner-boundary-v153;ev-th04-main-midboss1-raw-v153;ev-th04-main-midboss1-layout-v153;ev-th04-main-midboss1-aggregate-v153;ev-th04-main-midboss1-aggregate-final-v153,src/main/midboss/m1_update.cpp;config/th04_main_exact_units.toml;docs/reconstruction/main/TH04_B4M_MIDBOSS1_V153.md,"Target-first review closes one 0x65 Stage 1 pattern helper and the Ghidra-truncated 0x2DA FAR midboss1_update as one 0x33F natural-C++ owner. The first production-profile source probe already matches total CODE size and FAR-public offset. Focused 95-owner replay and candidate/post-promotion 187-owner aggregates prove all bytes, exact map placement, fourteen ordered relocations, and deterministic valid TC4J OMF. The former code-bearing b4mpre replay prefix is reduced to a zero-code structural anchor.",2026-09-12T20:20:02Z
th04-main-items-reviewed-blocked-v154,fact,th04-main,MAIN_035_TEXT item update physical owner load 0x1DA1B..0x1DF60 is target-reviewed and source-present but blocked by two equivalent instruction encodings,observed,ev-th04-main-items-owner-boundary-v154;ev-th04-main-items-focused-negative-v154;ev-th04-main-items-layout-v154;ev-th04-main-items-raw-negative-v154;ev-th04-main-items-compiler-negative-v154;ev-th04-main-items-pc98-ide-negative-v154;ev-th04-main-v154-default-baseline-regression,src/main/item/items_update.cpp;docs/reconstruction/main/TH04_MAIN035_ITEMS_V154.md;config/th04_main_exact_units.toml,"Target-first review closes six item routines as one 0x546 physical producer including two compiler switch tails. Current natural source is exact in map placement, fifteen ordered relocations, OMF shape, determinism, and five individual function slices, but items_update differs at two semantically equivalent SUB encodings (four bytes). No function or owner exactness is granted. Additional command-line source spellings and the source-driven PC-98 IDE compiler were tested without resolving the encoding. A separate 187-owner default aggregate excludes the blocked v154 unit and passes twice, proving the existing exact baseline is regression-free.",2026-09-12T22:23:03Z
th04-main-stage-bonus-exact-v155,fact,th04-main,MAIN_035_TEXT Stage bonus load 0x1D48E..0x1DA1A is exactly reconstructed by one natural TC4J owner,observed,ev-th04-main-stage-bonus-owner-boundary-v155;ev-th04-main-stage-bonus-artifact-tails-v155;ev-th04-main-stage-bonus-raw-v155;ev-th04-main-stage-bonus-layout-v155;ev-th04-main-stage-bonus-cold-v155;ev-th04-main-stage-bonus-aggregate-v155;ev-th04-main-stage-bonus-aggregate-final-v155,src/main/stage/bonus.cpp;config/th04_main_exact_units.toml,"Target-first review corrects two truncated Ghidra function bodies, rejects two Ghidra-only internal-tail entries as false function starts, and closes six real Stage bonus functions as one 0x58D natural-C++ physical producer. Focused and candidate-state aggregate replay prove raw bytes, exact map placement, all 26 ordered relocations, and deterministic valid TC4J OMF. Post-promotion 188-owner aggregate passes twice as well.",2026-09-12T23:39:28Z
th04-main-boss-explosions-exact-v156,fact,th04-main,B4M_UPDATE_TEXT explosion producer load 0x15C6D..0x15D73 is exactly reconstructed by one natural TC4J owner,observed,ev-th04-main-explosions-owner-boundary-v156;ev-th04-main-explode-small-boundary-v156;ev-th04-main-explode-big-boundary-v156;ev-th04-main-explosions-raw-v156;ev-th04-main-explosions-layout-v156;ev-th04-main-explosions-cold-v156;ev-th04-main-explosions-aggregate-v156;ev-th04-main-explosions-aggregate-final-v156,src/main/boss/explosion_add.cpp;config/th04_main_exact_units.toml;docs/reconstruction/main/TH04_B4M_EXPLOSIONS_V156.md,"Target-first review closes FAR explosions_small_reset plus Pascal-near boss_explode_small/big as one 0x107 natural-C++ producer. Small and big each own a four-word compiler jump table after RET 2; all eight table targets are instruction starts. Focused 97-owner replay and candidate/post-promotion 189-owner aggregates prove all bytes, exact map placement, both ordered relocations, and deterministic valid TC4J OMF.",2026-09-13T01:13:24Z
th04-main-yuuka5-first4-exact-v157,fact,th04-main,B4M_UPDATE_TEXT Yuuka5 first-four helper cohort at load 0x15ECE..0x162A2 is exactly reconstructed by one natural TC4J owner,observed,ev-th04-main-yuuka5-owner-boundary-v157;ev-th04-main-yuuka5-internal-15f56-v157;ev-th04-main-yuuka5-internal-15f8f-v157;ev-th04-main-yuuka5-raw-v157;ev-th04-main-yuuka5-layout-v157;ev-th04-main-yuuka5-cold-v157;ev-th04-main-yuuka5-aggregate-v157;ev-th04-main-yuuka5-aggregate-final-v157,src/main/boss/yuuka5_patterns.cpp;config/th04_main_exact_units.toml;docs/reconstruction/main/TH04_B4M_YUUKA5_FIRST4_V157.md,"Target-first review closes four contiguous near helpers as a 0x3D5 natural-C++ producer. Ghidra-only entries at load 0x15F56 and 0x15F8F are excluded internal blocks; the former apparent xref originates from data in the exact Mugetsu dense jump table. The final gather helper owns its RET-following compiler switch metadata. Focused 98-owner replay and candidate/post-promotion 190-owner aggregates reproduce all bytes, exact map placement, six ordered relocations, and deterministic valid TC4J OMF.",2026-09-14T01:31:42Z
th04-main-yuuka5-tail-exact-v158,fact,th04-main,B4M_UPDATE_TEXT Yuuka5 tail load 0x162A3..0x16A19 is exactly reconstructed and joins the v157 prefix in one fused 0xB4C TC4J producer,observed,ev-th04-main-yuuka5-physical-owner-v158;ev-th04-main-yuuka5-tail-owner-v158;ev-th04-main-yuuka5-laser-boundary-v158;ev-th04-main-yuuka5-update-boundary-v158;ev-th04-main-yuuka5-tail-raw-v158;ev-th04-main-yuuka5-tail-layout-v158;ev-th04-main-yuuka5-tail-cold-v158;ev-th04-main-yuuka5-tail-aggregate-v158;ev-th04-main-yuuka5-tail-aggregate-final-v158,src/main/boss/yuuka5.cpp;src/main/boss/yuuka5_tail.cpp;config/th04_main_exact_units.toml;docs/reconstruction/main/TH04_B4M_YUUKA5_TAIL_V158.md,Target-first review closes four near helpers and the FAR Yuuka5 dispatcher including all RET-following compiler tables. Exact public offsets and contiguous target relocation indices 380..396 prove the previous v157 prefix and v158 tail are one physical TC4J producer. Focused 99-owner replay plus candidate and post-promotion 191-owner aggregates reproduce the full fused producer while exact credit adds only the non-overlapping 0x777 tail.,2026-09-14T02:31:33Z
th04-main-marisa-phase-exact-v159,fact,th04-main,B4M_UPDATE_TEXT Marisa phase-entry/movement residual load 0x16A1A..0x16B84 is exactly reconstructed by natural TC4J source,observed,ev-th04-main-marisa-phase-entry-boundary-v159;ev-th04-main-marisa-phase-move-boundary-v159;ev-th04-main-marisa-phase-owner-boundary-v159;ev-th04-main-marisa-phase-codegen-negative-001-v159;ev-th04-main-marisa-phase-codegen-negative-002-v159;ev-th04-main-marisa-phase-raw-v159;ev-th04-main-marisa-phase-layout-v159;ev-th04-main-marisa-phase-cold-v159;ev-th04-main-marisa-phase-aggregate-v159;ev-th04-main-marisa-phase-aggregate-final-v159,src/main/boss/marisa4_phase.cpp;config/th04_main_exact_units.toml;docs/reconstruction/main/TH04_B4M_MARISA_PHASE_V159.md,"Target-first review expands Ghidra-truncated marisa_phase_entry from 3 bytes to the TASM/raw 0xCF extent, validates contiguous 0x9C marisa_phase_move through the exact next-owner seam, and reconstructs the complete 0x16B residual in natural C++. Direct-store and SI-temporary failed probes retain compiler-shape evidence; nested conditional expressions naturally emit the target AX/common-store codegen.",2026-09-14T03:13:15Z
th04-main-bullet-u-ghidra-alias-v160,fact,th04-main,"BULLET_U_TEXT Ghidra-only loads 0x1C99C, 0x1C9DA, and 0x1CA2E are excluded false function starts",observed,ev-th04-main-bullet-u-alias-1c99c-v160;ev-th04-main-bullet-u-internal-1c9da-v160;ev-th04-main-bullet-u-alias-1ca2e-v160;ev-th04-main-ghidra-only-no-public-audit-v160,config/th04_function_boundaries.csv;src/main/bullet/render.cpp;src/main/bullet/update_body.inl;docs/reconstruction/main/TH04_BULLET_U_GHIDRA_ALIAS_V160.md,Two entries are synthetic-segment near-call aliases of the real MAIN_01 TILE_TEXT pellet renderer PROCs at loads 0xC99C and 0xCA2E. The middle entry is an internal bullets_update block reached by target JC/JMP; Ghidra misclassifies the JMP xref as a call. All three lie inside the already exact bullets_update byte owner but none is a separate authored function boundary. This closes the current MAIN provisional Ghidra-only/no-public/no-PROC candidate class without adding exactness credit.,2026-09-14T03:38:37Z
th04-main-pellet-render-asm-v161,fact,th04-main,TILE_TEXT pellet top/bottom renderers are one exact original-style ASM physical owner,observed,ev-th04-main-pellet-render-origin-v161;ev-th04-main-pellet-render-crossgame-v161;ev-th04-main-pellet-render-tc4j-negative-v161;ev-th04-main-pellet-render-raw-v161;ev-th04-main-pellet-render-aggregate-candidate-v161;ev-th04-main-pellet-render-aggregate-final-v161,src/main/bullet/pellet_render.asm;docs/reconstruction/main/TH04_TILE_PELLET_RENDER_ASM_V161.md;config/th04_main_exact_units.toml,"Target-first review closes pellets_render_top() at load 0xC99C..0xCA2C and pellets_render_bottom() at 0xCA2E..0xCA97, with the inter-function 0xCA2D TASM EVEN byte owned only by the 0xFC physical source. Independently attested TH05 preserves both low-level MOVSB/MOVSW/LOOP/wrap architectures modulo linked data words, while legal TC4J probes do not produce this shape without forbidden inline assembly. Maintained symbolic TASM passes focused and candidate/post-promotion aggregate cold replay exactly.",2026-09-14T04:00:00Z
th04-main-bullets-gather-invalidate-asm-v162,fact,th04-main,TILE_TEXT bullets_and_gather_invalidate() is an exact original-style symbolic-TASM owner at load 0xCA98..0xCB2D,observed,ev-th04-main-bullets-gather-boundary-v162;ev-th04-main-bullets-gather-crossgame-v162;ev-th04-main-bullets-gather-tc4j-negative-v162;ev-th04-main-bullets-gather-origin-v162;ev-th04-main-bullets-gather-raw-v162;ev-th04-main-bullets-gather-layout-v162;ev-th04-main-bullets-gather-cold-v162;ev-th04-main-bullets-gather-aggregate-candidate-v162;ev-th04-main-bullets-gather-aggregate-final-v162,src/main/bullet/invalidate.asm;docs/reconstruction/main/TH04_TILE_BULLET_GATHER_INVALIDATE_ASM_V162.md,"TH04/TH05 original targets preserve the low-level SI/DI invalidation architecture and packed dword memory shifts. Legal TC4J C++ reaches the loop/register shape but expands the two direct memory shifts, producing 161 versus 149 function bytes. Maintained symbolic TASM plus source-owned EVEN replays all 150 physical bytes exactly.",2026-09-14T04:44:00Z
th04-main-midboss3x-render-exact-v163,fact,th04-main,TILE_TEXT Stage 3 / Stage X midboss renderers are exact natural C++ in two separate physical objects,observed,ev-th04-main-midboss3-render-boundary-v163;ev-th04-main-midbossx-render-boundary-v163;ev-th04-main-midboss3x-tu-shape-negative-v163;ev-th04-main-midboss3-render-raw-v163;ev-th04-main-midbossx-render-raw-v163;ev-th04-main-midboss3-render-aggregate-final-v163;ev-th04-main-midbossx-render-aggregate-final-v163,src/main/midboss/m3_render.cpp;src/main/midboss/mx_render.cpp;config/th04_main_exact_units.toml;docs/reconstruction/main/TH04_TILE_MIDBOSS3X_RENDER_V163.md,"The two target bodies total 0x116 bytes, and a combined TC4J translation unit can reproduce that size, but its MZ relocation order is wrong. Separate 0xC5 Stage 3 and 0x51 Stage X natural-C++ objects restore target relocation order [0xC93F,0xC92D,0xC997]. Focused 117-owner and candidate/post-promotion 196-owner cold replay prove both owners exactly while the independent 0xC99B zero seam and v161/v162 ASM suffix remain separate layout ownership.",2026-09-14T05:49:31Z
th04-main-midboss1-render-exact-v164,fact,th04-main,TILE_TEXT Stage 1 midboss renderer is one exact natural-C++ physical object,observed,ev-th04-main-midboss1-render-boundary-v164;ev-th04-main-midboss1-render-codegen-v164;ev-th04-main-midboss1-render-linkprobe-v164;ev-th04-main-midboss1-render-raw-v164;ev-th04-main-midboss1-render-layout-v164;ev-th04-main-midboss1-render-aggregate-candidate-v164;ev-th04-main-midboss1-render-aggregate-final-v164;ev-th04-main-midboss1-render-function-review-v164,src/main/midboss/m1_render.cpp;config/th04_main_exact_units.toml;config/th04_main_authored_functions.csv,"Fresh target review closes midboss1_render() at TILE_TEXT 0AAF:1C88, load 0xC778..0xC884. Natural TC4J emits exactly 0x10D bytes; before linking, all non-fixup object bytes already match target. Focused 118-owner and candidate/post-promotion 197-owner cold replay prove raw bytes, exact map ownership, ordered relocations [0xC86E,0xC853,0xC821,0xC7E1,0xC7C7], and deterministic valid OMF. The owner is a standalone physical object immediately before exact v163 Stage 3.",2026-09-14T06:42:07Z
th04-main-demo-internal-boundaries-v165,fact,th04-main,DEMO_TEXT internal gameplay/session helpers at load 0xAB88..0xB1CF are three reviewed authored functions with corrected target extents,observed,ev-th04-main-gameplay-loop-boundary-v165;ev-th04-main-gameplay-session-init-boundary-v165;ev-th04-main-stage-session-init-boundary-v165;ev-th04-main-gameplay-loop-compiler-negative-v165;ev-th04-main-gameplay-session-init-compiler-negative-v165;ev-th04-main-gameplay-session-init-align-negative-v165;ev-th04-main-demo-internal-function-review-v165,src/main/core/gameplay_loop.cpp;src/main/core/gameplay_session_init.cpp;config/th04_main_function_review.toml;config/th04_main_authored_functions.csv;docs/reconstruction/main/TH04_DEMO_INTERNAL_BOUNDARIES_V165.md,"Target-first review rejects Ghidra cross-link extents for gameplay_session_init and stage_session_init. The true physical functions are gameplay_loop 0x17B at load 0xAB88, gameplay_session_init 0x1CD at 0xAD03 including one zero metadata byte plus five jump words, and stage_session_init 0x300 at 0xAED0 including seven jump words. Target near CALLs anchor all three. Maintained natural C++ exists for the first two but production TC4J remains nonexact at 370/379 and 460/461 bytes respectively; #pragma option -a does not recover the AD03 metadata byte. stage_session_init remains source-unknown. No exact replay or exactness credit is claimed.",2026-09-14T08:13:57Z
th04-main-demo-session-relocation-order-blocker-v166,negative-result,th04-main,DEMO_TEXT session/pause ordered MZ relocation topology,compiler-observed,ev-th04-main-demo-session-focused-negative-v166;ev-th04-main-demo-session-reloc-order-negative-v166;ev-th04-main-demo-session-producer-negative-v166;ev-th04-main-demo-session-header-order-negative-v166,src/main/stage/session_init.cpp;config/th04_main_exact_units.toml;docs/RE_HANDOFF.md,"Natural TC86 C++ reproduces every byte and map position across DEMO_TEXT load 0xAED0..0xB3ED, with valid deterministic OMF, but ordered MZ relocations differ at exactly one site: the segment word at load 0xB2DA for pause() far call to input_reset_sense() is first in target overlap order and last in the candidate. Folding adjacent exact demo.cpp into the physical producer and moving input.h to alter EXTDEF/FIXUPP metadata both leave the final TLINK order unchanged. Do not retry source/header spelling or adjacent-demo fusion without a new OMF/link-history mechanism.",2026-09-14
th04-main-yuuka5-fg-exact-v167,fact,th04-main,MAIN_TEXT Yuuka5 foreground callback renderer is exact natural C++,observed,ev-th04-main-yuuka5-fg-boundary-v167;ev-th04-main-yuuka5-fg-compiler-shape-v167;ev-th04-main-yuuka5-fg-cold-v167;ev-th04-main-yuuka5-fg-layout-v167;ev-th04-main-yuuka5-fg-raw-v167;ev-th04-main-yuuka5-fg-aggregate-candidate-v167;ev-th04-main-yuuka5-fg-function-review-v167;ev-th04-main-yuuka5-fg-aggregate-final-v167,src/main/boss/yuuka5_fg_render.cpp;config/replay/th04_main_yuuka5_tail_v167.asm.in;config/th04_main_exact_units.toml,"Fresh target review closes the 0x1CC near callback at MAIN_TEXT 0AAF:3DB3 / load 0xE8A3..0xEA6E. Compiler-managed register locals reproduce the target LEA/short-branch shape exactly. Focused and candidate/post-promotion aggregate replay prove all raw bytes, 12 ordered relocations, exact map ownership and deterministic valid OMF. The following 0x1B historical main.obj tail remains separate zero-credit replay plumbing with its own exact auxiliary gate.",2026-09-14T13:24:40Z
th04-main-thicklasers-render-source-v168,fact,th04-main,MAIN_TEXT thicklasers_render natural source and physical-owner blocker,observed,ev-th04-main-thicklasers-render-boundary-v168;ev-th04-main-thicklasers-render-prologue-negative-v168;ev-th04-main-thicklasers-render-codegen-v168;ev-th04-main-thicklasers-cold-v169;ev-th04-main-thicklasers-layout-v169;ev-th04-main-thicklasers-raw-v169;ev-th04-main-gameover-aggregate-candidate-v169;ev-th04-main-gameover-function-review-v169;ev-th04-main-thicklasers-aggregate-final-v169,src/main/bullet/thicklaser_render.cpp;compat/rec98/th04/main/bullet/laser_t.hpp;config/th04_main_function_review.toml,"Target-first review closes the 0x19E renderer at load 0xE2C3. Natural TC4J with the accepted #pragma option -G frame shape is exact at target link position after v169 reconstructs the following MAIN_TEXT physical split. Focused, candidate-state aggregate, and post-promotion aggregate cold replay prove all 414 raw bytes, exact MAP placement, all 13 ordered relocations, and deterministic valid OMF. The former physical-layout blocker is closed rather than bypassed.",2026-09-14T18:41:09Z
th04-main-gameover-cohort-source-v169,fact,th04-main,MAIN_TEXT load 0xE461..0xE8A2 is a six-function natural TC4J game-over/continue producer candidate,observed,ev-th04-main-gameover-cohort-boundary-v169;ev-th04-main-gameover-cohort-codegen-v169;ev-th04-main-gameover-toolchain-v169;ev-th04-main-gameover-ui-omf-v169;ev-th04-main-gameover-ui-cold-v169;ev-th04-main-gameover-ui-layout-v169;ev-th04-main-gameover-ui-raw-v169;ev-th04-main-gameexecl-omf-v169;ev-th04-main-gameexecl-cold-v169;ev-th04-main-gameexecl-layout-v169;ev-th04-main-gameexecl-raw-v169;ev-th04-main-gameover-aggregate-candidate-v169;ev-th04-main-gameover-function-review-v169;ev-th04-main-gameover-ui-boundary-v169;ev-th04-main-gameexecl-boundary-v169;ev-th04-main-gameover-ui-aggregate-final-v169;ev-th04-main-gameexecl-aggregate-final-v169,src/main/core/gameover.cpp;src/main/core/gameexecl.cpp;config/th04_main_exact_units.toml,"Target-first review closes six contiguous MAIN_TEXT functions at load 0xE461..0xE8A2. Relocation ordering proves two natural TC4J physical producers: five near game-over/continue/score-save functions in gmov5.cpp (0x39C, 29 ordered relocations) followed by FAR GameExecl in gmexe.cpp (0xA6, 9 ordered relocations). Focused, candidate-state aggregate, and post-promotion 201-owner cold replay are raw/MAP/relocation/OMF exact. Blank strings and the maine binary name remain aliases to the historical assembler data owner and receive no new data-ownership credit.",2026-09-14T18:41:09Z
th04-main-reimu-b-l5-l9-exact-v170,fact,th04-main,MAIN__TEXT Reimu B-shot levels 5-9 are one exact 0x412 natural-C++ physical producer with five post-RET compiler switch tables,observed,ev-th04-main-reimu-b-l5-l9-boundary-v170;ev-th04-main-reimu-b-functions-boundary-v170;ev-th04-main-reimu-b-l5-l9-raw-v170;ev-th04-main-reimu-b-l5-l9-aggregate-candidate-v170;ev-th04-main-reimu-b-function-review-v170;ev-th04-main-reimu-b-l5-l9-aggregate-final-v170,src/main/player/reimu_shot_b.cpp;config/replay/th04_main01_reimu_b_suffix_v170.asm.in;config/th04_main_exact_units.toml;docs/reconstruction/main/TH04_MAIN_REIMU_B_L5_L9_V170.md,"Target-first review closes load 0xFB22..0xFF33 as one TC4J producer. Logical bodies are 0xC6/0xC6/0xC6/0xC6/0xCE bytes; their 0x08/0x08/0x08/0x08/0x0C post-RET jump tables are exact physical-owner data but not function-body credit. Fresh Ghidra grossly cross-links l5 and misses l6-l9. Focused 123-owner and candidate/post-promotion 202-owner cold replay prove all 0x412 raw bytes, exact map placement, empty relocation overlap, deterministic OMF, and five exact logical boundaries.",2026-09-14T21:11:15Z
th04-main-reimu-b-split-negative-v170,negative-result,th04-main,MAIN__TEXT Reimu B-shot split requires byte-aligned zero-length replay segments and descending source case order,compiler-observed,ev-th04-main-reimu-b-split-layout-negative-v170,config/replay/th04_main01_reimu_b_suffix_v170.asm.in;src/main/player/reimu_shot_b.cpp;docs/reconstruction/main/TH04_MAIN_REIMU_B_L5_L9_V170.md,"A fully linked split-005 diagnostic failed because zero-length word-aligned suffix SEGDEFs inserted linker padding into later MAIN_01 segments and because TC4J emitted switch blocks in source order. The exact solution keeps only the byte-bearing MAIN__TEXT contribution at its real alignment, makes replay-only zero-length declarations byte-aligned, and writes switch cases in the target descending physical order. This is a linker/compiler mechanism result, not permission to add padding or target bytes.",2026-09-14T21:11:15Z
th04-main-reimu-shots-exact-v171,fact,th04-main,MAIN__TEXT load 0xF33C..0xFF33 is one exact natural-C++ Reimu shot physical producer,observed,ev-th04-main-reimu-shots-boundary-v171;ev-th04-main-reimu-shots-raw-v171;ev-th04-main-reimu-shots-layout-v171;ev-th04-main-reimu-shots-aggregate-candidate-v171;ev-th04-main-reimu-shots-functions-boundary-v171;ev-th04-main-reimu-shots-aggregate-final-v171,src/main/player/reimu_shot.cpp;compat/rec98/th04/main/homing.hpp;config/th04_main_exact_units.toml;docs/reconstruction/main/TH04_MAIN_REIMU_SHOTS_V171.md,"Target-first review expands the v170 B5-B9 subextent leftward through the static homing helper, l0/l1, A2-A9, and B2-B4. Natural TC4J emits one 0xBF8 MAIN__TEXT producer at 0AAF:484C with all 18 callback publics at target offsets, the static helper at producer start, one target-ordered MZ relocation at load 0xF355, and the five previously validated B5-B9 post-RET compiler tables. Focused plus candidate-state and post-promotion 202-owner cold replay are raw/MAP/relocation/OMF exact. The v170 0x412 owner remains historical exact subextent evidence but is excluded from current byte-denominator ownership to avoid double counting.",2026-09-14T22:40:05Z
th04-main-kurumi-carpet-seam-v174,fact,th04-main,MAIN_TEXT/STAGES_TEXT seam at load 0xEA6F..0xEAE4 has four independent physical/logical owners,observed,ev-th04-main-kurumi-backdrop-boundary-v174;ev-th04-main-kurumi-backdrop-layout-v174;ev-th04-main-kurumi-backdrop-raw-v174;ev-th04-main-kurumi-backdrop-aggregate-final-v174;ev-th04-main-carpet-lighting-boundary-v174,src/main/boss/yuuka5_fg_render.cpp;src/main/boss/kurumi_backdrop.cpp;config/replay/th04_main_yuuka5_tail_nop_v174.asm.in;src/main/stage/carpet_lighting.inl;src/main/stage/render.inl;docs/reconstruction/main/TH04_MAIN_KURUMI_CARPET_V174.md,"Target-first MAP/raw review splits the historical main.obj tail into a zero layout byte at 0xEA6F, exact natural-C++ Kurumi callback at 0xEA70..0xEA88, zero-credit NOP at 0xEA89, then the independent STAGES_TEXT carpet function at 0xEA8A..0xEAE3 before exact stage4_render at 0xEAE4. Ghidra misses the Kurumi entry; independently exact stage2_setup stores MAIN_TEXT offset 0x3F80 as the backdrop callback. Hash-bound replay auxiliaries own only the two one-byte seams.",2026-09-15T06:18:56Z
th04-main-carpet-codegen-block-v174,negative-result,th04-main,"carpet_lighting_put_new natural TC4J source remains blocked by instruction-selection shape, not boundary/layout/relocation uncertainty",observed,ev-th04-main-carpet-lighting-boundary-v174;ev-th04-main-carpet-lighting-codegen-negative-v174;ev-th04-main-carpet-lighting-focused-negative-v174;ev-th04-main-carpet-lighting-raw-negative-v174,src/main/stage/carpet_lighting.inl;.analysis/gpt-web/th04-main-20260915-v174/carpet_codegen_probe_001.cpp;docs/reconstruction/main/TH04_MAIN_KURUMI_CARPET_V174.md,"Two cold builds of maintainable natural C++ have exact STAGES_TEXT MAP placement, empty relocation overlap, valid deterministic OMF, and a deterministic 90-byte comparison slice, but raw bytes differ. Bounded legal codegen probes show TC4J naturally selects MOV AX,DS/MOV ES,AX instead of PUSH DS/POP ES, MOV AL,[SI]/INC SI instead of LODSB, ADD DI,DI instead of SHL DI,1, and DEC/test/JNZ instead of LOOP; target also uses unsigned MUL BX. Inline assembly is not accepted as a C++ exactness shortcut.",2026-09-15T06:18:56Z
th04-main-player-main0-exact-v175,fact,th04-main,MAIN_0_TEXT load 0x10988..0x10D4A is exactly reconstructed by two natural TC4J physical producers containing three reviewed functions,observed,ev-th04-main-player-update-owner-boundary-v175;ev-th04-main-player-render-boundary-v175;ev-th04-main-player-update-cold-final-v175;ev-th04-main-player-render-cold-final-v175;ev-th04-main-player-update-aggregate-final-v175;ev-th04-main-player-render-aggregate-final-v175,src/main/player/update.cpp;src/main/player/render.cpp;config/th04_main_exact_units.toml;docs/reconstruction/main/TH04_MAIN_PLAYER_MAIN0_V175.md,"Target-first review closes player_miss_update(), player_update(), and player_render() across two natural-C++ TC4J producers. Correct TLINK object order is residual th04_main.asm then pupdate.cpp then prender.cpp. Current-source focused 129-owner and post-promotion 208-owner cold replay pass raw bytes, exact MAP placement, all seven target-ordered relocations, valid deterministic OMF and dependency closure.",2026-09-15T07:20:30Z
th04-main-player-main0-order-negative-v175,negative-result,th04-main,Putting pupdate.cpp before the residual word-aligned th04_main.asm MAIN_0_TEXT declaration is not the historical physical order,observed,ev-th04-main-player-main0-order-negative-v175,config/th04_main_exact_units.toml;docs/reconstruction/main/TH04_MAIN_PLAYER_MAIN0_V175.md,"Focused candidate003 placed pupdate before residual main. The odd 0x275 producer was followed by a zero-length word-aligned MAIN_0_TEXT contribution, forcing one linker padding byte and shifting prender/HUD/later segments. Residual main -> pupdate -> prender removes the padding and restores every exact owner.",2026-09-15T07:20:30Z
th04-main-carpet-origin-crosscheck-v175,negative-result,th04-main,No independent cross-game original-target evidence currently supports reclassifying carpet_lighting_put_new as original-style assembly,observed,ev-th04-main-carpet-crossgame-origin-negative-v175;ev-th04-main-carpet-lighting-codegen-negative-v174;ev-th04-main-carpet-lighting-focused-negative-v174,.analysis/gpt-web/th04-main-20260915-v175/carpet_crossgame_origin_negative.json;src/main/stage/carpet_lighting.inl;docs/reconstruction/main/TH04_MAIN_KURUMI_CARPET_V174.md,SHA-bound scans of registered TH01-TH05 MAIN targets find the distinctive TH04 DS/ES/BX=24 prologue and CX=24/LODSB loop only in TH04 MAIN. ReC98 inline assembly is a 2023 decompilation artifact. The routine therefore remains reviewed/source-present/blocked rather than being promoted to original ASM without independent evidence.,2026-09-15T07:20:30Z
th04-main-player-invalidate-boundary-v176,fact,th04-main,player_invalidate() is a complete 0xB6 near function at MAIN__TEXT load 0x107E2..0x10897; Ghidra body_size 0x94 is an undercount,observed,ev-th04-main-player-invalidate-boundary-v176;ev-th04-main-player-invalidate-raw-v176;ev-th04-main-player-invalidate-layout-v176,src/main/player/invalidate.cpp;config/th04_function_boundaries.csv,"TLINK/TASM public 0AAF:5CF2, complete raw decode through RET, target tiles_render() CALL at load 0xCB5E, and the exact next PLAYER_M_TEXT boundary at 0x10898 close the full extent despite Ghidra constructing two ranges with only 0x94 body bytes.",2026-09-15T08:17:00Z
th04-main-player-invalidate-exact-v176,fact,th04-main,Natural TC4J exactly reconstructs the complete 0xB6 player_invalidate() owner,observed,ev-th04-main-player-invalidate-cold-v176;ev-th04-main-player-invalidate-layout-v176;ev-th04-main-player-invalidate-raw-v176;ev-th04-main-player-invalidate-aggregate-candidate-v176;ev-th04-main-player-invalidate-aggregate-final-v176,src/main/player/invalidate.cpp;config/th04_main_exact_units.toml,Two-cold focused and 209-owner candidate aggregate replay are raw/MAP/ordered-relocation/OMF exact. Same-storage drawpoint field aliases preserve the target two word-sized argument loads without allocating new storage. Post-promotion 209-owner aggregate-final replay independently closes the promoted ledger state.,2026-09-15T08:17:00Z
th04-main-player-invalidate-residual-reloc-negative-v176,negative-result,th04-main,The legacy residual m1rsuf object is raw/MAP exact after the v176 split but does not preserve historical relocation ordering across its full 0x8AE extent,observed,ev-th04-main-player-invalidate-residual-v176;ev-th04-main-player-invalidate-residual-reloc-negative-v176,.analysis/reconstruction/exact-unit-replay/gptweb-v176-player-invalidate-focused-candidate-002/receipt.json;config/th04_main_exact_units.toml,"A broad zero-credit auxiliary extent failed solely because the old target-derived residual object orders existing relocations differently from the target. This pre-existing residual property is kept separate from the new pinv owner, whose sole relocation at load 0x10837 is exact.",2026-09-15T08:17:00Z
th04-main-shots-main01-exact-v177,fact,th04-main,MAIN__TEXT load 0x1042A..0x10712 is exactly reconstructed as one natural TC4J shot producer containing five reviewed functions,observed,ev-th04-main-shots-main01-owner-boundary-v177;ev-th04-main-shots-main01-cold-v177;ev-th04-main-shots-main01-layout-v177;ev-th04-main-shots-main01-raw-v177;ev-th04-main-shots-enemy-aggregate-candidate-v177;ev-th04-main-shots-main01-aggregate-final-v177,src/main/player/shots.cpp;config/th04_main_exact_units.toml,"Natural TC4J preserves the 0x2E9 physical producer and five function boundaries. Focused 132-owner plus candidate-state and post-promotion 211-owner cold replay pass raw bytes, exact MAP placement, ordered relocations, valid deterministic OMF, and dependency closure.",2026-09-15T09:08:30Z
th04-main-shots-invalidate-boundary-v177,fact,th04-main,shots_invalidate() is a complete 0x72 near function at load 0x10444..0x104B5; Ghidra body_size 0x6C is an undercount,observed,ev-th04-main-shots-invalidate-boundary-v177;ev-th04-main-shots-main01-raw-v177,src/main/player/shots.cpp;config/th04_function_boundaries.csv,Raw decode and adjacent TASM boundaries tile all 0x72 bytes through RET despite Ghidra constructing two ranges containing only 0x6C body bytes.,2026-09-15T09:08:30Z
th04-main-enemies-render-exact-v177,fact,th04-main,Natural TC4J exactly reconstructs the independent 0xCF enemies_render() producer at load 0x10713..0x107E1,observed,ev-th04-main-enemies-render-boundary-v177;ev-th04-main-enemies-render-cold-v177;ev-th04-main-enemies-render-layout-v177;ev-th04-main-enemies-render-raw-v177;ev-th04-main-shots-enemy-aggregate-candidate-v177;ev-th04-main-enemies-render-aggregate-final-v177,src/main/enemy/enemies_render.cpp;config/th04_main_exact_units.toml,"The enemy renderer is a separate TC86 object from the preceding shot producer. Its two ordered MZ relocations reproduce exactly, the next byte begins exact v176 player_invalidate(), and the post-promotion 211-owner aggregate remains regression-free.",2026-09-15T09:08:30Z
th04-main-bomb-boundary-v178,fact,th04-main,The MAIN__TEXT bomb cohort contains nine complete authored functions across load 0xFF34..0x10429; five prior Ghidra/ledger sizes materially undercounted their bodies,observed,ev-th04-main-bomb-functions-boundary-v178;ev-th04-main-bomb-core-raw-v178;ev-th04-main-bomb-stars-raw-v178,src/main/player/bomb.cpp;src/main/player/bomb_stars.cpp;config/th04_function_boundaries.csv,"Target-first raw/TASM review corrects PLAYER_BOMB 0x4D->0x76, BB_PLAYCHAR_PUT 0x3->0x23, BOMB_REIMU 0x4->0xC6, BOMB_MARISA 0x1->0xF7, and bomb_update_and_render 0x3C->0x103. All nine functions terminate at the next adjacent function boundary.",2026-09-15T11:05:14Z
th04-main-bomb-exact-v178,fact,th04-main,Natural TC4J exactly reconstructs the 0x3D9 bomb core and independent 0x11D bomb-star producer,observed,ev-th04-main-bomb-core-cold-v178;ev-th04-main-bomb-core-layout-v178;ev-th04-main-bomb-core-raw-v178;ev-th04-main-bomb-core-aggregate-candidate-v178;ev-th04-main-bomb-core-aggregate-final-v178;ev-th04-main-bomb-stars-cold-v178;ev-th04-main-bomb-stars-layout-v178;ev-th04-main-bomb-stars-raw-v178;ev-th04-main-bomb-stars-aggregate-final-v178,src/main/player/bomb.cpp;src/main/player/bomb_stars.cpp;config/th04_main_exact_units.toml,"Focused 134-owner and candidate/post-promotion 213-owner cold replay prove raw bytes, MAP placement, ordered MZ relocations, deterministic valid TC86 OMF, zero-code residual ownership, and dependency closure for both natural-source producers.",2026-09-15T11:05:14Z
th04-main-bomb-samecodeseg-v178,negative-result,th04-main,The bomb core requires legitimate TC4J #pragma samecodeseg metadata on same-segment FAR callees to reproduce historical TLINK relaxation,observed,ev-th04-main-bomb-samecodeseg-negative-v178;ev-th04-main-bomb-core-layout-v178,.analysis/gpt-web/th04-main-20260915-v178/candidate006-receipt.json;.analysis/gpt-web/th04-main-20260915-v178/candidate006-bomb.cpp;src/main/player/bomb.cpp,Candidate006 preserved correct MAP and deterministic OMF but added four segment relocations for hud_bombs_put/circles_add_growing. Reusing the repository-established samecodeseg mechanism changed FIXUPP framing so TLINK emitted target NOP; PUSH CS; CALL near sequences without ABI falsification.,2026-09-15T11:05:14Z
th04-snd-load-shared-producer-v206,fact,th04-shared,SND_LOAD OP/MAIN/MAINE shared producer ownership,observed,ev-th04-snd-load-shared-producer-v206;ev-th04-op-snd-load-boundary-v206;ev-th04-maine-snd-load-boundary-v206;ev-th04-maine-snd-load-seam-v206,src/shared/sound/load_prefix.inl;src/shared/sound/load_open.inl;src/shared/sound/load_func.inl;src/shared/sound/load_dispatch_read.inl;src/shared/sound/load_tail.inl,"OP, MAIN, and MAINE have identical fixed producer bytes after masking only OMF-derived link fields. Five maintained natural exact MAIN subspans totaling 230 bytes are therefore routed through src/shared/sound. OP/MAINE gain shared source ownership and reviewed boundaries only; four MAIN bytes remain blocked.",2026-09-16T16:17:54.040529Z
th04-shared-sound-core-v207,fact,th04-shared,"MMD resident, KAJA interrupt, and sound-mode detection are shared TH04 OP/MAIN/MAINE natural producers",observed,ev-th04-shared-sound-core-v207;ev-th04-snd-mmd-padding-cross-artifact-v207;ev-th04-maine-cdg-align-fill-v207;ev-th04-op-kaja-align-control-v207;ev-th04-snd-mmd-shared-aggregate-v207;ev-th04-snd-kaja-shared-aggregate-v207;ev-th04-snd-mode-shared-aggregate-v207,src/shared/sound/mmd_resident.c;src/shared/sound/kaja_interrupt.cpp;src/shared/sound/determine_modes.cpp;config/th04_function_boundaries.csv,"OMF-derived link-field masking leaves zero fixed-byte differences for all three maintained natural producers across MAIN, OP, and MAINE. The recurring post-MMD 0x90 is function-external padding in every artifact, while MAINE 0xD077 is a distinct TLINK word-alignment fill before CDG_PUT_PLANE. Exact replay credit remains MAIN-local.",2026-09-16T16:51:24.853702+00:00
th04-shared-sound-delay-pmd-v208,fact,th04-shared,PMD residency and measure-delay source ownership across TH04 executables,observed,ev-th04-snd-pmd-shared-source-v208;ev-th04-snd-pmd-shared-aggregate-v208;ev-th04-snd-delay-natural-codegen-v208;ev-th04-snd-delay-shared-source-v208,src/shared/sound/pmd_resident.c;src/shared/sound/delay_until_measure.cpp;compat/rec98/th02/snd/measure.hpp;config/th04_function_boundaries.csv,"PMD has one 46-byte fixed producer across MAIN/OP/MAINE after masking only eight candidate-derived linked fields; unchanged natural source therefore lives under src/shared/sound while exact replay credit remains MAIN-local. DELAY has one 49-byte fixed producer across OP/MAINE; a fresh TC4J probe of the maintained compat-forwarded natural C++ reproduces LEDATA/FIXUPP/PUBDEF/EXTDEF/SEGDEF exactly, but OP/MAINE still have no artifact-local exactness plane.",2026-09-16T17:25:58.978106+00:00
th04-shared-frame-delay-v209,fact,th04-shared,frame_delay is one TH04 MAIN/OP/MAINE natural producer,observed,ev-th04-frame-delay-shared-source-v209;ev-th04-frame-delay-shared-focused-v209;ev-th04-frame-delay-shared-aggregate-v209;ev-th04-frame-delay-header-localization-v209,src/shared/hardware/frame_delay.cpp;src/shared/hardware/frame_delay.hpp;src/shared/sound/delay_until_measure.cpp;config/th04_function_boundaries.csv,"MAIN, OP, and MAINE differ only at two OMF-derived _vsync_Count1 operand words; all fixed bytes have SHA-256 b25bd556ae297ead66b7869049beb7d5a20ab0a599047e78c65f742eda78f55b. MAIN exact replay remains local. DELAY now consumes a maintained TH04 shared declaration without changing its TC4J semantic OMF records.",2026-09-16T17:59:03.263577+00:00
th04-shared-front-cohort-v210,fact,th04-shared,VRAM-plane setup and PI display/load producers are shared across TH04 executables,observed,ev-th04-vram-planes-shared-source-v210;ev-th04-pi-put-shared-source-v210;ev-th04-pi-put-natural-codegen-v210;ev-th04-pi-load-shared-source-v210;ev-th04-pi-load-natural-codegen-v210;ev-th04-vram-planes-shared-focused-v210;ev-th04-vram-planes-shared-aggregate-v210,src/shared/hardware/vram_planes.cpp;src/shared/formats/pi_put.cpp;src/shared/formats/pi_load.cpp;compat/rec98/th02/formats/pi.h;config/th04_function_boundaries.csv,vram_planes_set has one fixed producer across MAIN/OP/MAINE after masking four candidate-derived data fixups. OP and MAINE share exact fixed PI put/load producers; maintained ordinary TC4J source reproduces historical candidate LEDATA/FIXUPP/PUBDEF/EXTDEF/SEGDEF exactly. OP/MAINE remain without artifact-local exactness denominators.,2026-09-16T18:23:44.023983+00:00
th04-main-randring-fill-natural-loop-v211,pattern,th04-main,CIRCLE_TEXT randring_fill natural TC4J loop shape,compiler-observed,ev-th04-main-randring-fill-codegen-v211;ev-th04-main-randring-fill-raw-v211;ev-th04-main-randring-fill-aggregate-final-v211,src/main/math/randring_fill.cpp;docs/reconstruction/main/TH04_CIRCLE_RANDRING_FILL_V211.md,"A register int initialized to 255 and used in do { randring[i] = IRand(); } while (--i >= 0) naturally emits the target 24-byte PUSH SI / MOV SI,255 / far call / store / DEC SI / JGE / word cursor clear / POP SI / RET producer. Moving decrement into a separate statement emits an extra OR SI,SI and fails raw matching. Keep the decrement in the condition; focused and 247-owner final cold replay prove the complete TH04 MAIN owner and its ordered relocation.",2026-09-17T05:47:16Z
th04-main-randring2-and-natural-split-v212,pattern,th04-main,MAIN_032_TEXT randring2_next16_and natural TC4J owner and macro split,compiler-observed,ev-th04-main-randring2-and-boundary-v212;ev-th04-main-randring2-and-toolchain-v212;ev-th04-main-randring2-and-layout-v212;ev-th04-main-randring2-and-raw-v212;ev-th04-main-randring2-and-aggregate-final-v212,src/main/math/randring2_next16_and.cpp;config/replay/th04_randring2_gap_v212.asm.in;config/th04_main_exact_units.toml;docs/reconstruction/main/TH04_MAIN_RANDRING2_AND_V212.md,"The same natural TC4J pseudo-register and Pascal stack-peek source used for CIRCLE randring1_next16_and emits the target 21-byte MAIN_032_TEXT randring2_next16_and body. The original TASM macro leaks its AND argument name into the later MOD body; when externalizing AND, declare the MOD argument explicitly and preserve other games with GAME conditions. A source-extracted one-byte NEXT16 alignment scaffold before the C++ object restores exact 13A9:02D0 placement without claiming the NOP as authored C++.",2026-09-17T06:13:53.509304Z
th04-main-dialog-fixupp-rotation-v213,pattern,th04-main,dialog_op and dialog_run ordered MZ relocation blockers map to candidate OMF FIXUPP LOCAT order,compiler-observed,ev-th04-main-dialog-op-fixupp-order-v213;ev-th04-main-dialog-run-fixupp-order-v213,scripts/probes/inspect_dialog_fixup_order.py;docs/reconstruction/main/TH04_MAIN_DIALOG_BOUNDARY_V180.md;config/units.csv,"In current A/B diagnostic builds, dialog.cpp emits DIALOG_TEXT LEDATA 0x000..0x3FB and 0x3FC..0x7EB with following FIXUPP records 125 and 127. Every overlapping far CALL MZ relocation in dialog_op (26) and dialog_run (4) has one matching FIXUPP LOCAT at its offset word; sorting those LOCAT coordinates reproduces candidate MZ order exactly. Target MZ order is a cyclic rotation of candidate order by 6 and 2 sites respectively. Target object records are unavailable; their internal order is an inference, not observed. Natural source remains blocked pending a producer that emits target order without byte or layout changes.",2026-09-17T06:26:59.765825Z
th04-main-dialog-case-order-negative-v213,negative-result,pc98-borland,Simple switch case permutation cannot preserve TC86 code while changing FIXUPP order,compiler-observed,ev-th04-main-dialog-case-order-negative-v213,docs/reconstruction/main/TH04_MAIN_DIALOG_BOUNDARY_V180.md;scripts/probes/inspect_dialog_fixup_order.py,A pinned TC86 minimal 3-case probe reordered independent case clauses. The compiler changed LEDATA size from 51 to 49 bytes and altered bytes and FIXUPP positions. This rejects a simple source case-order permutation as a path to the target dialog_op relocation rotation while retaining raw equality. It does not reject more constrained source or compiler mechanisms.,2026-09-17T06:31:11.865678Z
th04-main-demo-fixupp-rotation-v214,pattern,th04-main,DEMO_TEXT session-init relocation order is already rotated in candidate TC86 FIXUPP,compiler-observed,ev-th04-main-demo-session-fixupp-order-v214,scripts/probes/inspect_dialog_fixup_order.py;docs/reconstruction/main/TH04_DEMO_FIXUP_ORDER_V214.md;config/th04_main_exact_units.toml,"Two cold A/B builds reproduce the complete 0x51E DEMO_TEXT bytes and MAP. All 52 far-call relocation sites map uniquely from candidate sess.obj FIXUPP LOCAT records to linked MZ order; the candidate places 0xB2DA last and the target MZ places it first. Target OMF internals are unknown. Prior header/EXTDEF reorder, adjacent TU fusion and IDE compiler did not close the order. Require a new compiler/object-history mechanism; do not promote exact.",2026-09-17T06:44:10Z
th04-main-thicklaser-aggregate-assignment-negative-v215,negative-result,th04-main,TC86 plain 24-byte aggregate assignment does not emit target thick-laser REP MOVSW helper,compiler-observed,ev-th04-main-thicklaser-assignment-negative-v215,docs/reconstruction/main/TH04_MAIN_THICKLASER_UPDATE_V181.md;src/main/bullet/thicklaser_update.cpp,Pinned TC86 minimal assignment emits 23 CODE bytes with a FAR runtime copy call; __memcpy__ emits 24 bytes but wrong setup order. Target helper is 24 bytes with inline REP MOVSW and CX/DS/ES/SI/DI preparation. This rejects plain aggregate assignment for a 24-byte POD probe; full thicklaser_t assignment was not tested. No exact claim.,2026-09-17T06:51:16Z
th04-main-dialog-whole-reloc-runs-v216,open-question,th04-main,Whole dialog.cpp relocation order suggests different target fixup batching,inferred,ev-th04-main-dialog-whole-target-reloc-runs-v216;ev-th04-main-dialog-whole-candidate-fixupp-v216,scripts/probes/analyze_dialog_relocation_runs.py;docs/reconstruction/main/TH04_MAIN_DIALOG_BOUNDARY_V180.md,"Target MZ has three strictly descending far-call relocation runs across load CF3D..D728; current A/B candidate has two, each matching one observed candidate LEDATA/FIXUPP pair. The two blocked function rotations are projections of this whole-contribution difference. Target OMF records are unavailable; three target runs do not prove three target LEDATA records. Seek a raw/map-preserving natural compiler mechanism before exact promotion.",2026-09-17T07:04:11Z
th04-packed-payload-frontier-v218,pattern,th04,OP MAINE ZUN cold payload diagnostic frontier,compiler-observed,ev-th04-op-fresh-diet-target-v218;ev-th04-op-payload-comparison-v218;ev-th04-maine-fresh-diet-target-v218;ev-th04-maine-payload-comparison-v218;ev-th04-zun-fresh-diet-target-v218;ev-th04-zun-payload-comparison-v218;ev-th04-zun-referenced-composite-provenance-v218,scripts/boundary_review/unpack_diet.py;scripts/probes/compare_diet_payloads.py;docs/reconstruction/packed/TH04_PACKED_PAYLOAD_FRONTIER_V218.md,"Fresh target DIET stub replays yield OP 69028/804, MAINE 62414/559, and ZUN 13422/0 payload bytes/relocations. Byte-identical v214 A/B ReC98-overlay candidates differ in 7 OP and 5 MAINE payload bytes; ZUN flat candidate payload matches. ZUN composite includes IDA-derived ASM and external ONGCHK binary, so equality gives no authored-source credit. Original unpacked MZ relocation order and packed-file equality remain unknown; no exact promotion.",2026-09-17T07:17:29Z
th04-op-music-option-g-negative-v219,negative-result,th04-op,OP music XOR opcode direction is not fixed by local -G,compiler-observed,ev-th04-op-music-option-g-negative-v219,docs/reconstruction/packed/TH04_PACKED_PAYLOAD_FRONTIER_V218.md;.analysis/reconstruction/probes/v219-op-music-option-g/,"A local TC4J #pragma option -G immediately before nopoly_B_put preserves candidate 33 FF 33 F6, not target 31 FF 31 F6, and grows the OP_MUSIC_TEXT CODE contribution by three bytes. TASM 5.0 symbolic xor also emits 33. Do not retry either spelling without a new producer mechanism.",2026-09-17T07:17:51Z
th04-main-dialog-debug-option-negative-v220,negative-result,th04-main,TC86 debug -v does not yield raw-preserving dialog fixup batching,compiler-observed,ev-th04-main-dialog-debug-option-negative-v220,docs/reconstruction/main/TH04_MAIN_DIALOG_BOUNDARY_V180.md;.analysis/reconstruction/probes/v220-dialog-debug-option/,"On exact-source v213 dialog.cpp, TC86 -v changes DIALOG_TEXT from 2028 to 1977 bytes, alters 1827 common-prefix bytes, and retains two LEDATA groups. It cannot explain target three-run relocation order while keeping raw/MAP equality.",2026-09-17T07:22:54Z
th04-diet145f-packed-replay-v224,pattern,th04,DIET 1.45f -B reconstructs ZUN packed container from candidate flat COM,compiler-observed,ev-th04-zun-diet145f-packed-raw-v224;ev-th04-op-diet145f-packed-raw-v224;ev-th04-maine-diet145f-packed-raw-v224;ev-th04-zun-diet145f-mutation-control-v224,config/diet145f.toml;scripts/probes/replay_diet145f.py;docs/reconstruction/packed/TH04_DIET145F_PACKING_V224.md,"Pinned public DIET 1.45f through attested PC-98 DOSBox-X with -B packs byte-identical v214 A/B ReC98-overlay ZUN.COM flat candidates to the complete 7754-byte target MZ with raw zero difference; a one-byte input mutation fails. OP/MAINE pack reproducibly but remain different. This proves a packaging route, not checked-in authored source, accepted exact units, or playable runtime.",2026-09-17T11:06:04Z
th04-diet145f-artifact-options-roundtrip-v228,pattern,th04,DIET 1.45f artifact-specific target roundtrip and candidate residual,compiler-observed,ev-th04-op-diet145f-packed-raw-v226;ev-th04-op-diet145f-target-roundtrip-v228;ev-th04-maine-diet145f-packed-raw-v226;ev-th04-maine-diet145f-target-roundtrip-v228;ev-th04-zun-diet145f-packed-raw-v226;ev-th04-zun-diet145f-target-roundtrip-v228,config/diet145f.toml;scripts/probes/roundtrip_diet_target.py;scripts/probes/replay_diet145f.py;docs/reconstruction/packed/TH04_DIET145F_ROUNDTRIP_V228.md,"Two isolated target-derived restores and repacks yield raw identical OP/MAINE with -B -G and ZUN with -B; this calibrates the packer only. Two cold ReC98-overlay candidate inputs pack deterministically, with raw ZUN equality but OP/MAINE candidate sizes 42251/37985 versus targets 42290/38035. Restored target OP/MAINE MZs contain 3228/3220 trailing zeros and DIET-generated relocation order, not proven historical TLINK topology. Next isolate candidate payload/header/relocation effects; no authored-source promotion.",2026-09-17T11:14:44Z
th04-diet145f-mz-three-surface-partition-v231,pattern,th04,"OP and MAINE DIET residual partitions into payload, ordered relocs, and coupled tail/allocation",compiler-observed,ev-th04-op-diet145f-mz-partition-v231;ev-th04-maine-diet145f-mz-partition-v231,scripts/probes/partition_diet_mz_residual.py;docs/reconstruction/packed/TH04_DIET145F_MZ_PARTITION_V231.md,"Pinned DIET -RA exactly recovers our own OP/MAINE candidate prepack MZs. Relative to target-restored MZ views, their complete difference is 7/5 payload bytes, ordered relocation table, and coupled MZ length/minimum allocation/trailing zeros. Eight private target-derived hybrids per artifact show only all three surfaces together pack raw equal; none is source or accepted exact evidence. Recover natural payload/linker topology; historical target pre-DIET MZ remains unobserved.",2026-09-17T11:21:36Z
th04-diet-reloc-map-owner-interleave-v232,pattern,th04,OP MAINE target-restored relocation order interleaves current candidate master ASM owners,inferred,ev-th04-op-diet-reloc-owners-v232;ev-th04-maine-diet-reloc-owners-v232,scripts/probes/analyze_diet_relocation_owners.py;docs/reconstruction/packed/TH04_DIET_RELOCATION_OWNERS_V232.md,"All OP/MAINE relocation sites map uniquely through candidate MAP and have equal multisets. The target-restored table interleaves current master ASM candidate contributions (OP 49 sites in 7+3+4+35 blocks; MAINE master 14 in 7+3+4; MAINE other ASM 175 in 139+36). Both bgimage.cpp eight-site sequences reverse. Investigate natural OMF FIXUPP and link-input grouping; historical target pre-DIET table remains unknown, and target-derived permutation is not an exact solution.",2026-09-17T11:27:41Z
th04-bgimage-fixupp-direction-control-v233,pattern,th04,BGIMAGE shared object fixup order differs in OP and MAINE target-restored views,inferred,ev-th04-op-bgimage-omf-fixupp-direction-v233;ev-th04-maine-bgimage-omf-fixupp-direction-v233;ev-pc98-borland-tasm-symbolic-seg-fixupp-direction-v233,config/replay/th04_bgimage_fixup_direction_v233.asm.in;docs/reconstruction/op-maine/TH04_BGIMAGE_FIXUP_PRODUCER_V233.md,"The identical candidate bgimage.obj emits 27 descending SHARED FIXUPP LOCATs; eight segment-word sites map exactly to descending candidate MZ order, while both target-restored MZ views reverse those eight. Pinned TASM32 symbolic SEG control emits ascending LOCATs, establishing a plausible normal producer mechanism only. Do not infer original ASM or accept target-derived source without complete body, ABI, MAP, raw and ordered-relocation replay.",2026-09-17T11:34:35Z
th04-bgimage-tcc-B-natural-fixup-producer-v234,pattern,th04,TCC -B plus pinned TASM reverses BGIMAGE fixups without changing CODE,compiler-observed,ev-th04-bgimage-tcc-B-tasm-object-v234;ev-th04-op-bgimage-B-relink-v234;ev-th04-op-bgimage-B-packed-raw-v235;ev-th04-maine-bgimage-B-relink-v234;ev-th04-maine-bgimage-B-packed-raw-v235,docs/reconstruction/op-maine/TH04_BGIMAGE_B_MODE_V234.md;.analysis/reconstruction/probes/v234-bgimage-B/receipt.json,"On the untrusted v214 ReC98 BGIMAGE source, TCC -B emits ASM; pinned TASM32 assembles it to the same 208 SHARED CODE bytes but exactly reversed 27 FIXUPP LOCATs. Isolated OP/MAINE TLINK relinks preserve program image/header/MAP extent and change only the eight BGIMAGE ordered MZ relocations to the target-restored projection. Packed OP/MAINE still differ. Source has inline ASM/codestring, only one diagnostic relink, and no standalone TH04 source or exact credit. Test this producer mode only after legitimate source ownership is recovered.",2026-09-17T11:45:22Z
th04-main-dialog-demo-B-tasm-nonpreserving-v237,negative-result,th04-main,TCC -B generated ASM plus pinned TASM does not preserve raw-matching dialog or stage-session CODE,compiler-observed,ev-th04-main-dialog-B-tasm-negative-v237;ev-th04-main-demo-B-tasm-negative-v236,docs/reconstruction/main/TH04_MAIN_B_MODE_V237.md;.analysis/reconstruction/probes/v237-dialog-B/receipt.json;.analysis/reconstruction/probes/v236-main-B-diagnostic/receipt.json,"On source-matched v213 dialog and v214 sess snapshots, ordinary TCC objects have raw-matching complete owner extents but wrong ordered relocations. TCC -B emits ASM that needs diagnostic metadata/call repairs before TASM32; resulting dialog CODE changes 2028 to 2029 bytes and sess 1310 to 1306 bytes. This producer path fails the raw gate for both owners. The first v236 dialog trial used an unrelated source snapshot and was excluded.",2026-09-17
th04-main-demo-odd-prefix-switch-negative-v238,negative-result,th04-main,Odd DEMO_TEXT function start alone does not emit missing gameplay initializer switch-table byte,compiler-observed,ev-th04-main-gameplay-init-odd-prefix-negative-v238;ev-th04-main-gameplay-loop-stage-frame-negative-v238,docs/reconstruction/main/TH04_DEMO_INTERNAL_BOUNDARIES_V165.md;.analysis/reconstruction/probes/v238-gameplay-switch-align/receipt.json,"Pinned TC4 compiles the exact v165 initializer source to 460 CODE bytes both alone and after a five-byte prefix; the latter starts at odd offset 5 but still has no byte between RET and table. Gameplay-loop volatile stage_frame declaration yields identical 370 CODE bytes, and preincrement changes only one load opcode. Investigate a distinct historical producer or linker contribution for the target zero and source dataflow for the loop; do not repeat simple parity or these two local spellings.",2026-09-17
th04-zun-cfg-init-source-v239,fact,th04-zun,Maintained natural cfg_init source reproduces target-decoded ZUN function and full diagnostic packed replay,compiler-observed,ev-th04-zun-cfg-init-boundary-v239;ev-th04-zun-cfg-init-compiler-v239;ev-th04-zun-cfg-init-payload-v239;ev-th04-zun-cfg-init-packed-v239;ev-th04-zun-cfg-init-replay-driver-v240,src/zun/config/cfg_init.cpp;docs/reconstruction/zun/TH04_ZUN_CFG_INIT_V239.md;.analysis/reconstruction/probes/v239-zun-res-huma/receipt.json;scripts/probes/replay_th04_zun_cfg_init.py,"Target cfg_init is reviewed at decoded payload _TEXT 0xDCF..0xE66. Maintained 152-byte natural C++ CODE matches the baseline OMF; two isolated product-source overlays link the same RES_HUMA component, flat ZUN payload, and DIET-packed target raw. Only cfg_init is maintained source; no exact unit credit until packed-artifact acceptance and standalone source closure.",2026-09-17
th04-zun-res-main-noop-barriers-v239,negative-result,th04-zun,ReC98 _main depends on no-op barrier statements for exact code shape,compiler-observed,ev-th04-zun-res-main-noop-negative-v239,docs/reconstruction/zun/TH04_ZUN_CFG_INIT_V239.md;.analysis/reconstruction/probes/v239-zun-res-huma/receipt.json,Removing three no-op barrier statements from the untrusted cross-game th02/res_init.cpp source shrinks the RES_HUMA CODE contribution 404 to 398 bytes. Do not import those statements or claim _main authored exact; reconstruct its target semantics and natural producer independently.,2026-09-17
th04-zun-main-natural-source-v241,fact,th04-zun,Natural TH04 resident _main source and reviewed target boundary,compiler-observed,ev-th04-zun-main-boundary-v241;ev-th04-zun-main-compiler-v241;ev-th04-zun-main-exact-negative-v241,src/zun/resident/main.cpp;docs/reconstruction/zun/TH04_ZUN_MAIN_V241.md;scripts/probes/replay_th04_zun_main.py;.analysis/reconstruction/probes/v243-zun-main-final/receipt.json,Target decoded _main is 252 bytes at 0xE67..0xF62. Maintained ordinary C++ compiled in two isolated pinned TC4J builds gives deterministic 246-byte CODE and reproduces the separate ReC98 candidate after removal of inert barriers. Source-present only; exact fails by six bytes and other ZUN inputs remain external.,2026-09-17
th04-zun-main-comma-return-negative-v242,negative-result,th04-zun,Comma-return expression does not preserve target _main error-print call placement,compiler-observed,ev-th04-zun-main-comma-return-negative-v242,docs/reconstruction/zun/TH04_ZUN_MAIN_V241.md;.analysis/reconstruction/probes/v242-zun-main-comma-ab/receipt.json,"Pinned TC4J compiles the two error branches written as return (dos_puts2(message), 1) to the same 246-byte _main size and a single moved shared print call. The target has separate calls and 252 bytes. This particular natural control-flow spelling cannot solve the six-byte exact blocker.",2026-09-17
th04-main-dialog-codeseg-flush-negative-v245,negative-result,th04-main/DIALOG_TEXT,Source-level code-segment switches do not flush TC4J dialog-sized FIXUPP batches,compiler-observed,ev-th04-main-dialog-codeseg-flush-negative-v245,scripts/probes/probe_th04_dialog_segment_flush.py;docs/reconstruction/main/TH04_MAIN_DIALOG_BOUNDARY_V180.md;.analysis/reconstruction/probes/v245-dialog-segment-flush-replay/receipt.json,Pinned TC4J control with 1830-byte DIALOG_TEXT CODE crosses the same 1 KiB OMF threshold. Repeated #pragma codeseg DIALOG_TEXT and empty TEMP_TEXT bounce preserve 2 LEDATA ranges and following FIXUPP payloads exactly. The target still has three descending MZ relocation runs; original target OMF producer unknown.,2026-09-17
th04-bgimage-natural-nonexact-v247,negative-result,th04,OP/MAINE BGIMAGE natural producer,compiler-observed,ev-th04-op-bgimage-source-v247;ev-th04-op-bgimage-nonexact-v247;ev-th04-maine-bgimage-source-v247;ev-th04-maine-bgimage-nonexact-v247,docs/reconstruction/op-maine/TH04_BGIMAGE_NATURAL_V247.md;scripts/probes/replay_th04_bgimage_natural.py,Maintained planar far-memcpy C++ is deterministic but emits 269 SHARED CODE bytes versus the 208-byte target producer; only the final 50 unlinked free-body bytes match. Seek a natural TC4J copy-loop producer before exact work.,2026-09-17
th04-main-gameplay-ternary-pattern-v248,pattern,th04-main,DEMO_TEXT gameplay interval branch producer,compiler-observed,ev-th04-main-gameplay-ternary-branch-v248;ev-th04-main-gameplay-ternary-full-negative-v248,docs/reconstruction/main/TH04_DEMO_GAMEPLAY_TERNARY_V248.md;scripts/probes/probe_th04_gameplay_ternary.py,One natural conditional expression reproduces the target 25-byte AX-result play-performance branch in gameplay_loop; whole CODE stays 372 versus 379 bytes. Reuse the branch producer only in a full natural-body hypothesis.,2026-09-17
th04-bgimage-hmem-local-abi-v250,fact,th04,BGIMAGE HMem ABI dependency,compiler-observed,ev-th04-op-bgimage-hmem-local-v250;ev-th04-maine-bgimage-hmem-local-v250,docs/reconstruction/op-maine/TH04_BGIMAGE_HMEM_V250.md;src/shared/memory/hmem.hpp;scripts/probes/replay_th04_bgimage_natural.py,The local far Pascal hmem_allocbyte/hmem_free declarations preserve BGIMAGE 269-byte CODE and the v247 external symbol set in OP and MAINE A/B TC4J builds. This removes BGIMAGE reliance on the ReC98 master.hpp forwarder without exact promotion.,2026-09-17
th04-bgimage-intrinsic-negative-v251,negative-result,th04,BGIMAGE __memcpy__ copy producer,compiler-observed,ev-th04-op-bgimage-intrinsic-negative-v251;ev-th04-maine-bgimage-intrinsic-negative-v251,docs/reconstruction/op-maine/TH04_BGIMAGE_INTRINSIC_V251.md;scripts/probes/probe_th04_bgimage_copy_intrinsic.py,Pinned TC4J __memcpy__ emits eight REP MOVSW and 275 CODE bytes in product-only BGIMAGE TU; both target slices use two REP MOVSD loops in 208 bytes. Do not use this intrinsic as the exact producer.,2026-09-17
th04-main-demo-tlink-current-switches-negative-v255,negative-result,th04-main,DEMO_TEXT stage-session relocation order,compiler-observed,ev-th04-main-demo-tlink-switch-negative-v255,docs/reconstruction/main/TH04_DEMO_FIXUP_ORDER_V214.md;scripts/probes/probe_th04_demo_tlink_switches.py,Removing current TLINK -c -s -E switches singly or in the tested pair does not change the candidate image or stage relocation order; investigate the object producer or an untested historical link input.,2026-09-17
th04-main-end-scroll-intrinsic-copy-v257,pattern,th04-main,END_TEXT scroll helper copy primitive,compiler-observed,ev-th04-main-end-scroll-copy-intrinsic-v257,docs/reconstruction/op-maine/TH04_END_SCROLL_MPN_V195.md;scripts/probes/probe_th04_end_scroll_copy.py,TC4J __memcpy__ can emit the target-style 24-word REP MOVSW and DS/ES exchange for a far map source and near tile destination; the full helper setup and source origin remain unresolved.,2026-09-17
th04-main-scroll-driver-natural-prefix-v268,pattern,th04-main,MAI_TEXT scroll driver natural producer,compiler-observed,ev-th04-main-scroll-driver-source-v268;ev-th04-main-scroll-driver-nonexact-v268,docs/reconstruction/op-maine/TH04_END_SCROLL_MPN_V195.md;scripts/probes/replay_th04_scroll_driver_natural.py,Maintained product-only C++ recovers the scroll driver semantics and first 46-byte fixed-opcode prefix; later AX memory subtraction and sign-flag branch remain a 11-byte codegen blocker.,2026-09-17
th04-main-scroll-tile-ring-natural-v270,pattern,th04-main,END_TEXT tile-ring helper natural source,compiler-observed,ev-th04-main-scroll-tile-ring-source-v270;ev-th04-main-scroll-tile-ring-nonexact-v270,docs/reconstruction/op-maine/TH04_END_SCROLL_MPN_V195.md;scripts/probes/replay_th04_scroll_tile_ring_natural.py,"Maintained product-only C++ covers the 199-byte END_TEXT helper and emits one 24-word REP MOVSW, but current CODE is 215 bytes and the historical copy setup and origin remain unresolved.",2026-09-17
th04-main-gameplay-frame-assignment-v273,pattern,th04-main,DEMO_TEXT gameplay frame-counter producer,compiler-observed,ev-th04-main-gameplay-frame-source-v273;ev-th04-main-gameplay-frame-nonexact-v273,docs/reconstruction/main/TH04_DEMO_GAMEPLAY_TERNARY_V248.md;scripts/probes/probe_th04_gameplay_ternary.py,"Combining unsigned stage_frame increment with the first modulo-16 assignment changes TC4J from INC memory/reload to target-style MOV AX; INC AX; store. Full loop remains seven bytes short; dead DX copy, mask width, and two zero-distance jumps remain unresolved.",2026-09-17
th04-main-thicklaser-count-expression-negative-v277,negative-result,th04-main,B4M_UPDATE_TEXT thicklaser template copy count-expression producer,compiler-observed,ev-th04-main-thicklaser-count-negative-v277,docs/reconstruction/main/TH04_MAIN_THICKLASER_UPDATE_V181.md;scripts/probes/probe_th04_laser_count.py,"TC4J intrinsic copy count localizations to register bytes, register words times two, or const local do not produce the target MOV CX-first 24-byte helper; the tested synthetic bodies emit 32, 36, or 30 CODE bytes.",2026-09-17
th04-op-maine-even-source-kind-v281,pattern,th04,OP/MAINE alignment-byte producer hypothesis,compiler-observed,ev-pc98-tasm-even-source-kind-v281,docs/reconstruction/packed/TH04_PACKED_PAYLOAD_FRONTIER_V218.md;scripts/probes/probe_th04_tasm_even_context.py;probes/toolchain/tasm_even_context.asm,Pinned TASM32 EVEN fill follows preceding source kind in a synthetic control: data gives 00 and instruction gives 90 regardless of CODE/DATA class. Segment class alone cannot explain the OP/MAINE opposite alignment bytes; original source and object seams remain unknown.,2026-09-17
th04-main-demo-pause-split-negative-v282,negative-result,th04-main,Simple pause-object and byte-aligned segment split does not reproduce target DEMO_TEXT relocation order,compiler-observed,ev-th04-main-demo-pause-split-negative-v282,docs/reconstruction/main/TH04_DEMO_PAUSE_SPLIT_V282.md;scripts/probes/probe_th04_demo_pause_split.py;.analysis/reconstruction/probes/v282-demo-pause-split-replay/receipt.json,"Pinned TC4J compiles session core and pause separately to CODE that concatenates exactly to the original 0x51E bytes; synthetic PAUSE_TEXT/DEMO_TAIL_TEXT preserve target owner bytes and 52 sites, but place all pause fixups before core at global MZ indices 506..557. Target has only 0xB2DA before 40 core sites, then 11 later pause sites at indices 22..62 and 89..99. Do not retry a simple function-level split; recover historical object/fixup topology before promotion.",2026-09-17
th04-main-items-B-tasm-negative-v283,negative-result,th04-main,Full maintained items_update source through TC4J -B and pinned TASM does not select target SUB opcodes or size,compiler-observed,ev-th04-main-items-B-tasm-negative-v283,docs/reconstruction/main/TH04_MAIN035_ITEMS_V154.md;.analysis/reconstruction/probes/v283-items-B/receipt.json,"The full maintained MAIN_035 item producer under TCC -B/TASM emits 0x548 CODE and retains SUB 2B D8/2B DA, confirming the v180 synthetic TASM direction control. Target is 0x546 and uses 29 C3/29 D3. Do not retry this generated-ASM route without a distinct compiler or assembler mechanism. Diagnostic ASM needed group/alias repairs and provides no exact credit.",2026-09-17
th04-main-scroll-driver-byte-quotient-v284,pattern,th04-main,Byte-sized subpixel quotient changes scroll driver to memory SUB without exact branch semantics,compiler-observed,ev-th04-main-scroll-driver-byte-quotient-v284,src/main/scroll/driver.cpp;scripts/probes/replay_th04_scroll_driver_natural.py;docs/reconstruction/op-maine/TH04_END_SCROLL_MPN_V195.md;.analysis/reconstruction/probes/v284-scroll-driver-maintained-a/receipt.json,"The 8-bit scroll_subpixel_line shifted right four is 0..15; declaring its quotient as unsigned char yields deterministic 105-byte TC4J MAI_TEXT CODE with target-style SUB [scroll_line],AX and direct flag branch. Target is 96 bytes and branches JNS while compiler emits JNL, so overflow behavior and bytes remain unresolved. Preserve this source-present improvement without exact credit.",2026-09-17
th04-main-gameplay-O-minus-negative-v285,negative-result,th04-main,TC4J -O- does not restore gameplay_loop missing seven bytes,compiler-observed,ev-th04-main-gameplay-O-minus-negative-v285,docs/reconstruction/main/TH04_DEMO_GAMEPLAY_TERNARY_V248.md;.analysis/reconstruction/probes/v285-gameplay-opt/receipt.json,"For current maintained gameplay_loop and pinned TC4J/v214 headers, replacing -O with -O- leaves the 372-byte DEMO_TEXT CODE byte-identical. Missing EB 00 jumps, MOV DX,AX, and wide mask remain; target is 379 bytes. Do not retry this single optimization toggle as a producer explanation.",2026-09-17
th04-zun-main-O-minus-negative-v286,negative-result,th04-zun,TC4J -O- does not restore distinct ZUN _main error-print calls,compiler-observed,ev-th04-zun-main-O-minus-negative-v286,docs/reconstruction/zun/TH04_ZUN_MAIN_V241.md;.analysis/reconstruction/probes/v286-zun-O-minus/receipt.json,"For maintained ZUN resident _main, pinned TC4J -O- emits 248 standalone CODE bytes versus 252 target and still merges the two error-print calls; combined cfg_init/main CODE grows 398 to 402. Do not retry this single optimizer toggle as the six-byte producer explanation. The diagnostic uses an untrusted ReC98 composite and grants no exact credit.",2026-09-17
th04-vcolors-local-header-v287,pattern,th04-main,Freeze TH04-owned headers in exact replay,compiler-observed,ev-th04-main-vcolors-local-aggregate-v287,src/shared/hardware/v_colors.hpp;scripts/replay_th04_main_exact_units.py;docs/reconstruction/shared/TH04_VRAM_COLORS_LOCAL_V287.md,The only maintained use of the TH02 v_colors forwarder is V_WHITE=15. A TH04-owned declaration compiles with 37 product sources and preserves all 248 default MAIN raw/MAP/relocation exact owners in two cold builds. Recurse and freeze local src/ header includes before each cold build; never leave their bytes outside the input snapshot. Other forwarders remain to localize.,2026-09-17T15:24:12Z
th04-main-demo-link-order-negative-v291,negative-result,th04-main,Simple TLINK object reordering cannot recover DEMO session relocation order,compiler-observed,ev-th04-main-demo-link-order-negative-v291,scripts/probes/probe_th04_demo_link_order.py;docs/reconstruction/main/TH04_DEMO_LINK_ORDER_V291.md,"Pinned TLINK responds to link object order, but moving sess.obj first changes DEMO_TEXT MAP placement and moving main.obj plus sess.obj first changes 61 linked owner bytes while leaving its 52 relocation sites and MAP start intact. Neither yields the target order. A useful next hypothesis must separate the original producer or OMF record topology while preserving code positions and linked values.",2026-09-17
th04-main-gameplay-wide-mask-v296,pattern,th04-main,_AX/_AL frame-mask chain restores target wide AND,compiler-observed,ev-th04-main-gameplay-wide-mask-v296,src/main/core/gameplay_loop.cpp;scripts/probes/probe_th04_gameplay_ternary.py;docs/reconstruction/main/TH04_DEMO_GAMEPLAY_TERNARY_V248.md,"Using the real TC4J _AX register for the initial stage_frame & 15 result and chaining later masks through _AL emits target AND AX,000F while preserving the prior compiler output apart from its required byte and branch displacement. Two isolated compiles give 373/379 bytes. Remaining target MOV DX,AX and two EB 00 jumps have no justified producer; do not add inert instructions.",2026-09-17T15:45:32Z
th04-main-gameplay-conditional-eb00-v302,pattern,th04-main,TC4J void conditional expression emits zero-distance jump,compiler-observed,ev-th04-main-gameplay-conditional-eb00-v302,scripts/probes/probe_th04_gameplay_conditional.py;docs/reconstruction/main/TH04_DEMO_GAMEPLAY_TERNARY_V248.md,"Under pinned TC4J, condition ? (void)side_effect : (void)0 emits EB 00 after the true arm; ordinary if and empty else do not. Applied at two MAIN gameplay sites, it yields 377/379 CODE bytes and both target zero-jump positions up to the missing MOV DX,AX. The no-op arms lack historical source evidence and must not be inserted merely for byte equality; seek a justified source or producer mechanism.",2026-09-17T15:57:02Z
th04-main-gameplay-increment-negative-v308,negative-result,th04-main,Ordinary frame-increment spellings do not emit target DX copy,compiler-observed,ev-th04-main-gameplay-increment-negative-v308,scripts/probes/probe_th04_gameplay_increment.py;docs/reconstruction/main/TH04_DEMO_GAMEPLAY_TERNARY_V248.md,"Pinned TC4J emits no MOV DX,AX for pre-increment, +=1, post-increment plus one, or a separate post-increment/read at the gameplay frame-counter site. All emit 373 or 374 CODE bytes versus target 379. The remaining DX copy needs a materially different producer explanation; do not add a dead register assignment merely to match bytes.",2026-09-17T16:09:46Z
th04-zun-resident-local-v309,pattern,th04,TH04-owned resident layout preserves ZUN compiler and packed diagnostic output,compiler-observed,ev-th04-zun-resident-local-cfg-v309;ev-th04-zun-resident-local-main-v309,src/shared/config/resident.hpp;scripts/probes/replay_th04_zun_cfg_init.py;scripts/probes/replay_th04_zun_main.py;docs/reconstruction/zun/TH04_ZUN_RESIDENT_LAYOUT_V309.md,"A checked-in 0x100-byte resident_t declaration with target-observed rem_lives 0x0B and debug 0x1A lets maintained ZUN cfg_init and _main compile with the same 152/246-byte CODE as before. The two-cold cfg diagnostic still packs the untrusted composite raw equal to ZUN.COM; _main remains six bytes short. Reuse this local header, but do not count the composite as standalone source closure or artifact exactness.",2026-09-17T16:16:02Z
th04-zun-cfg-local-v311,pattern,th04-zun,Target-attested six-byte options and ten-byte CFG record localize ZUN declarations,compiler-observed,ev-th04-zun-cfg-layout-target-v311;ev-th04-zun-cfg-local-compiler-v311;ev-th04-zun-cfg-local-main-v311,src/shared/config/cfg.hpp;src/zun/config/defaults.hpp;scripts/probes/replay_th04_zun_cfg_init.py;docs/reconstruction/zun/TH04_ZUN_CFG_LAYOUT_V311.md,Decoded target cfg_init passes sizes 6 and 10 and seeks resident at offset 6; target defaults FF 03 02 01 01 01 occur uniquely at payload 0x2067. TH04-owned headers compile with those ABI assertions and preserve A/B cfg_init CODE plus target-equal diagnostic DIET output. They remove nested TH01/TH02/TH03 configuration and sound declarations from the maintained ZUN cfg TU; external support and _main 6-byte gap remain.,2026-09-17T16:23:17Z
th04-zun-source-only-compile-v314,pattern,th04-zun,Two maintained ZUN C++ units compile without ReC98 source headers,compiler-observed,ev-th04-zun-source-only-cfg-v314;ev-th04-zun-source-only-main-v314,src/zun/runtime/api.hpp;scripts/probes/replay_th04_zun_source_only.py;docs/reconstruction/zun/TH04_ZUN_SOURCE_ONLY_V314.md,"The ZUN cfg_init and _main TUs compile in two isolated directories containing only six checked-in TH04 files under pinned TC4J. Freezing source mtimes is required for raw OMF determinism; valid CODE remains 152/246 bytes with prior hashes. This proves local C++ source/header compile closure, while link, composite inputs, _main six-byte gap, and artifact exactness remain open.",2026-09-17T16:32:51Z
th04-zun-main-branch-shapes-v315,negative-result,th04-zun,Natural ZUN _main shared-return and local-variable rewrites do not restore target call placement at exact size,compiler-observed,ev-th04-zun-main-branch-shapes-v315,scripts/probes/probe_th04_zun_main_branch_shapes.py;docs/reconstruction/zun/TH04_ZUN_MAIN_V241.md,"Five semantic C++ rewrites compile twice from only checked-in ZUN source/headers under pinned TC4J but emit 248, 249, 251, 251, or 257 CODE bytes against the 252-byte target _main. Avoid repeating these variants; seek a different source or compiler mechanism without inert statements.",2026-09-17T16:45:46Z
th04-zun-separate-link-v317,pattern,th04-zun,TH04-owned ZUN C++ source links separately to same-size resident component with external pinned support library,compiler-observed,ev-th04-zun-separate-link-v317;ev-th04-zun-separate-link-raw-v317,scripts/probes/replay_th04_zun_separate_link.py;docs/reconstruction/zun/TH04_ZUN_COMPONENT_LINK_V317.md,"Two standalone TC4J TUs from checked-in ZUN source/headers link under pinned TLINK with external masters.lib and standard toolchain libraries. A/B output is a 6360-byte RES_HUMA.COM, but 4241 raw bytes differ from the decoded target; _main is 6 bytes short and support code shifts. This closes a link diagnostic, not exact or source-closed ZUN product build.",2026-09-17T16:55:06Z
th04-zun-local-graph-clear-v319,pattern,th04-zun,Shared PC-98 GRAPH_CLEAR TASM source replaces an external library member without changing resident candidate bytes,compiler-observed,ev-th04-zun-graph-clear-target-v319;ev-th04-zun-graph-clear-tasm-v319;ev-th04-zun-graph-clear-raw-v319,src/shared/pc98/graph_clear.asm;scripts/probes/replay_th04_zun_graph_clear.py;docs/reconstruction/zun/TH04_ZUN_GRAPH_CLEAR_V319.md,"A checked-in original-style GRAPH_CLEAR TASM unit assembles to 36-byte CODE and replaces the external grpclear member at the same MAP address. Its linked bytes equal target decoded payload _TEXT 0xF64..0xF87 and the full 6360-byte diagnostic resident candidate is unchanged in two cold rounds. This is library-origin source presence, not packed ZUN exact acceptance or authored-function credit.",2026-09-17T17:04:43Z
th04-zun-local-resdata-v323,pattern,th04-zun,Shared DOS RESDATA TASM source replaces original library member only when physical archive order is preserved,compiler-observed,ev-th04-zun-resdata-code-target-v323;ev-th04-zun-resdata-data-target-v323;ev-th04-zun-resdata-code-tasm-v323;ev-th04-zun-resdata-data-tasm-v323;ev-th04-zun-resdata-code-raw-v323;ev-th04-zun-resdata-data-raw-v323;ev-th04-zun-resdata-component-raw-v323,src/shared/dos/resdata.asm;scripts/probes/replay_th04_zun_resdata.py;docs/reconstruction/zun/TH04_ZUN_RESDATA_V323.md,The checked-in near Pascal RESDATA source emits target-equal 190-byte CODE and ten-byte DATA. TLIB alphabetical listing and ordinary replacement reorder members and break layout; extracting 640 members and rebuilding in original physical order places local resdata at index 162 and gives identical candidate component/MAP in two cold rounds. Full ZUN component still differs at 4241 bytes; no exact promotion.,2026-09-18T01:17:40Z
th04-zun-local-file-read-v325,pattern,th04-zun,Shared DOS FILE_READ TASM source replaces original library member with unchanged resident component,compiler-observed,ev-th04-zun-file-read-target-v325;ev-th04-zun-file-read-tasm-v325;ev-th04-zun-file-read-raw-v325;ev-th04-zun-file-read-component-raw-v325,src/shared/dos/file_read.asm;scripts/probes/replay_th04_zun_file_read.py;docs/reconstruction/zun/TH04_ZUN_FILE_READ_V325.md,"The checked-in near Pascal FILE_READ source emits original-member-identical 180-byte OMF CODE. Original physical library order places it at member 165; two cold controls and local replacements link to identical component and MAP, and the linked slice equals the pinned target. Full ZUN component still differs at 4241 bytes; no exact promotion.",2026-09-18T01:24:22Z
th04-main-dialog-line-info-v328,negative-result,th04-main,TC4J -y line-number metadata does not recover dialog relocation batching,compiler-observed,ev-th04-main-dialog-line-info-v328,scripts/probes/probe_th04_dialog_line_info.py;docs/reconstruction/main/TH04_MAIN_FIXUP_CODEGEN_PROBES.md,"Pinned two-cold dialog source replay shows -y leaves the two LEDATA/FIXUPP groups at 0..1020 and 1020..2028, while changing 20 program bytes. It therefore fails both the needed third relocation run and the raw-byte gate. Avoid repeating -y as a standalone dialog solution.",2026-09-18T01:31:00Z
th04-gather-wrapper-overwrite-v326,hazard,control-plane,Exact replay build_inserts overlay precedence,compiler-observed,ev-th04-main-gather-toolchain-v326,docs/reconstruction/main/TH04_MAIN_GATHER_POINT_RENDER_V326.md;scripts/replay_th04_main_exact_units.py,A build_insert can overwrite a selected unit overlay at the same path. Verify the final materialized source hash and OMF dependency list before treating a passing raw comparison as proof that maintained source was built.,2026-09-19
th04-main-gather-asm-exact-v326,fact,th04-main,B4M_UPDATE_TEXT gather_point_render 13A9:1008 exact original-style assembly,compiler-observed,ev-th04-main-gather-boundary-v326;ev-th04-main-gather-omf-v326;ev-th04-main-gather-raw-v326;ev-th04-main-gather-aggregate-final-v326,src/main/gather/point_render.asm;docs/reconstruction/main/TH04_MAIN_GATHER_POINT_RENDER_V326.md,The v151 zero-credit gather wrapper is superseded by a checked-in 90-byte symbolic TASM owner. Two-cold focused and 249-owner aggregate replay prove raw MAP ordered-relocation and OMF agreement; count it only on the separate ASM exact plane.,2026-09-19
th04-main-enemy-script-physical-v327,fact,th04-main,B4M enemy-script physical owner 13A9:1ABF size 0x71E,observed,ev-th04-main-enemy-script-boundary-v327;ev-th04-main-enemy-script-cfg-v327,docs/reconstruction/main/TH04_MAIN_ENEMY_SCRIPT_BOUNDARY_V327.md;scripts/probes/review_th04_enemy_script_boundary.py,Target raw and an exact caller close four near functions plus a 144-word compiler switch table through load 0x15C6C. Ghidra omitted or truncated three bodies; source reconstruction must cover all 1822 bytes and three ordered relocations before exact promotion.,2026-09-19
th04-main-enemy-helpers-tc4j-v328,pattern,th04-main,B4M enemy helper natural C++ compiler shape,compiler-observed,ev-th04-main-enemy-helpers-compiler-v328;ev-th04-main-enemy-helpers-nonexact-v328,src/main/enemy/script_helpers.cpp;docs/reconstruction/main/TH04_MAIN_ENEMY_HELPERS_V328.md;scripts/probes/replay_th04_enemy_helpers_natural.py,"Natural C++ reproduces the 24-byte velocity helper after address resolution and the aim helper apart from ES preservation; the position body matches but its BP local producer differs. Complete helper extent is 142 target versus 134 object bytes, so no exact promotion.",2026-09-19
th04-main-enemy-script-es-pointer-v329,pattern,th04-main,B4M enemy-script ES:DI compiler producer,compiler-observed,ev-th04-main-enemy-dispatch-es-codegen-v329,docs/reconstruction/main/TH04_MAIN_ENEMY_SCRIPT_ES_CODEGEN_V329.md;scripts/probes/probe_th04_enemy_script_es_codegen.py,Pinned TC4J naturally emits the target 21-byte SI/ES/DI script-read entry only when a register __es pointer is initialized from enemy->script and then advanced separately by script_ip. Ordinary far and combined-offset forms fail this entry shape; full 144-case source and raw/relocation match remain open.,2026-09-19
th04-main-enemy-dispatch-natural-v330,pattern,th04-main,B4M 144-case enemy VM natural C++ structure,compiler-observed,ev-th04-main-enemy-dispatch-natural-v330;ev-th04-main-enemy-dispatch-nonexact-v330,src/main/enemy/script_update.cpp;docs/reconstruction/main/TH04_MAIN_ENEMY_SCRIPT_NATURAL_V330.md;scripts/probes/replay_th04_enemy_script_natural.py,"Maintained TC4J C++ emits the same 42-byte entry opcode shape after four word masks and exactly the same 144-opcode partition among 49 switch destinations. Candidate CODE is 1627 versus 1680 target bytes, entirely 53 shorter in executable body; source-present only.",2026-09-19
th04-main-enemy-dispatch-layout-v333,pattern,th04-main,B4M enemy VM case and BP-local source ordering,compiler-observed,ev-th04-main-enemy-dispatch-layout-v333;ev-th04-main-enemy-dispatch-nonexact-v333,src/main/enemy/script_update.cpp;docs/reconstruction/main/TH04_MAIN_ENEMY_SCRIPT_NATURAL_V330.md;scripts/probes/replay_th04_enemy_script_natural.py,"Target-motivated but natural case/shared-label ordering makes TC4J emit all 49 switch destination groups in the target physical order. Declaring duration, advance, then temp reproduces BP-1/BP-2/BP-4 layouts. Executable shortfall improves from 53 to 46 bytes; no exact promotion.",2026-09-19
th04-main-enemy-dispatch-arithmetic-v335,pattern,th04-main,B4M enemy VM rank arithmetic and temp reloads,compiler-observed,ev-th04-main-enemy-dispatch-arithmetic-v335;ev-th04-main-enemy-dispatch-nonexact-v335,src/main/enemy/script_update.cpp;docs/reconstruction/main/TH04_MAIN_ENEMY_SCRIPT_NATURAL_V330.md;scripts/probes/replay_th04_enemy_script_natural.py,"For opcode 0x2C, three-stage assignments recover 30 target bytes. Declaring temp volatile adds the two target MOV AX,[BP-4] reloads and another 6 bytes. The full candidate is now 10 executable bytes short with unchanged switch topology; no exact promotion.",2026-09-19
th04-main-enemy-dispatch-physical-layout-v336,pattern,th04-main,B4M enemy VM shared-tail placement and signed compound adds,compiler-observed,ev-th04-main-enemy-dispatch-physical-layout-v336;ev-th04-main-enemy-dispatch-nonexact-v336,src/main/enemy/script_update.cpp;docs/reconstruction/main/TH04_MAIN_ENEMY_SCRIPT_NATURAL_V330.md;scripts/probes/replay_th04_enemy_script_natural.py,"Routing opcodes 09/2C/86/80 through the target shared tails, ordering opcode 89 and 8A/8B assignments, and casting opcode 8B script words to signed int reproduces target size for 48 of 49 physical blocks. The candidate is two bytes short solely at opcode 20 ES preservation; no exact promotion.",2026-09-19
th04-main-demo-midfunction-segment-negative-v337,negative-result,th04-main,TC4J cannot split pause() CODE at a mid-function pragma,compiler-observed,ev-th04-main-demo-midfunction-segment-negative-v337,docs/reconstruction/main/TH04_DEMO_PAUSE_SPLIT_V282.md;scripts/probes/probe_th04_demo_midfunction_segment.py;.analysis/reconstruction/probes/v337-demo-midfunction-segment-001/receipt.json,TC4J rejects #pragma option -zC inside pause(); #pragma codeseg is accepted but affects later functions and leaves all 0x11F current-function bytes in PAUSE_HEAD_TEXT with no PAUSE_TAIL_TEXT CODE. Do not retry source pragmas for the hypothesized 1+40+11 relocation partition; recover another historical OMF producer.,2026-09-19
th04-main-enemy-position-codegen-v339,pattern,th04-main,B4M enemy position helper saved-pointer source order,compiler-observed,ev-th04-main-enemy-helpers-compiler-v339;ev-th04-main-enemy-helpers-nonexact-v339,src/main/enemy/script_helpers.cpp;docs/reconstruction/main/TH04_MAIN_ENEMY_HELPERS_V328.md;scripts/probes/replay_th04_enemy_helpers_natural.py,"Saving enemy_cur before the motion call, calling update_seg3() through the global, and assigning the register alias afterward makes TC4J emit the target 67-byte ENTER 2 / BP-local / AX / SI instruction shape. The complete helper group is now 140/142 bytes; aim ES preservation remains open and no exact promotion follows.",2026-09-19
th04-main-enemy-es-preservation-v340,pattern,th04-main,Enemy-script calls deliberately preserve the stage-script ES,corroborated,ev-th04-main-enemy-helper-es-target-v340;ev-th04-main-enemy-dispatch-es-target-v340;ev-th04-main-enemy-es-crossgame-v340,docs/reconstruction/main/TH04_MAIN_ENEMY_HELPERS_V328.md;docs/reconstruction/main/TH04_MAIN_ENEMY_SCRIPT_NATURAL_V330.md;scripts/probes/review_th04_enemy_es_preservation.py,TH04 aim and opcode 0x20 contain PUSH ES / calls / POP ES; the independent TH05 target has three analogous enemy-script sites. Treat this as semantic and lineage corroboration. It does not establish original source syntax or permit target-derived inline assembly.,2026-09-19
th04-main-enemy-es-save-codegen-negative-v341,negative-result,th04-main,Natural TC4J scalar and saveregs forms do not emit an isolated ES save pair,compiler-observed,ev-th04-main-enemy-es-save-codegen-negative-v341,docs/reconstruction/main/TH04_MAIN_ENEMY_HELPERS_V328.md;scripts/probes/probe_th04_enemy_es_save_codegen.py;.analysis/reconstruction/probes/v341-enemy-es-save-codegen-001/receipt.json,"For the aim helper, unsigned automatic save/restore uses a BP local, register uses DI, and __saveregs saves all general and segment registers. None emits the 51-byte target form. Do not repeat these forms; find independently justified low-level source provenance or a different compiler mechanism.",2026-09-19
th04-main-enemy-es-handwritten-v342,pattern,th04-main,Enemy VM ES preservation is classified handwritten ABI assembly,inferred,ev-th04-main-enemy-helper-es-target-v340;ev-th04-main-enemy-dispatch-es-target-v340;ev-th04-main-enemy-es-crossgame-v340;ev-th04-main-enemy-es-save-codegen-negative-v341;ev-th04-main-enemy-helpers-es-explicit-v342;ev-th04-main-enemy-dispatch-es-explicit-v342,src/main/enemy/script_helpers.cpp;src/main/enemy/script_update.cpp;_reference/ReC98/th03/main/enemy/enemy.cpp;docs/reconstruction/main/TH04_MAIN_ENEMY_HELPERS_V328.md;docs/reconstruction/main/TH04_MAIN_ENEMY_SCRIPT_NATURAL_V330.md,"TH04 and TH05 targets independently show the ES-save architecture; ordinary TC4J scalar/register/saveregs forms fail, while the TH03 enemy source uses the same explicit two-instruction idiom and its masked 41-byte helper shape occurs uniquely in the attested TH03 target at load 0x13EA8. Classify the two TH04 pairs as genuine handwritten ABI preservation. This source classification grants no exact credit; proceed to linked raw/MAP/relocation replay.",2026-09-19
th04-main-enemy-script-exact-v343,fact,th04-main,Complete B4M enemy helper and script VM owners are strict exact,observed,ev-th04-main-enemy-helpers-raw-v343;ev-th04-main-enemy-helpers-layout-v343;ev-th04-main-enemy-helpers-aggregate-final-v343;ev-th04-main-enemy-dispatch-raw-v343;ev-th04-main-enemy-dispatch-layout-v343;ev-th04-main-enemy-dispatch-aggregate-final-v343;ev-th04-main-enemy-functions-v343,src/main/enemy/script_helpers.cpp;src/main/enemy/script_update.cpp;config/th04_main_exact_units.toml;docs/reconstruction/main/TH04_MAIN_ENEMY_HELPERS_V328.md;docs/reconstruction/main/TH04_MAIN_ENEMY_SCRIPT_NATURAL_V330.md,"The complete B4M_UPDATE_TEXT load range 0x1554F..0x15C6C is reconstructed by two maintained TC4J objects. Focused A/B and 251-owner aggregate replays pass raw zero difference, exact MAP ownership, all three ordered MZ relocations, valid deterministic OMF, and cold determinism. Function review admits the 67/24/51-byte helpers and 1392-byte VM body while accounting for the 288-byte compiler switch table.",2026-09-19
th04-main-items-inline-handwritten-v344,pattern,th04-main,Item collision subtraction is classified symbolic handwritten low-level source,corroborated,ev-th04-main-items-inline-classification-v344;ev-th04-main-items-raw-v344,src/main/item/items_update.cpp;docs/reconstruction/main/TH04_MAIN035_ITEMS_V154.md;.analysis/reconstruction/probes/v344-items-inline-asm/receipt.json,"The attested TH05 homolog uniquely repeats target 29 C3 / 29 D3 in the same instruction architecture. Pinned TC4J symbolic sub bx,ax/dx statements preserve 1350-byte CODE and all other bytes while changing only the four blocked bytes. Treat these two operations as genuine handwritten low-level source; this classification alone never grants exact credit.",2026-09-19
th04-main-items-exact-v344,fact,th04-main,Complete MAIN_035 item producer 13A9:9F8B size 0x546 is strict exact,observed,ev-th04-main-items-toolchain-v344;ev-th04-main-items-omf-v344;ev-th04-main-items-cold-v344;ev-th04-main-items-layout-v344;ev-th04-main-items-raw-v344;ev-th04-main-items-aggregate-final-v344;ev-th04-main-items-functions-v344,src/main/item/items_update.cpp;src/main/player/shot_velocity.asm;config/th04_main_exact_units.toml;docs/reconstruction/main/TH04_MAIN035_ITEMS_V154.md,"Focused 96-owner A/B and default 252-owner aggregate replays reproduce all 1350 bytes, the exact MAP contribution, all fifteen ordered MZ relocations, valid deterministic OMF, and six reviewed function extents including two switch-table tails.",2026-09-19
th04-main-thicklaser-copy-handwritten-v345,pattern,th04-main,Thick-laser template copy is classified symbolic handwritten low-level source,corroborated,ev-th04-main-thicklaser-copy-crossgame-v345;ev-th04-main-thicklaser-copy-explicit-v345,src/main/bullet/thicklaser_update.cpp;docs/reconstruction/main/TH04_MAIN_THICKLASER_UPDATE_V181.md;_reference/ReC98/decomp.hpp;.analysis/reconstruction/probes/v345-thicklaser-crossgame/receipt.json,"The attested TH05 target independently repeats two count-first DS:ES structure-copy helpers, while the historical macro supplies candidate source form. Symbolic TC4J register assignments plus PUSH DS/POP ES and REP MOVSW reproduce the complete TH04 24-byte helper. Treat this as genuine handwritten low-level source; classification alone never grants exact credit.",2026-09-19
th04-main-thicklaser-update-exact-v345,fact,th04-main,Complete B4M thick-laser producer 13A9:22E4 size 0x15A is strict exact,observed,ev-th04-main-thicklaser-toolchain-v345;ev-th04-main-thicklaser-omf-v345;ev-th04-main-thicklaser-cold-v345;ev-th04-main-thicklaser-layout-v345;ev-th04-main-thicklaser-raw-v345;ev-th04-main-thicklaser-aggregate-final-v345;ev-th04-main-thicklaser-functions-v345,src/main/bullet/thicklaser_update.cpp;config/th04_main_exact_units.toml;docs/reconstruction/main/TH04_MAIN_THICKLASER_UPDATE_V181.md,"Focused 100-owner A/B and default 253-owner aggregate replays reproduce all 346 bytes, the exact MAP contribution, both ordered MZ relocations, valid deterministic OMF, and four reviewed function extents.",2026-09-19
th04-compat-localization-v347,pattern,th04,Localize cross-game declarations behind TH04-owned headers without weakening exact replay,compiler-observed,ev-th04-main-compat-leaf-aggregate-v347,docs/reconstruction/shared/TH04_COMPAT_MIGRATION.md;scripts/audit_compat_dependencies.py;scripts/replay_th04_main_exact_units.py;config/th04_main_exact_units.toml,"Use TH04 names under src/, map changed fragment includes explicitly to the pinned scaffold, apply offset-bound replacements before include localization, and hash-bind any unchanged TH04 scaffold header that must point at a local declaration. The first nine-adapter batch preserves all 253 default MAIN exact owners twice and reduces the boundary to 34 forwarders/235 sites.",2026-09-19T05:44:17.766040+00:00
th04-runtime-graphics-local-v348,pattern,th04,High-reach runtime and graphics adapters can migrate to layered TH04-owned interfaces,compiler-observed,ev-th04-main-runtime-gfx-local-aggregate-v348,src/shared/runtime/api.hpp;src/shared/hardware/graphics.hpp;src/shared/platform/abi.hpp;src/shared/platform/pc98.hpp;src/shared/platform/types.hpp;src/shared/platform/x86.hpp;scripts/replay_th04_main_exact_units.py;docs/reconstruction/shared/TH04_COMPAT_MIGRATION.md,"Replace product includes with TH04-owned subsystem interfaces, keep target ABI symbols stable, and hash-bind exact-line rewrites that localize the pinned TH04 scaffold. The v348 double-cold aggregate preserves all 253 accepted MAIN owners after removing the 69-site master and 63-site graphics adapters. The replay proves the exercised interface surface and grants no exact claim to unused declarations.",2026-09-19T06:13:42.187992+00:00
th04-randring-grcg-local-v349,pattern,th04,Localize TH04 randring and GRCG at maintained product boundaries,compiler-observed,ev-th04-main-randring-grcg-local-aggregate-v349,src/main/math/randring.hpp;src/main/math/randring_ranges.hpp;src/main/hardware/grcg.hpp;config/th04_main_exact_units.toml;docs/reconstruction/shared/TH04_COMPAT_MIGRATION.md,"Use a declaration-only TH04 random-ring interface plus a bounded range-helper header, and combine TH04 mode/color/port helpers in one TH04 GRCG interface. Keep replacements in maintained TH04 overlays; for a fragment, map one local include to every old scaffold include it supersedes. Avoid tree-rewriting pinned TH04 headers that are also consumed by the all-game TH05 calibration build. The v349 double-cold aggregate preserves all 253 accepted MAIN owners and reduces compat to 28 forwarders/59 sites.",2026-09-19T06:44:19.085607+00:00
th04-cdg-resident-local-v350,pattern,th04,Localize TH04 CDG and resident declarations without cross-game product names,compiler-observed,ev-th04-main-cdg-resident-local-aggregate-v350,src/main/formats/cdg.hpp;src/shared/config/resident.hpp;src/shared/config/score.hpp;config/th04_main_exact_units.toml;scripts/replay_th04_main_exact_units.py;docs/reconstruction/shared/TH04_COMPAT_MIGRATION.md,"Use a declaration-only MAIN CDG interface and the shared MAIN/ZUN resident layout. Preserve the historical TH04 score guard while pinned headers remain, and use occurrence-qualified localized-fragment mappings when the same local include occupies two conditional scaffold positions. The v350 double-cold aggregate preserves all 253 accepted MAIN owners and reduces compat to 26 forwarders/47 sites.",2026-09-19T07:07:53.253401+00:00
th04-overlap-sound-shot-local-v351,pattern,th04,"Localize TH04 collision, sound, and player-shot interfaces without changing shared lower-game producers",compiler-observed,ev-th04-main-overlap-sound-shot-local-aggregate-v351,src/main/math/overlap.hpp;src/shared/sound/api.hpp;src/main/player/shot.hpp;src/main/player/player.hpp;src/main/playfield/motion.hpp;src/main/math/motion.hpp;src/main/math/subpixel.hpp;config/th04_main_exact_units.toml;docs/reconstruction/shared/TH04_COMPAT_MIGRATION.md,"Preserve macro evaluation order and the Q12.4/68-shot ABI under TH04-owned paths. When a maintained implementation historically lives below another game path, overlay its TH04 wrapper so the all-game calibration does not consume TH04-only declarations. Keep unchanged function-only source as an identity fragment, and map local includes only in bounded fragments. The v351 double-cold aggregate preserves all 253 accepted MAIN owners and reduces compat to 23 forwarders/34 sites.",2026-09-19T07:43:37.509290+00:00
th04-palette-local-v352,pattern,th04,Keep the deferred palette-tone latch MAIN-owned while preserving macro evaluation order,compiler-observed,ev-th04-main-palette-local-aggregate-v352,src/main/hardware/palette.hpp;src/main/boss/explode.cpp;src/main/boss/boss.cpp;config/th04_main_exact_units.toml;docs/reconstruction/shared/TH04_COMPAT_MIGRATION.md,"The TH03 palette dependency contributes only palette_changed and palette_settone_deferred() to the three MAIN product sites. Localize that surface under src/main/hardware, preserve the braced assignment order, and map the changed include only for the historical localized fragment. The v352 double-cold aggregate preserves all 253 accepted MAIN owners and reduces compat to 22 forwarders/31 sites.",2026-09-19T15:45:37.598721+00:00
th04-playchar-local-v353,pattern,th04,Use one TH04-owned playchar interface while preserving GAME-dependent enum ABI for replay calibration,compiler-observed,ev-th04-main-playchar-local-aggregate-v353,src/main/playchar.hpp;src/main/ems.cpp;src/main/score/ranking.cpp;docs/reconstruction/shared/TH04_COMPAT_MIGRATION.md,"The maintained EMS and ranking TUs are shared by the pinned all-game build, so removing the TH05 playchar forwarder requires preserving GAME5's four-character uint8-forced enum while retaining TH04's two-character playchar and shot-type API. A conditional local interface does that without exposing a cross-game include in product source. v353 focused and 253-owner aggregate replay remain exact.",2026-09-19T16:01:05.908966+00:00
th04-rank-local-v354,pattern,th04,Keep rank enum width and GAME-dependent constants under one TH04-owned MAIN interface,compiler-observed,ev-th04-main-rank-local-aggregate-v354,src/main/rank.hpp;src/main/score/ranking.cpp;src/main/core/gameplay_session_init.cpp;docs/reconstruction/shared/TH04_COMPAT_MIGRATION.md,"The cross-game rank adapter supplied enum-width forcing, GAME-dependent Extra rank, setup-menu sentinel, label macros, and the rank selector surface. Localizing those declarations preserves ranking.cpp exactness and the complete 253-owner accepted aggregate while removing the two product compatibility sites. gameplay_session_init consumes the same declarations but remains independently blocked by its previously established one-byte compiler metadata/alignment shortfall; compatibility migration does not alter or promote that function.",2026-09-19T16:14:09.336637+00:00
th04-pi-local-v355,pattern,th04-shared,Localize the shared PI interface without changing its cross-game calling convention or semantic OMF,compiler-observed,ev-th04-pi-local-omf-v355;ev-th04-main-pi-local-aggregate-v355,src/shared/formats/pi.hpp;src/shared/formats/pi_put.cpp;src/shared/formats/pi_load.cpp;docs/reconstruction/shared/TH04_COMPAT_MIGRATION.md,"The maintained PI helpers retain TH02 cdecl and TH03+ Pascal calling conventions, GAME5 eight-slot expansion, far buffer-pointer arithmetic, and the original graphics ABI. Fresh same-module TC86 A/B probes show all non-COMENT OMF records identical for both pi_put and pi_load; only dependency-comment metadata changes with the local include closure. The 253-owner MAIN aggregate remains exact, while OP/MAINE shared-producer evidence stays non-crediting.",2026-09-19T16:27:17.410780+00:00
th04-tile-local-v356,pattern,th04-shared,Keep tile file-format dimensions local and independent from playfield layout,compiler-observed,ev-th04-main-tile-local-aggregate-v356,src/shared/formats/tile.hpp;src/main/formats/mpn_free.cpp;src/main/formats/mpn_load.cpp;docs/reconstruction/shared/TH04_COMPAT_MIGRATION.md,"The TH02 compatibility header contributes only tile-format constants to the maintained TH04 MPN owners. Localizing those constants under src/shared/formats preserves the original 16x16 tile geometry, 24x25 file dimensions, 4-bit shifts, and GAME4+ 32-column ring-storage width without coupling the format to playfield metrics. Both touched MPN owners pass focused two-cold replay and the v356 253-owner MAIN aggregate remains exact.",2026-09-19T16:50:06.233569+00:00
th04-bb-local-v357,pattern,th04-main,Localize the TH04 BB ABI and rewrite only the pinned tile-BB scaffold include,compiler-observed,ev-th04-main-bb-local-aggregate-v357,src/main/formats/bb.hpp;src/main/formats/bb_txt.cpp;src/main/player/bomb.cpp;src/main/hud/overlay.cpp;src/main/boss/boss.cpp;src/main/boss/mugetsu_gengetsu_bg_render.cpp;config/th04_main_exact_units.toml;docs/reconstruction/shared/TH04_COMPAT_MIGRATION.md,The same-game BB header is consumed both directly and through the pinned th04/main/tile/bb.hpp scaffold. A complete migration therefore needs a MAIN-owned format header plus a hash-bound single-header scaffold rewrite; changing only the two compat forwarder sites would leave the old declaration path active. The v357 focused and 253-owner cold replays preserve all affected accepted owners.,2026-09-19T17:07:02.826067+00:00
th04-enemy-size-local-v358,pattern,th04-main,Keep the common TH04 enemy dimensions in one MAIN-owned interface,compiler-observed,ev-th04-main-enemy-size-local-aggregate-v358,src/main/enemy/size.hpp;src/main/enemy/script_helpers.cpp;src/main/enemy/enemies_invalidate.cpp;src/main/midboss/invalidate.cpp;docs/reconstruction/shared/TH04_COMPAT_MIGRATION.md,The legacy enemy-size header contributes only the 32x32 enemy dimensions and 32x32 kill-box constants to maintained TH04 MAIN code. Localizing all three maintained consumers avoids leaving a same-game scaffold path beside the two compat forwarder sites. Focused cold replay and the v358 253-owner aggregate preserve every affected accepted owner.,2026-09-19T17:17:27.052669+00:00
th04-main-pat-local-v359,pattern,th04-main,Localize only the sprite pattern numbers consumed by maintained shared TH04 sources,compiler-observed,ev-th04-main-pat-game5-abi-v359;ev-th04-main-pat-local-aggregate-v359,src/main/sprites/main_pat.hpp;src/main/boss/explode.cpp;src/main/bullet/update_prefix.inl;config/th04_main_exact_units.toml;docs/reconstruction/shared/TH04_COMPAT_MIGRATION.md,"Do not copy the complete TH05 main_pat enum. The maintained explosion and bullet sources need only a bounded conditional subset. Because bullet/update.cpp is a shared enclosing TU, the local GAME4 and GAME5 branches must also provide the zap/decay constants used after the localized prefix. Keep the two local include occurrences in their original preprocessor branches so strict fragment replay maps them back to the TH05 and TH04 scaffold includes independently. GAME5-only values are compiler-observed by a pinned TC4J A/B probe; TH04 exactness comes from focused and 253-owner cold replay.",2026-09-19T17:39:22.856013+00:00
th04-polar-local-v360,pattern,th04-main,Merge the consumed legacy polar offset helpers into the existing TH04 polar interface,compiler-observed,ev-th04-main-polar-local-aggregate-v360,src/main/math/polar.hpp;src/main/math/vector.cpp;docs/reconstruction/shared/TH04_COMPAT_MIGRATION.md,vector.cpp was the only remaining product user of the TH01 polar forwarder and already included the TH04 polar header. Localize only polar_x_fast_unsafe/polar_y_fast_unsafe and their byte-offset table expression into that existing header. The header must retain both the localized runtime trig table declarations and pc98 pixel types; omitting pc98.hpp causes TC4J to misparse the unknown pixel_t return type as an illegal inline storage-class declaration. The corrected focused replay and v360 253-owner aggregate preserve exact output.,2026-09-19T17:59:28.103383+00:00
th04-subpixel-local-v361,pattern,th04-main,Use the existing TH04 subpixel interface for the remaining CIRCLE_TEXT scroll helper,compiler-observed,ev-th04-main-subpixel-local-aggregate-v361,src/main/math/subpixel.hpp;src/main/scroll/scroll_subpixel_y.cpp;config/th04_main_exact_units.toml;docs/reconstruction/shared/TH04_COMPAT_MIGRATION.md,"scroll_subpixel_y.cpp needs only subpixel_t and TO_PIXEL from the legacy TH01 subpixel header, both already present in src/main/math/subpixel.hpp. The focused replay must select th04-main-motion-seg1-asm-v183 rather than the scroll owner directly because the accepted physical split requires motion1.asm to be materialized after the natural 0x28 scroll helper. The v361 dependency-closure replay and full aggregate preserve exact output.",2026-09-19T18:09:14.454259+00:00
th04-bullet-impl-local-v362,pattern,th04-main,Localize only the bullet ring-group macro consumed by TH04 MAIN,compiler-observed,ev-th04-main-bullet-impl-local-aggregate-v362,src/main/bullet/add_impl.hpp;src/main/bullet/add.cpp;docs/reconstruction/shared/TH04_COMPAT_MIGRATION.md,"The old TH02 bullet implementation header exposes several switch-case macro families, but maintained TH04 bullet/add.cpp expands only bullet_group_ring_impl. The smallest honest TH04 interface therefore keeps that one macro byte-for-byte in source shape rather than copying unused TH02 spread logic. Focused replay of the complete 0x85B bullet_a.cpp owner and the v362 253-owner aggregate remain exact.",2026-09-19T18:16:47.237651+00:00
th04-hud-metrics-local-v363,pattern,th04-main,Make the HUD-left clipping dependency explicit instead of carrying the TH02 HUD API,compiler-observed,ev-th04-main-hud-metrics-local-aggregate-v363,src/main/hud/metrics.hpp;src/main/boss/explode.cpp;docs/reconstruction/shared/TH04_COMPAT_MIGRATION.md,"boss/explode.cpp appears not to reference the TH02 HUD header, but its playfield clipping macros expand PLAYFIELD_CLIP_RIGHT = HUD_LEFT * GLYPH_HALF_W. Removing the include entirely makes TC4J fail with HUD_LEFT undefined. Localize only HUD_LEFT=56 under a TH04 HUD metrics header; focused replay of the complete BOSS_EXP_TEXT owner and the v363 aggregate preserve exact output.",2026-09-19T18:27:26.467961+00:00
th04-item-overflow-local-v364,pattern,th04-main,Separate TH04 power-overflow declarations from the already-owned miss-item interface,compiler-observed,ev-th04-main-item-overflow-local-aggregate-v364,src/main/item/power_overflow.hpp;src/main/item/items_update.cpp;docs/reconstruction/shared/TH04_COMPAT_MIGRATION.md,"The TH02 item/shared forwarder contributes ITEM_MISS_COUNT plus power-overflow declarations, but the TH04 item.hpp included earlier in items_update.cpp already owns ITEM_MISS_COUNT=5. The honest migration localizes only POWER_OVERFLOW_MAX=42 and the signed 16-bit POWER_OVERFLOW_BONUS table. Focused replay of the complete item producer and the v364 aggregate preserve exact output.",2026-09-19T18:35:27.803357+00:00
th04-midboss-state-local-v365,pattern,th04-main,Localize only the GAME4 midboss_active state consumed by std_run,compiler-observed,ev-th04-main-midboss-state-local-aggregate-v365,src/main/midboss/state.hpp;src/main/stage/std_run.cpp;docs/reconstruction/shared/TH04_COMPAT_MIGRATION.md,"The TH02 midboss header contains a broad GAME2 callback interface, but GAME4 preprocesses that surface away and std_run only consumes the byte-sized midboss_active flag. A one-declaration TH04 state header is therefore the complete local surface. Focused std_run replay and the v365 default aggregate preserve exact output.",2026-09-19T18:43:18.087060+00:00
th04-scroll-state-local-v366,pattern,th04-main,Localize the GAME5 scroll_line declaration and validate the preprocessor-dead TH04 branch independently,compiler-observed,ev-th04-scroll-state-game5-abi-v366;ev-th04-main-scroll-state-local-aggregate-v366,src/main/scroll/state.hpp;src/main/playfield.cpp;.analysis/gpt-web/scroll-state-game5-probe-001/semantic-compare.json;docs/reconstruction/shared/TH04_COMPAT_MIGRATION.md,"playfield.cpp includes the old TH02 scroll header only for GAME5, where the TU consumes only vram_y_t scroll_line. TH04 focused/aggregate replay is therefore only a regression gate because GAME4 preprocesses that include away. A separate GAME5 TC86 A/B probe shows all 12 non-COMENT OMF records identical between the old header and the one-declaration local header, preserving the shared branch without importing unused TH02 scroll macros/state.",2026-09-19T18:50:31.850250+00:00
th04-sound-impl-local-v367,pattern,th04-shared,Localize the shared sound implementation helpers while preserving fragment replay inputs,compiler-observed,ev-th04-main-sound-impl-local-aggregate-v367,src/shared/sound/impl.hpp;src/shared/sound/kaja_interrupt.cpp;config/th04_main_exact_units.toml;docs/reconstruction/shared/TH04_COMPAT_MIGRATION.md,The legacy TH02 sound implementation header supplies SE state declarations plus snd_get_param() and snd_load_size() to maintained TH04 sound code. A complete migration cannot stop at kaja_interrupt.cpp because accepted SE and snd_load owners patch pinned ReC98 translation units; those scaffold includes must be replaced through hash-bound source transforms whose repo_inputs freeze the local header. Focused replay of all four paths and the v367 default aggregate preserve exact accepted output. The separate four-byte low-level snd_load blocker remains untouched.,2026-09-19T19:21:26.954484+00:00
th04-sound-measure-local-v368,pattern,th04-shared,Localize the sound measure helper and keep MMD timing ownership with the KAJA API,compiler-observed,ev-th04-sound-measure-local-omf-v368;ev-th04-main-sound-measure-local-aggregate-v368,src/shared/sound/api.hpp;src/shared/sound/measure.hpp;src/shared/sound/delay_until_measure.cpp;.analysis/gpt-web/measure-header-abi-probe-001/semantic-compare.json;docs/reconstruction/shared/TH04_COMPAT_MIGRATION.md,"The old measure header contributes one inline driver wrapper plus the MMD ticks-per-quarter constant from KAJA. The local sound API already owns KAJA function/interrupt constants, so the format timing constant belongs there and the wrapper belongs in src/shared/sound/measure.hpp. A GAME4 PC-98 IDE A/B probe shows all code, symbol, segment, fixup, and module OMF records byte-identical; only dependency comments and source-line metadata differ. The v368 default aggregate remains exact for all accepted owners.",2026-09-19T19:30:32.161988+00:00
th04-cfg-loader-local-v369,pattern,th04-main,Localize the shared GAME3/4 resident-pointer cfg loader without importing the full TH03 cfg API,compiler-observed,ev-th04-cfg-loader-game3-omf-v369;ev-th04-main-cfg-loader-local-aggregate-v369,src/main/config/load_resident_impl.hpp;src/main/config/load_resident_ptr.cpp;src/shared/config/cfg.hpp;.analysis/gpt-web/cfg-impl-game3-ab-001/semantic-compare.json;docs/reconstruction/shared/TH04_COMPAT_MIGRATION.md,"The maintained cfg_lres source is physically shared only by GAME3 and GAME4. GAME4 reuses the already-attested TH04 cfg layout; GAME3 needs only its compact cfg_options_t/cfg_t calibration layout plus the same far-Pascal master file API ABI. The previous GAME3 object proves cfg_t size 8 by both ENTER 8 and file_read size 8, implying a packed five-byte options prefix. The localized source reproduces all 11 semantic OMF records for GAME3 and keeps the TH04 0x31 owner exact.",2026-09-19T19:41:59.158919+00:00
th04-map-format-local-v370,pattern,th04-main,Localize the TH04 MAP file layout without importing the legacy planar surface,compiler-observed,ev-th04-main-map-format-local-aggregate-v370,src/main/formats/map.hpp;src/main/formats/map.cpp;src/main/stage/session_init.cpp;docs/reconstruction/shared/TH04_COMPAT_MIGRATION.md,"The old MAP header needs only tile dimensions plus a signed 16-bit VRAM-offset representation. Keep the on-disk ABI explicit as int16_t instead of pulling legacy planar.h into the new interface. Compile-time checks pin map_header_t at 8 bytes and each 5x32 section at 320 bytes. The exact map owner remains byte-identical, and the non-exact session producer retains its original relocation-only blocker with raw/MAP/OMF checks still passing.",2026-09-19T19:53:31.742982+00:00
th04-thicklaser-local-v371,pattern,th04-main,Make the target-verified thicklaser layout a product ABI instead of a replay-only correction,corroborated,ev-th04-main-thicklaser-local-aggregate-v371,src/main/bullet/laser_t.hpp;src/main/bullet/thicklaser_update.cpp;src/main/bullet/thicklaser_render.cpp;src/main/boss/yuuka5.cpp;src/main/boss/yuuka5_tail.cpp;src/main/boss/yuuka6_main034.cpp;src/main/boss/gengetsu6_columns.cpp;docs/reconstruction/shared/TH04_COMPAT_MIGRATION.md,Target/TASM evidence from v32 proves four bytes after thicklaser_t::origin where the historical ReC98 header declared one. Localize that corrected ABI under src/main/bullet and route every maintained consumer through it. Keep the old SHA-locked scaffold correction for pinned legacy source that may still compile during replay; product source no longer depends on the incorrect header. Three sensitive focused replays and the 253-owner v371 aggregate preserve exact output.,2026-09-19T20:19:10.995052+00:00
th04-homing-local-v372,pattern,th04-main,Keep homing target ownership in one TH04 MAIN declaration surface,compiler-observed,ev-th04-main-homing-local-aggregate-v372,src/main/homing.hpp;src/main/player/reimu_shot.cpp;src/main/enemy/enemies_update.cpp;src/main/midboss/m1_update.cpp;src/main/midboss/m2_update.cpp;src/main/midboss/m3_update.cpp;src/main/midboss/m4_update.cpp;src/main/boss/boss.cpp;config/th04_main_exact_units.toml;docs/reconstruction/shared/TH04_COMPAT_MIGRATION.md,The old same-game homing header contributes only SPPoint homing_target. Localize that declaration once and route every maintained include through it instead of leaving a same-game legacy path beside the compatibility site. The boss-prefix fragment maps the local include back to the pinned scaffold include only for replay. Midboss/enemy focused replay and the v372 default aggregate preserve exact output.,2026-09-19T20:29:57.551265+00:00
th04-faceset-local-v373,hazard,th04-main,Preserve exact faceset filename byte case when localizing GAME4/5 macro tables,compiler-observed,ev-th04-faceset-game5-omf-v373;ev-th04-main-faceset-local-aggregate-v373,src/main/shiftjis/fns.hpp;src/main/ems.cpp;.analysis/gpt-web/shiftjis-fns-game5-probe-001/semantic-compare.json;docs/reconstruction/shared/TH04_COMPAT_MIGRATION.md,"ems.cpp only needs main_cdg_load_faceset_playchar() from the old GAME-specific fns headers. Keep the conditional two-character GAME4 if/else and four-character GAME5 switch, and preserve GAME5 filename bytes exactly as KAO0.cd2..KAO3.cd2. DOS case-insensitivity is irrelevant to exact reconstruction: a casing-only source change alters the string LEDATA. Final GAME5 A/B semantic OMF and the v373 MAIN aggregate pass.",2026-09-19T20:41:41.099835+00:00
th04-boss-base-local-v374,pattern,th04-main,Own the common TH04 boss ABI locally and close the compatibility forwarding boundary,corroborated,ev-th04-boss-base-game5-omf-v374;ev-th04-main-boss-base-local-aggregate-v374,src/main/boss/boss.hpp;src/main/boss/boss.cpp;src/main/boss/boss_prefix.inl;config/th04_main_exact_units.toml;.analysis/gpt-web/boss-base-game5-probe-001/semantic-compare.json;docs/reconstruction/shared/TH04_COMPAT_MIGRATION.md,"The final compatibility forwarder layered TH05-only boss2/flystep declarations on top of the common TH04 boss header, but its two maintained GAME5 branch consumers use none of those TH05-only names. Recover the byte-identical TH04 boss-base header under src/main/boss, route all maintained same-game consumers through it, and map only the historical boss-prefix occurrences back to the pinned scaffold includes for replay. Three high-coverage focused replays, a GAME5 23-record semantic OMF A/B probe, and the v374 253-owner aggregate pass. The compat forwarding boundary is now zero; remaining reconstruction work is about unresolved exact owners/artifact source coverage rather than product includes through compat/rec98.",2026-09-19T20:55:52.386209+00:00
th04-gameplay-loop-exact-v375,pattern,th04-main,Preserve a byte-exact TC4J producer while repairing split-object alignment and far-call link semantics,corroborated,ev-th04-main-gameplay-toolchain-v375;ev-th04-main-gameplay-layout-v375;ev-th04-main-gameplay-raw-v375;ev-th04-main-gameplay-function-exact-review-v375;ev-th04-main-gameplay-aggregate-final-v375,src/main/core/gameplay_loop.cpp;config/th04_main_exact_units.toml;docs/reconstruction/main/TH04_DEMO_GAMEPLAY_TERNARY_V248.md,The v346/v375 gameplay objects have identical 379-byte LEDATA SHA-256 645e6530f9907d469842dd924db5c1f7b2e2414177a76ea9f3de35441f3e8c27. Splitting the original word-aligned DEMO_TEXT monolith after an odd-sized 0x17B object forces TLINK to insert a non-target alignment byte unless the hash-bound residual contribution is relaxed to byte alignment. Historical/public-name mismatches are resolved with zero-code OMF ALIAS records. The final five-byte playperf_raise mismatch is not codegen: #pragma samecodeseg preserves LEDATA while changing the OMF/FIXUPP/link decision so TLINK emits the target NOP; PUSH CS; CALL near form and removes the extra segment relocation.,2026-09-19T22:25:58.625094Z
th04-gameplay-session-metadata-v376,negative-result,th04-main,"Do not retry simple prefix/suffix, ABI, or basic compiler-option explanations for the gameplay-session metadata byte",compiler-observed,ev-th04-main-gameplay-session-metadata-negative-v376,src/main/core/gameplay_session_init.cpp;docs/reconstruction/main/TH04_DEMO_INTERNAL_BOUNDARIES_V165.md;.analysis/gpt-web/gameplay-session-fusion-001/receipt.json,"Target gameplay_session_init owns 450 executable bytes through RET, then one zero byte, then five jump words. Pinned TC4J emits the same switch structure in 460 bytes with no separator. The missing byte survives tests with exact gameplay and exact main+gameplay prefixes, real stage-session suffix, all near/far plus C/Pascal declaration combinations, explicit return/default forms, and a bounded -G/-O/-k/-Z/-r/-a matrix. Future work should investigate a different historical switch-data materialization/OMF producer mechanism rather than repeating alignment or calling-convention probes.",2026-09-19T22:48:03.624861Z
th04-gameplay-session-switch-align-v377,pattern,th04-main,Reconstruct gameplay_session_init in the original fused DEMO_TEXT producer so Borland can emit its switch-table alignment byte naturally,compiler-observed,ev-th04-main-gameplay-session-switch-align-v377;ev-th04-main-gameplay-session-toolchain-v377;ev-th04-main-gameplay-session-aggregate-candidate-v377;ev-th04-main-gameplay-session-function-exact-review-v377;ev-th04-main-gameplay-session-aggregate-final-v377,src/main/core/demo_prefix.cpp;src/main/core/main.cpp;src/main/core/gameplay_loop.cpp;src/main/core/gameplay_session_init.cpp;config/th04_main_exact_units.toml;_reference/ReC98/Research/Borland C++ decompilation.md,"The missing byte was not generic function alignment. The original DEMO_TEXT compiler context fuses _main, gameplay_loop, and gameplay_session_init; the initializer starts at odd object offset 0x1F7. With #pragma option -a active for the session switch, TC4J word-aligns the generated jump table by emitting exactly the target 0x00 after RET. Producer overrides retain exact logical ownership of the preceding functions. Cross-segment near function-pointer declarations retain their BULLET_A_TEXT/main_03 frame, and existing monolith tables are exported as same-address publics rather than copied.",2026-09-19T23:35:05.565356Z
th04-demo-pause-b-mode-v378,negative-result,th04-main,Pause-only TCC -B preserves code but reverses all pause FIXUPP entries; TH05 does not share TH04 isolated-first order,compiler-observed,ev-th04-main-pause-b-mode-th05-control-v378,src/main/stage/session_init.cpp;docs/reconstruction/main/TH04_DEMO_PAUSE_SPLIT_V282.md;.analysis/gpt-web/demo-pause-B-only-001/receipt.json,"Do not retry whole-pause -B/TASM as the stage-session solution. It preserves all 0x11F pause CODE bytes exactly but reverses the entire 12-fixup sequence, while TH04 needs only the first pause relocation promoted ahead of the 40 core fixups and keeps the other eleven descending. The independent TH05 target uses the ordinary descending pause relocation order with its first input-call fixup last, so TH04 special B2DA-first topology is artifact-specific rather than a shared pause source rule. Future probes should target TH04 object/segment/FIXUPP batching or linker input topology, not generic pause code generation.",2026-09-20T00:05:18.764535+00:00
th04-demo-fixupp-batching-v379,pattern,th04-main,The stage-session target relocation order is naturally produced by TC86 LEDATA batching when the 0x1A slowdown function precedes the DEMO producer,compiler-observed,ev-th04-main-demo-fixupp-batching-v379,src/main/slowdown.cpp;src/main/core/demo_prefix.cpp;src/main/stage/session_init.cpp;docs/reconstruction/main/TH04_DEMO_PAUSE_SPLIT_V282.md;.analysis/gpt-web/demo-fixupp-batching-v379/receipt.json,"The target one/core/eleven relocation ordering is no longer unexplained. In a single TC86 producer, adding exactly the 0x1A slowdown_frame_delay function before the existing exact demo prefix shifts TC86 LEDATA batching so the stage-session 56 long-pointer FIXUPP locations match the target sequence exactly. Omitting the slowdown prefix changes only batching and fails the order. -v/-y do not affect the order. Product work should reproduce this physical producer topology and then rely on linked raw/MAP/ordered-relocation replay; do not return to pause-only -B or debug-metadata hypotheses.",2026-09-20T00:23:03+00:00
th04-demo-session-fused-exact-v380,pattern,th04-main,Recover stage-session relocation order through natural fused DEMO producer batching,compiler-observed,ev-th04-main-demo-fixupp-batching-v379;ev-th04-main-demo-session-toolchain-v380;ev-th04-main-demo-session-omf-v380;ev-th04-main-demo-session-layout-v380;ev-th04-main-demo-session-raw-v380;ev-th04-main-stage-session-function-exact-review-v380;ev-th04-main-demo-session-aggregate-final-v380,src/main/core/demo_prefix.cpp;src/main/slowdown.cpp;src/main/stage/session_init.cpp;config/th04_main_exact_units.toml;docs/reconstruction/main/TH04_DEMO_PAUSE_SPLIT_V282.md,"TH04 stage-session did not require relocation-table editing or a special pause compiler. Fusing the exact 0x1A slowdown_frame_delay body before the accepted DEMO prefix and stage-session source shifts TC4J LEDATA/FIXUPP batching naturally: load 0xB2DA is emitted first, followed by the 40 core and remaining 11 pause relocations in the target order. The fused object preserves all 1310 owner bytes and target addresses; focused, candidate aggregate, four-function review, and post-promotion 256-owner aggregate all pass.",2026-09-20T01:43:03.864954Z
th04-dialog-fused-reloc-v381,pattern,th04-main,Restore the fused f_dialog/shared-dialog TC4J producer to recover target FIXUPP batching,compiler-observed,ev-th04-main-dialog-fused-toolchain-v381;ev-th04-main-dialog-op-layout-v381;ev-th04-main-dialog-run-layout-v381;ev-th04-main-dialog-aggregate-candidate-v381;ev-th04-main-dialog-function-exact-review-v381;ev-th04-main-dialog-run-toolchain-v381;ev-th04-main-dialog-run-aggregate-candidate-v381;ev-th04-main-dialog-run-function-exact-review-v381;ev-th04-main-dialog-op-aggregate-final-v381;ev-th04-main-dialog-run-aggregate-final-v381,src/main/dialog/fused.cpp;src/main/dialog/file.cpp;src/main/dialog/op.inl;src/main/dialog/run.inl;config/th04_main_exact_units.toml;docs/reconstruction/main/TH04_MAIN_DIALOG_BOUNDARY_V180.md,"The long-lived dialog_op/dialog_run blocker was physical producer topology rather than source semantics or TLINK switches. Fusing the preceding f_dialog source and shared dialog source into one natural TC4J M4_RENDER_TEXT object changes LEDATA/FIXUPP batching while preserving all linked code bytes, yielding the target three descending relocation runs. dialog_op's 0x3B0 physical owner (0x374 code plus compiler tables) and dialog_run's 0x17F body both pass focused and 258-owner aggregate replay exactly.",2026-09-20T02:38:59.631300Z
th04-dialog-render-v382,negative-result,th04-main,Do not force the stable TH04/TH05 dialog-render low-level shape into standalone ASM or retry -Ol on pinned TC4J,corroborated,ev-th04-main-dialog-render-crossgame-v382;ev-th04-main-dialog-render-loop-opt-negative-v382,src/main/dialog/render_primitives.inl;docs/reconstruction/main/TH04_MAIN_DIALOG_RENDER_V182.md;.analysis/gpt-web/v382-dialog-render-crossgame-001/receipt.json,"Independent TH05 target bytes strongly corroborate that TH04 REP STOSW/LOOP/register-direction shape is a reused low-level producer, but upstream git history introduces the three implementations in Decompilation commits 35d6fe30, 36166192, and a06996af rather than as recovered original ASM. The pinned Japanese TC4J 4.02 exposes neither command-line nor pragma -Ol, so the documented Borland loop-optimization route cannot be used on the accepted compiler surface. Keep the 218-byte packet blocked unless a new natural producer mechanism appears; do not reclassify it as standalone ASM merely to gain exactness.",2026-09-20T02:52:30.199224Z
th04-scroll-driver-v383,pattern,th04-main,Preserve AX quotient/FLAGS dataflow and replace the v196 zero-credit suffix in place,compiler-observed,ev-th04-main-scroll-driver-toolchain-v383;ev-th04-main-scroll-driver-layout-v383;ev-th04-main-scroll-driver-aggregate-candidate-v383;ev-th04-main-scroll-driver-function-exact-review-v383;ev-th04-main-scroll-driver-aggregate-final-v383,src/main/scroll/driver.cpp;config/th04_main_exact_units.toml;scripts/probes/replay_th04_scroll_driver_natural.py,"TC4J emits the target 96-byte driver when the scroll-line quotient remains in AX, the subtraction consumes the full 16-bit AX value, and the branch reads the sign flag directly. Linked closure requires replacing the historical v196 extracted 0x60 suffix at the same MAI_TEXT slot and bridging the old local/C++ names with linker aliases; the v196 auxiliary object/extent checks must trigger-switch to scrdrv.obj rather than being dropped.",2026-09-20T03:49:49.129237Z
th04-scroll-tile-ring-v386,open-question,th04-main,sub_B835 codegen mechanism is reproduced but historical low-level source provenance remains open,corroborated,ev-th04-main-scroll-tile-ring-codegen-v386;ev-th04-main-scroll-tile-ring-crossgame-v386;ev-th04-main-scroll-tile-ring-tasm-negative-v386,src/main/scroll/tile_ring_update.cpp;docs/reconstruction/main/TH04_END_SCROLL_TILE_RING_V386.md;.analysis/gpt-web/v386-sub-b835-mechanism-001/receipt.json,"A pure-C++ TC4J formulation reaches the exact 199-byte size and branch layout. The remaining fixed opcode direction and copy-order shape is exactly what TC4J built-in inline assembler emits from symbolic mnemonics, and an independent TH05 target preserves the same producer architecture. Standalone TASM cannot emit those encodings under tested compatibility modes. However, no direct historical source for sub_B835 has been recovered, so tracked inline assembly is not yet justified and the function remains blocked.",2026-09-20T04:17:41.587293Z
th04-nullfunc-v387,pattern,th04-main,Empty Pascal callbacks become one-byte RET/RETF when TC4J standard stack frames are disabled,compiler-observed,ev-th04-main-nullfunc-near-codegen-v387;ev-th04-main-nullfunc-far-codegen-v387;ev-th04-main-nullfunc-near-aggregate-candidate-v387;ev-th04-main-nullfunc-far-aggregate-candidate-v387;ev-th04-main-nullfunc-near-aggregate-final-v387;ev-th04-main-nullfunc-far-aggregate-final-v387,src/main/core/nullfunc_near.cpp;src/main/core/nullfunc_far.cpp;config/th04_main_exact_units.toml,Use #pragma option -k- with extern C Pascal near/far empty functions. TC4J then naturally exports NULLFUNC_NEAR/NULLFUNC_FAR and emits exactly C3/CB. Keep the adjacent EVEN bytes outside function credit as hash-bound zero-credit layout objects; retain the legacy _demo_input_null name only as a linker ALIAS to NULLFUNC_NEAR.,2026-09-20T05:21:22.569942Z
th04-randring-mod-v388,pattern,th04-main,Treat randring modulo helpers as shared original-style ASM rather than forcing TC4J division scheduling,corroborated,ev-th04-main-randring1-mod-origin-v388;ev-th04-main-randring2-mod-origin-v388;ev-th04-main-randring1-mod-aggregate-candidate-v388;ev-th04-main-randring2-mod-aggregate-candidate-v388;ev-th04-main-randring1-mod-aggregate-final-v388;ev-th04-main-randring2-mod-aggregate-final-v388,src/main/math/randring1_next16_mod.asm;src/main/math/randring2_next16_mod.asm;config/th04_main_exact_units.toml;_reference/ReC98/th04/math/randring.inc,"Natural TC4J reaches the exact 25-byte size but schedules MOV BX,SP before its implicit XOR DX,DX; explicit zeroing duplicates XOR or adds address arithmetic. ReC98 commit 4b8baf14 independently identifies one low-level RANDRING_NEXT_DEF family across TH02-TH05, TH05 directly includes the TH04 macro, and the attested TH05 target contains two matching MOD bodies. Symbolic TASM therefore belongs on the original-ASM plane; the trailing r1 NOP and r2 db 0 remain physical layout outside logical credit.",2026-09-20T06:12:47.423718Z
th04-pointnum-digits-v389,pattern,th04-main,Accept POINTNUM_DIGITS_SET on the original-ASM plane with TH04/TH05 producer provenance,corroborated,ev-th04-main-pointnum-digits-origin-v389;ev-th04-main-pointnum-digits-aggregate-candidate-v389;ev-th04-main-pointnum-digits-aggregate-final-v389,src/main/pointnum/digits.asm;config/th04_main_exact_units.toml;_reference/ReC98/th04/main/pointnum/digits.asm;_reference/ReC98/th05/main/pointnum/digits.asm,"ReC98 c6b17b0c simultaneously reverse-engineers separate TH04 and TH05 digit ASM producers. The attested TH05 target independently preserves stack-fed repeated division through a compact LOOP and trailing NOP. The maintained TH04 source symbolically references FIVE_DIGIT_POWERS_OF_10 and owns a 0x26 physical contribution, while only the first 0x25 bytes receive logical function credit.",2026-09-20T06:47:34.198093Z
th04-item-splashes-init-v390,negative-result,th04-main,Keep item_splashes_init reviewed but blocked at the single XOR encoding difference,compiler-observed,ev-th04-main-item-splashes-init-reviewed-boundary-v390;ev-th04-main-item-splashes-init-codegen-negative-v390;ev-th04-main-item-splashes-init-function-review-v390;ev-th04-main-item-splashes-init-source-v390;ev-th04-main-item-splashes-init-natural-nonexact-v390,src/main/item/splashes_init.cpp;scripts/probes/replay_th04_item_splashes_init_natural.py;config/th04_main_function_review.toml;config/th04_main_authored_functions.csv;config/th04_function_boundaries.csv;.analysis/gpt-web/v390-item-splashes-init-review-001/receipt.json,"The complete 26-byte function boundary is target-reviewed and now has checked-in pure-C++ source. The near-target scaffold body differs only at relative 0x0B, target XOR AX,AX 31 C0 versus TC4J 33 C0; six pseudo-register zeroing spellings fail to select 31 C0. The maintained memset source is cleaner but TC4J lowers it to a FAR library call and emits 28 bytes rather than the target inline REP STOSW body. ReC98 f9182987 introduces REP STOSW as explicit decompilation inline assembly, so no target-derived inline-assembly fix is accepted. The function belongs in the reviewed denominator as source-present blocked.",2026-09-20T07:00:26.798493Z
th04-main-snd-load-ds-v391,fact,th04-main,Historical v391 snd_load DS preservation; handle-copy blocker superseded by v836,corroborated,ev-th04-main-snd-load-ds-preserve-crossgame-v391;ev-th04-main-snd-load-push-ds-aggregate-final-v391;ev-th04-main-snd-load-pop-ds-aggregate-final-v391;ev-th04-main-snd-load-handle-crossgame-v391-negative,src/shared/sound/load_push_ds.inl;src/shared/sound/load_pop_ds.inl;config/units.csv;docs/reconstruction/main/TH04_MAIN_FIXUP_CODEGEN_PROBES.md,"Historical v391 result: TH02, TH04, and TH05 independently preserve DS across the driver-to-DOS-read path, supporting exact PUSH DS/POP DS spans. At v391 the TH04-only 89 C3 handle copy still lacked independent provenance because TH02/TH05 used 8B D8. v836 later supersedes that blocker by migrating MAIN SND_LOAD to one exact 234-byte maintained owner using the already accepted v394 TH04/TH05 register-direction precedent. Keep v391 as DS-preservation and negative-control evidence, not current blocker state.",2026-09-20T07:56:59.577215Z
th04-main-snd-load-mov-v392,negative-result,th04-main,TC4J integrated inline assembler fingerprints TH04 snd_load 89 C3 but provenance remains insufficient,compiler-observed,ev-th04-main-snd-load-mov-inline-fingerprint-v392;ev-th04-main-snd-load-handle-crossgame-v391-negative,scripts/probes/probe_tc4_mov_bx_ax_encoding.py;docs/reconstruction/main/TH04_MAIN_FIXUP_CODEGEN_PROBES.md;config/units.csv,"A pinned TC4J minimal probe proves two producer paths for identical MOV BX,AX semantics: ordinary pseudoregister C++ emits 8B D8, while integrated inline assembly emits target 89 C3. However, homologous TH02/TH05 loaders use 8B D8 and TH04's recovered source for this line is decompilation rather than independent provenance. Treat 89 C3 as an inline-assembler fingerprint, not permission to inject inline assembly.",2026-09-20T08:03:16.441332Z
th04-main-sub-b835-linked-v393,pattern,th04-main,sub_B835 low-level register/copy statements are classified handwritten candidate source,corroborated,ev-th04-main-scroll-tile-ring-codegen-v386;ev-th04-main-scroll-tile-ring-crossgame-v386;ev-th04-main-scroll-tile-ring-linked-v393;ev-th04-main-scroll-tile-ring-handwritten-v393;ev-th04-main-scroll-tile-ring-toolchain-v393;ev-th04-main-scroll-tile-ring-aggregate-candidate-v393;ev-th04-main-scroll-tile-ring-function-exact-review-v393;ev-th04-main-scroll-tile-ring-aggregate-final-v393,src/main/scroll/tile_ring_update.cpp;docs/reconstruction/op-maine/TH04_END_SCROLL_MPN_V195.md;.analysis/gpt-web/v386-sub-b835-link-001,"The v386 pure-C++ body reaches exact 199-byte size and target CFG but retains compiler-selected direction/copy setup. Independent TH05 target architecture supports classifying the symbolic register-direction plus DS/ES REP MOVSW statements as genuine handwritten low-level source, following accepted v344/v342 hybrid precedents. v393 repository-native focused A/B replay and the 267-owner candidate aggregate now reproduce all 199 linked bytes, exact END_TEXT MAP placement, valid deterministic TC86 OMF, and the sole relocation at 0xB8F6; the reviewed function is exact.",2026-09-20T08:42:29.167224Z
th04-dialog-render-hybrid-v394,pattern,th04-main,Use TH05-corroborated hybrid C++ for irreducible dialog-render low-level operations,corroborated,ev-th04-main-dialog-render-hybrid-provenance-v394;ev-th04-main-dialog-render-fused-codegen-v394;ev-th04-main-dialog-render-aggregate-candidate-v394;ev-th04-main-dialog-render-function-exact-review-v394;ev-th04-main-dialog-render-aggregate-final-v394,src/main/dialog/render_primitives.inl;config/th04_main_exact_units.toml;docs/reconstruction/main/TH04_MAIN_DIALOG_RENDER_V182.md,"Natural TC4J cannot express the target REP STOSW/TEST/compact LOOP/register-direction shape, but independent TH05 target bytes preserve the same three extents and low-level architecture. Following the accepted v393 hybrid precedent, only those corroborated irreducible operations are symbolic; the functions remain authored C++. A scaffold-hash/offset/size/span-hash replacement applies the maintained span inside the fused dialog producer. Focused A/B, the 268-owner candidate aggregate, and the independent post-promotion aggregate reproduce all 218 linked bytes, exact fused MAP placement, deterministic TC86 OMF, and the ordered relocation overlap.",2026-09-20T09:26:31.234169Z
th04-item-splashes-init-v395,pattern,th04-main,Classify item_splashes_init XOR/REP STOSW as shared handwritten low-level source after TH05 corroboration,corroborated,ev-th04-main-item-splashes-init-crossgame-v395;ev-th04-main-item-splashes-init-hybrid-probe-v395;ev-th04-main-item-splashes-init-aggregate-candidate-v395;ev-th04-main-item-splashes-init-function-exact-review-v395;ev-th04-main-item-splashes-init-aggregate-final-v395,src/main/item/splashes_init.inl;config/th04_main_exact_units.toml;_reference/ReC98/th04/it_spl_u.cpp,v390 correctly kept the function blocked when only decompilation inline assembly was known. v395 adds independent provenance: TH05 directly reuses the TH04 item-splash TU and its attested target independently preserves the same 26-byte 31 C0 / REP STOSW architecture. The maintained hybrid fragment reproduces the complete init while leaving the exact add/update suffix unchanged; focused and 269-owner aggregate replay close raw/MAP/OMF gates.,2026-09-20T09:58:49.750682Z
th04-main-checkerboard-v396,negative-result,th04-main,Pinned-TCC optimizer strategies and cross-game targets do not justify checkerboard LOOP hybridization,corroborated,ev-th04-main-checkerboard-natural-loop-negative-v194;ev-th04-main-checkerboard-optimizer-surface-negative-v396;ev-th04-main-checkerboard-crossgame-loop-negative-v396,src/main/stage/checkerboard.cpp;config/units.csv;config/th04_function_boundaries.csv;.analysis/gpt-web/v396-checkerboard-negative-001/receipt.json,"The maintained checkerboard is blocked specifically on the compact counted LOOP. Production -O, -O -G, -O -G-, and -O -G- -r produce identical objects; the pinned TCC rejects BCC-style -O1/-Os/-O2/-Ot and loop -Ol. The exact MOV ES,DX / MOV CX,n / ES:[DI] dword store / ADD DI,8 / LOOP core is unique to TH04 across registered TH01-TH05 MAIN targets, while ReC98's LOOP is TH04-only decompilation inline assembly. Do not hybridize without new independent provenance.",2026-09-20T10:07:06.300573Z
th04-main-final-opcode-corpus-v396,negative-result,th04-main,Accepted TC86 object corpus has no natural producer precedent for the remaining three MAIN compiler shapes,corroborated,ev-th04-main-snd-load-mov-corpus-negative-v396;ev-th04-main-checkerboard-loop-corpus-negative-v396;ev-th04-main-carpet-opcode-corpus-negative-v396,.analysis/gpt-web/v396-final-opcode-corpus-001/receipt.json;src/main/stage/checkerboard.cpp;src/main/stage/carpet_lighting.inl;config/units.csv,"Corpus-wide OMF disassembly finds no natural-C++ 89 C3; its only occurrence is an already provenance-qualified dialog hybrid. Natural TC4J LOOP occurrences are switch-search machinery, while counted data loops remain explicit/hybrid low-level source. Carpet-critical LODSB, MUL BX, and SHL DI,1 appear only in stages.obj itself. Combined with prior cross-game/provenance negatives, the remaining MAIN spans have no currently demonstrated legal compiler or hybrid-source path.",2026-09-20T10:13:48.972286Z
th04-packed-master-object-boundaries-v397,pattern,th04-op;th04-maine,Restore master.lib object boundaries to explain the four remaining OP/MAINE CODE alignment bytes,compiler-observed,ev-th04-op-master-object-boundaries-v397;ev-th04-maine-master-object-boundaries-v397,docs/reconstruction/packed/TH04_MASTER_OBJECT_BOUNDARIES_V397.md;.analysis/gpt-web/v397-master-object-boundaries-001/receipt.json;_reference/ReC98/libs/master.lib/func.inc;_reference/ReC98/bin/masters.lib,"OP residuals 0x2D59/0x34AF and MAINE residuals 0x0CBD/0x2D11 are each the byte immediately before a master.lib func public. In the source-included monolith, TASM func EVEN sees prior instruction context and emits 90. A pinned TLINK control with separate word-aligned objects emits 00 for the identical odd-boundary condition; closing/reopening the segment inside one object still emits 90. Standalone TH04-large-model wrappers for the affected real modules assemble successfully. Treat object topology, not explicit target padding, as the next reconstruction mechanism.",2026-09-20T10:31:15.049025Z
th04-main-checkerboard-source-forms-v398,negative-result,th04-main,Legal TC4J C++ countdown spelling does not recover the checkerboard LOOP,compiler-observed,ev-th04-main-checkerboard-source-form-matrix-negative-v398,scripts/probes/probe_tc4_checkerboard_loop_forms.py;docs/reconstruction/main/TH04_MAIN_CHECKERBOARD_V396.md;.analysis/gpt-web/v398-checker-loop-forms-001/receipt.json,"A reproducible 14-form matrix covers pseudo-register and ordinary-local do/while/for/goto countdowns. Zero variants emit LOOP; the best pseudo-register goto form emits DEC CX; OR CX,CX; JNZ. This closes source-spelling/goto as a useful next search direction but is not a universal compiler impossibility proof.",2026-09-20T14:21:21.399537Z
pc98-tc4j-optimizer-suboption-surface-v399,negative-result,pc98-borland,Pinned Turbo C++ 4.0J optimizer-driver surface rejects tested BCC-style -O suboptions,compiler-observed,ev-th04-main-tc4-optimizer-suboptions-v399,scripts/probes/probe_tc4_optimizer_suboptions.py;.analysis/gpt-web/v399-tcc-opt-surface-001/receipt.json;config/toolchain.toml,"The attested TC86 Borland C++ 4.02 TCC driver accepts only -O among the tested Borland optimizer spellings and rejects -Ob/-Oc/-Oe/-Og/-Oi/-Ol/-Om/-Op/-Os/-Ot/-Ov/-O1/-O2/-Ox/-Od. The active TC4 BIN has no BCC.EXE. Treat BCC-manual optimizer switches as candidate ideas only, not as available TH04 toolchain controls.",2026-09-21T00:13:22Z
th04-packed-master-object-split-v400,pattern,th04-op;th04-maine,Real OMF object boundaries remove all four OP/MAINE master.lib CODE alignment residuals without explicit padding,compiler-observed,ev-th04-op-master-object-split-v400;ev-th04-maine-master-object-split-v400,scripts/probes/probe_th04_master_object_split.py;config/replay/th04_op_master_mid_v400.asm.in;config/replay/th04_op_master_tail_v400.asm.in;config/replay/th04_maine_master_mid_v400.asm.in;config/replay/th04_maine_master_tail_v400.asm.in;docs/reconstruction/packed/TH04_MASTER_OBJECT_BOUNDARIES_V397.md;.analysis/gpt-web/v400-master-object-split-replay-001/receipt.json,"Starting from hash-pinned v214 overlay candidates, restoring three _TEXT OMF contributions per artifact makes TLINK supply target 00 alignment at OP 0x2D59/0x34AF and MAINE 0x0CBD/0x2D11. A/B outputs are deterministic, payload lengths unchanged, and target-equal relocation multisets remain intact. This validates object topology as the producer mechanism; it does not establish historical source filenames, relocation order, packed-file equality, or authored exactness.",2026-09-21T00:37:06Z
th04-packed-master-vs-object-v401,pattern,th04-op;th04-maine,Historical MASTER.LIB VS.OBJ owns the two remaining OP/MAINE master DATA alignment bytes,corroborated,ev-th04-op-master-vs-object-v401;ev-th04-maine-master-vs-object-v401,scripts/probes/probe_th04_master_vs_object.py;config/replay/th04_op_master_data_tail_v401.asm.in;config/replay/th04_maine_master_data_tail_v401.asm.in;_reference/ReC98/bin/masters.lib;.analysis/gpt-web/v401-master-vs-object-replay-001/receipt.json,"After the v400 CODE object split, extracting the independently historical VS.OBJ and restoring its own _DATA/_BSS contribution removes OP 0xFB97 and MAINE 0xE933 without explicit padding or target-byte injection. Historical VS.OBJ carries the relevant trailing 90 while pinned TASM5 reassembly of the same maintained VS source carries 00. A/B payload sizes and target-equal relocation multisets are preserved. This is library physical-ownership evidence, not authored-source credit or packed-file exactness.",2026-09-21T04:29:38Z
th04-op-nopoly-hybrid-v402,pattern,th04-op,Use cross-game-corroborated symbolic XOR/REP core for OP nopoly_B_put diagnostic replay,corroborated,ev-th04-op-nopoly-crossgame-hybrid-v402,scripts/probes/probe_th04_opmusic_nopoly_hybrid.py;config/replay/th04_op_music_nopoly_core_v402.inl;.analysis/gpt-web/v402-opmusic-hybrid-replay-001/receipt.json,"TH03, TH04, and TH05 independent OP targets preserve the same nopoly_B_put body and 31 FF / 31 F6 XOR directions modulo the linked nopoly_B word. Pinned TC4J natural pseudoregister zeroing canonicalizes to 33 FF / 33 F6; its integrated assembler reproduces 31 FF / 31 F6. Replaying only this independently corroborated irreducible copy core on the v401 topology candidate removes the two OP music payload bytes without changing payload length, map, or relocation multiset. This establishes a valid hybrid producer diagnostic under the v393-v395 precedent, but no OP exact/source promotion is made.",2026-09-21T04:43:42Z
th04-main-snd-load-crossgame-v403,negative-result,th04-main,"All three other Windows-era PC-98 Touhou snd_load homologs use 8B D8, not TH04 89 C3",corroborated,ev-th04-main-snd-load-handle-crossgame-v391-negative;ev-th04-main-snd-load-th03-crossgame-v403-negative,scripts/probes/probe_th04_snd_load_th03.py;docs/reconstruction/main/TH04_MAIN_FIXUP_CODEGEN_PROBES.md;.analysis/gpt-web/v403-snd-load-th03-001/receipt.json,"TH02 and TH05 MAIN already established 8B D8 after DOS open. v403 restores registered TH03 OP and proves its complete 0x70-byte snd_load body is byte-identical to the shared natural candidate, with 8B D8 at load 0xBF9B. Thus TH02/TH03/TH05 all oppose treating TH04 89 C3 as a cross-game loader idiom. TC4J integrated assembly remains a mechanism fingerprint only; without independent TH04 source provenance the final two bytes stay blocked.",2026-09-21T04:49:58Z
pc98-tc4j-intrinsic-surface-v404,negative-result,pc98-borland,Pinned TC4J supports pragma intrinsics but tested string families do not recover carpet LODSB/LOOP or checkerboard LOOP,compiler-observed,ev-th04-main-tc4-intrinsic-surface-v404,scripts/probes/probe_tc4_intrinsic_surface.py;.analysis/gpt-web/v404-tc4-intrinsic-surface-001/receipt.json;docs/reconstruction/main/TH04_MAIN_FIXUP_CODEGEN_PROBES.md,"Borland documentation suggested #pragma intrinsic as a compiler surface hidden from the pinned TCC option list. The attested compiler does inline memcpy/memset/strlen/memcmp/strcpy/strncpy/strcat into REP MOVS/STOS/SCAS/CMPS families, while tested BCC-only -z/-Oa/-OW controls are rejected. No tested intrinsic emits LODSB or x86 LOOP, and contiguous string primitives do not preserve the final carpet/checkerboard strided-write semantics. Do not repeat these intrinsic families without a materially different semantic mapping.",2026-09-21T04:55:24Z
th04-main-final-blocker-crossartifact-v405,negative-result,th04-main,All registered TH01-TH05 artifact images lack independent carpet/checkerboard producer homologs,corroborated,ev-th04-main-carpet-crossartifact-v405-negative;ev-th04-main-checkerboard-crossartifact-v405-negative,scripts/probes/probe_th04_final_blocker_crossartifact.py;docs/reconstruction/main/TH04_MAIN_KURUMI_CARPET_V174.md;docs/reconstruction/main/TH04_MAIN_CHECKERBOARD_V396.md;.analysis/gpt-web/v405-final-blocker-crossartifact-001/receipt.json,"The registered corpus has 20 artifact images; 8 DIET containers are restored with the pinned DIET/DOSBox-X toolchain before scanning. Carpet's combined PUSH DS/POP ES, double MUL BX, LODSB, SHL DI,1, LOOP signature and checkerboard's exact MOV ES,DX / CX=6 / ES dword store / ADD DI,8 / LOOP core occur only in TH04 MAIN. OP/MAINE/ZUN therefore add no independent provenance for hybridizing either blocker. Keep both blocked absent a different evidence source.",2026-09-21T05:16:33Z
pc98-tc4j-ide-optimizer-surface-v406,negative-result,pc98-borland,Same-media TC4J PC-98 IDE project surface has no hidden loop optimizer and preserves non-LOOP/non-LODSB codegen,compiler-observed,ev-th04-main-tc4j-pc98-ide-optimizer-surface-v406,scripts/probes/probe_tc4j_pc98_ide_optimizer_surface.py;.analysis/gpt-web/v406-tc4j-pc98-ide-optimizer-001/receipt.json;docs/reconstruction/main/TH04_MAIN_FIXUP_CODEGEN_PROBES.md,"Borland C++ 4.0 documentation describes an IDE loop optimizer, but the pinned Japanese TC4J same-media TCALC.PRJ/PRJ2MAK scalar surface exposes only -O among optimizer flags. The same-media PC-98 TC.EXE still lowers the counted loop to DEC/MOV/OR/JNZ and load+increment to MOV AL,[SI]; INC SI. Therefore neither checkerboard LOOP nor carpet LODSB is explained by a hidden IDE option in this attested media.",2026-09-21T06:12:50Z
th04-main-checkerboard-subextents-v408,pattern,th04-main,Checkerboard narrows from a 174-byte blocked function to 172 exact natural bytes plus a two-byte LOOP blocker,corroborated,ev-th04-main-checkerboard-prefix-aggregate-candidate-v408;ev-th04-main-checkerboard-store-aggregate-candidate-v408;ev-th04-main-checkerboard-suffix-aggregate-candidate-v408;ev-th04-main-checkerboard-loop-boundary-v408;ev-th04-main-checkerboard-crossartifact-v405-negative;ev-th04-main-tc4j-pc98-ide-optimizer-surface-v406;ev-th04-main-checkerboard-prefix-aggregate-final-v408;ev-th04-main-checkerboard-store-aggregate-final-v408;ev-th04-main-checkerboard-suffix-aggregate-final-v408,src/main/stage/checkerboard_prefix.inl;src/main/stage/checkerboard_store.inl;src/main/stage/checkerboard_suffix.inl;config/th04_main_exact_units.toml;.analysis/reconstruction/exact-unit-replay/gpt-web-v408-checker-fragments-focused-001/receipt.json;.analysis/reconstruction/exact-unit-replay/gpt-web-v408-checker-fragments-aggregate-candidate-001/receipt.json,"Three natural identity fragments cover 0x3E + 0x07 + 0x67 = 172 of the 174 target checkerboard bytes. Focused A/B, 272-owner candidate aggregate, ledger promotion, and 272-owner post-promotion aggregate all pass. The intervening E2 F7 LOOP remains a reviewed two-byte blocker with no accepted compiler or independent provenance path.",2026-09-21T06:56:54Z
th04-main-carpet-v409,pattern,th04-main,Split carpet_lighting_put_new into exact natural spans and blocked low-level residuals,compiler-observed,ev-th04-main-carpet-partition-v409;ev-th04-main-carpet-setup-indices-aggregate-final-v409;ev-th04-main-carpet-anim-row-level-aggregate-final-v409;ev-th04-main-carpet-image-base-aggregate-final-v409;ev-th04-main-carpet-column-count-aggregate-final-v409;ev-th04-main-carpet-active-test-aggregate-final-v409;ev-th04-main-carpet-tile-store-aggregate-final-v409;ev-th04-main-carpet-dirty-advance-aggregate-final-v409,src/main/stage/carpet_setup_indices.inl;src/main/stage/carpet_anim_row_level.inl;src/main/stage/carpet_image_base.inl;src/main/stage/carpet_column_count.inl;src/main/stage/carpet_active_test.inl;src/main/stage/carpet_tile_store.inl;src/main/stage/carpet_dirty_advance.inl;docs/reconstruction/main/TH04_MAIN_KURUMI_CARPET_V174.md,v409 follows the checkerboard partial-ownership precedent. Seven unique natural-C++ identity fragments reproduce 56 of the 90 carpet bytes under focused A/B and 279-owner candidate/post-promotion aggregates. Eight instruction-aligned residual owners totaling 34 bytes retain all unsupported low-level/encoding-direction material. The complete function remains blocked; no target-derived inline assembly is accepted.,2026-09-21T07:36:37Z
th04-main-carpet-v410,pattern,th04-main,Recover carpet compiler-generated entry and exit while isolating PUSH/POP and LOOP,compiler-observed,ev-th04-main-carpet-partition-v410;ev-th04-main-carpet-function-entry-aggregate-final-v410;ev-th04-main-carpet-function-exit-aggregate-final-v410,src/main/stage/carpet_function_entry.inl;src/main/stage/carpet_function_exit.inl;docs/reconstruction/main/TH04_MAIN_KURUMI_CARPET_V174.md,"v410 proves the unique natural function signature/macro prefix owns the target five-byte TC4J prologue and the unique closing fragment owns the six-byte epilogue. Historical PUSH DS/POP ES and LOOP remain separate two-byte blocked owners. Focused A/B plus 281-owner candidate/post-promotion aggregates pass, raising carpet physical exactness to 67/90 without changing its blocked function state.",2026-09-21T07:53:59Z
pc98-tc4j-register-encoding-v411,negative-result,pc98-borland,Attested TC4J front ends and optimizer/register profiles keep the same register-opcode direction choices,compiler-observed,ev-th04-main-register-encoding-surface-v411-negative,scripts/probes/probe_tc4_register_encoding_surface.py;.analysis/gpt-web/v411-register-encoding-surface-001/receipt.json;docs/reconstruction/main/TH04_MAIN_FIXUP_CODEGEN_PROBES.md,"TCC profile toggles and the same-media PC-98 TC.EXE production-like project all select 8B for register moves, 33 for zeroing, 03 for doubling, and IMUL for the tested AX*BX expression. This closes the remaining plausible compiler-front-end/register-strategy explanation for TH04 snd_load 89 C3 and carpet register-direction/MUL/shift residuals. It does not establish original inline-ASM provenance.",2026-09-21T08:16:49Z
th04-main-carpet-natural-context-v412,negative-result,th04-main,Full carpet function context does not recover target register-opcode directions for ordinary C++ statements,compiler-observed,ev-th04-main-carpet-natural-context-v412-negative,scripts/probes/probe_th04_carpet_natural_context.py;.analysis/gpt-web/v412-carpet-natural-context-001/receipt.json;docs/reconstruction/main/TH04_MAIN_KURUMI_CARPET_V174.md,"Cold-compiling pinned stages.cpp twice proves that the ordinary scaffold statements corresponding to MOV SI,AX; ADD BX,BX; MOV BX,AX; tile_x zero-init; and two MOV DI,DX operations still emit 8B F0 / 03 DB / 8B D8 / 33 D2 / 8B FA / 8B FA. The target uses 89 C6 / 01 DB / 89 C3 / 31 D2 / 89 D7 / 89 D7. Surrounding inline-ASM context therefore does not provide a natural producer for these 12 residual bytes.",2026-09-21T08:29:30Z
th04-main-hdi-deleted-build-provenance-v413,negative-result,th04-main,Pinned HDI has no recoverable alternate TH04 executable build,observed,ev-th04-main-hdi-deleted-build-provenance-v413-negative,scripts/probes/probe_th04_hdi_deleted_builds.py;config/runtime.toml;config/targets.toml;.analysis/gpt-web/v413-hdi-deleted-builds-001/receipt.json,"Direct FAT12 forensics over the user-supplied hash-attested HDI finds no deleted GENSO entry and no alternate MAIN/OP/MAINE/ZUN file start in unallocated clusters. The only free-cluster MZ is a CanBe/PMD LHA self-extractor with GAMECB.BAT and PMDPPZ.COM, not a game build. This closes the local-disk alternate-build provenance route for the final checkerboard/carpet/snd_load blockers, subject to the stated limitation that partially overwritten files cannot be ruled out.",2026-09-21T08:44:16Z
th04-main-hdi-partial-trial-v414,negative-result,th04-main,FAT-free runs contain no recoverable partial TH04 trial member table or executable marker,observed,ev-th04-main-hdi-partial-trial-v414-negative,scripts/probes/probe_th04_hdi_partial_trial_remnants.py;docs/reconstruction/main/TH04_FINAL_BLOCKER_PROVENANCE_V413.md;.analysis/gpt-web/v414-hdi-partial-trial-001/receipt.json,"v414 scans whole contiguous free runs rather than individual clusters, so trial strings and LHA headers split across an 8 KiB boundary are visible. No GEN_TS1/trial marker or TH04 executable filename survives. The six LHA headers are non-game-executable members; only the already-classified GAMECB.BAT/PMDPPZ.COM CanBe pair is contiguous. This strengthens v413 against a deleted SFX whose first cluster was overwritten, while still not excluding anonymous compressed fragments without surviving metadata.",2026-09-21T08:54:42Z
th04-main-hdi-raw-code-remnants-v415,negative-result,th04-main,Historical v415 HDI negative for then-final TH04 blockers,observed,ev-th04-main-hdi-raw-code-remnants-v415-negative,scripts/probes/probe_th04_hdi_raw_code_remnants.py;docs/reconstruction/main/TH04_FINAL_BLOCKER_PROVENANCE_V413.md;.analysis/gpt-web/v415-hdi-raw-code-001/receipt.json,"v413/v414 ruled out recoverable alternate files and surviving trial/archive metadata; v415 additionally found no matching anonymous raw-code remnants for snd_load, checkerboard, or carpet in FAT-free HDI runs. This HDI negative remains valid. At that checkpoint MAIN had 27 residual bytes; v836 later closes the 2-byte snd_load residual by independent producer precedent, leaving only carpet (23) and checkerboard (2).",2026-09-21T09:18:33Z
th04-main-hdi-allocated-slack-v416,negative-result,th04-main,Allocated file and directory slack contains no anonymous final-blocker code,observed,ev-th04-main-hdi-allocated-slack-v416-negative,scripts/probes/probe_th04_hdi_allocated_slack.py;docs/reconstruction/main/TH04_FINAL_BLOCKER_PROVENANCE_V413.md;.analysis/gpt-web/v416-hdi-allocated-slack-001/receipt.json,"v416 covers the logically unused bytes that v415 free-cluster scanning cannot see: every active regular file last-cluster tail and every directory allocation after its first end marker. Across 880,571 slack bytes, snd_load short/long patterns, checkerboard LOOP core, and carpet prefix all have zero hits. Together v415/v416 leave no anonymous uncompressed second-build blocker code in FAT-free or allocated-slack space; compressed/overwritten/live-file contents remain outside this claim.",2026-09-21T09:22:48Z
th04-main-carpet-unsigned-mul-v417,negative-result,th04-main,Natural unsigned multiplication forms do not produce carpet MUL BX,compiler-observed,ev-th04-main-carpet-unsigned-mul-v417-negative,scripts/probes/probe_tc4_unsigned_mul_forms.py;docs/reconstruction/main/TH04_MAIN_KURUMI_CARPET_V174.md;.analysis/gpt-web/v417-tc4-unsigned-mul-001/receipt.json,Target carpet uses F7 E3 MUL BX twice. Explicit unsigned casts do not change the low-16-bit pseudoregister product from F7 EB IMUL BX; unsigned locals select memory/register IMUL forms; preserving the full unsigned 32-bit result selects 386 MOVZX/IMUL/SHLD. Thus source signedness or result width is not a legal natural-codegen path to the two target MUL BX instructions.,2026-09-21T09:35:12Z
th04-main-carpet-lodsb-segment-v418,negative-result,th04-main,TC4J post-increment and memory primitives do not recover carpet LODSB or a free-standing DS->ES bridge,compiler-observed,ev-th04-main-carpet-lodsb-segment-v418-negative,scripts/probes/probe_tc4_lodsb_segment_surface.py;docs/reconstruction/main/TH04_MAIN_KURUMI_CARPET_V174.md;.analysis/gpt-web/v418-lodsb-segment-surface-001/receipt.json,"Natural fixed-SI post-increment byte loads stay MOV AL,[SI]; INC SI. movedata is a far library call and cannot be forced intrinsic. Near-array intrinsic memcpy can emit PUSH DS; POP ES, so that pair is compiler-reachable in principle, but placement follows the real copy operation and is not hoisted across preceding scalar source. Since carpet has no corresponding string operation, neither residual gains a semantic natural-source producer.",2026-09-21T09:58:33Z
th04-main-hdi-active-dev-v419,negative-result,th04-main,Pinned HDI active files and active archives contain no TH04 development or trial remnants,observed,ev-th04-main-hdi-active-dev-v419-negative,scripts/probes/probe_th04_hdi_active_dev_remnants.py;docs/reconstruction/main/TH04_FINAL_BLOCKER_PROVENANCE_V413.md;.analysis/gpt-web/v419-hdi-active-dev-001/receipt.json,"The active TOUHOU FAT12 filesystem has no source/object/map/project/build artifacts and no GEN_TS1 trial executable. Its only active LZH files are CANBE.LZH with PMD compatibility files and OMAKE2.LZH with music/text assets. Together with v413-v416, no attributable local active/deleted/free/slack producer evidence remains for the 27 final MAIN bytes.",2026-09-21T10:02:26Z
th04-main-carpet-integrated-asm-fingerprint-v420,pattern,th04-main,The 23-byte carpet residual has a complete TC4J integrated-assembler encoding fingerprint,compiler-observed,ev-th04-main-carpet-integrated-asm-fingerprint-v420,scripts/probes/probe_tc4_carpet_asm_fingerprint.py;docs/reconstruction/main/TH04_MAIN_KURUMI_CARPET_V174.md;.analysis/gpt-web/v420-carpet-asm-fingerprint-001/receipt.json,"Symbolic integrated assembly reproduces every fixed and direction-sensitive residual instruction encoding. External TASM agrees only on fixed opcodes and systematically chooses 8B/03/33 direction synonyms where the TH04 target and TC4J integrated assembler use 89/01/31. This identifies the most plausible producer mechanism but, under repository policy, does not by itself establish historical inline-ASM origin or authorize target-derived product source.",2026-09-21T10:08:41Z
th04-main-carpet-hybrid-v421-candidate,pattern,th04-main,Full hybrid carpet source is linked-exact in focused cold replay,compiler-observed,ev-th04-main-carpet-hybrid-focused-v421;ev-th04-main-carpet-hybrid-aggregate-candidate-v421,src/main/stage/carpet_lighting.inl;scripts/probes/probe_tc4_carpet_asm_fingerprint.py;docs/reconstruction/main/TH04_MAIN_KURUMI_CARPET_V174.md;.analysis/reconstruction/exact-unit-replay/gpt-web-v421-carpet-hybrid-focused-candidate-001/receipt.json,The maintained hybrid keeps the already-proven natural C++ semantics and expresses only the v420 integrated-assembler fingerprint symbolically. Focused A/B and the complete 282-owner default candidate aggregate reproduce all 90 carpet bytes at exact STAGES_TEXT placement with empty relocation overlap and deterministic TC86 OMF; aggregate failures=[]. Candidate evidence only: v409/v410 physical owners retain byte credit until explicit migration.,2026-09-21T10:37:05Z
th04-main-carpet-hybrid-v422-quarantine,negative-result,th04-main,Raw-exact v421 carpet hybrid does not establish original-source provenance,inferred,ev-th04-main-carpet-integrated-asm-fingerprint-v420;ev-th04-main-carpet-hybrid-focused-v421;ev-th04-main-carpet-hybrid-aggregate-candidate-v421,src/main/stage/carpet_lighting.inl;docs/reconstruction/main/TH04_MAIN_KURUMI_CARPET_V174.md;AGENTS.md,"v420 identifies a coherent TC4J integrated-assembler mechanism and v421 proves that a symbolic hybrid can reproduce all 90 linked bytes. Those facts do not independently establish that the carpet residual was historically authored as inline assembly. Exact replay cannot supply missing origin evidence without circular reasoning. Keep the complete hybrid zero-credit/non-default, retain natural semantic product source, and preserve v409/v410 accounting at 67 exact + 23 blocked bytes.",2026-09-21T11:02:20Z
th04-main-carpet-semantic-lineage-v423,negative-result,th04-main,Generalized carpet column-fill semantics remain unique to TH04 MAIN across the registered corpus,corroborated,ev-th04-main-carpet-semantic-lineage-v423-negative,scripts/probes/probe_th04_carpet_semantic_lineage.py;docs/reconstruction/main/TH04_MAIN_KURUMI_CARPET_V174.md;.analysis/gpt-web/v423-carpet-semantic-lineage-001/receipt.json,"v405 ruled out the complete carpet opcode signature. v423 weakens the search to the semantic memory-layout invariant: neighboring word-column and dirty-byte column fills with a common termination bound and 2:1 stride relationship, allowing game-specific bases, strides, and array sizes. The only match among 20 registered TH01-TH05 images is TH04 MAIN itself. Different constants therefore do not reveal a cross-game lineage witness for the carpet low-level core.",2026-09-21T11:09:01Z
th04-main-checkerboard-semantic-lineage-v424,negative-result,th04-main,Generalized checkerboard fixed-count dword LOOP architecture remains unique to TH04 MAIN,corroborated,ev-th04-main-checkerboard-semantic-lineage-v424-negative,scripts/probes/probe_th04_checkerboard_semantic_lineage.py;docs/reconstruction/main/TH04_MAIN_CHECKERBOARD_V396.md;.analysis/gpt-web/v424-checker-semantic-lineage-001/receipt.json,"v405 fixed the exact checkerboard core. v424 removes TH04-specific repeat count, ES source register, dword source register, and DI stride while retaining the semantic inner LOOP plus row rewind. Only TH04 MAIN matches among 20 registered TH01-TH05 program images. Different dimensions/register assignments therefore do not reveal an independent lineage witness for the compact LOOP producer.",2026-09-21T11:12:40Z
th04-maine-master-reloc-order-v425,pattern,th04-maine,Natural MAINE master code-before-data order collapses the v231 candidate-control relocation difference to two entries,compiler-observed,ev-th04-maine-master-reloc-order-v425,scripts/probes/probe_th04_maine_master_relocation_order.py;docs/reconstruction/packed/TH04_DIET_RELOCATION_OWNERS_V232.md;.analysis/gpt-web/v425-maine-reloc-order-replay-001/receipt.json,"On the v401 physical topology, ordering the already-separated master code objects before VS/data objects preserves payload, MAP semantics, and the relocation multiset while reducing the ordered difference against v231's restored-candidate inverse control from 13 entries to a single two-entry swap. The reference SHA is the v231 candidate_inverse_control.restored_candidate_sha256, not the DIET-restored target. This supports candidate physical topology only and is not a target relocation-order Oracle.",2026-09-21T11:27:03Z
th04-maine-master-bgm-archive-v426,pattern,th04-maine,Historical MASTER.LIB keeps BGM_READ_SDATA before BGM_TIMER as separate OMF members,observed,ev-th04-maine-master-bgm-archive-v426,scripts/probes/probe_th04_master_bgm_archive_order.py;_reference/ReC98/bin/masters.lib;docs/reconstruction/packed/TH04_DIET_RELOCATION_OWNERS_V232.md;.analysis/gpt-web/v426-master-bgm-archive-replay-001/receipt.json,"The independent support-library archive lists b_r_sdat before b_timer and stores them as separate objects, each with its own segment-word fixup. Combined with v425, this supports read-before-timer physical producer topology. The two-entry comparison in v425 is against the v231 restored-candidate inverse control, not a target-restored historical MZ. Do not reverse source/object order or patch relocation bytes to satisfy that candidate-control ordering.",2026-09-21T11:30:50Z
th04-op-music-segment-order-v427,pattern,th04-op,Separating th04_op.asm OP_MUSIC_TEXT matches the v231 candidate-inverse relocation order,compiler-observed,ev-th04-op-music-segment-order-v427,scripts/probes/probe_th04_op_music_segment_order.py;config/replay/th04_op_music_segment_v427.asm.in;docs/reconstruction/packed/TH04_DIET_RELOCATION_OWNERS_V232.md;.analysis/gpt-web/v427-op-music-segment-replay-001/receipt.json,"The v402 mismatch block cuts exactly at th04_op.asm segment boundaries: six early _TEXT relocation sites followed by 35 OP_MUSIC_TEXT sites. Moving OP_MUSIC_TEXT into its own TASM object and ordering master CODE before VS/DATA ownership preserves every payload byte except shared snd_load and preserves all 804 relocation sites. Its table order matches v231's restored-candidate inverse control at all 804 indices. That SHA is not the DIET-restored target or a historical pre-DIET MZ, so this is candidate-to-candidate topology evidence only.",2026-09-21T11:45:00Z
th04-packed-target-reloc-baseline-v429,pattern,global,Current OP/MAINE topology remains far from the actual v228 target-derived relocation order,observed,ev-th04-op-target-reloc-topology-v429;ev-th04-maine-target-reloc-topology-v429,scripts/probes/probe_th04_current_target_relocation_topology.py;docs/reconstruction/packed/TH04_DIET_RELOCATION_OWNERS_V232.md;.analysis/gpt-web/v429-current-target-relocation-topology-001/receipt.json,"Rebasing v425/v427 onto the actual v228 target-derived DIET restore changes the routing picture: OP has 223/804 ordered-index differences and MAINE 299/559 despite target-equal relocation-site multisets and snd_load-only payload residuals. The differences localize to a small set of physical owners (OP: bgimage, hi_view, master DATA, OP music; MAINE: bgimage, th04_maine.asm, master DATA). This target-derived order is useful for topology experiments but is not proven historical pre-DIET TLINK order.",2026-09-21T12:43:28Z
th04-packed-master-bgm-bss-v430,pattern,th04-op;th04-maine,Historical MASTER.LIB BGM state is true uninitialized BSS even though the v228 DIET restore ends at its boundary,corroborated,ev-th04-op-master-bgm-bss-v430;ev-th04-maine-master-bgm-bss-v430,scripts/probes/probe_th04_master_bgm_bss_archive.py;_reference/ReC98/bin/masters.lib;docs/reconstruction/packed/TH04_DIET145F_MZ_PARTITION_V231.md;.analysis/gpt-web/v430-master-bgm-bss-archive-replay-001/receipt.json,"Both target-derived v228 restores end exactly at _snd_load_fn, 0xC6 bytes after timerorg, which is the maintained BGM BSS boundary. The independently historical b_data.OBJ has the same 0xC6 _BSS layout and matching timerorg/part/esound offsets but no _BSS LEDATA/LIDATA. Do not materialize the v228 restored zero tail in product source merely to imitate that preimage; original pre-DIET file length/minalloc remain unobserved.",2026-09-21T12:57:34Z
th04-packed-current-frontier-v436,pattern,th04-op;th04-maine,Current OP/MAINE packed frontier reduces the target-derived P surface to shared snd_load only,observed,ev-th04-op-packed-frontier-v436;ev-th04-maine-packed-frontier-v436,scripts/probes/probe_th04_tlink_uninitialized_segments.py;docs/reconstruction/packed/TH04_DIET145F_MZ_PARTITION_V231.md;.analysis/gpt-web/v436-tlink-uninitialized-replay-001/receipt.json,"After v425/v427 physical-topology work, natural OP and MAINE pack to 42,256 and 37,989 bytes. Target-derived R+T controls pack exactly one byte short in each artifact (42,289/38,034); adding the sole remaining two-byte snd_load payload residual yields raw-exact PRT controls. This isolates the authored payload frontier without promoting any target-derived control.",2026-09-21T13:14:56Z
th04-packed-tlink-i-v436-negative,negative-result,th04-op;th04-maine,Active TLINK 6.10 /i is not the missing OP/MAINE T preimage mechanism,compiler-observed,ev-th04-op-tlink-i-v436-negative;ev-th04-maine-tlink-i-v436-negative,scripts/probes/probe_th04_tlink_uninitialized_segments.py;config/toolchain.toml;docs/reconstruction/packed/TH04_DIET145F_MZ_PARTITION_V231.md;.analysis/gpt-web/v436-tlink-uninitialized-replay-001/receipt.json,"The pinned linker itself identifies /i as Initialize all segments. Natural /i file-backs all trailing uninitialized storage, drives minalloc to zero, and makes packed output larger than target by 93 OP / 167 MAINE bytes. Even target-derived payload+relocation controls retaining only /i extent/minalloc remain +79/+119. Do not retry active TLINK 6.10 /i as packed T closure; other independently attested linker versions remain separate hypotheses.",2026-09-21T13:14:56Z
th04-packed-tlink-switch-surface-v441,negative-result,th04-op;th04-maine,"Active TLINK 6.10 extended-dictionary, code-pack, and far-call switches do not supply the missing packed R/T topology",compiler-observed,ev-th04-op-tlink-switch-surface-v441-negative;ev-th04-maine-tlink-switch-surface-v441-negative,scripts/probes/probe_th04_tlink_switch_surface_v441.py;config/toolchain.toml;docs/reconstruction/packed/TH04_DIET_RELOCATION_OWNERS_V232.md;.analysis/gpt-web/v441-tlink-switch-surface-001/receipt.json,"The pinned linker help identifies /e, /E, /f and /P. On current OP/MAINE inputs, /e, no dictionary switch, and /P are byte-identical to baseline including relocation order; /f changes >1.2k payload bytes and relocation counts/multisets. Do not revisit these active-TLINK switches as R/T closure without a materially different linker version or independently attested build mechanism.",2026-09-21T13:43:51Z
th04-diet-internal-metadata-v446,pattern,th04-op;th04-maine,Packed DIET metadata independently constrains TH04 unpacked file length and MAINE T-selected DLZ mode,observed,ev-th04-op-diet-internal-meta-v446;ev-th04-maine-diet-internal-meta-v446,scripts/probes/probe_diet145f_internal_metadata.py;config/diet145f.toml;docs/reconstruction/packed/TH04_DIET145F_MZ_PARTITION_V231.md;.analysis/gpt-web/v446-diet-internal-metadata-003/receipt.json,"DIET 1.45f -^ reports target unpacksize 0x12C40 OP and 0x10E62 MAINE, exactly equal to v228 restored file sizes. This makes T file length a packed-container constraint rather than an arbitrary -RA choice, while historical TLINK relocation order and minalloc origin remain unobserved. MAINE T alone selects dlzflag 0x30 / 496-byte SFX overhead; P and R alone leave 0x20 / 444. RT compressed data is exactly one byte short in each artifact and PRT matches target metadata.",2026-09-21T13:54:01Z
th04-diet-relocation-order-v447,pattern,th04-op;th04-maine,DIET 1.45f preserves TH04 relocation-table entry order through pack and -RA,compiler-observed,ev-th04-op-diet-reloc-order-v447;ev-th04-maine-diet-reloc-order-v447,scripts/probes/probe_diet145f_relocation_order_roundtrip.py;docs/reconstruction/packed/TH04_DIET_RELOCATION_OWNERS_V232.md;.analysis/gpt-web/v447-diet-relocation-order-001/receipt.json,"Private legal MZ permutations prove the pinned DIET path is order-preserving: five distinct relocation orders per artifact produce five distinct packed byte streams, and -RA restores every chosen order byte-exact. Therefore the v228 target-restored order is a real packed-container reconstruction constraint under DIET 1.45f, not an arbitrary restore sorting artifact. The acceptable reconstruction must still recover a natural OMF/linker cause rather than editing relocation bytes by hand.",2026-09-21T14:03:02Z
th04-packed-fixupp-record-order-v448,pattern,th04-op;th04-maine,Packed relocation residual decomposes into OMF FIXUPP-direction and physical-TU ownership patterns,observed,ev-th04-op-fixupp-record-order-v448;ev-th04-maine-fixupp-record-order-v448,scripts/probes/probe_th04_packed_fixupp_record_order.py;docs/reconstruction/packed/TH04_DIET_RELOCATION_OWNERS_V232.md;.analysis/gpt-web/v448-packed-fixupp-order-001/receipt.json,"Projecting the v447-constrained target order onto current OMF kind-3 FIXUPP records separates mechanisms. TASM5 master DATA and both OP music records require per-record reversal; BGIMAGE projects as one reversed record. OP hi_view instead has record 76 exact and record 74 rotate-left-9, producing a 23/29/9 target run and implying physical TU/producer grouping beyond whole-object link order. MAINE monolith mixes record interleaving with local reversals. Recover these producer causes separately; do not hand-permute MZ entries.",2026-09-21T14:16:15Z
th04-tasm5-fixupp-options-v453,negative-result,th04-op;th04-maine,Active TASM32 5.0 options and version emulation do not reverse target-relevant FIXUPP records,compiler-observed,ev-th04-op-tasm5-fixupp-options-v453-negative,scripts/probes/probe_th04_tasm5_fixupp_option_surface.py;config/replay/th04_bgimage_fixup_direction_v233.asm.in;docs/reconstruction/packed/TH04_DIET_RELOCATION_OWNERS_V232.md;.analysis/gpt-web/v453-tasm5-fixupp-options-001/receipt.json,Real OP music OMF/multipass variants preserve current FIXUPP order. Symbolic kind-2 and far-call fixtures across TASM/MASM /u compatibility modes remain ascending even when old modes change fixup kind. Do not revisit current TASM5 switches/version emulation as the source of v448 record reversals; another producer or source/TU organization would be required.,2026-09-21T14:40:29Z
th04-op-reloc-topology-v461,pattern,th04-op,Natural OP physical topology closes SND_LOAD_EXT and cuts ordered relocation residual to 105,compiler-observed,ev-th04-op-reloc-topology-v461;ev-th04-op-snd-load-ext-cpp-v461,scripts/probes/probe_th04_op_relocation_topology_v461.py;config/replay/th04_snd_load_ext_v461.cpp.in;docs/reconstruction/packed/TH04_DIET_RELOCATION_OWNERS_V232.md;.analysis/gpt-web/v461-op-relocation-topology-replay-001/receipt.json,"TC86 naturally supplies the reverse SND_LOAD_EXT FIXUPP direction that TASM5 could not, while moving only physical owners across compatible/zero-byte contributions restores the target global block positions through OP music. The linked program image remains unchanged except shared snd_load 89C3/8BD8, and ordered relocation mismatch drops 223→105. Remaining OP R is exactly BGIMAGE internal reversal, OP music internal reversal, and score_e/hi_view interleaving.",2026-09-21T15:25:03Z
th04-op-zunsoft-pyro-v463,pattern,th04-op,zunsoft_pyro_new is linked-exact natural C++ and fingerprints TC86 OP-music FIXUPP direction,compiler-observed,ev-th04-op-zunsoft-pyro-cpp-v463,scripts/probes/probe_th04_zunsoft_pyro_cpp_v463.py;config/replay/th04_zunsoft_pyro_v463.cpp.in;docs/reconstruction/op-maine/TH04_OP_ZUNSOFT_CPP_V463.md;.analysis/gpt-web/v463-zunsoft-pyro-replay-001/receipt.json,"The 0x84 ZUNSOFT pyro constructor can be expressed as ordinary C++ with a near iterator and two register variables; TC86 emits the exact linked target body. Its two far-call segment FIXUPPs are emitted high-address first, matching the direction required by the target OP-music reversal. A mixed C++/ASM owner does not reduce the 105 global R residual because object blocks stay separate, strengthening the hypothesis that the complete 0x490 ZUNSOFT owner was historically one TC86 C++ producer.",2026-09-21T15:59:00Z
th04-op-zunsoft-update-v464,pattern,th04-op,zunsoft_update_and_render is linked-exact natural C++ and extends the TC86 OP-music owner to 0x1AF bytes,compiler-observed,ev-th04-op-zunsoft-update-cpp-v464,scripts/probes/probe_th04_zunsoft_update_cpp_v464.py;config/replay/th04_zunsoft_update_v464.cpp.in;docs/reconstruction/op-maine/TH04_OP_ZUNSOFT_CPP_V463.md;.analysis/gpt-web/v464-zunsoft-update-replay-001/receipt.json,"The second ZUNSOFT function compiles to exactly 0x12B bytes once Q12.4 fields are updated through their integer `.v` members. Its only raw object mismatch is the local _pyros offset-fixup addend, which links identically. Together with v463, the first 0x1AF bytes of OP_MUSIC_TEXT are linked-exact TC86 C++, and all eight segment FIXUPPs from those two functions are emitted high-address first. Continue with the remaining 0x2E1 tail rather than reversing MZ entries.",2026-09-21T16:11:36Z
th04-op-zunsoft-palette-v465,pattern,th04-op,zunsoft_palette_update_and_show is raw-and-linked exact natural C++,compiler-observed,ev-th04-op-zunsoft-palette-cpp-v465,scripts/probes/probe_th04_zunsoft_palette_cpp_v465.py;config/replay/th04_zunsoft_palette_v465.cpp.in;docs/reconstruction/op-maine/TH04_OP_ZUNSOFT_CPP_V463.md;.analysis/gpt-web/v465-zunsoft-palette-replay-001/receipt.json,The 0x41 palette function compiles byte-for-byte from a straightforward two-register nested C++ loop over Palette8 components. The first three ZUNSOFT functions now form one 0x1F0 TC86 owner with descending segment FIXUPPs and exact linked program bytes. Only the final 0x2A0 animate function remains to recover before testing the complete 35-entry OP-music reversal as one C++ TU.,2026-09-21T16:19:26Z
th04-op-zunsoft-full-v466,pattern,th04-op,Complete ZUNSOFT OP_MUSIC_TEXT is linked-exact natural TC86 C++ and closes all 35 OP-music relocation positions,compiler-observed,ev-th04-op-zunsoft-full-cpp-v466;ev-th04-op-zunsoft-reloc-v466,scripts/probes/probe_th04_zunsoft_animate_cpp_v466.py;config/replay/th04_zunsoft_pyro_scalar_v466.cpp.in;config/replay/th04_zunsoft_update_v464.cpp.in;config/replay/th04_zunsoft_palette_v465.cpp.in;config/replay/th04_zunsoft_animate_v466.cpp.in;docs/reconstruction/op-maine/TH04_OP_ZUNSOFT_CPP_V463.md;docs/reconstruction/packed/TH04_DIET_RELOCATION_OWNERS_V232.md;.analysis/gpt-web/v466-zunsoft-full-cpp-replay-001/receipt.json,"The full 0x490 OP-music owner is naturally reproduced by TC86 C++. Linked code is target-exact, eight raw CODE differences are only local offset-FIXUPP addends, and all 35 segment relocations land in target order without MZ edits. The sparse animate switch is compiler-generated from ordinary C++ and #pragma option -a2 supplies the target one-byte table alignment. OP ordered relocation residual is now 71: BGIMAGE 8 plus score_e/hi_view 63. Keep the 16-bit alive/age initialization statement source-spelling caveat separate from the proven compiler/linked result.",2026-09-21T17:18:00Z
th04-maine-producers-v468,pattern,th04-maine,Natural TC86 producer direction recovered for 24 MAINE relocation entries,compiler-observed,ev-th04-maine-snd-load-ext-cpp-v468;ev-th04-maine-score-hi-tu-v468,scripts/probes/probe_th04_maine_score_producers_v468.py;config/replay/th04_maine_score_hi_v468.cpp.in;config/replay/th04_snd_load_ext_v461.cpp.in;docs/reconstruction/packed/TH04_MAINE_PRODUCERS_V468.md;.analysis/gpt-web/v468-maine-score-producers-replay-001/receipt.json,"Two MAINE producer directions are now independently natural: the four-pointer SND_LOAD_EXT table emits 0x0C,08,04,00, and score_e+hi_end compiled as one TC86 SCORE_TEXT TU emits hi_end 18 then score_e 2. Both preserve the complete v425 linked program image and target-equal relocation multiset. The 299 global mismatch count is unchanged only because MAINE_01_TEXT/SCORE_TEXT ownership still places these correct blocks at the wrong table indices.",2026-09-21T17:49:57Z
th04-maine-segment-topology-v470,pattern,th04-maine,Natural MAINE physical segment ownership cuts ordered relocation residual 299 to 178,compiler-observed,ev-th04-maine-segment-topology-v470;ev-th04-maine-snd-load-ext-cpp-v468;ev-th04-maine-score-hi-tu-v468,scripts/probes/probe_th04_maine_segment_topology_v470.py;docs/reconstruction/packed/TH04_MAINE_SEGMENT_TOPOLOGY_V470.md;.analysis/gpt-web/v470-maine-segment-topology-replay-001/receipt.json,"The th04_maine.asm monolith can be source-split at its existing MAINE_01_TEXT/SCORE_TEXT segment boundaries without changing any linked program byte. A rest owner retains SHARED/DATA/BSS, while independent code owners contribute exactly 139 and 36 kind-3 fixups. Placing them after cutscene and score_hi recovers all global target block positions through SCORE_TEXT. The remaining 178 mismatches are no longer global link topology: BGIMAGE 8 plus internal FIXUPP order of MAINE_01 (136) and SCORE (34).",2026-09-21T18:08:27Z
th04-maine-graph3-v471,pattern,th04-maine,graph_3_digit_put is raw-and-linked exact natural TC86 C++ inside the v470 MAINE_01 topology,compiler-observed,ev-th04-maine-graph3-cpp-v471,scripts/probes/probe_th04_maine_graph3_cpp_v471.py;config/replay/th04_maine_graph3_v471.cpp.in;docs/reconstruction/op-maine/TH04_MAINE_VERDICT_CPP_V471.md;.analysis/gpt-web/v471-maine-graph3-replay-001/receipt.json,"The 150-byte graph_3_digit_put body follows directly from the existing verdict.cpp semantic shell and compiles byte-for-byte under TC86 once placed in MAINE_01_TEXT. Its object-boundary replacement preserves the entire linked MAINE executable and relocation table. This positively identifies another MAINE_01 TASM body as a C++ producer candidate, supporting recovery of the adjacent verdict numeric helpers as one natural TC86 owner.",2026-09-21T18:30:25Z
th04-maine-skill-v472,pattern,th04-maine,skill_apply_and_graph_percentage_put is raw-and-linked exact natural TC86 C++ and closes two MAINE_01 relocation indices,compiler-observed,ev-th04-maine-skill-cpp-v472,scripts/probes/probe_th04_maine_skill_cpp_v472.py;config/replay/th04_maine_skill_v472.cpp.in;docs/reconstruction/op-maine/TH04_MAINE_VERDICT_CPP_V471.md;.analysis/gpt-web/v472-maine-skill-replay-001/receipt.json,"The 0xF5 skill percentage helper compiles byte-for-byte from ordinary C++ using 32-bit fraction arithmetic and the maintained verdict semantics. Splitting the v471 suffix around this helper preserves the full linked MAINE image. Its two graph_putsa_fx segment relocations are naturally emitted in target order, reducing the ordered frontier 178→176. Continue with the adjacent graph_fraction_of_million_put helper so more of MAINE_01 can move under one TC86 producer.",2026-09-21T18:53:59Z
th04-maine-fraction-v473,pattern,th04-maine,graph_fraction_of_million_put is raw-and-linked exact natural TC86 C++ with relocation table unchanged,compiler-observed,ev-th04-maine-fraction-cpp-v473,scripts/probes/probe_th04_maine_fraction_cpp_v473.py;config/replay/th04_maine_fraction_v473.cpp.in;docs/reconstruction/op-maine/TH04_MAINE_VERDICT_CPP_V471.md;.analysis/gpt-web/v473-maine-fraction-replay-001/receipt.json,The 0x77 fraction formatter compiles byte-for-byte from ordinary C++ and links target exact while preserving every v472 relocation entry. This closes another adjacent verdict helper without itself changing the 176-entry MAINE frontier. Further R progress now requires recovering the larger following verdict logic (starting at sub_B9F2) into the same TC86 producer.,2026-09-21T19:03:41Z
th04-maine-verdict-tu-v474,pattern,th04-maine,Five adjacent verdict helpers form one natural TC86 MAINE_01 producer and close indices 251..258,compiler-observed,ev-th04-maine-verdict-tu-v474,scripts/probes/probe_th04_maine_verdict_cpp_v474.py;config/replay/th04_maine_verdict_v474.cpp.in;docs/reconstruction/op-maine/TH04_MAINE_VERDICT_CPP_V471.md;.analysis/gpt-web/v474-maine-verdict-replay-001/receipt.json,"graph_3_digit_put + sub_B81D + skill percentage + fraction formatting + sub_B9F2 compile as one 0x3FA TC86 MAINE_01_TEXT owner with exact linked bytes. The single FIXUPP record orders all eight segment relocations high-address first, making target indices 251..258 exact and reducing MAINE ordered residual 176→170. TC86 code-segment ownership is fixed by a function first declaration, so graph3 must first be declared/defined under the MAINE_01 codeseg. Continue with sub_BB81, whose target segment sites at 259..273 are already high-address-first.",2026-09-21T19:25:49Z
th04-maine-bb81-v475,pattern,th04-maine,sub_BB81 is 0x577 raw-and-linked exact natural TC86 C++ and closes 15 MAINE_01 relocation indices,compiler-observed,ev-th04-maine-bb81-cpp-v475,scripts/probes/probe_th04_maine_bb81_cpp_v475.py;config/replay/th04_maine_bb81_v475.cpp.in;docs/reconstruction/op-maine/TH04_MAINE_VERDICT_CPP_V471.md;.analysis/gpt-web/v475-maine-bb81-replay-001/receipt.json,The large 0x577 verdict helper compiles exactly from ordinary C++ including both compiler switch tables. Its first TC86 FIXUPP record naturally makes target indices 259..273 exact while keeping the full linked program image unchanged. MAINE ordered residual drops 170→157. The next adjacent natural step is the remaining 0x51 verdict_animate tail.,2026-09-21T19:52:13Z
th04-maine-verdict-animate-v476,pattern,th04-maine,Fused sub_BB81 + verdict_animate is linked-exact natural TC86 C++ and closes 17 MAINE_01 relocation indices,compiler-observed,ev-th04-maine-verdict-animate-cpp-v476,scripts/probes/probe_th04_maine_verdict_animate_cpp_v476.py;config/replay/th04_maine_verdict_animate_v476.cpp.in;docs/reconstruction/op-maine/TH04_MAINE_VERDICT_CPP_V471.md;.analysis/gpt-web/v476-maine-verdict-fused-replay-001/receipt.json,"The final 0x51 verdict_animate function is raw exact by itself, but target relocation order requires it to share one TC86 TU with sub_BB81. The fused 0x5C8 owner preserves all linked bytes and naturally emits animate fixups before BB81 second-record fixups, reducing MAINE residual 157→140. Continue earlier MAINE_01 producer recovery, then SCORE_TEXT and BGIMAGE.",2026-09-21T20:11:19Z
th04-maine-staff-dissolve-v477,pattern,th04-maine,First four staff-roll helpers are 0x3C1 raw-and-linked exact natural TC86 C++ and close 43 MAINE_01 relocation indices,compiler-observed,ev-th04-maine-staff-dissolve-cpp-v477,scripts/probes/probe_th04_maine_staff_dissolve_cpp_v477.py;config/replay/th04_maine_staff_dissolve_v477.cpp.in;docs/reconstruction/op-maine/TH04_MAINE_STAFF_CPP_V477.md;.analysis/gpt-web/v477-maine-staff-dissolve-replay-001/receipt.json,"The radial, diagonal, axis, and bgimage-expand staff helpers compile byte-for-byte as one TC86 owner. The compiler naturally emits the target producer order B25B → B144 → B02D → AED0, making relocation indices 152..194 exact and reducing MAINE residual 140→98. Continue with the following B291/B31E/B3AC + staffroll_animate producer block.",2026-09-21T20:33:37Z
th04-maine-staff-full-v478,pattern,th04-maine,Complete 0x8B7 staff-roll MAINE_01 owner is raw-and-linked exact TC86 C++; MAINE_01 relocation order fully closed,compiler-observed,ev-th04-maine-staff-full-cpp-v478,scripts/probes/probe_th04_maine_staff_full_cpp_v478.py;config/replay/th04_maine_staff_full_v478.cpp.in;docs/reconstruction/op-maine/TH04_MAINE_STAFF_CPP_V477.md;.analysis/gpt-web/v478-maine-staff-full-replay-001/receipt.json,"All eight staff functions compile byte-for-byte as one TC86 TU. The compiler naturally reproduces the target three-record FIXUPP interleave, making indices 195..250 exact and reducing MAINE residual 98→42. Remaining MAINE R is only SCORE_TEXT 34 plus shared BGIMAGE 8.",2026-09-21T20:55:21Z
th04-maine-score-insert-v479,pattern,th04-maine,Leading SCORE_TEXT score insertion helper is 0x154 raw-and-linked exact natural TC86 C++,compiler-observed,ev-th04-maine-score-insert-cpp-v479,scripts/probes/probe_th04_maine_score_insert_cpp_v479.py;config/replay/th04_maine_score_insert_v479.cpp.in;docs/reconstruction/op-maine/TH04_MAINE_SCORE_CPP_V479.md;.analysis/gpt-web/v479-maine-score-insert-fast-replay-002/receipt.json,"The first 0x154 bytes of the residual SCORE_TEXT TASM owner correspond to a registration score-insertion helper: compare resident->score_last against hi, shift lower places, fill a new name with gs_DOT, copy the score, and set stage/all. Ordinary TC86 C++ is byte-for-byte raw exact. Replacing only this helper leaves the entire v478 linked image and relocation table unchanged, giving positive C++ producer evidence for SCORE_TEXT without claiming relocation progress.",2026-09-21T21:31:18Z
th04-maine-score-prefix-v480,pattern,th04-maine,First three SCORE_TEXT helpers form a 0x2B3 raw-exact TC86 owner with target-local segment-FIXUPP direction,compiler-observed,ev-th04-maine-score-prefix-cpp-v480,scripts/probes/probe_th04_maine_score_prefix_cpp_v480.py;config/replay/th04_maine_score_prefix_v480.cpp.in;docs/reconstruction/op-maine/TH04_MAINE_SCORE_CPP_V479.md;.analysis/gpt-web/v480-maine-score-prefix-replay-001/receipt.json,"score_insert + score_put + stage_put compile byte-for-byte as one SCORE_TEXT TU. TC86 naturally orders the five segment fixups high-address first, exactly matching the target-local suffix of the first SCORE FIXUPP record. Global residual remains 42 only because higher-address SCORE helpers remain in a later TASM owner. Continue growing the same TC86 owner forward from sub_C665.",2026-09-21T21:44:58Z
th04-maine-score-prefix-v481,pattern,th04-maine,First four SCORE_TEXT helpers form a 0x35F linked-exact natural TC86 owner with eight target-local segment FIXUPPs,compiler-observed,ev-th04-maine-score-prefix-cpp-v481,scripts/probes/probe_th04_maine_score_prefix_cpp_v481.py;config/replay/th04_maine_score_prefix_v481.cpp.in;docs/reconstruction/op-maine/TH04_MAINE_SCORE_CPP_V479.md;.analysis/gpt-web/v481-maine-score-prefix-replay-001/receipt.json,Adding the TH04 name/cursor renderer to the v480 SCORE owner yields 0x35F linked-exact code. Cross-game TH02 registration source independently supports reinterpret_cast<const char*>(hi.score.g_name[place]) as the exact string-pointer spelling; only the cross-object near call to the later private EGC copy helper differs at raw addend bytes. TC86 produces eight segment sites in the target-local order. Continue from sub_C711 to absorb the higher-address first-record helpers.,2026-09-21T21:57:17Z
th04-maine-score-prefix-v482,pattern,th04-maine,Seven-function 0x462 SCORE_TEXT prefix is linked-exact natural TC86 C++ and exposes final one-TU relocation ordering,compiler-observed,ev-th04-maine-score-prefix-v482,scripts/probes/probe_th04_maine_score_prefix_cpp_v482.py;config/replay/th04_maine_score_prefix_v482.cpp.in;docs/reconstruction/op-maine/TH04_MAINE_SCORE_CPP_V479.md;.analysis/gpt-web/v482-maine-score-prefix-replay-001/receipt.json,"place_row_put, places_put, and alphabet_cursor_put extend the v481 prefix to 0x462 bytes. Each new function is raw CODE exact. The C++ prefix emits 12 segment sites whose sequence maps exactly to target indices 320..331, while the unrecovered higher-address regist_menu/EGC tail still occupies a later physical object. Temporary split residual 43 is therefore expected; continue fusing the remaining SCORE_TEXT owner rather than treating the partial split as final packed progress.",2026-09-21T22:18:19Z
th04-maine-regist-v483-frontier,negative-result,th04-maine,regist_menu natural-C++ frontier is 920/924 bytes; standard TC86 source/optimization surfaces do not reproduce one zero-test peephole,compiler-observed,ev-th04-maine-regist-frontier-v483,scripts/probes/probe_th04_maine_regist_frontier_v483.py;config/replay/th04_maine_score_prefix_v483.cpp.in;docs/reconstruction/op-maine/TH04_MAINE_SCORE_CPP_V479.md;_reference/ReC98/Research/Borland C++ decompilation.md;.analysis/gpt-web/v483-maine-regist-frontier-replay-001/receipt.json,"The natural SCORE_TEXT C++ prefix reaches 0x7FE bytes through regist_menu(). The 0x39C registration function has only one unresolved compiler-shape site: TC86 naturally emits MOV AX,[key_det]/OR AX,AX for the one-case switch needed to preserve the target double jump, while structured if emits the target direct-memory CMP but jump optimization removes that JMP. Bounded source/type/scope and -O/-y/-Z probes do not combine both target traits. Preserve this as a non-exact frontier and continue the remaining 0xCA EGC tail / record ownership independently.",2026-09-21T23:44:52Z
th04-maine-score-rect-v484,pattern,th04-maine,Final 0x86 SCORE_TEXT rectangle-copy helper is linked-exact natural TC86 C++,compiler-observed,ev-th04-maine-score-rect-cpp-v484,scripts/probes/probe_th04_maine_score_rect_cpp_v484.py;config/replay/th04_maine_score_rect_v484.cpp.in;docs/reconstruction/op-maine/TH04_MAINE_SCORE_CPP_V479.md;.analysis/gpt-web/v484-maine-score-rect-replay-003/receipt.json,"The final SCORE_TEXT rectangle copy can be expressed as ordinary C++ around the existing EGC-start primitive: compute VRAM offsets, iterate rows/words, toggle GRCG/EGC transfer, and write back copied dots. Its only raw differences are same-segment near-call addends caused by the source-level split; linked bytes and the full relocation table are unchanged. The remaining SCORE code frontier is therefore regist_menu plus the 0x43 EGC-start helper.",2026-09-22T00:13:59Z
th04-maine-egc-tail-v485,pattern,th04-maine,Historical v485 SCORE EGC-tail codegen packet; source mechanism superseded by v834,compiler-observed,ev-th04-maine-egc-tail-cpp-v485,scripts/probes/probe_th04_maine_egc_tail_cpp_v485.py;config/replay/th04_maine_egc_tail_v485.cpp.in;docs/reconstruction/op-maine/TH04_MAINE_SCORE_CPP_V479.md;.analysis/gpt-web/v485-maine-egc-tail-replay-001/receipt.json,"Historical v485 packet: keep_0(0) was used to preserve MOV AX,0 and the fused EGC tail was raw/linked exact. v834 supersedes that source mechanism by removing keep_0/_outportb_ and using release-backed hardware primitives while preserving exact SCORE code and final MAINE bytes. v835 separately closes regist_menu. Current MAINE is 72/72; retain v485 only as historical compiler/OMF evidence.",2026-09-22T00:21:55Z
th04-maine-score-full-v486,pattern,th04-maine,Historical v486 one-TU SCORE code/OMF packet; decomp source mechanisms superseded,compiler-observed,ev-th04-maine-score-full-cpp-v486,scripts/probes/probe_th04_maine_score_full_cpp_v486.py;config/replay/th04_maine_score_full_v486.cpp.in;docs/reconstruction/op-maine/TH04_MAINE_SCORE_CPP_V479.md;.analysis/gpt-web/v486-maine-score-full-replay-003/receipt.json,"Historical v486 packet: the complete SCORE executable code was byte-exact as one TC86 TU, but source shaping still relied on optimization_barrier and keep_0. v834/v835 supersede those source mechanisms with release-backed hardware primitives and ordinary semantic C++. The v486 FIXUPP record-order observation remains useful only for later artifact/container closure, not as a current authored-function blocker.",2026-09-22T00:48:51Z
th04-maine-score-super-v487,pattern,th04-maine,Historical grouped SCORE_TEXT physical TC86 producer closes all 56 SCORE relocation indices,compiler-observed,ev-th04-maine-score-super-tu-v487,scripts/probes/probe_th04_maine_score_super_cpp_v487.py;config/replay/th04_maine_score_super_v487.cpp.in;config/replay/th04_maine_score_full_v486.cpp.in;docs/reconstruction/op-maine/TH04_MAINE_SCORE_CPP_V479.md;.analysis/gpt-web/v487-maine-score-super-replay-001/receipt.json,"The target SCORE relocation topology is explained by a larger physical TC86 TU, exactly like the dialog-v381 closure pattern. score_d (0x58) + score_hi (0x211) precede the recovered 0x8C7 SCORE body in one grouped SCORE_TEXT SEGDEF, shifting 1 KiB LEDATA/FIXUPP boundaries while retaining SCORE_01 group-relative switch-table fixups. The resulting linked program image is unchanged and target indices 291..346 are all exact. MAINE packed residual is now only the shared 8-entry BGIMAGE reverse.",2026-09-22T01:05:06Z
th04-op-score-group-v488,pattern,th04-op,Historical score_db + score_e + hi_view physical TC86 producer closes all 63 OP SCORE relocation differences,compiler-observed,ev-th04-op-score-group-v488,scripts/probes/probe_th04_op_score_group_v488.py;config/replay/th04_op_score_group_v488.cpp.in;docs/reconstruction/op-maine/TH04_OP_SCORE_GROUP_V488.md;.analysis/gpt-web/v488-op-score-group-replay-002/receipt.json,The OP target interleave is explained by a larger physical TC86 SCORE_TEXT TU. Prepending score_db (0xAD) and score_e (0x65) to hi_view shifts TC86 LEDATA batching to 0x3FE/0x31F. The first FIXUPP record naturally emits 23 hi_view sites then score_e 2; the second emits the remaining 38 hi_view sites. Linked program bytes are unchanged and indices 403..465 become target-index exact. OP packed residual is now only shared BGIMAGE 8.,2026-09-22T01:29:29Z
th04-bgimage-hybrid-v489,pattern,th04-op;th04-maine,Cross-game-corroborated hybrid BGIMAGE source closes the final OP/MAINE relocation-order blocker,corroborated,ev-th04-bgimage-crossgame-v489;ev-th04-op-bgimage-toolchain-v489;ev-th04-op-bgimage-layout-v489;ev-th04-maine-bgimage-toolchain-v489;ev-th04-maine-bgimage-layout-v489,src/shared/hardware/bgimage.cpp;scripts/probes/probe_th04_bgimage_hybrid_v489.py;docs/reconstruction/op-maine/TH04_BGIMAGE_HYBRID_V489.md;.analysis/gpt-web/v489-bgimage-hybrid-replay-003/receipt.json,Pure C++ loops/intrinsics cannot produce the target REP MOVSD owner and direct TC86 emits the wrong FIXUPP direction. Independent TH05 OP/MAINE targets preserve the same segment-stack/REP MOVSD/EVEN architecture. The maintained source therefore uses only those corroborated low-level operations symbolically; TCC -B plus pinned TASM32 reproduces exact 0xD0 CODE and target FIXUPPs. OP and MAINE ordered relocation mismatches both reach zero.,2026-09-22T02:06:02Z
th04-packed-minalloc-derived-v490,pattern,th04-op;th04-maine,"DOS MZ minalloc is derived from file-backed extent and fixed initial stack endpoint, not an independent packed-header degree of freedom",observed,ev-th04-op-packed-minalloc-stack-v490;ev-th04-maine-packed-minalloc-stack-v490,scripts/probes/probe_th04_mz_minalloc_stack_v490.py;docs/reconstruction/packed/TH04_DIET145F_MZ_PARTITION_V231.md;.analysis/gpt-web/v490-mz-minalloc-stack-001.json,"For current OP/MAINE candidates, target-restored views, RT controls, and full /i controls, minimum-extra-allocation is exactly the paragraph gap from load-image EOF to e_ss:e_sp. Target-restored SS:SP is unchanged, so the 202-paragraph minalloc drop is mechanically induced by the larger T extent. Stop treating historical minalloc as a separate search variable; recover the target-attested T extent mechanism itself.",2026-09-22T02:36:48Z
th04-packed-historical-bdata-boundary-v491,negative-result,th04-op;th04-maine,Historical MASTER b_data physical member boundary does not create the target T extent,observed,ev-th04-op-historical-bdata-extent-v491;ev-th04-maine-historical-bdata-extent-v491,scripts/probes/probe_th04_historical_bdata_extent_v491.py;docs/reconstruction/packed/TH04_DIET145F_MZ_PARTITION_V231.md;.analysis/gpt-web/v491-historical-bdata-replay-002/receipt.json,"The actual masters.lib b_data.OBJ can replace the reconstructed inline BGM data/BSS fragments at exactly the same _DATA/_BSS position when the surrounding master data-tail is split into pre/post owners. OP and MAINE output EXEs remain byte-identical to v489, including file extent and minalloc. Thus the real library-member boundary itself is not the missing T mechanism; look for initialized data inside a BSS-class contribution, a different linker, or a post-link transform.",2026-09-22T02:55:40Z
th04-packed-bgm-bss-fileback-v492,pattern,th04-op;th04-maine,Shared MASTER BGM BSS file-backing is sufficient for exact TH04 T/minalloc surface and is independently corroborated by TH05 targets,corroborated,ev-th04-bgm-bss-crossgame-v492;ev-th04-op-bgm-bss-fileback-v492;ev-th04-maine-bgm-bss-fileback-v492,scripts/probes/probe_th04_bgm_bss_fileback_v492.py;config/replay/th04_bgm_bss_fileback_v492.asm.in;docs/reconstruction/packed/TH04_BGM_BSS_FILEBACK_V492.md;.analysis/gpt-web/v492-bgm-bss-fileback-replay-002/receipt.json,"Symbolically file-backing the historical 0xC6 MASTER BGM BSS zero span naturally produces the exact TH04 OP/MAINE T extents and derived minalloc values without changing any preceding program byte or relocation entry. TH05 OP independently reproduces its real target T extent/minalloc under the same cold-build mechanism, and four TH04/TH05 target-restored artifacts contain the identical zero BGM span. However v430/v491 historical masters.lib:b_data.OBJ has no BSS LEDATA, so the original trigger remains unknown; do not promote the explicit-zero replay template as historical source. P-only diagnostics prove the packed frontier otherwise reduces exactly to the shared snd_load two-byte encoding.",2026-09-22T03:15:05Z
th04-zun-master-version-divergence-v493,fact,th04-op;th04-maine,TH04/TH05 target code proves ZUN used a modified MASTER build rather than the pinned generic masters.lib verbatim,corroborated,ev-th04-zun-master-version-v493,scripts/probes/probe_th04_zun_master_patch_v493.py;docs/reconstruction/packed/TH04_ZUN_MASTER_VERSION_V493.md;docs/reconstruction/packed/TH04_BGM_BSS_FILEBACK_V492.md;.analysis/gpt-web/v493-zun-master-patch-replay-001/receipt.json,"Generic masters.lib archive members grpgjput/grpgputs retain the official ADC 5680h gaiji bug, while all four independently restored TH04/TH05 OP/MAINE targets use ADD. The historical ZUN MASTER object set therefore diverged from the generic archive. Consequently v491 generic b_data.OBJ no-LEDATA evidence cannot by itself exclude an initialized/file-backed BGM BSS in ZUN's modified MASTER build. Exact b_data contents remain unknown.",2026-09-22T03:24:15Z
th04-packed-bgm-reduction172-v494,fact,th04-op;th04-maine,ReC98 Reduction #172 independently attests the same BGM-BSS file-backing representation needed for the TH04 T extent,corroborated,ev-th04-op-bgm-reduction172-v494;ev-th04-maine-bgm-reduction172-v494,scripts/probes/probe_th04_bgm_bss_reduction172_v494.py;config/replay/th04_bgm_bss_reduction172_v494.asm.in;docs/reconstruction/packed/TH04_BGM_BSS_REDUCTION172_V494.md;docs/reconstruction/packed/TH04_BGM_BSS_FILEBACK_V492.md;.analysis/gpt-web/v494-bgm-reduction172-replay-001/receipt.json,"The exact 2014 Reduction #172 source blob retains timerorg as `dd ?` but initializes part/esound with `dup(<0>)`; its commit message explicitly says this was done instead of the `?` in the original source to avoid MZ header size changes. Replaying that historical blob today yields exactly the same OP/MAINE T extents and EXE identities as v492. This is strong independent provenance for the binary-preserving build representation, while explicitly not claiming ZUN original source used zero initialization.",2026-09-22T03:35:02Z
th04-main-final-blocker-upstream-provenance-v495,negative-result,th04-main,Pinned ReC98 history and MAGNet2010 do not supply independent source-origin evidence for the final MAIN blockers,corroborated,ev-th04-main-final-blocker-upstream-provenance-v495,scripts/probes/probe_th04_final_blocker_upstream_provenance_v495.py;docs/reconstruction/main/TH04_FINAL_BLOCKER_PROVENANCE_V413.md;_reference/ReC98/CONTRIBUTING.md,"Checkerboard commit 45df9ec0 and carpet commit 2aae476a retain the target low-level operations as inline assembly, but both are 2023 decompilations from target-derived th04_main.asm. The independent MAGNet2010 leak is explicitly limited to demo recording and EMS setup; all 13 pinned TH04 MAGNet tags stay in that scope. The demo_end inline-ASM now present upstream was added later in 2023. These sources strengthen an ASM hypothesis but do not cross the repository provenance gate for checkerboard, carpet, or snd_load.",2026-09-22T05:44:06Z
th04-main-magnet-transcription-provenance-v496,negative-result,th04-main,Complete pinned MAGNet2010 transcription lineage never reaches the final MAIN blocker sources,corroborated,ev-th04-main-magnet-transcription-provenance-v496,scripts/probes/probe_th04_magnet_transcription_provenance_v496.py;docs/reconstruction/main/TH04_FINAL_BLOCKER_PROVENANCE_V413.md;_reference/ReC98,"All nine pinned commits that change TH04 MAGNet2010 tag counts were replayed by exact Git identity. Tag-bearing hunks stay in demo/input/EMS/memory files; the three 2019 introduction commits add demo/memory, EMS/memory, and key_det/shiftkey provenance. No historical/current tag-bearing path reaches checkerboard, carpet/stages, or snd_load, so this known leak lineage cannot establish source origin for the remaining 27 MAIN bytes.",2026-09-22T06:20:01Z
pc98-tc4j-wx-final-blocker-surface-v497,negative-result,pc98-borland,TC4J -WX changes segment alignment but not tested final-blocker instruction selection,compiler-observed,ev-th04-main-wx-final-blocker-surface-v497,scripts/probes/probe_tc4_wx_final_blocker_surface_v497.py;docs/reconstruction/main/TH04_MAIN_FIXUP_CODEGEN_PROBES.md;.analysis/gpt-web/v497-wx-final-blocker-003/receipt.json,"The attested TCC 4.02 -WX/DPMI16 path is active and changes CODE SEGDEF alignment, yet leaves the final-blocker register-direction/zero/doubling/MUL core byte-identical to normal TCC. Fourteen natural checkerboard countdown forms still emit no LOOP, four fixed-SI byte loads still emit no LODSB, and direct DS-to-ES remains MOV AX,DS / MOV ES,AX. Close -WX as a compiler-option explanation for the remaining TH04 MAIN bytes.",2026-09-22T06:29:30Z
pc98-tc4j-processor-final-blocker-surface-v498,negative-result,pc98-borland,TC4J processor target selection does not explain TH04 final blocker opcodes,compiler-observed,ev-th04-main-processor-final-blocker-surface-v498,scripts/probes/probe_tc4_processor_final_blocker_surface_v498.py;docs/reconstruction/main/TH04_MAIN_FIXUP_CODEGEN_PROBES.md;.analysis/gpt-web/v498-tc4-processor-final-001/receipt.json,The attested TCC 4.02 default/-1/-2/-3/-4 profiles leave the combined register/core lowering unchanged and never emit the target 89 C3 / 89 C6 / 89 D7 / 31 D2 / 01 DB / D1 E7 / F7 E3 forms. All profiles avoid LODSB. Only -3/-4 can compile the _EAX checkerboard probes and all 14 still avoid LOOP. Close processor-target selection as an explanation for the remaining TH04 MAIN bytes.,2026-09-22T07:32:04Z
pc98-tc4j-language-mode-final-blocker-v499,negative-result,pc98-borland,TC4J C versus C++ front-end mode does not alter tested final blocker lowering,compiler-observed,ev-th04-main-language-mode-final-blocker-v499,scripts/probes/probe_tc4_language_mode_final_blocker_surface_v499.py;docs/reconstruction/main/TH04_MAIN_FIXUP_CODEGEN_PROBES.md;.analysis/gpt-web/v499-language-mode-002/receipt.json,"The attested TCC 4.02 language-mode sentinel independently proves true C and C++ front-end selection. For the tested final-blocker semantics, however, .c, .cpp, and forced-C++ .c lower to identical CODE. Language mode therefore does not explain 89 C3 / related register forms, checkerboard LOOP, or carpet LODSB.",2026-09-22T07:42:32Z
pc98-tc4j-inline-return-register-v501,negative-result,pc98-borland,TC4J inline pseudo-register returns do not select TH04 snd_load 89 C3,compiler-observed,ev-th04-main-inline-return-register-v501,scripts/probes/probe_tc4_inline_return_register_v501.py;docs/reconstruction/main/TH04_MAIN_FIXUP_CODEGEN_PROBES.md;.analysis/gpt-web/v501-inline-return-register-002/receipt.json,"Pinned TCC 4.02 fully inlines natural helpers that return _AX. Direct return, INT 21h return, and DOS-open-shaped return variants all keep the AX-to-BX transfer as 8B D8; a local temporary changes the transfer to a stack spill/reload. Close inline-return register propagation as a natural explanation for snd_load 89 C3.",2026-09-22T08:30:07Z
pc98-tc4j-checker-inline-loop-v502,negative-result,pc98-borland,TC4J inline expansion does not recover TH04 checkerboard LOOP,compiler-observed,ev-th04-main-checker-inline-loop-v502,scripts/probes/probe_tc4_checkerboard_inline_loop_v502.py;docs/reconstruction/main/TH04_MAIN_CHECKERBOARD_V396.md;.analysis/gpt-web/v502-checker-inline-loop-004/receipt.json,Pinned TCC 4.02 inlines a small checkerboard store helper without changing the direct countdown lowering. Helpers that contain the complete countdown or own its count remain out-of-line COMDATs and introduce CALLs. None of the tested inline-expansion forms emits x86 LOOP.,2026-09-22T08:37:51Z
pc98-tc4j-carpet-inline-helper-v503,negative-result,pc98-borland,TC4J inline helpers do not recover TH04 carpet residual instruction forms,compiler-observed,ev-th04-main-carpet-inline-helper-v503,scripts/probes/probe_tc4_carpet_inline_helpers_v503.py;docs/reconstruction/main/TH04_MAIN_KURUMI_CARPET_V174.md;.analysis/gpt-web/v503-carpet-inline-helper-002/receipt.json,"Pinned TCC 4.02 fully inlines all tested natural helpers, but multiplication, fixed-SI byte loading, register transfers, zeroing, doubling, and shift lower exactly as their direct-source controls. Inline boundaries therefore do not explain the remaining carpet MUL BX, LODSB, direction-bit, XOR, ADD, or SHL forms.",2026-09-22T08:43:37Z
th04-trial-upstream-history-v504,negative-result,th04-main,Pinned ReC98 mainline contains no TH04 trial/prototype provenance markers,corroborated,ev-th04-trial-upstream-history-v504,scripts/probes/probe_th04_trial_upstream_history_v504.py;docs/reconstruction/main/TH04_FINAL_BLOCKER_PROVENANCE_V413.md;.analysis/gpt-web/v504-trial-upstream-002/receipt.json,"A deterministic current-tree plus git-pickaxe audit over all 3071 commits reachable from pinned ReC98 HEAD finds no GEN_TS1, Japanese trial marker, taiken, or trial content in TH04 paths. Search for the actual 1998 public trial must therefore use an independent external artifact, not hidden ReC98 history.",2026-09-22T08:55:51Z
pc98-tc4j-debug-final-blocker-surface-v505,negative-result,pc98-borland,TC4J source-debug and line-info modes do not alter tested final blocker instruction selection,compiler-observed,ev-th04-main-debug-final-blocker-surface-v505,scripts/probes/probe_tc4_debug_final_blocker_surface_v505.py;docs/reconstruction/main/TH04_MAIN_FIXUP_CODEGEN_PROBES.md;.analysis/gpt-web/v505-debug-final-blocker-001/receipt.json,"Pinned TCC 4.02 -v, -y, and -v -y add line/debug metadata but leave the representative register/MUL/DS-ES core, checkerboard countdown, and fixed-SI byte-load CODE byte-identical to the normal profile. Debug metadata therefore does not explain TH04 89 C3 or related carpet encodings, checkerboard LOOP, or carpet LODSB for these tested semantics.",2026-09-22T09:21:41Z
th04-nonmain-replay-route-v507,recipe,control-plane,Retained OP/MAINE aggregate and ZUN source-only replay routes,compiler-observed,ev-th04-op-handoff-replay-v507;ev-th04-maine-handoff-replay-v507;ev-th04-zun-handoff-source-v507,docs/reconstruction/packed/TH04_NONMAIN_REPLAY_HANDOFF_V507.md;docs/reconstruction/packed/TH04_DECODED_FUNCTION_ACCEPTANCE_V508.md,"Retained v489 current-snapshot and v228 target restores remain the OP/MAINE aggregate inputs. ZUN source-only compile uses transitive local headers. v508 now provides the separate artifact-local decoded acceptance plane and rebased resident component link; neither grants packed-file exactness or standalone-build credit.",2026-09-22T11:46:24Z
pc98-tc4j-dosv-backend-intake-v506,open-question,pc98-borland,Same-media DOS/V integrated TC4J backend codegen,compiler-observed,ev-th04-main-dosv-backend-intake-v506,scripts/probes/probe_tc4_dosv_backend_intake_v506.py;docs/reconstruction/main/TH04_MAIN_FIXUP_CODEGEN_PROBES.md,"Distinct attested DOS/V TC.EXE exists in the same TC4J media but no accepted runner has produced valid OMF from it. Structural NE differences do not establish the target codegen forms or any MAIN exact credit; test dynamically only if a lawful attested runner is available.",2026-09-22T11:23:00Z
th04-decoded-acceptance-v508,recipe,control-plane,Artifact-local decoded function acceptance is distinct from packed-file exactness,compiler-observed,ev-th04-op-decoded-acceptance-v508;ev-th04-maine-decoded-acceptance-v508;ev-th04-zun-decoded-acceptance-v508,config/th04_decoded_function_acceptance.csv;scripts/decoded_function_acceptance.py;docs/reconstruction/packed/TH04_DECODED_FUNCTION_ACCEPTANCE_V508.md,"Static gate joins reviewed boundaries to source-present units and function-scoped raw evidence. Cold wrapper rebuilds the claimed source and compares each complete artifact-local decoded slice in A/B rounds. Current BGIMAGE slices are zero-difference in OP/MAINE; ZUN resident slices remain diagnostic nonexact. Extend the backend for a new TU before granting credit.",2026-09-22T11:46:24Z
th04-vram-decoded-exact-v509,fact,th04-op-maine,Maintained natural VRAM-plane TU is artifact-locally decoded-exact in both OP and MAINE,compiler-observed,ev-th04-op-vram-raw-v509;ev-th04-maine-vram-raw-v509;ev-th04-op-vram-aggregate-v509;ev-th04-maine-vram-aggregate-v509,src/shared/hardware/vram_planes.cpp;scripts/probes/replay_th04_shared_vram.py;docs/reconstruction/packed/TH04_THREE_ARTIFACT_SMOKE_V509.md,"Compile the same 41-byte far function source separately into OP SHARED 0DA1:0002 and MAINE SHARED 0CC7:000A. Each target-local decoded slice raw-matches in two cold rounds and all ordered relocations agree. Keep unit state source-present because DIET packing supplies no honest function file offset; never transfer MAIN credit.",2026-09-22T12:41:25Z
th04-zun-graphclear-current-replay-v509,recipe,th04-zun,ZUN graph-clear local ASM replay works with retained v489 library and transitive headers,compiler-observed,ev-th04-zun-graph-clear-cold-v509,scripts/probes/replay_th04_zun_graph_clear.py;docs/reconstruction/zun/TH04_ZUN_GRAPH_CLEAR_V319.md,"Old v214-only replay inputs were pruned. Current two-round TASM/TLINK path compiles checked-in graph_clear.asm and raw-matches its 36-byte decoded target support slice. This is library origin and cannot raise the zero authored ZUN exact count; cfg_init/main component layout remains blocked.",2026-09-22T12:43:17Z
th04-zun-main-optimizer-profile-v518,negative-result,th04-zun,Supported TC4J profile surface does not reproduce the target selective error tail,compiler-observed,ev-th04-zun-main-optimizer-profile-v518,scripts/probes/probe_th04_zun_main_optimizer_profile.py;docs/reconstruction/zun/TH04_ZUN_MAIN_V241.md,"Target _main keeps the bad-option and already-resident dos_puts2 calls separate, shares only the /R-not-resident path with the no-space call, and remains 252 bytes. Cold supported-profile probes show baseline/-O-/-Z- merge too much while -G/-v/-y preserve all print calls or alter other codegen. Treat pure compiler-switch search as closed until materially new toolchain evidence appears.",2026-09-22T17:18:36+00:00
th04-zun-main-barrier-provenance-v518,negative-result,th04-zun,ReC98 resident self-assignment barriers are reconstruction workarounds without independent source provenance,corroborated,ev-th04-zun-main-barrier-provenance-v518,_reference/ReC98;docs/reconstruction/zun/TH04_ZUN_MAIN_V241.md;scripts/probes/probe_th04_zun_main_barrier_provenance.py,Pinned ReC98 history introduces the self-assignments in a 2020 decompilation commit that explicitly explains their no-op optimization-barrier effect and only speculates that ZUN might have written them. Do not import these inert statements into maintained TH04 source for byte equality absent independent provenance.,2026-09-22T17:19:33+00:00
th04-zun-cfg-function-local-v519,fact,th04-zun,cfg_init natural codegen closes outside link fixups; exactness is blocked by resident link context,compiler-observed,ev-th04-zun-cfg-function-local-v519;ev-th04-zun-cfg-link-block-v519,src/zun/config/cfg_init.cpp;scripts/probes/probe_th04_zun_cfg_function_local.py;docs/reconstruction/zun/TH04_ZUN_CFG_INIT_V239.md,"Maintained cfg_init is exactly 152 bytes. All 30 standalone target/object differences are the two bytes of 15 OMF FIXUPP fields, while every non-fixup byte matches. The current natural resident link still differs at 13 fixup-field bytes because downstream symbols remain six bytes early under the blocked natural _main. Keep cfg_init source-present and function-level blocked until an artifact-local natural link resolves raw-zero; normalized equality cannot waive the raw gate.",2026-09-22T17:28:35+00:00
th04-zun-zuninit-physical-partition-v520,fact,th04-zun,ZUNINIT complete target-local code/data partition,observed,ev-th04-zun-zuninit-boundaries-v520,config/th04_boundary_review.toml;config/th04_function_boundaries.csv;scripts/probes/probe_th04_zuninit_boundaries.py,"Target ZUNINIT payload 0x6F3..0xB67 is fully tiled by code at 0x6F3+3, 0x6F6+0x12, 0x708+0x12, 0x71A+0x96, 0x7B0+0x12, 0x7C2+0x3B, 0x8FF+0x27, 0x926+0xDA and data islands 0x7FD..0x8FE plus 0xA00..0xB67. All eight function extents are target-reviewed. Candidate TASM/target-derived assembly corroborates entries only and does not settle original source provenance.",2026-09-22T17:44:43+00:00
th04-zun-memchk-physical-partition-v521,fact,th04-zun,MEMCHK authored CODE target-local function/padding partition,observed,ev-th04-zun-memchk-boundaries-v521,config/th04_boundary_review.toml;config/th04_function_boundaries.csv;scripts/probes/probe_th04_memchk_boundaries.py,"Target MEMCHK authored CODE payload 0x26A7..0x2709 is fully tiled by _main 0x26 bytes, padding 0x00, sub_38E 0x27 bytes, padding 0x90, and sub_3B6 0x14 bytes. All three function extents are target-reviewed. Candidate source explicitly states IDA generation and its raw-equal component is corroboration only, so source/original-ASM provenance stays open.",2026-09-22T18:12:49+00:00
th04-zun-generated-asm-provenance-v522,negative-result,th04-zun,"ZUNINIT/MEMCHK ReC98 assembly is decompilation provenance, not original-source authority",corroborated,ev-th04-zun-generated-asm-provenance-v522,scripts/probes/probe_th04_zun_generated_asm_provenance.py;docs/reconstruction/zun/TH04_ZUN_GENERATED_ASM_PROVENANCE_V522.md,"At pinned ReC98 revision b6ba5b0..., th04_zuninit.asm enters history in f54cd0fe as an IDA-generated Initial state import whose commit says the small binaries still need RE attention. th04_memchk.asm enters in 90b7ace1 with the same IDA-generated header; its only later path change 6212a4c2 changes 0FFh spelling to 255 for PI accounting. Do not migrate either candidate into maintained source merely because candidate-linked components raw-match.",2026-09-22T18:23:24+00:00
th04-zun-dos-free-support-v524,pattern,th04-zun,DOS_FREE library member can be replaced by maintained natural TASM without layout drift,observed,ev-th04-zun-dos-free-target-v524;ev-th04-zun-dos-free-toolchain-v524;ev-th04-zun-dos-free-raw-v524;ev-th04-zun-dos-free-aggregate-v524,src/shared/dos/dos_free.asm;scripts/probes/replay_th04_zun_dos_free.py,"The target 16-byte DOS_FREE/MEM_FREE support body is reproduced by simple symbolic 8086 source. Preserving the historical empty _DATA SEGDEF/DGROUP is required for byte-identical MAP topology even though it emits no data. Replacing archive member index 211 alongside GRAPH_CLEAR, RESDATA, and FILE_READ leaves the 6360-byte candidate resident and MAP unchanged. This is library support, not authored ZUN progress.",2026-09-22T18:41:41+00:00
th04-zun-dos-axdx-support-v525,pattern,th04-zun,DOS_AXDX library support function and module alignment are separable,observed,ev-th04-zun-dos-axdx-target-v525;ev-th04-zun-dos-axdx-omf-v525;ev-th04-zun-dos-axdx-raw-v525;ev-th04-zun-dos-axdx-aggregate-v525,src/shared/dos/dos_axdx.asm;scripts/probes/replay_th04_zun_dos_axdx.py,Target DOS_AXDX is a 0x15-byte function ending RET 4. Historical dosc contributes 0x16 CODE bytes because an EVEN directive emits a trailing 0x90 outside the function owner. Maintained symbolic TASM reproduces the full module and archive member index 216 without changing resident MAP/component; exact credit remains library support only.,2026-09-22T18:52:58+00:00
th04-zun-dos-puts2-support-v526,pattern,th04-zun,DOS_PUTS2 library support uses link-relevant OMF determinism and separate alignment,observed,ev-th04-zun-dos-puts2-target-v526;ev-th04-zun-dos-puts2-omf-v526;ev-th04-zun-dos-puts2-raw-v526;ev-th04-zun-dos-puts2-aggregate-v526,src/shared/dos/dos_puts2.asm;scripts/probes/replay_th04_zun_dos_puts2.py,"Target DOS_PUTS2 is a 0x27-byte function ending RET 2. Historical dosputs2 contributes 0x28 CODE bytes because EVEN emits trailing 0x90 outside the function owner. Two cold TASM objects differ only in a COMENT dependency timestamp; every non-COMENT OMF record, module CODE, MAP, and resident bytes agree. Member index 221 is preserved.",2026-09-22T19:07:25+00:00
th04-zun-file-create-support-v527,pattern,th04-zun,FILE_CREATE can preserve linked bytes despite equivalent TASM FIXUPP representation,observed,ev-th04-zun-file-create-target-v527;ev-th04-zun-file-create-omf-v527;ev-th04-zun-file-create-layout-v527;ev-th04-zun-file-create-raw-v527,src/shared/dos/file_create.asm;scripts/probes/replay_th04_zun_file_create.py,"Putting file globals in _DATA/DGROUP is required to avoid CS overrides and recover the historical 0x3C LEDATA. TASM5 still uses different EXTDEF type indices and one equivalent FIXUPP frame form versus the extracted object, but TLINK yields the identical module, MAP, and resident. Acceptance is based on raw linked output, not normalized OMF identity.",2026-09-22T19:22:54+00:00
th04-zun-file-ropen-support-v528,pattern,th04-zun,FILE_ROPEN can preserve raw linked output across TASM OMF metadata differences,observed,ev-th04-zun-file-ropen-target-v528;ev-th04-zun-file-ropen-omf-v528;ev-th04-zun-file-ropen-layout-v528;ev-th04-zun-file-ropen-raw-v528,src/shared/dos/file_ropen.asm;scripts/probes/replay_th04_zun_file_ropen.py,"Maintained symbolic FILE_ROPEN emits the historical 0x36 zero-placeholder LEDATA. TASM5 differs from the extracted object in segment/type index metadata and equivalent FIXUPP framing, but preserving MASTER archive index 170 yields the identical final module, MAP, and 6360-byte resident candidate. Acceptance stays on raw linked output, not normalized OMF identity.",2026-09-22T20:07:09+00:00
th04-zun-file-write-support-v529,pattern,th04-zun,FILE_WRITE target owner is the full 0xA6 module and can be replaced without layout drift,observed,ev-th04-zun-file-write-target-v529;ev-th04-zun-file-write-omf-v529;ev-th04-zun-file-write-layout-v529;ev-th04-zun-file-write-raw-v529,src/shared/dos/file_write.asm;scripts/probes/replay_th04_zun_file_write.py,"Target-first disassembly closes FILE_WRITE at RET 6 after exactly 0xA6 bytes. The 0x90 at the direct-write split is internal alignment, not trailing padding. Maintained symbolic TASM reproduces the historical zero-placeholder LEDATA and, at MASTER archive index 171, preserves final module bytes, MAP, and resident candidate. Library support only.",2026-09-22T20:14:21+00:00
th04-zun-file-seek-support-v530,pattern,th04-zun,filseek physical module contains two target-reviewed functions separated by external alignment,observed,ev-th04-zun-file-seek-target-v530;ev-th04-zun-file-tell-target-v530;ev-th04-zun-file-seek-omf-v530;ev-th04-zun-file-seek-layout-v530;ev-th04-zun-file-seek-raw-v530;ev-th04-zun-file-tell-raw-v530,src/shared/dos/file_seek.asm;scripts/probes/replay_th04_zun_file_seek.py,"The 0x42 filseek module partitions exactly into FILE_SEEK 0x33 bytes, one function-external 0x90 alignment byte, and FILE_TELL 0x0E bytes. Target-first decode closes the Ghidra-missed FILE_TELL public. Maintained symbolic TASM at archive index 177 preserves both linked functions, the gap, MAP, and resident candidate. Library support only.",2026-09-22T20:22:02+00:00
th04-zun-file-append-support-v531,pattern,th04-zun,FILE_APPEND is a complete standalone 0x50 MASTER support owner,observed,ev-th04-zun-file-append-target-v531;ev-th04-zun-file-append-omf-v531;ev-th04-zun-file-append-layout-v531;ev-th04-zun-file-append-raw-v531,src/shared/dos/file_append.asm;scripts/probes/replay_th04_zun_file_append.py,"Target-first decode closes FILE_APPEND at RET 2 after exactly 0x50 bytes, immediately before DOS_FREE. Maintained symbolic TASM at MASTER archive index 182 reproduces zero-placeholder LEDATA and preserves final target module bytes, MAP, and resident candidate. Library support only.",2026-09-22T20:28:52+00:00
th04-zun-file-close-support-v532,pattern,th04-zun,filclose physical module contains FILE_FLUSH and FILE_CLOSE separated by external alignment,observed,ev-th04-zun-file-flush-target-v532;ev-th04-zun-file-close-target-v532;ev-th04-zun-file-close-omf-v532;ev-th04-zun-file-close-layout-v532;ev-th04-zun-file-flush-raw-v532;ev-th04-zun-file-close-raw-v532,src/shared/dos/file_close.asm;scripts/probes/replay_th04_zun_file_close.py,"The 0x7A filclose module partitions into FILE_FLUSH 0x6B bytes, one function-external 0x90 alignment byte, and FILE_CLOSE 0x0E bytes. Maintained symbolic TASM at archive index 167 preserves both linked functions, the gap, MAP, and resident candidate. This completes the immediate MASTER file-helper family as library support.",2026-09-22T20:35:42+00:00
th04-zun-fontopen-support-v533,pattern,th04-zun,fontopen physical member owns aliased DOS_ROPEN/FONTFILE_OPEN code plus file_sharingmode data,observed,ev-th04-zun-fontopen-code-target-v533;ev-th04-zun-fontopen-data-target-v533;ev-th04-zun-fontopen-omf-v533;ev-th04-zun-fontopen-layout-v533;ev-th04-zun-fontopen-code-raw-v533;ev-th04-zun-fontopen-data-raw-v533,src/shared/dos/dos_ropen.asm;scripts/probes/replay_th04_zun_fontopen.py,"The fontopen archive member contains a 24-byte aliased DOS_ROPEN/FONTFILE_OPEN function and a two-byte file_sharingmode data word. Maintained TASM at physical index 337 preserves both LEDATA sections, final linked code/data, MAP, and resident candidate. Library support only.",2026-09-22T20:42:27+00:00
th04-zun-version-grp-support-v534,pattern,th04-zun,MASTER VERSION and GRP pure-data members can be localized without changing resident layout,observed,ev-th04-zun-version-target-v534;ev-th04-zun-grp-target-v534;ev-th04-zun-version-omf-v534;ev-th04-zun-grp-omf-v534;ev-th04-zun-version-grp-layout-v534;ev-th04-zun-version-raw-v534;ev-th04-zun-grp-raw-v534,src/shared/runtime/master_version.asm;src/shared/hardware/graph_state.asm;scripts/probes/replay_th04_zun_version_grp.py,"VERSION owns 0x5D DATA at target 0x219A and GRP owns 0x0B DATA at 0x21F8. The following zero bytes are TLINK alignment gaps outside both owners. GRP retains exactly one _Master_Version EXTDEF, preserving the historical force-link dependency. Replacing archive indices 0 and 91 keeps MAP and resident candidate raw-identical. Library support only.",2026-09-22T21:10:31+00:00
th04-zun-file-state-support-v535,pattern,th04-zun,MASTER fil member splits initialized DATA ownership from uninitialized BSS layout,observed,ev-th04-zun-file-state-data-target-v535;ev-th04-zun-file-state-omf-v535;ev-th04-zun-file-state-bss-omf-v535;ev-th04-zun-file-state-layout-v535;ev-th04-zun-file-state-data-raw-v535,src/shared/dos/file_state.asm;scripts/probes/replay_th04_zun_file_state.py,The physical fil member at archive index 163 owns four file-backed DATA bytes 0000FFFF plus 0x14 bytes of uninitialized BSS. Maintained TASM preserves SEGDEF/public offsets and resident bytes. TASM5 reverses only the same-address _file_BufferPos/file_BufferPos MAP display order; the replay permits exactly that two-line swap and nothing else. BSS has no invented target byte extent.,2026-09-22T21:32:20+00:00
th04-zun-compact-master-v536,fact,th04-zun,ZUN resident no longer requires the external 640-member MASTER archive,observed,ev-th04-zun-compact-master-cold-v536;ev-th04-zun-compact-master-layout-v536;ev-th04-zun-compact-master-aggregate-v536;ev-th04-zun-compact-master-component-v536,scripts/probes/replay_th04_zun_compact_master.py;docs/reconstruction/zun/TH04_ZUN_COMPACT_MASTER_V536.md,"Fifteen already accepted local support producers, plus standalone local GRAPH_CLEAR, are sufficient to build the same 6360-byte diagnostic resident component without reading or linking the external masters.lib. The compact archive is 8192 bytes and deterministic. Remaining external link inputs are c0t.obj, emu.lib, maths.lib, and ct.lib. This is dependency closure only; target residual remains 4241 and authored exact remains zero.",2026-09-22T22:07:19+00:00
th04-zun-runtime-inventory-v537,fact,th04-zun,EMU/MATHS are unused by the resident; remaining Borland runtime surface is c0t plus 26 CT members,observed,ev-th04-zun-runtime-inventory-cold-v537;ev-th04-zun-runtime-inventory-layout-v537;ev-th04-zun-runtime-inventory-aggregate-v537;ev-th04-zun-runtime-inventory-component-v537,scripts/probes/replay_th04_zun_runtime_inventory.py;docs/reconstruction/zun/TH04_ZUN_RUNTIME_INVENTORY_V537.md,Deleting emu.lib and maths.lib from the link response preserves the v536 component and MAP byte-for-byte. Fresh TLIB inventories show no mapped module from EMU or MATHS. c0t.obj contributes c0.ASM; CT.LIB contributes exactly 26 runtime modules. Compiler/runtime ownership remains separate from authored progress.,2026-09-22T22:15:24+00:00
th04-zun-main-pragma-optimizer-scope-v538,negative-result,th04-zun,TC4J pragma option -O- cannot selectively reproduce ZUN _main error-tail calls,compiler-observed,ev-th04-zun-main-pragma-optimizer-scope-v538;ev-th04-main-tc4-optimizer-suboptions-v399,scripts/probes/probe_th04_zun_main_pragma_optimizer_scope.py;scripts/probes/probe_tc4_optimizer_suboptions.py;docs/reconstruction/zun/TH04_ZUN_MAIN_V241.md,Pinned Japanese TCC rejects BCC-style -Od and all tested -O suboptions except plain -O (v399). File-level pragma -O- matches command-line -O- at 248 bytes; an inner disable/restore pair has no current-function effect and remains 246 bytes; an unrestored inner pragma yields the same 248-byte build. None restores the target bad-option/already-resident CALLs.,2026-09-22T22:27:32+00:00
th04-zun-cfg-current-link-v539,fact,th04-zun,Current cfg_init linked residual is completely explained by the six-byte _main layout deficit,compiler-observed,ev-th04-zun-cfg-function-local-v519;ev-th04-zun-cfg-current-link-cold-v539;ev-th04-zun-cfg-current-link-v539,src/zun/config/cfg_init.cpp;scripts/probes/probe_th04_zun_cfg_current_link.py;docs/reconstruction/zun/TH04_ZUN_CFG_INIT_V239.md,"Under the current compact local MASTER and reduced c0t+CT runtime link, cfg_init has no independent source/codegen residual. Of its 15 two-byte FIXUPP words, 3 already equal target and the other 12 are each exactly target-6. Those 12 shifted words account for all 13 raw differing bytes. Keep cfg_init blocked/source-present until _main layout is naturally restored and the raw link becomes zero; do not patch relocation words.",2026-09-22T22:34:15+00:00
th04-score-codec-boundaries-v540,fact,th04-op;th04-maine,OP/MAINE score codec decode/encode/recreate physical boundaries are target-reviewed,observed,ev-th04-op-score-codec-boundaries-v540;ev-th04-maine-score-codec-boundaries-v540,scripts/probes/probe_th04_score_codec_boundaries.py;config/th04_function_boundaries.csv,"Target Ghidra extents, full target disassembly, internal jump closure, adjacent entries, and artifact-local v489 linked equality independently close six codec function boundaries. OP and MAINE evidence remains separate; no exact credit transfers across artifacts.",2026-09-22T22:46:50+00:00
th04-score-codec-provenance-v540,negative-result,th04-op;th04-maine,ReC98 score codec C++ is decompilation provenance rather than independent original source,corroborated,ev-th04-score-codec-provenance-v540,scripts/probes/probe_th04_score_codec_boundaries.py;_reference/ReC98,"The pinned introduction commits for scoredat decode, encode, and recreate are explicitly [Decompilation]. Raw-equal candidate links therefore do not justify copying these files into maintained product source or granting source-present/exact state.",2026-09-22T22:46:50+00:00
th04-score-hiscore-boundaries-v541,fact,th04-op;th04-maine,Selected OP/MAINE SCORE high-score physical boundaries are target-reviewed,observed,ev-th04-op-score-hiscore-boundaries-v541;ev-th04-maine-score-hiscore-boundaries-v541,scripts/probes/probe_th04_score_hiscore_boundaries.py;config/th04_function_boundaries.csv,"Target Ghidra extents, full target disassembly, internal branch closure, adjacent entries, and artifact-local v489 linked equality independently close OP load_both/scores_put and MAINE load_for/save. OP and MAINE evidence remains separate; no exact credit transfers across artifacts.",2026-09-22T22:56:51+00:00
th04-score-hiscore-provenance-v541,negative-result,th04-op;th04-maine,Selected SCORE high-score C++ functions have explicit ReC98 decompilation provenance,corroborated,ev-th04-score-hiscore-provenance-v541,scripts/probes/probe_th04_score_hiscore_boundaries.py;_reference/ReC98,"Pinned ReC98 commits directly introduce load_both/load_for, scores_put, and save under [Decompilation] subjects. Later source moves/debloating do not establish independent original-source provenance, so raw-equal candidate links do not justify source-present or exact state.",2026-09-22T22:56:51+00:00
th04-op-hi-view-rank-tail-v542,fact,th04-op,rank_render owns a reachable 0x3E-byte target suffix omitted by Ghidra,observed,ev-th04-op-hi-view-boundaries-v542,scripts/probes/probe_th04_op_hi_view_boundaries.py;config/th04_function_boundaries.csv;docs/reconstruction/op-maine/TH04_OP_HI_VIEW_BOUNDARIES_V542.md,"OP target payload 0xCA1A..0xCA93 is one 0x7A-byte rank_render function: JMP 0xCA54→0xCA5B enters the suffix after Ghidra's 0x3C-byte body; JL 0xCA5E→0xCA56 loops inside it and RET at 0xCA93 closes before the next MAP/Ghidra entry 0xCA94. The suffix is code, not data or padding. v489 OP candidate bytes corroborate but do not establish the boundary alone.",2026-09-23T11:52:22+00:00
th04-op-hi-view-provenance-v542,negative-result,th04-op,Five OP hi_view candidate functions have explicit decompilation introductions,corroborated,ev-th04-op-hi-view-provenance-v542,scripts/probes/probe_th04_op_hi_view_boundaries.py;_reference/ReC98,"Pinned ReC98 introductions of stage_put, place_put, rank_render, regist_view_menu, and the sprite-loading function are explicitly titled [Decompilation]. Target-reviewed physical extents and candidate-linked raw equality do not make this C++ accepted original source or exact reconstruction.",2026-09-23T11:52:22+00:00
th04-maine-score-insert-local-v543,recipe,th04-maine,First maintained MAINE SCORE_TEXT function accepted on the decoded plane,compiler-observed,ev-th04-maine-score-insert-boundary-v543;ev-th04-maine-score-insert-toolchain-v543;ev-th04-maine-score-insert-omf-v543;ev-th04-maine-score-insert-cold-v543;ev-th04-maine-score-insert-layout-v543;ev-th04-maine-score-insert-raw-v543;ev-th04-maine-score-insert-aggregate-v543,scripts/probes/replay_th04_maine_score_insert.py;src/maine/score/insert.cpp;docs/reconstruction/op-maine/TH04_MAINE_SCORE_CPP_V479.md,"Target-reviewed MAINE payload C3B2..C505 is 340 bytes. Maintained natural C++ compiled standalone and within grouped SCORE_TEXT in two cold rounds; linked function raw bytes and all 559 ordered relocations agree. Use this backend for later source edits; neither surrounding candidate SCORE source nor DIET-packed MAINE has exact credit.",2026-09-23T13:12:24+00:00
th04-maine-score-put-local-v544,recipe,th04-maine,Second maintained MAINE SCORE_TEXT function accepted on the decoded plane,compiler-observed,ev-th04-maine-score-put-boundary-v544;ev-th04-maine-score-put-toolchain-v544;ev-th04-maine-score-put-omf-v544;ev-th04-maine-score-put-cold-v544;ev-th04-maine-score-put-layout-v544;ev-th04-maine-score-put-raw-v544;ev-th04-maine-score-put-aggregate-v544,scripts/probes/replay_th04_maine_score_put.py;src/maine/score/put.cpp;docs/reconstruction/op-maine/TH04_MAINE_SCORE_CPP_V479.md,"Target-reviewed MAINE payload C506..C5EB is 230 bytes and ends RET 4. Maintained natural C++ compiles standalone and in the grouped SCORE_TEXT replay with raw-zero linked body and all 559 ordered relocations. The complete candidate EXE/MAP remain v489-identical; packed MAINE and surrounding candidate SCORE source remain unaccepted.",2026-09-23T13:24:48+00:00
th04-op-stage-put-local-v545,recipe,th04-op,First maintained OP-specific SCORE_TEXT function accepted on decoded plane,compiler-observed,ev-th04-op-stage-put-boundary-v545;ev-th04-op-stage-put-toolchain-v545;ev-th04-op-stage-put-omf-v545;ev-th04-op-stage-put-cold-v545;ev-th04-op-stage-put-layout-v545;ev-th04-op-stage-put-raw-v545;ev-th04-op-stage-put-aggregate-v545,scripts/probes/replay_th04_op_stage_put.py;src/op/score/stage.cpp;docs/reconstruction/op-maine/TH04_OP_HI_VIEW_BOUNDARIES_V542.md,"Target-reviewed OP payload C8A5..C8F4 is 80 bytes and ends RET 6. Maintained natural C++ compiles standalone and inside grouped SCORE_TEXT with raw-zero linked function and all 804 ordered relocations. This does not accept the surrounding decompiled candidate source or packed OP.EXE.",2026-09-23T13:37:38+00:00
th04-zun-resident-six-byte-cascade-v546,pattern,th04-zun,Most same-position resident mismatches are a six-byte layout cascade,inferred,ev-th04-zun-runtime-replay-v546;ev-th04-zun-resident-shift-v546,scripts/probes/probe_th04_zun_resident_shift.py;docs/reconstruction/zun/TH04_ZUN_RESIDENT_SHIFT_V546.md,"Current 6360-byte candidate has 4241 raw same-position differences; read-only alignment around the two target-only _main near CALLs and one candidate-only six-zero interval leaves 46 mismatched among 6354 mapped positions. Their byte deltas are +6 x36 -6 x5 +3 x4 and carry +1 x1. This strongly localizes the cascade but does not prove each field's ownership or promote any ZUN source/exact state.",2026-09-23T13:54:25+00:00
th04-maine-stage-put-local-v547,recipe,th04-maine,Third maintained MAINE SCORE_TEXT function accepted on decoded plane,compiler-observed,ev-th04-maine-stage-put-boundary-v547;ev-th04-maine-stage-put-toolchain-v547;ev-th04-maine-stage-put-omf-v547;ev-th04-maine-stage-put-cold-v547;ev-th04-maine-stage-put-layout-v547;ev-th04-maine-stage-put-raw-v547;ev-th04-maine-stage-put-aggregate-v547,scripts/probes/replay_th04_maine_stage_put.py;src/maine/score/stage.cpp;docs/reconstruction/op-maine/TH04_MAINE_SCORE_CPP_V479.md,"Target-reviewed MAINE payload C5EC..C664 is 121 bytes and ends RET 6. The maintained semantic C++ body compiles standalone and within grouped SCORE_TEXT with raw-zero linked bytes and all 559 ordered relocations. The reusable MAINE SCORE function harness binds one physical extent to one source closure; surrounding candidate source and DIET-packed MAINE remain unaccepted.",2026-09-23T14:01:30+00:00
th04-maine-name-cursor-local-v548,recipe,th04-maine,Fourth maintained MAINE SCORE_TEXT function accepted on decoded plane,compiler-observed,ev-th04-maine-name-cursor-boundary-v548;ev-th04-maine-name-cursor-toolchain-v548;ev-th04-maine-name-cursor-omf-v548;ev-th04-maine-name-cursor-cold-v548;ev-th04-maine-name-cursor-layout-v548;ev-th04-maine-name-cursor-raw-v548;ev-th04-maine-name-cursor-aggregate-v548,scripts/probes/replay_th04_maine_name_cursor.py;src/maine/score/cursor.cpp;docs/reconstruction/op-maine/TH04_MAINE_SCORE_CPP_V479.md,"Target-reviewed MAINE payload C665..C710 is 172 bytes ending RET 6. Standalone natural C++ has only one near-call displacement word different with a matching OMF fixup. Grouped SCORE_TEXT and both cold links reproduce the target function with all 559 relocations. Surrounding candidate source and DIET-packed MAINE remain unaccepted.",2026-09-23T14:39:30+00:00
th04-maine-place-row-local-v549,recipe,th04-maine,Fifth maintained MAINE SCORE_TEXT function accepted on decoded plane,compiler-observed,ev-th04-maine-place-row-boundary-v549;ev-th04-maine-place-row-toolchain-v549;ev-th04-maine-place-row-omf-v549;ev-th04-maine-place-row-cold-v549;ev-th04-maine-place-row-layout-v549;ev-th04-maine-place-row-raw-v549;ev-th04-maine-place-row-aggregate-v549,scripts/probes/replay_th04_maine_place_row.py;src/maine/score/place.cpp;docs/reconstruction/op-maine/TH04_MAINE_SCORE_CPP_V479.md,"Target-reviewed MAINE payload C711..C7C8 is 184 bytes ending RET 4. Standalone natural C++ differs only at two near-call displacement words with OMF fixups; grouped SCORE_TEXT and both cold links reproduce target bytes and all 559 ordered relocations. Surrounding candidate source and packed MAINE remain unaccepted.",2026-09-23T14:54:00+00:00
th04-maine-places-local-v550,recipe,th04-maine,Sixth maintained MAINE SCORE_TEXT function accepted on decoded plane,compiler-observed,ev-th04-maine-places-boundary-v550;ev-th04-maine-places-toolchain-v550;ev-th04-maine-places-omf-v550;ev-th04-maine-places-cold-v550;ev-th04-maine-places-layout-v550;ev-th04-maine-places-raw-v550;ev-th04-maine-places-aggregate-v550,scripts/probes/replay_th04_maine_places.py;src/maine/score/places.cpp;docs/reconstruction/op-maine/TH04_MAINE_SCORE_CPP_V479.md,"Target-reviewed MAINE payload C7C9..C7E2 is 26 bytes ending RET 2. Standalone natural C++ differs only at one near-call displacement word with OMF fixup; grouped SCORE_TEXT and both cold links reproduce target bytes and all 559 ordered relocations. Surrounding candidate source and packed MAINE remain unaccepted.",2026-09-23T15:03:03+00:00
th04-maine-alphabet-cursor-local-v551,recipe,th04-maine,Seventh maintained MAINE SCORE_TEXT function accepted on decoded plane,compiler-observed,ev-th04-maine-alphabet-cursor-boundary-v551;ev-th04-maine-alphabet-cursor-toolchain-v551;ev-th04-maine-alphabet-cursor-omf-v551;ev-th04-maine-alphabet-cursor-cold-v551;ev-th04-maine-alphabet-cursor-layout-v551;ev-th04-maine-alphabet-cursor-raw-v551;ev-th04-maine-alphabet-cursor-aggregate-v551,scripts/probes/replay_th04_maine_alphabet_cursor.py;src/maine/score/alpha.cpp;docs/reconstruction/op-maine/TH04_MAINE_SCORE_CPP_V479.md,"Target-reviewed MAINE payload C7E3..C813 is 49 bytes ending RET 6. Standalone natural C++ CODE already equals the grouped owner without exceptions; grouped SCORE_TEXT and both cold links reproduce target bytes and all 559 ordered relocations. The external alphabet table's source provenance and packed MAINE exactness remain open.",2026-09-23T15:12:33+00:00
th04-op-place-put-local-v552,recipe,th04-op,Second maintained OP SCORE_TEXT function accepted on decoded plane,compiler-observed,ev-th04-op-place-put-boundary-v552;ev-th04-op-place-put-toolchain-v552;ev-th04-op-place-put-omf-v552;ev-th04-op-place-put-cold-v552;ev-th04-op-place-put-layout-v552;ev-th04-op-place-put-raw-v552;ev-th04-op-place-put-aggregate-v552,scripts/probes/replay_th04_op_place_put.py;src/op/score/place.cpp;docs/reconstruction/op-maine/TH04_OP_HI_VIEW_BOUNDARIES_V542.md,"Target-reviewed OP payload C8F5..CA19 is 293 bytes ending RET 2. Standalone natural C++ differs only at five near-call and five data-address OMF FIXUPP words; all other CODE bytes and grouped SCORE_TEXT match. Both cold-linked complete functions and 804 ordered relocations agree with target. Decompiled candidate source and packed OP remain unaccepted.",2026-09-23T15:29:15+00:00
th04-op-rank-render-local-v553,recipe,th04-op,Third maintained OP SCORE_TEXT function accepted on decoded plane,compiler-observed,ev-th04-op-rank-render-boundary-v553;ev-th04-op-rank-render-toolchain-v553;ev-th04-op-rank-render-omf-v553;ev-th04-op-rank-render-cold-v553;ev-th04-op-rank-render-layout-v553;ev-th04-op-rank-render-raw-v553;ev-th04-op-rank-render-aggregate-v553,scripts/probes/replay_th04_op_rank_render.py;src/op/score/rank.cpp;docs/reconstruction/op-maine/TH04_OP_HI_VIEW_BOUNDARIES_V542.md,"Target-reviewed OP payload CA1A..CA93 is 122 bytes ending RET. Ghidra's 60-byte prefix omits a reachable 62-byte tail entered by the target JMP at CA54; the bounded harness verifies the full instruction stream. Standalone natural C++ differs only at three near-call and two rank-global data OMF FIXUPP words; both cold-linked complete functions and all 804 relocations match target. Packed OP remains unaccepted.",2026-09-23T15:39:37+00:00
th04-op-clear-sprites-local-v554,recipe,th04-op,Fourth maintained OP SCORE_TEXT function accepted on decoded plane,compiler-observed,ev-th04-op-clear-sprites-boundary-v554;ev-th04-op-clear-sprites-toolchain-v554;ev-th04-op-clear-sprites-omf-v554;ev-th04-op-clear-sprites-cold-v554;ev-th04-op-clear-sprites-layout-v554;ev-th04-op-clear-sprites-raw-v554;ev-th04-op-clear-sprites-aggregate-v554,scripts/probes/replay_th04_op_clear_sprites.py;src/op/score/clear.cpp;docs/reconstruction/op-maine/TH04_OP_HI_VIEW_BOUNDARIES_V542.md,"Target-reviewed OP payload CBE3..CC96 is a 180-byte clear-state and sprite initializer ending RET. The v489 candidate MAP lists a public at 0A74:24A3, corroborating placement but not original naming. Standalone natural C++ differs only at one near-call and 25 data-address OMF FIXUPP words; all other CODE and grouped SCORE_TEXT match. Both complete cold-linked functions and all 804 ordered relocations agree with target. Decompiled scaffold and packed OP remain unaccepted.",2026-09-23T16:44:59+00:00
th04-op-regist-menu-local-v556,recipe,th04-op,Fifth maintained OP SCORE_TEXT hi_view function accepted on decoded plane,compiler-observed,ev-th04-op-regist-menu-boundary-v556;ev-th04-op-regist-menu-toolchain-v556;ev-th04-op-regist-menu-omf-v556;ev-th04-op-regist-menu-cold-v556;ev-th04-op-regist-menu-layout-v556;ev-th04-op-regist-menu-raw-v556;ev-th04-op-regist-menu-aggregate-v556,scripts/probes/replay_th04_op_regist_view_menu.py;src/op/score/menu.cpp;docs/reconstruction/op-maine/TH04_OP_HI_VIEW_BOUNDARIES_V542.md,"Target-reviewed OP payload CA94..CBE2 is a 335-byte registration-view menu ending RET. Standalone natural C++ differs only at five near-call and nine data-address OMF FIXUPP words; all other CODE and grouped SCORE_TEXT match. Both complete cold-linked functions and all 804 ordered relocations agree with target. Candidate MAP public corroborates placement but not original naming; packed OP remains unaccepted.",2026-09-23T16:56:16+00:00
th04-maine-score-load-for-local-v557,recipe,th04-maine,MAINE maintained high-score loader accepted on the decoded plane,compiler-observed,ev-th04-maine-score-load-for-boundary-v557;ev-th04-maine-score-load-for-toolchain-v557;ev-th04-maine-score-load-for-omf-v557;ev-th04-maine-score-load-for-cold-v557;ev-th04-maine-score-load-for-layout-v557;ev-th04-maine-score-load-for-raw-v557;ev-th04-maine-score-load-for-aggregate-v557,scripts/probes/replay_th04_maine_score_load_for.py;src/maine/score/load_for.cpp;src/maine/score/load_for.inl;docs/reconstruction/op-maine/TH04_SCORE_HISCORE_BOUNDARIES_V541.md,"Target-reviewed MAINE payload C2AD..C315 is 105 bytes at 1A05:225D, ends RET 2, and is raw-zero in two cold maintained-source links plus the 21-slice aggregate. Standalone CODE's only differences are the two near-call FIXUPP words at 0x54 and 0x5B; all 559 ordered relocations match. Packed offset is unknown, candidate program size differs from target, and the MAP-derived function name is not original-source provenance.",2026-09-23T17:50:05+00:00
th04-op-score-load-both-local-v558,recipe,th04-op,Target-first OP high-score two-column loader accepted on the decoded plane,compiler-observed,ev-th04-op-score-load-both-boundary-v558;ev-th04-op-score-load-both-toolchain-v558;ev-th04-op-score-load-both-omf-v558;ev-th04-op-score-load-both-cold-v558;ev-th04-op-score-load-both-layout-v558;ev-th04-op-score-load-both-raw-v558;ev-th04-op-score-load-both-aggregate-v558,scripts/probes/replay_th04_op_score_load_both.py;src/op/score/loadboth.cpp;src/op/score/load_both.inl;docs/reconstruction/op-maine/TH04_SCORE_HISCORE_BOUNDARIES_V541.md,"Target-reviewed OP payload C733..C79D is 107 bytes at 1A74:1FF3 and is raw-zero in two focused cold links plus the 19-slice aggregate. Standalone CODE differs only at two near-call FIXUPP words 0x5A/0x61 and two DGROUP address words 0x1A/0x4A; all 804 ordered relocations match. Target bytes at 0x10682 contain GENSOU.SCR. The 8-character TU basename keeps TC86 object discovery stable. DIET offset is unknown and candidate program size 69028 differs from target 72256; continue at scores_put payload C79E.",2026-09-23T18:44:56+00:00
th04-op-scores-put-local-v559,recipe,th04-op,Target-first OP score renderer accepted on the decoded plane,compiler-observed,ev-th04-op-scores-put-boundary-v559;ev-th04-op-scores-put-toolchain-v559;ev-th04-op-scores-put-omf-v559;ev-th04-op-scores-put-cold-v559;ev-th04-op-scores-put-layout-v559;ev-th04-op-scores-put-raw-v559;ev-th04-op-scores-put-aggregate-v559,scripts/probes/replay_th04_op_scores_put.py;src/op/score/scoreput.cpp;src/op/score/scores_put.inl;docs/reconstruction/op-maine/TH04_SCORE_HISCORE_BOUNDARIES_V541.md,"Target-reviewed payload C79E..C8A4 is 263 bytes at 1A74:205E with four internal branches and RET 4. Standalone CODE differs from the grouped candidate only at four score-array address words 0x49/0x60/0x9C/0xE7, each verified as an OMF FIXUPP site; grouped linking is raw-zero in two cold rounds and the 20-slice aggregate. The complete OP candidate remains smaller than target, so no packed-file or whole-OP exactness is claimed.",2026-09-23T19:24:44+00:00
th04-op-scoredat-recreate-local-v561,recipe,th04-op,Target-first OP score-file regeneration accepted on the decoded plane,compiler-observed,ev-th04-op-scoredat-recreate-boundary-v561;ev-th04-op-scoredat-recreate-toolchain-v561;ev-th04-op-scoredat-recreate-omf-v561;ev-th04-op-scoredat-recreate-cold-v561;ev-th04-op-scoredat-recreate-layout-v561;ev-th04-op-scoredat-recreate-raw-v561;ev-th04-op-scoredat-recreate-aggregate-v561,scripts/probes/replay_th04_op_scoredat_recreate.py;src/op/score/scoregen.cpp;src/op/score/scoregen.inl;docs/reconstruction/op-maine/TH04_SCORE_HISCORE_BOUNDARIES_V541.md,"Target-reviewed payload C68C..C732 is 167 bytes at 1A74:1F4C. It initializes ten rows in hi, writes ten 0xC4-byte encoded records to GENSOU.SCR, and decodes after each write. Target bytes at payload 0x10682 contain GENSOU.SCR; the 0F34:1342 DGROUP mapping is candidate MAP corroboration. Standalone CODE differs only at two near-call FIXUPP words 0x87 and 0x96; grouped links and all 21 accepted OP slices are raw-zero in two cold rounds with all 804 ordered relocations matching. Candidate image size remains 69028 vs target 72256; packed/whole-OP exactness is not claimed.",2026-09-23T20:07:31+00:00
th04-op-score-encode-byte-rotate-negative-v562,negative-result,th04-op,OP scoredat_encode natural C++ byte-rotate codegen,compiler-observed,ev-th04-op-scoredat-encode-boundary-v562;ev-th04-op-scoredat-encode-codegen-v562,scripts/probes/probe_th04_op_scoredat_encode_codegen.py;src/op/score/scoreenc.cpp;src/op/score/scoreenc.inl;docs/reconstruction/op-maine/TH04_SCORE_CODEC_BOUNDARIES_V540.md,"Target-reviewed 101-byte encoder sums the score payload, calls the target far helper at payload 0x204E twice for low-byte keys, then transforms bytes backward with an in-place ROR-by-3 feedback step. The pinned candidate MAP labels that helper IRAND; the name is corroboration, not a target observation. Maintained natural-C++ _crotr emits 111 standalone bytes under pinned TC86 flags and does not match target ROR [BP-1],3. Keep it source-present only; do not import candidate inline assembly, alter flags without target evidence, or grant decoded-exact status.",2026-09-23T20:37:53+00:00
th04-op-score-decode-natural-rotation-negative-v563,negative-result,th04-op,OP scoredat_decode natural C++ rotation codegen,compiler-observed,ev-th04-op-score-codec-boundaries-v540;ev-th04-op-scoredat-decode-codegen-v563,scripts/probes/probe_th04_op_scoredat_decode_codegen.py;src/op/score/scoredec.cpp;src/op/score/scoredec.inl;docs/reconstruction/op-maine/TH04_SCORE_CODEC_BOUNDARIES_V540.md,"Target-reviewed 173-byte decoder at 1A74:1E3A transforms hi then hi2 forwards: feedback is ROR(next encoded byte,3) XOR key2, added with key1 to the current byte; the final byte is adjusted by key1, then a 16-bit sum is checked. The natural-C++ shift/OR rotation compiles to 197 standalone bytes, 24 over target; the target uses two in-place ROR instructions at function offsets 0x14 and 0x69. Candidate inline assembly was not imported. Keep source-present only; no exact acceptance or packed offset.",2026-09-23T21:02:04+00:00
th04-input-wait-shared-v565,recipe,th04-shared,input_wait_for_change natural producer across OP and MAINE,compiler-observed,ev-th04-op-input-wait-boundary-v565;ev-th04-op-input-wait-toolchain-v565;ev-th04-op-input-wait-omf-v565;ev-th04-op-input-wait-cold-v565;ev-th04-op-input-wait-layout-v565;ev-th04-op-input-wait-raw-v565;ev-th04-op-input-wait-aggregate-v565;ev-th04-maine-input-wait-boundary-v565;ev-th04-maine-input-wait-toolchain-v565;ev-th04-maine-input-wait-omf-v565;ev-th04-maine-input-wait-cold-v565;ev-th04-maine-input-wait-layout-v565;ev-th04-maine-input-wait-raw-v565;ev-th04-maine-input-wait-aggregate-v565,src/shared/hardware/input_wait.cpp;src/shared/hardware/input.hpp;src/shared/hardware/frame_delay.hpp;scripts/probes/replay_th04_shared_input_wait.py;docs/reconstruction/packed/TH04_SHARED_INPUT_WAIT_V565.md,"One maintained natural Pascal C++ producer cold-links the complete 86-byte OP and MAINE input-wait bodies raw-zero. Keep target coordinates artifact-local (OP 1DA1:0152 at payload DB62; MAINE 1CC7:020A at CE7A); candidate MAP labels corroborate naming only. No packed-file offset or MAIN exactness is implied.",2026-09-23T22:10:31+00:00
th04-op-maine-snapshot-filter-v566,pattern,control-plane,OP/MAINE decoded replay snapshot materialization,observed,ev-th04-op-input-wait-cold-v565;ev-th04-maine-input-wait-cold-v565,scripts/probes/compact_op_maine_snapshot.py;tests/test_compact_op_maine_snapshot.py;scripts/probes/replay_th04_shared_input_wait.py;docs/reconstruction/packed/TH04_SHARED_INPUT_WAIT_V565.md,"Replace whole 27 MiB historical source-tree copies with compile-facing C/C++ sources and text includes plus only objects named by each TLINK response. In v566, OP materialized 2.72 MB source/includes and 0.102 MB of 41 linked objects; MAINE 2.75 MB and 0.091 MB of 39 objects per A/B worktree. The helper still copies the target EXE/link scaffold and is scoped to TCC probes, not assembly-source builds.",2026-09-23T22:10:31+00:00
th04-op-maine-vector-math-v570,pattern,th04-op-maine,Natural shared polar and VECTOR2_AT producer,compiler-observed,ev-th04-op-vector-math-boundary-v570;ev-th04-op-vector-math-toolchain-v570;ev-th04-op-vector-math-omf-v570;ev-th04-op-vector-math-raw-polar-v570;ev-th04-op-vector-math-raw-vector2-at-v570;ev-th04-op-vector-math-aggregate-v570;ev-th04-maine-vector-math-boundary-v570;ev-th04-maine-vector-math-toolchain-v570;ev-th04-maine-vector-math-omf-v570;ev-th04-maine-vector-math-raw-polar-v570;ev-th04-maine-vector-math-raw-vector2-at-v570;ev-th04-maine-vector-math-aggregate-v570,src/shared/math/polar.hpp;src/shared/math/vector.hpp;src/shared/math/vector.cpp;scripts/probes/replay_th04_shared_vector_math.py;docs/reconstruction/op-maine/TH04_SHARED_VECTOR_MATH_V570.md,"One natural C++ TU emits the target-contiguous 0x1C polar plus 0x42 VECTOR2_AT producer raw-zero in both OP and MAINE under the pinned TC86 profile. Keep addresses, relocations, and acceptance artifact-local. The VECTOR2_AT ABI view is only a near reference to two adjacent 16-bit output coordinates; it does not establish a full SPPoint API, packed-file offset, or exactness transfer to MAIN/ZUN.",2026-09-24T00:01:24+00:00
th04-maine-script-op-indirect-boundary-v571,hazard,th04-maine,MAINE 1A05:07F7 indirect-dispatch boundary,observed,ev-th04-maine-script-op-boundary-v571,config/th04_function_boundaries.csv;docs/reconstruction/op-maine/TH04_MAINE_SCRIPT_OP_BOUNDARY_V571.md,"Do not use Ghidra's 0x3A-byte/two-range body as the owner: target-local CS-relative dispatch exposes 16 handler roots across a contiguous 0x575-byte body ending in RET 2. The adjacent 64-byte switch table starts at payload 0xADBC. Keep the candidate script_op name and semantics provisional, and reconstruct against the full decoded extent.",2026-09-24T00:26:34+00:00
th04-maine-box-animate-boundary-v572,fact,th04-maine,MAINE 1A05:07C5 cutscene helper decoded-function replay,compiler-observed,ev-th04-maine-box-animate-boundary-v572;ev-th04-maine-box-animate-upstream-v573;ev-th04-maine-box-animate-toolchain-v573;ev-th04-maine-box-animate-omf-v573;ev-th04-maine-box-animate-cold-v573;ev-th04-maine-box-animate-layout-v573;ev-th04-maine-box-animate-raw-v573;ev-th04-maine-box-animate-producer-boundary-v573;ev-th04-maine-box-animate-aggregate-v573,src/maine/cutscene/box_animate.cpp;src/maine/cutscene/box_animate.inl;scripts/probes/replay_th04_maine_box_animate.py;docs/reconstruction/op-maine/TH04_MAINE_BOX_ANIMATE_BOUNDARY_V572.md,"The v572 target observation established only the contiguous 0x32-byte extent at payload [0xA815,0xA847), loaded 1A05:07C5..07F6. v573 adds a natural maintained C++ body whose complete decoded-function slice is raw-zero in two cold rounds; MAINE exact-state aggregate is 25/25 with all 559 ordered relocations preserved. The linked 0xC3E CUTSCENE_TEXT producer matches the restored target under the pinned ReC98 scaffold, but the candidate MZ program remains 62,414 bytes versus target 65,634 and MAINE is not whole-file exact. Candidate name box_1_to_0_animate remains an open upstream-derived hypothesis. MZ relocation words at payload 0xA832/0xA842 encode segments 0x0CC7/0x0000, rebased at load segment 0x1000 to runtime 0x1CC7/0x1000.",2026-09-24T02:16:56+00:00
th04-maine-scoredat-decode-flow-v574,fact,th04-maine,MAINE 1A05:20F9 score-byte feedback,inferred,ev-th04-maine-scoredat-decode-target-v574;ev-th04-maine-score-codec-boundaries-v540,config/th04_boundary_review.toml;docs/reconstruction/op-maine/TH04_SCORE_CODEC_BOUNDARIES_V540.md;scripts/probes/replay_th04_maine_scoredat_decode.py;src/maine/score/scoredec.inl,"Observed instructions indicate forward feedback from byte i+1 rotated right three bits and XORed with key2, then added with key1 to byte i; the final data byte is adjusted by key1, and the routine returns the low-byte difference between stored and computed sums. The loop interpretation is inferred from SI bounds. Candidate symbol identity remains unverified.",2026-09-24T03:00:51+00:00
th04-maine-scoredat-decode-codegen-v574,negative-result,th04-maine,MAINE scoredat_decode natural C++ codegen,compiler-observed,ev-th04-maine-scoredat-decode-codegen-v574,src/maine/score/scoredec.cpp;src/maine/score/scoredec.inl;scripts/probes/replay_th04_maine_scoredat_decode.py;docs/reconstruction/op-maine/TH04_SCORE_CODEC_BOUNDARIES_V540.md,"Pinned TC86 4.02 emits a valid 97-byte standalone SCORE_TEXT object for the maintained natural source against the 88-byte reviewed target. The shift/OR rotation expands relative to target ROR byte [BP-1],3; checksum accumulation uses CX. Preserve as source-present only; do not import target-derived assembly or claim packed-file/whole-artifact exactness.",2026-09-24T03:00:51+00:00
th04-maine-scoredat-encode-flow-v577,fact,th04-maine,MAINE 1A05:2151 score-byte feedback,inferred,ev-th04-maine-scoredat-encode-target-v577,config/th04_boundary_review.toml;docs/reconstruction/op-maine/TH04_SCORE_CODEC_BOUNDARIES_V540.md;scripts/probes/replay_th04_maine_scoredat_encode.py;src/maine/score/scoreenc.inl,"Target instructions clear the 16-bit score sum, add bytes +4..+195, call far 0000:1C5A twice and store each returned AL as a key byte, then transform bytes backward from +195 to +4 by subtracting key1 plus feedback and setting feedback to ROR(new_byte,3) XOR key2. The encoder interpretation is supported by this instruction flow; the symbol and helper name remain candidate-derived hypotheses.",2026-09-24T03:30:06+00:00
th04-maine-scoredat-encode-codegen-v577,negative-result,th04-maine,MAINE scoredat_encode natural C++ codegen,compiler-observed,ev-th04-maine-scoredat-encode-codegen-v577,src/maine/score/scoredat.hpp;src/maine/score/scoreenc.cpp;src/maine/score/scoreenc.inl;scripts/probes/replay_th04_maine_scoredat_encode.py;docs/reconstruction/op-maine/TH04_SCORE_CODEC_BOUNDARIES_V540.md,"Pinned TC86 4.02 emits a valid 113-byte standalone SCORE_TEXT object for the maintained natural source against the 101-byte reviewed target. Its natural shift/OR rotation occupies 16 bytes versus the target's four-byte in-place ROR, accounting for the 12-byte excess. Preserve source-present only; do not introduce target-derived assembly or claim decoded/packed exactness.",2026-09-24T03:30:06+00:00
th04-maine-scoredat-recreate-filename-symbol-v580,hazard,th04-maine,Preserve the external SCOREDAT_FN data symbol in the composite MAINE SCORE TU,compiler-observed,ev-th04-maine-scoredat-recreate-codegen-v580;ev-th04-maine-scoredat-recreate-cold-v580;ev-th04-maine-scoredat-recreate-layout-v580,src/maine/score/scoredat.hpp;src/maine/score/scoregen.cpp;src/maine/score/scoregen.inl;scripts/probes/replay_th04_maine_scoredat_recreate.py;docs/reconstruction/op-maine/TH04_SCORE_CODEC_BOUNDARIES_V540.md,"In the MAINE SCORE overlay, the candidate header's SCOREDAT_FN macro must be undefined before declaring the existing external filename array. Leaving the macro active materialized a GENSOU.SCR literal in DGROUP and increased the linked program by 12 bytes in v579; the v580 declaration preserves baseline MZ/MAP bytes and all 559 ordered relocations. This compiler-observed TU-composition hazard does not attest the candidate symbol name or whole-artifact exactness.",2026-09-24T04:14:34+00:00
th04-zun-zuninit-sjis-converter-v777,fact,th04-zun,ZUNINIT 0x7B0 helper converts standard Shift-JIS pairs to JIS row/cell,runtime-observed,ev-th04-zun-zuninit-sjis-v777,scripts/probes/probe_th04_zuninit_sjis_to_jis.py;docs/reconstruction/zun/TH04_ZUNINIT_SJIS_V777.md,"The reviewed 18-byte target helper at com-payload 0x7B0 (ZUNINIT runtime 0x1BD) matches an independent strict Shift-JIS to EUC-JP/JIS reference for all 6879 mapped pairs in 16-bit CPU emulation. CP932-only extensions include 10 counterexamples, so scope the semantic name to standard pairs. This resolves behavior and caller ABI, not original source/origin or exact acceptance.",2026-09-26T01:12:01+00:00
th04-zun-zuninit-text-vram-v778,fact,th04-zun,ZUNINIT 0x7C2 helper renders embedded Shift-JIS messages into PC-98 text VRAM,runtime-observed,ev-th04-zun-zuninit-text-v778,scripts/probes/probe_th04_zuninit_text_vram.py;docs/reconstruction/zun/TH04_ZUNINIT_TEXT_VRAM_V778.md,"The reviewed 59-byte target helper at com-payload 0x7C2 writes two character words and two 0x0041 attribute words per two-byte Shift-JIS character. All seven embedded 17-character messages at row offsets 0x650/0x6F0/0x790 match independent JIS-to-PC-98 VRAM expectations: 21 scenarios and 1428 ordered writes, plus register end state. Source/origin and exact acceptance remain unresolved.",2026-09-26T01:16:30+00:00
th04-zun-zuninit-text-support-asm-v779,pattern,th04-zun,ZUNINIT converter and text writer have a symbolic original-style ASM owner,inferred,ev-th04-zun-zuninit-text-owner-v779;ev-th04-zun-zuninit-text-toolchain-v779;ev-th04-zun-zuninit-text-omf-v779;ev-th04-zun-zuninit-text-cold-v779;ev-th04-zun-zuninit-text-raw-v779;ev-th04-zun-zuninit-text-lineage-v779;ev-th04-zun-zuninit-sjis-v777;ev-th04-zun-zuninit-text-v778,src/zun/zuninit/text_support.asm;scripts/probes/probe_th04_zuninit_text_support_asm.py;docs/reconstruction/zun/TH04_ZUNINIT_TEXT_SUPPORT_ASM_V779.md,The reviewed contiguous 77-byte ZUNINIT converter/renderer owner has register ABI and direct PC-98 VRAM behavior. Independent TH02/TH04 release targets share both bytes; TH05 retains the converter. Symbolic maintained TASM produces deterministic valid OMF and all 77 target bytes without byte directives. Classify these two boundaries as original-style ASM by inference; retain source-present because complete component/link and cold aggregate exact gates remain open.,2026-09-26T01:23:26+00:00
th04-zun-zuninit-symbolic-component-v785,pattern,th04-zun,Complete ZUNINIT COM from six symbolic ASM modules,compiler-observed,ev-th04-zun-zuninit-component-owner-v785;ev-th04-zun-zuninit-component-toolchain-v785;ev-th04-zun-zuninit-component-omf-v785;ev-th04-zun-zuninit-component-cold-v785;ev-th04-zun-zuninit-component-layout-v785;ev-th04-zun-zuninit-component-raw-v785,scripts/probes/replay_th04_zuninit_symbolic.py;docs/reconstruction/zun/TH04_ZUNINIT_SYMBOLIC_COMPONENT_V785.md,Six maintained original-style ASM translation units in fixed byte-aligned link order produce a deterministic 1141-byte ZUNINIT COM matching the complete decoded target component byte-for-byte. The original historical source and packed outer ZUN.COM remain unproved.,2026-09-26T01:33:30+00:00
th04-zun-selector-source-v786,pattern,th04-zun,ZUN launcher selector is a 223-byte source-owned COM stub,compiler-observed,ev-th04-zun-selector-owner-v786;ev-th04-zun-selector-toolchain-v786;ev-th04-zun-selector-omf-v786;ev-th04-zun-selector-cold-v786;ev-th04-zun-selector-layout-v786;ev-th04-zun-selector-raw-v786,src/zun/launcher/selector.asm;scripts/probes/replay_th04_zun_selector.py;docs/reconstruction/zun/TH04_ZUN_SELECTOR_V786.md,A maintained symbolic Tiny-model selector emits all 223 target bytes in two isolated cold TASM/TLINK rounds. Its 200-byte dispatch body stops before the 327-byte generated directory; the old Ghidra body crossing that seam is not its ownership extent.,2026-09-26T01:42:10+00:00
th04-zun-launcher-tails-v787,pattern,th04-zun,ZUN launcher move-up and customization tails have maintained symbolic ASM,compiler-observed,ev-th04-zun-launcher-moveup-owner-v787;ev-th04-zun-launcher-moveup-toolchain-v787;ev-th04-zun-launcher-moveup-omf-v787;ev-th04-zun-launcher-moveup-cold-v787;ev-th04-zun-launcher-moveup-layout-v787;ev-th04-zun-launcher-moveup-raw-v787;ev-th04-zun-launcher-custom-owner-v787;ev-th04-zun-launcher-custom-toolchain-v787;ev-th04-zun-launcher-custom-omf-v787;ev-th04-zun-launcher-custom-cold-v787;ev-th04-zun-launcher-custom-layout-v787;ev-th04-zun-launcher-custom-raw-v787,src/zun/launcher/selector_moveup.asm;src/zun/launcher/customization_stub.asm;scripts/probes/replay_th04_zun_launcher_tails.py;docs/reconstruction/zun/TH04_ZUN_LAUNCHER_TAILS_V787.md,Eight-byte selected-COM mover and 68-byte outer help/relocation stub each cold-link raw-identically from maintained symbolic Tiny-model ASM. Generated directory and other COM components remain separate.,2026-09-26T01:45:33+00:00
th04-zun-mixed-composite-builder-v788,pattern,th04-zun,Generated ZUN directory and mixed-source flat payload are reproducible,observed,ev-th04-zun-generated-directory-v788;ev-th04-zun-mixed-flat-v788;ev-th04-zun-directory-length-mutation-v788,scripts/build_zun_composite.py;scripts/probes/replay_th04_zun_mixed_composite.py;docs/reconstruction/zun/TH04_ZUN_MIXED_COMPOSITE_V788.md,The checked-in builder derives the 327-byte directory from four actual component lengths and reproduces the 13422-byte decoded target payload in A/B mixed-input trials. The result is diagnostic: external usage/ONGCHK and ReC98 resident candidate prevent product-source closure or packed ZUN.COM exactness.,2026-09-26T01:49:00+00:00
th04-zun-mixed-packed-replay-v789,fact,th04-zun,Mixed-source flat ZUN payload repacks to target-identical MZ,observed,ev-th04-zun-mixed-diet-v789,scripts/probes/replay_diet145f.py;docs/reconstruction/zun/TH04_ZUN_MIXED_COMPOSITE_V788.md,Pinned DIET 1.45f packages A/B checked-in-builder mixed flat payloads to the exact 7754-byte target MZ. This isolates packing as reproducible for these inputs but grants no product-source or whole-artifact exact status because external ONGCHK/usage and upstream resident candidate remain.,2026-09-26T01:50:44+00:00
th04-zun-ongchk-symbolic-v790,fact,th04-zun,ONGCHK third-party COM source closure,compiler-observed,ev-th04-zun-ongchk-boundary-v790;ev-th04-zun-ongchk-toolchain-v790;ev-th04-zun-ongchk-omf-v790;ev-th04-zun-ongchk-cold-v790;ev-th04-zun-ongchk-layout-v790;ev-th04-zun-ongchk-raw-v790;ev-th04-zun-mixed-ongchk-v790,src/zun/ongchk/ongchk.asm;scripts/probes/replay_th04_zun_ongchk.py;docs/reconstruction/zun/TH04_ZUN_MIXED_COMPOSITE_V788.md,One symbolic original-style TASM translation unit cold-links the complete 926-byte embedded ONGCHK COM in isolated A/B builds. Its third-party library origin stays excluded from ZUN authored-function counts; historical source provenance is inferred. The mixed composite now consumes these maintained outputs.,2026-09-26T02:00:22+00:00
th04-zun-ongchk-shared-tails-v791,fact,th04-zun,ONGCHK Ghidra shared-tail candidates,observed,ev-th04-zun-ongchk-shared-tails-v791,scripts/probes/probe_th04_zun_ongchk_boundaries.py;docs/reconstruction/zun/TH04_ZUN_MIXED_COMPOSITE_V788.md,Target-direct call census over all 390 ONGCHK code instructions proves COM 0x2C2 and 0x2DD receive only branch edges and are shared success/failure tails. Exclude Ghidra payload 0x517 and 0x532 as independent function entries; their bytes remain part of the complete library component.,2026-09-26T02:03:51+00:00
th04-zun-main-local-speed-pragma-v792,negative-result,th04-zun,Local -G cannot restore the resident main selective print tail,compiler-observed,ev-th04-zun-main-pragma-speed-v792,scripts/probes/probe_th04_zun_main_pragma_speed_scope.py;docs/reconstruction/zun/TH04_ZUN_MAIN_V241.md,For current TC4J source a -G pragma before the function or left active inside it yields the known 280-byte four-CALL body; restoring it inside the function yields the 246-byte merged baseline. No scoped -G form tested here emits the target 252-byte selective call shape. Do not repeat this mechanism without new compiler evidence.,2026-09-26T02:10:50+00:00
th04-zun-source-composite-v793,recipe,th04-zun,Fresh maintained ZUN component chain into flat builder,compiler-observed,ev-th04-zun-source-composite-v793,scripts/probes/replay_th04_zun_source_composite.py;docs/reconstruction/zun/TH04_ZUN_MIXED_COMPOSITE_V788.md,"Run the serial source-composite probe to rebuild all five maintained ZUN component groups in isolated A/B rounds before computing the directory and flat payload. Cached component outputs are unnecessary. Explicit usage and resident inputs remain external, so flat equality does not confer complete source or packed-file exactness.",2026-09-26T02:14:17+00:00
th04-shared-cdg-load-source-v797,fact,th04,CDG_LOAD shared TASM module owner across MAIN OP MAINE,compiler-observed,ev-th04-op-cdg-load-raw-v797;ev-th04-maine-cdg-load-raw-v797;ev-th04-main-cdg-load-shared-path-v798;ev-th04-op-cdg-load-internal-boundaries-v810,src/shared/formats/cdg_load.asm;scripts/probes/replay_th04_op_maine_cdg_load.py;docs/reconstruction/op-maine/TH04_SHARED_CDG_LOAD_V797.md,"One TH04-local maintained original-ASM source cold-links all three complete 0x164-byte CDG loader contributions raw-zero with ordered relocations. OP target-first review now closes all seven entry/helper observations, including two fallthrough NOALPHA stubs. MAINE internal cuts remain provisional; OP/MAINE packed-file offsets remain unknown.",2026-09-26T03:24:48+00:00
th04-shared-cdg-put-source-v799,fact,th04,CDG_PUT_8 shared TASM renderer across MAIN OP MAINE,compiler-observed,ev-th04-op-cdg-put-raw-v799;ev-th04-maine-cdg-put-raw-v799;ev-th04-main-cdg-put-shared-path-v800,src/shared/formats/cdg_put.asm;scripts/probes/replay_th04_op_maine_cdg_load.py;docs/reconstruction/op-maine/TH04_SHARED_CDG_PUT_V799.md,One TH04-local maintained original-ASM renderer cold-links the complete 0x9E-byte module raw-zero in MAIN OP and MAINE. The target uses self-modifying segment loading and PC-98 GRCG/VRAM operations; preserve these in exact source. The final byte is function-external alignment and OP/MAINE packed-file offsets remain unknown.,2026-09-26T02:42:00+00:00
th04-shared-input-s-source-v804,fact,th04,INPUT_S shared TASM input sensing across MAIN OP MAINE,compiler-observed,ev-th04-op-input-s-raw-v804;ev-th04-maine-input-s-raw-v804;ev-th04-main-input-s-shared-path-v803,src/shared/hardware/input_s.asm;scripts/probes/replay_th04_op_maine_shared_asm.py;docs/reconstruction/op-maine/TH04_SHARED_INPUT_V802.md,One TH04-local maintained original-ASM input-sensing TU cold-links complete 0x10A-byte contributions raw-zero across MAIN OP and MAINE with the module relocation preserved. The public reset and sense bodies occupy 0x8 and 0x101 bytes; the final byte is alignment. OP/MAINE remain decoded source-present units with unknown packed-file offsets.,2026-09-26T02:52:00+00:00
th04-shared-bgimager-source-v805,fact,th04-op;th04-maine,BGIMAGE_PUT_RECT_16 original-style ASM module ownership,compiler-observed,ev-th04-op-bgimager-raw-v805;ev-th04-maine-bgimager-raw-v805,src/shared/hardware/bgimager.asm;scripts/probes/replay_th04_op_maine_shared_asm.py;docs/reconstruction/op-maine/TH04_SHARED_BGIMAGER_V805.md,"The maintained original-style TASM candidate cold-links complete 0x82-byte BGIMAGE rectangle modules raw-zero in OP and MAINE, including final alignment. ReC98 provided candidate source only; local target replay establishes bytes and layout. Keep it separate from C++ BGIMAGE snap/put/free and do not claim a packed-file offset.",2026-09-26T02:53:41+00:00
th04-op-cdg-nocolors-v806,fact,th04-op,CDG_PUT_NOCOLORS_8 reviewed FAR body and source module,compiler-observed,ev-th04-op-cdg-nocolors-boundary-v806;ev-th04-op-cdg-nocolors-raw-v806,src/op/formats/cdg_p_nc.asm;scripts/probes/replay_th04_op_maine_shared_asm.py;docs/reconstruction/op-maine/TH04_OP_CDG_NOCOLORS_V806.md,"OP target body at 0xDC92 is 0x51 bytes ending RETF 6; 0xDCE3 is separate alignment. Maintained original-style TASM cold-links the complete 0x52-byte module raw-zero in two rounds. ReC98 supplied candidate source, so original provenance and packed-file offset remain open.",2026-09-26T03:08:31+00:00
th04-op-cdg-noalpha-v807,fact,th04-op,CDG_PUT_NOALPHA_8 complete shared source module,compiler-observed,ev-th04-op-cdg-noalpha-boundary-v807;ev-th04-op-cdg-noalpha-raw-v807,src/shared/formats/cdg_put_noalpha_8.asm;scripts/probes/replay_th04_op_maine_shared_asm.py;docs/reconstruction/op-maine/TH04_OP_CDG_NOALPHA_V807.md,OP target 0DA1:0766 has a 0x65-byte FAR body and final NOP; maintained shared original-style TASM cold-links the complete 0x66-byte OP contribution raw-zero in two rounds. OP packed-file offset remains open.,2026-09-26T03:13:50+00:00
th04-op-hfliplut-v808,fact,th04-op,_hflip_lut_generate OP target function boundary and shared source,compiler-observed,ev-th04-op-hfliplut-boundary-v808;ev-th04-op-hfliplut-raw-v808,src/shared/hardware/hflip_lut.asm;scripts/probes/replay_th04_op_maine_shared_asm.py;docs/reconstruction/op-maine/TH04_OP_HFLIP_LUT_V808.md,OP MAP 0DA1:0134 owns 0x1E bytes. Raw disassembly reaches RETF at 0151; Ghidra omitted the entry. Maintained TASM cold-links the complete OP module raw-zero in two rounds. Packed-file offset remains open.,2026-09-26T03:19:29+00:00
th04-op-grppsafx-v809,fact,th04-op,GRAPH_PUTSA_FX code and data source ownership,compiler-observed,ev-th04-op-grppsafx-code-raw-v809;ev-th04-op-grppsafx-data-raw-v809,src/shared/hardware/graph_putsa_fx.asm;scripts/probes/replay_th04_op_maine_shared_asm.py;docs/reconstruction/op-maine/TH04_OP_GRAPH_PUTSA_FX_V809.md,OP 0DA1:04A4+0x15A SHARED code and 0F34:0A00+0x40 DGROUP data cold-link from OP-local symbolic TASM with zero raw differences in A/B rounds and all 804 ordered relocations preserved. GRAPH main body and internal bold helper have reviewed bounds; packed-file offset/provenance remain open.,2026-09-26T03:23:23+00:00
th04-maine-hfliplut-v812,fact,th04-maine,_hflip_lut_generate MAINE shared source owner,compiler-observed,ev-th04-maine-hfliplut-boundary-v812;ev-th04-maine-hfliplut-raw-v812,src/shared/hardware/hflip_lut.asm;scripts/probes/replay_th04_op_maine_shared_asm.py;docs/reconstruction/op-maine/TH04_OP_HFLIP_LUT_V808.md,MAINE 0CC7:01EC+0x1E is a complete FAR bit-reversal LUT generator. Shared symbolic TASM cold-links MAINE raw-zero in two rounds with 559 ordered relocations preserved; packed-file offset remains unknown.,2026-09-26T03:32:52+00:00
th04-maine-grppsafx-v813,fact,th04-op;th04-maine,GRAPH_PUTSA_FX shared code and data owner,compiler-observed,ev-th04-maine-grppsafx-code-raw-v813;ev-th04-maine-grppsafx-data-raw-v813;ev-th04-op-grppsafx-code-shared-path-v813,src/shared/hardware/graph_putsa_fx.asm;scripts/probes/replay_th04_op_maine_shared_asm.py;docs/reconstruction/op-maine/TH04_OP_GRAPH_PUTSA_FX_V809.md,Unchanged symbolic TASM moved to shared source and cold-replayed in OP and MAINE. Both artifacts independently raw-match complete 0x15A code and 0x40 data contributions with artifact-local ordered relocations. Historical source provenance and packed-file offsets remain open.,2026-09-26T03:32:52+00:00
th04-maine-cdg-plane-v814,fact,th04-maine,CDG_PUT_PLANE complete source module,compiler-observed,ev-th04-maine-cdg-plane-boundary-v814;ev-th04-maine-cdg-plane-raw-v814,src/maine/formats/cdg_put_plane.asm;scripts/probes/replay_th04_op_maine_shared_asm.py;docs/reconstruction/op-maine/TH04_MAINE_CDG_PLANE_V814.md,MAINE 0CC7:0408+0x9A is one FAR CDG plane renderer ending RETF 8. Localized original-style TASM cold-links all 154 target bytes raw-zero in two rounds with 559 ordered relocations preserved; packed-file offset and original-source provenance remain open.,2026-09-26T03:32:52+00:00
th04-zun-main-inline-helper-negative-v816,negative-result,th04-zun,ZUN resident main inline error helper does not prevent selective tail merge,compiler-observed,ev-th04-zun-main-inline-error-v816,scripts/probes/probe_th04_zun_main_inline_error_helper.py;docs/reconstruction/zun/TH04_ZUN_MAIN_V241.md,"Four real C++ inline helper variants for printing and returning from bad-option/already-resident paths each emit deterministic 246-byte main CODE, six short of target. The void helper equals baseline; int helpers change code but retain the missing-call count. This route cannot justify resident exact promotion.",2026-09-26T03:39:44+00:00
th04-zun-resident-exact-v819,fact,th04-zun,Resident cfg_init and _main close decoded-exact through TC4J assembly backend,compiler-observed,ev-th04-zun-cfg-resident-boundary-v817;ev-th04-zun-cfg-resident-toolchain-v817;ev-th04-zun-cfg-resident-omf-v817;ev-th04-zun-cfg-resident-cold-v817;ev-th04-zun-cfg-resident-layout-v817;ev-th04-zun-cfg-raw-v819;ev-th04-zun-cfg-aggregate-v819;ev-th04-zun-main-resident-boundary-v817;ev-th04-zun-main-resident-toolchain-v817;ev-th04-zun-main-resident-omf-v817;ev-th04-zun-main-resident-cold-v817;ev-th04-zun-main-resident-layout-v817;ev-th04-zun-main-raw-v819;ev-th04-zun-main-aggregate-v819,src/zun/resident/main.cpp;src/zun/config/cfg_init.cpp;scripts/probes/replay_th04_zun_resident_bmode.py;docs/reconstruction/zun/TH04_ZUN_MAIN_V241.md;docs/reconstruction/zun/TH04_ZUN_CFG_INIT_V239.md;.analysis/reconstruction/receipt-archive/v819-zun-resident-canonical-receipt.json,"v817 identifies a non-inert producer mechanism: /R not-resident shares the no-space failure return in maintained C++, and TC4J -B plus pinned TASM32 emits the exact 252-byte selective-tail _main while direct TC4J remains a 246-byte negative control. Two cold links reproduce the complete 6360-byte resident component, resolving cfg_init FIXUPP values too. Canonical v819 acceptance raw-compares cfg_init, resident _main, and MEMCHK _main at zero differences. This is decoded function/component exactness, not packed ZUN.COM ownership.",2026-09-26T05:07:38+00:00
th04-op-assembly-backend-frontier-v820,negative-result,th04-op,TC4J -B plus TASM32 does not alter five remaining natural OP blocker bodies,compiler-observed,ev-th04-op-nopoly-bmode-negative-v820;ev-th04-op-score-decode-bmode-negative-v820;ev-th04-op-score-encode-bmode-negative-v820;ev-th04-op-snd-se-play-bmode-negative-v820;ev-th04-op-snd-se-update-bmode-negative-v820,scripts/probes/probe_th04_op_assembly_backend_frontier.py;docs/reconstruction/op-maine/TH04_OP_STRICT_FRONTIER_V766.md;.analysis/reconstruction/receipt-archive/v820-op-assembly-backend-frontier-receipt.json,"After the ZUN resident success exposed TC4J's assembly-output producer as materially distinct, two cold rounds per OP case test the same path on nopoly_b_put, scoredat_decode, scoredat_encode, SND_SE_PLAY, and _snd_se_update. Every -B/TASM32 body is byte-identical to its established nonexact direct-TC4J natural body. This rules out producer-path selection alone for those five blockers; SND_LOAD and the provenance-blocked EGC pair remain separate.",2026-09-26T06:04:21+00:00
th04-op-score-codecs-hybrid-v821,fact,th04-op,OP SCORE decode/encode hybrid closure,compiler-observed,ev-th04-op-score-codecs-boundary-v821;ev-th04-op-score-codecs-crossgame-v821;ev-th04-op-score-codecs-toolchain-v821;ev-th04-op-score-codecs-omf-v821;ev-th04-op-score-codecs-cold-v821;ev-th04-op-score-codecs-layout-v821;ev-th04-op-score-codecs-aggregate-v821;ev-th04-op-scoredat-decode-raw-v821;ev-th04-op-scoredat-encode-raw-v821,src/op/score/scoredec.inl;src/op/score/scoreenc.inl;scripts/probes/replay_th04_op_score_codecs_hybrid.py;docs/reconstruction/op-maine/TH04_OP_SCORE_CODECS_HYBRID_V821.md;.analysis/reconstruction/receipt-archive/v821-op-score-codecs-focused-receipt.json;.analysis/reconstruction/receipt-archive/v821-op-score-codecs-canonical-receipt.json,"Pure C++ and TC4J rotate-intrinsic routes remain nonexact, but TH03 OP/MAINL historical codec bodies independently bind the same byte-memory ROR primitive. v821 keeps only that irreducible 8-bit ROR symbolic and leaves loops/dataflow/control flow in maintained C++. Two cold focused rounds reproduce the complete 0x71D SCORE_TEXT producer and linked functions raw-zero; canonical current-ledger replay passes 87/87 OP slices. This is decoded-function exactness, not original-source or packed-file proof.",2026-09-26T10:40:55+00:00
th04-native-source-compile-v837,pattern,th04-op;th04-maine,TH04-only C/C++ compile closure without ReC98 headers,compiler-observed,ev-th04-native-source-compile-v837;ev-th04-native-source-cold-v837,scripts/probes/probe_th04_native_source_compile.py;docs/reconstruction/product/TH04_NATIVE_BUILD_READINESS_V1.md;src/shared/hardware/vram_planes.hpp;src/shared/sound/api.hpp,"Use a fresh src/-only snapshot and pinned TC4J/TASM32 to compile 48 OP, 26 MAINE, and 19 shared C/C++ TUs into valid OMF. Two cold rounds agree on all 93 timestamp-normalized and link-relevant objects; only BGIMAGE has a TASM dependency timestamp COMENT difference. Four former shared header blockers use TH04-owned declarations and retain focused OP/MAINE raw-zero replays. Entry, ASM, link, relocation, DIET, and runtime gates remain open.",2026-09-27T02:56:18+00:00
th04-native-cpp-abi-owner-v838,hazard,th04-maine,MAINE cutscene C++ mangling and hardware linkage,compiler-observed,ev-th04-maine-native-link-frontier-v838;ev-th04-maine-box-abi-replay-v838,src/maine/cutscene/box_mask.hpp;src/maine/cutscene/box_animate.cpp;src/maine/cutscene/box_1_to_0_masked.cpp;docs/reconstruction/product/TH04_NATIVE_BUILD_READINESS_V1.md,"A 16-bit enum and unsigned int had equal width but different TC4J decorated names for box_1_to_0_masked; a local shared enum fixes the caller/producer symbol. A C++ declaration for egc_off missed its extern-C/Pascal provider; including the owning hardware header fixes it. For TH05, compare OMF PUBDEF/EXTDEF identities and calling convention before copying any type declaration.",2026-09-27T03:26:53+00:00
th04-native-first-declaration-codeseg-v838,negative-result,pc98-borland,TC4J function first declaration fixes segment owner,compiler-observed,ev-th04-maine-box-abi-replay-v838;ev-th04-maine-verdict-tu-v474,src/maine/cutscene/box_mask.hpp;docs/reconstruction/product/TH04_NATIVE_BUILD_READINESS_V1.md;scripts/probes/replay_th04_maine_cutscene_egc_hybrid_v833.py,"Moving the box producer prototype into a header before #pragma codeseg compiled but removed its 134-byte body from CUTSCENE_TEXT, failing the v833 segment-byte Oracle. Keeping only the enum in the header and leaving the producer first declaration under the pragma restores the accepted body. Check segment owner in OMF after any prototype refactor; replay the same experiment in TH05 before inferring its layout.",2026-09-27T03:26:53+00:00
th04-native-group-consistency-v838,pattern,pc98-borland,TLINK group pairing for repeated code segment names,compiler-observed,ev-th04-maine-native-link-frontier-v838;ev-th04-maine-native-link-cold-v838,src/maine/cutscene/box_bg_put.cpp;src/maine/score/hisave.cpp;docs/reconstruction/product/TH04_NATIVE_BUILD_READINESS_V1.md;scripts/probes/probe_th04_native_maine_link.py,"Seven local wrappers used different group identifiers for the same CUTSCENE_TEXT or SCORE_TEXT segment, producing 11 TLINK cross-group warnings. Unifying them to cutscene_01 and score_01 removes the warnings. TH05 must derive its own SEGDEF/GRPDEF and MAP assignments before applying this repair.",2026-09-27T03:26:53+00:00
th04-native-tlink-partial-mz-v838,hazard,pc98-borland,TLINK error can leave a parsable incomplete MZ,compiler-observed,ev-th04-maine-native-link-frontier-v838;ev-th04-maine-native-link-cold-v838,scripts/probes/probe_th04_native_maine_link.py;docs/reconstruction/product/TH04_NATIVE_BUILD_READINESS_V1.md,Two cold 72-object TH04 MAINE diagnostic links exit nonzero with the same 45 unresolved symbols but still write a byte-identical MZ whose header parses and whose table has 204 relocations. Check linker status and unresolved vector before any MZ or relocation acceptance. Repeat the gate for TH05; a valid MZ header alone proves nothing about resolved owners.,2026-09-27T03:35:15+00:00
th04-maine-box-masks-target-v839,fact,th04-maine,Five cutscene EGC box masks in decoded MAINE data,observed,ev-th04-maine-box-masks-target-v839,scripts/probes/probe_th04_maine_box_masks.py;src/maine/cutscene/state.cpp;docs/reconstruction/product/TH04_NATIVE_BUILD_READINESS_V1.md,"The 5x4 EGC word-mask table hashes 82be2a7b... and occurs uniquely at decoded MAINE load offset 0xEB5C. The v489 candidate MAP places the name _BOX_MASKS at 0E53:062C, only as corroboration. TH05 must verify its own table bytes and segment location before reusing these values.",2026-09-27T03:53:30+00:00
th04-native-isolated-header-closure-v839,hazard,control-plane,Accepted wrapper include composition is a replay input,compiler-observed,ev-th04-maine-state-header-snapshot-negative-v839;ev-th04-maine-box-bg-free-after-state-v839,scripts/probes/replay_th04_maine_box_bg_free.py;src/maine/cutscene/state.hpp;docs/reconstruction/product/TH04_NATIVE_BUILD_READINESS_V1.md,"Moving an accepted MAINE wrapper declaration into a new header made the all-source native compile pass but broke its historical isolated replay because that probe copied only the wrapper/body/HMem header. The resulting missing-include failure was a source-closure issue, not byte nonexactness. Preserve accepted include composition or update the probe snapshot to copy its transitive headers, then cold-replay; use the same discipline in TH05.",2026-09-27T04:05:02+00:00
th04-native-data-owner-batch-v840,pattern,th04-maine,Target-attested hardware sound score and CDG state owners,compiler-observed,ev-th04-maine-hardware-link-v840;ev-th04-maine-sound-link-v840;ev-th04-maine-score-cdg-data-v840;ev-th04-op-sound-data-v840,src/shared/hardware/vram_state.asm;src/shared/sound/state.cpp;src/maine/score/state.cpp;src/maine/formats/cdg_mask.asm;docs/reconstruction/product/TH04_NATIVE_BUILD_READINESS_V1.md,Successive TH04-local data owners reduce the MAINE link frontier from 37 to 0 data unresolved. Target-only MAINE and OP probes attest constants; BSS shape still needs layout and runtime checks. TH05 should recover its own bytes and test each owner independently.,2026-09-27T05:12:06+00:00
th04-native-dgroup-overflow-v840,hazard,pc98-borland,CODE in DGROUP causes large-model overflow,compiler-observed,ev-th04-maine-score-cdg-link-v840;ev-th04-maine-dgroup-link-v840;ev-th04-maine-dgroup-cold-v840,src/shared/runtime/master_version.asm;src/shared/hardware/graph_state.asm;src/shared/dos/file_state.asm;docs/reconstruction/product/TH04_NATIVE_BUILD_READINESS_V1.md,Same-name _TEXT segments combine under TLINK. Grouping CODE into DGROUP made 83-object MAINE exceed 64K. A product-specific TASM define groups only DATA/BSS; default branch preserves previously accepted ZUN OMF. TH05 should check SEGDEF and GRPDEF before copying group declarations.,2026-09-27T05:12:06+00:00
th04-native-masterlib-gap-v840,hazard,th04-maine,Historical masters.lib masks 51 runtime owners,compiler-observed,ev-th04-maine-no-masterlib-frontier-v840;ev-th04-maine-dgroup-link-v840,scripts/probes/probe_th04_native_maine_link.py;docs/reconstruction/product/TH04_NATIVE_BUILD_READINESS_V1.md,The 83-object link has four C++ unresolved names with the external archive and 55 without it. The 51 extra names require local ABI-checked runtime owners. ReC98 TH01 ordered link scripts are a build-method reference only; its product headers and source do not establish TH04 ownership.,2026-09-27T05:12:06+00:00
th04-native-incomplete-mz-reloc-v840,hazard,pc98-borland,Valid parser result during failed TLINK with relocations,compiler-observed,ev-th04-maine-dgroup-link-v840;ev-th04-maine-dgroup-cold-v840,scripts/probes/probe_th04_native_maine_link.py;docs/ORACLES.md,TLINK exits nonzero with four unresolved functions but writes a parsable MZ with 369 relocation entries. Only a zero-exit no-undefined product link can enter relocation and load-segment acceptance.,2026-09-27T05:12:06+00:00
th04-native-staff-owner-v841,pattern,th04-maine,Local staffroll producer and attested resource owners,compiler-observed,ev-th04-maine-end-resources-v840;ev-th04-maine-staff-resource-omf-v841;ev-th04-maine-staff-link-v841;ev-th04-maine-staff-cold-v841,src/maine/end/staff.cpp;src/maine/end/staff_resources.cpp;src/shared/formats/cdg.hpp;docs/reconstruction/product/TH04_NATIVE_BUILD_READINESS_V1.md,TH04-local staffroll TU compiles seven dissolve helpers and staffroll_animate with a 16-byte checked CDG slot ABI. The 21 target-observed filenames occur as one 193-byte OMF block. No-library link resolves the function but remains incomplete; TH05 must attest its own slots and resources.,2026-09-27T05:26:21+00:00
th04-native-symbol-vector-v841,hazard,pc98-borland,Unresolved count hides changing symbol ownership,compiler-observed,ev-th04-maine-no-support-cold-frontier-v841;ev-th04-maine-staff-link-v841,scripts/probes/probe_th04_native_maine_link.py;docs/reconstruction/product/TH04_NATIVE_BUILD_READINESS_V1.md,"Before and after staffroll integration TLINK reports 55 unresolved lines. Comparing symbol names without the in-module suffix shows staffroll_animate removed and GRCG_SETCOLOR newly required; TLINK also changes the first referencing module for shared names. TH05 should compare identity sets, not only counts or entire error lines.",2026-09-27T05:26:21+00:00
th04-native-asm-api-declaration-v841,pattern,pc98-borland,FAR Pascal API declaration recovered from owned ASM,compiler-observed,ev-th04-maine-staff-link-v841,src/maine/end/staff.cpp;src/shared/hardware/bgimager.asm;docs/reconstruction/product/TH04_NATIVE_BUILD_READINESS_V1.md,"First local staff compile found bgimage_put_rect_16 undeclared. The owned ASM proc far, Pascal argument order, and RETF 8 justify a local FAR Pascal four-word declaration; focused recompilation then passed. TH05 should check PROC distance and stack cleanup before writing declarations for ASM-owned APIs.",2026-09-27T05:26:21+00:00
th04-native-three-body-frontier-v841,fact,th04-maine,Three MAINE C++ bodies remain after local staffroll integration,compiler-observed,ev-th04-maine-staff-link-v841;ev-th04-maine-staff-calibration-v841,src/maine/end/staff.cpp;src/maine/end/entry.cpp;docs/reconstruction/product/TH04_NATIVE_BUILD_READINESS_V1.md,"The 85-object calibration link has only cutscene_animate, verdict_animate, and regist_menu unresolved. Without the historical archive it has 55 runtime/body names. The archive emits an invalid extended-dictionary warning and is not a product dependency; no MZ relocation or runtime claim is accepted.",2026-09-27T05:29:05+00:00
th04-native-regist-owner-v842,pattern,th04-maine,Local score-registration body and CP932 resource ownership,compiler-observed,ev-th04-maine-regist-data-target-v842;ev-th04-maine-regist-resource-omf-v842;ev-th04-maine-regist-link-v842,src/maine/score/regist.cpp;src/maine/score/regist_resources.cpp;src/shared/hardware/gaiji.hpp;src/shared/hardware/putsa.hpp;docs/reconstruction/product/TH04_NATIVE_BUILD_READINESS_V1.md,A target-only unique block at MAINE load 0xEDBB supports five local resource arrays. The product OMF repeats the 126 bytes once. The 87-object link resolves regist_menu but exposes SUPER_ENTRY_BFNT and SUPER_FREE. TH05 should independently attest resource encodings and ASM calling conventions.,2026-09-27T05:41:18+00:00
th04-native-playchar-enum-v842,fact,th04-maine,TC4J playchar enum has one-byte storage,compiler-observed,ev-th04-maine-regist-link-v842,src/maine/score/playchar.hpp;src/maine/score/state.cpp;docs/reconstruction/product/TH04_NATIVE_BUILD_READINESS_V1.md,"A compile-time sizeof(playchar_t)==1 assertion passes under the pinned TC4J large-model flags. The product state uses the enum type, avoiding a new caller/definition mismatch. This is a scoped compiler observation; other models and games require their own probe.",2026-09-27T05:41:18+00:00
th04-native-resident-include-order-v842,hazard,control-plane,Resident header depends on Borland bool declaration order,compiler-observed,ev-th04-maine-regist-link-v842,src/maine/score/regist.cpp;src/shared/platform/types.hpp;src/shared/config/resident.hpp;docs/reconstruction/product/TH04_NATIVE_BUILD_READINESS_V1.md,"The first focused registration compile failed when resident.hpp preceded types.hpp; Borland bool and resident fields were unavailable. Putting types.hpp first made the wrapper compile without changing shared historical include closure. When localizing TH05 headers, make transitive prerequisites explicit and cold-replay accepted snapshots before refactoring shared includes.",2026-09-27T05:41:18+00:00
th04-maine-verdict-data-block-v843,fact,th04-maine,Unique 274-byte verdict display data block,observed,ev-th04-maine-verdict-data-target-v843,scripts/probes/probe_th04_maine_verdict_resources.py;src/maine/end/sub_BB81.inl;docs/reconstruction/product/TH04_NATIVE_BUILD_READINESS_V1.md,Decoded MAINE load 0xEC4A..0xED5B contains one 274-byte verdict data block with eight checked CP932 label/file anchors and candidate MAP 0E53:071A. Route next to verdict helper/state/resource ownership; no product linkage or runtime behavior is established.,2026-09-27T05:44:11+00:00
th04-native-support-owner-map-v843,pattern,th04-maine,No-archive externs mapped to historical member names,compiler-observed,ev-th04-maine-support-inventory-v843,scripts/probes/inventory_th04_maine_support.py;docs/reconstruction/product/TH04_NATIVE_BUILD_READINESS_V1.md,A hash-pinned TLIB listing maps 54 current MAINE support externs to 43 historical archive members; only two C++ bodies are outside it. Use this as a bounded TH04 runtime porting queue. The archive objects have not passed large-model ABI validation and must not be treated as product owners; repeat symbol and ABI inventory per artifact for TH05.,2026-09-27T05:45:55+00:00
th04-native-verdict-resource-owner-v843,pattern,th04-maine,Semantic CP932 verdict resource and gaiji ownership,compiler-observed,ev-th04-maine-verdict-data-target-v843;ev-th04-maine-verdict-resource-omf-v843;ev-th04-maine-verdict-link-v843,src/maine/end/verdict_resources.cpp;src/maine/end/verdict.cpp;scripts/probes/probe_th04_maine_verdict_resource_omf.py;docs/reconstruction/product/TH04_NATIVE_BUILD_READINESS_V1.md,The target has a unique 274-byte verdict data block at decoded load 0xEC4A. Local named resources reproduce its 271 semantic bytes and 25 publics in one valid TC86 OMF; three zero state/alignment bytes remain separate owners. Product link resolves verdict_animate but still fails. TH05 should preserve text encoding and distinguish data from state/alignment.,2026-09-27T06:06:01+00:00
th04-native-verdict-buffer-alias-v843,hazard,th04-maine,Text terminator overlaps 30-byte verdict buffer,inferred,ev-th04-maine-verdict-data-target-v843;ev-th04-maine-verdict-link-v843,src/maine/end/verdict.cpp;src/maine/end/verdict_state.cpp;docs/reconstruction/product/TH04_NATIVE_BUILD_READINESS_V1.md,"Candidate MAINE MAP places byte_124EF at 0E53:3FBF, 28 bytes into unk_124D3 at 0E53:3FA3; the code reads 30 bytes then writes that terminator. The product source aliases buffer[28] instead of allocating another byte. Verify overlapping globals before creating independent state in TH05.",2026-09-27T06:06:01+00:00
th04-native-one-body-frontier-v843,fact,th04-maine,Only cutscene_animate remains outside archive name inventory,compiler-observed,ev-th04-maine-verdict-link-v843;ev-th04-maine-support-after-verdict-v843,scripts/probes/inventory_th04_maine_support.py;docs/reconstruction/product/TH04_NATIVE_BUILD_READINESS_V1.md,"After attaching verdict, the 90-object no-archive link has 56 unresolved names: 55 route to 44 historical archive members and cutscene_animate alone has no archive provider. This is a diagnostic frontier; the archive is still ABI-unaccepted.",2026-09-27T06:06:01+00:00
th04-native-cutscene-data-owner-v844,pattern,th04-maine,Adjacent initialized mask and mutable glyph data,compiler-observed,ev-th04-maine-cutscene-data-v844,src/maine/cutscene/pi_masks.cpp;src/maine/cutscene/state.cpp;scripts/probes/probe_th04_maine_cutscene_data.py;docs/reconstruction/product/TH04_NATIVE_BUILD_READINESS_V1.md,Target MAINE 0E53:060C has 32 PI mask bytes followed by 40 box-mask bytes and a 4-byte glyph buffer. Separate TC86 objects reproduce the same semantic data and expected public offsets. For TH05 inspect target adjacency and OMF publics before assigning nearby initialized and mutable data to one owner.,2026-09-27T06:32:08+00:00
th04-native-cutscene-support-frontier-v844,pattern,th04-maine,Newly linked interpreter reveals additional support calls,compiler-observed,ev-th04-maine-cutscene-link-v844;ev-th04-maine-support-after-cutscene-v844;ev-th04-maine-cutscene-cold-v844,src/maine/cutscene/script_op.cpp;docs/reconstruction/product/TH04_NATIVE_BUILD_READINESS_V1.md,Attaching the accepted cutscene interpreter removes its C++ unresolved names but exposes seven previously unreachable support names. The 95-object no-archive link has 62 unique unresolved names; 60 route to historical archive publics and two need local owners. TH05 should compare unique symbol identities across cold links and treat incomplete-MZ relocations as diagnostics.,2026-09-27T06:32:08+00:00
th04-native-cutscene-final-frontier-v845,fact,th04-maine,Final 95-object MAINE cutscene product link frontier,compiler-observed,ev-th04-maine-cutscene-final-link-v845;ev-th04-maine-cutscene-final-support-v845;ev-th04-maine-cutscene-final-cold-v845;ev-th04-maine-cutscene-aggregate-v844,docs/reconstruction/product/TH04_NATIVE_BUILD_READINESS_V1.md;scripts/probes/probe_th04_native_maine_link.py,Final source-composition MAINE graph has 95 valid OMF objects and resolves all cutscene C++ bodies. Two cold links agree but fail with 62 support names; 60 route only by historical public name and two need local owners. The 72 accepted slices still replay raw-zero. No runnable or relocation-accepted MZ exists.,2026-09-27T07:02:05+00:00
th04-maine-native-support-owners-v846,pattern,th04-maine,Local shared sound and unclipped PI support ownership,compiler-observed,ev-th04-maine-native-support-link-v846;ev-th04-maine-native-support-cold-v846,src/shared/sound/se_update.cpp;src/shared/hardware/graph_pack_put_8_noclip.cpp;docs/reconstruction/product/TH04_NATIVE_BUILD_READINESS_V1.md,The TH04-only 97-object graph resolves both previously unprovided names without an archive. The accepted OP/MAINE sound updater body is compiled through a shared product TU; the unclipped PI writer is a semantic C++ port awaiting runtime observation. BGM_SOUND becomes newly reachable. TH05 should distinguish ABI name closure from behavior acceptance.,2026-09-27T07:18:40+00:00
th04-maine-near-code-groups-v846,hazard,th04-maine,Near calls require one reachable product code group,compiler-observed,ev-th04-maine-native-support-calibration-v846;ev-th04-maine-native-support-link-v846,docs/reconstruction/product/TH04_NATIVE_BUILD_READINESS_V1.md;src/maine/end/entry.cpp,With all archive names resolved TLINK still reports nine fixup overflows from MAINE_E_TEXT into CUTSCENE_TEXT MAINE_01_TEXT and SCORE_TEXT because current product OMF assigns four distinct code groups. The four segments total 0x2C1C bytes in the calibration MAP. For TH05 inspect group ownership and fixups after name resolution; preserve exact replay inputs while selecting a product-only common group.,2026-09-27T07:18:40+00:00
th04-maine-near-code-group-product-v847,pattern,th04-maine,Product-only near-code group preserves exact replay,compiler-observed,ev-th04-maine-product-group-link-v847;ev-th04-maine-product-group-cold-v847;ev-th04-maine-product-group-calibration-v847;ev-th04-maine-product-group-score-v847;ev-th04-maine-product-group-aggregate-v847,scripts/probes/probe_th04_native_maine_link.py;src/maine/end/entry.cpp;docs/reconstruction/product/TH04_NATIVE_BUILD_READINESS_V1.md,A short TH04P compiler define selects GROUP_01 for 35 MAINE wrappers and closes nine historical-library calibration near-call overflows. Default wrappers still cold-replay 72 accepted slices raw-zero. TH05 should check source-hash guards and replay bytes after changing segment ownership; keep DOS command-tail headroom.,2026-09-27T07:58:02+00:00
th04-maine-relocation-audit-calibration-v847,pattern,th04-maine,Static MZ relocation audit before PC-98 boot,compiler-observed,ev-th04-maine-product-group-calibration-v847;ev-th04-maine-product-group-mz-audit-v847,scripts/probes/audit_th04_native_maine_mz.py;docs/reconstruction/product/TH04_NATIVE_BUILD_READINESS_V1.md,"A TLINK exit-0 MZ still needs relocation-site bounds uniqueness nonoverlap segment-value entry stack and load-segment arithmetic checks. The 573-relocation calibration MZ passes statically, but historical masters.lib prevents TH04-owned or runtime acceptance. Reuse the same audit on a TH05-owned MZ.",2026-09-27T07:58:02+00:00
th04-maine-display-control-owner-v848,pattern,th04-maine,Local PC-98 display-control hardware ownership,compiler-observed,ev-th04-maine-display-control-link-v848;ev-th04-maine-display-control-cold-v848;ev-th04-maine-display-control-calibration-v848;ev-th04-maine-display-control-mz-v848,src/shared/hardware/display_control.asm;docs/reconstruction/product/TH04_NATIVE_BUILD_READINESS_V1.md,A bounded TH04-local TASM owner for four far Pascal display controls removes exactly four unresolved names without adding OMF fixups or TLINK warnings. Check public spelling calling distance argument cleanup and interrupt-state restoration before accepting other hardware providers. The complete product still has 57 support names and no runtime observation.,2026-09-27T08:13:50+00:00
th04-maine-egc-text-owners-v849,pattern,th04-maine,Local EGC initialization and PC-98 text controls,compiler-observed,ev-th04-maine-egc-text-link-v849;ev-th04-maine-egc-text-cold-v849;ev-th04-maine-egc-text-calibration-v849;ev-th04-maine-egc-text-mz-v849,src/shared/hardware/egc_control.cpp;src/shared/hardware/text_control.asm;docs/reconstruction/product/TH04_NATIVE_BUILD_READINESS_V1.md,TC4J port intrinsics implement three far Pascal EGC entry points without external OMF symbols; TASM text BIOS controls implement three more. All six names disappear from a cold link and the calibration MZ passes 570 relocation checks. TC4J include lookup required the TH04-local repository path rather than a same-directory include. Runtime behavior is unobserved.,2026-09-27T08:29:15+00:00
th04-maine-dos-file-exist-v850,pattern,th04-maine,Far Pascal DOS file-existence owner,compiler-observed,ev-th04-maine-dos-random-link-v850;ev-th04-maine-dos-random-cold-v850,src/shared/runtime/file_exist.asm;docs/reconstruction/product/TH04_NATIVE_BUILD_READINESS_V1.md,The local FILE_EXIST uses the large-model far filename at BP+6 and BP+8 preserves DS and BX closes the temporary DOS handle and returns with retf 4. It removes one unresolved name without extra symbols. For TH05 verify pointer width handle closure and segment preservation before adopting file helpers.,2026-09-27T08:45:57+00:00
th04-maine-random-trig-tables-v850,pattern,th04-maine,Modulo-2^32 random step and phase-aliased trig tables,compiler-observed,ev-th04-maine-dos-random-link-v850;ev-th04-maine-dos-random-calibration-v850;ev-th04-maine-dos-random-mz-v850,src/shared/runtime/random.cpp;src/shared/math/trig_tables.asm;docs/reconstruction/product/TH04_NATIVE_BUILD_READINESS_V1.md,A TC4J 32-bit unsigned LCG owns IRAND and random_seed; TASM owns two 256-entry trig views in one 320-word phase-aliased table. Generated rounded-sine words match ReC98 reference values but are not target-attested. For TH05 model aliased public data offsets before allocating duplicate arrays.,2026-09-27T08:45:57+00:00
th04-maine-native-source-manifest-v851,recipe,th04-maine,Explicit product source and object order gate,compiler-observed,ev-th04-maine-native-manifest-v851,config/native_maine_sources.toml;scripts/probes/probe_th04_native_maine_link.py;scripts/ci.py;docs/reconstruction/product/TH04_NATIVE_BUILD_READINESS_V1.md,The MAINE source manifest covers 103 TH04-local TUs in fixed object order and rejects omitted duplicate stale or new unlisted files before Wine. A fresh cold link preserves OMF response bytes and the 45-name failure vector. CI runs the manifest-only check. For TH05 establish this gate before interpreting compiler success as whole-product coverage.,2026-09-27T08:55:22+00:00
th04-maine-palette-analog-owner-v852,pattern,th04-maine,Local palette state and analog 16-color output,compiler-observed,ev-th04-maine-palette-link-v852;ev-th04-maine-palette-cold-v852;ev-th04-maine-palette-calibration-v852;ev-th04-maine-palette-mz-v852,src/shared/hardware/palette_state.asm;src/shared/hardware/palette_show.cpp;config/native_maine_sources.toml;docs/reconstruction/product/TH04_NATIVE_BUILD_READINESS_V1.md,TH04-local palette storage exports both C and Pascal names for 48 RGB bytes and tone. The analog show port writes resolve three names and coexist with remaining historical calibration members without duplicate storage. LCD behavior is unobserved. For TH05 audit both symbol spellings and data group ownership before using a replacement palette producer.,2026-09-27T09:12:02+00:00
th04-maine-palette-fades-v853,pattern,th04-maine,Port-polled vertical blank and four palette fades,compiler-observed,ev-th04-maine-palette-fades-link-v853;ev-th04-maine-palette-fades-cold-v853;ev-th04-maine-palette-fades-mz-v853,src/shared/hardware/palette_fade.cpp;src/shared/hardware/vsync_wait.cpp;docs/reconstruction/product/TH04_NATIVE_BUILD_READINESS_V1.md,TC4J emitted far Pascal fades and two real GDC status-port polling loops for VSYNC_WAIT. Four names close without extra externals; cold OMF and calibration MZ relocations pass. This is the polling path only; interrupt-backed wait and emulator timing remain unobserved. For TH05 keep timing evidence separate from compiler-observed ABI closure.,2026-09-27T09:26:25+00:00
th04-maine-direct-launch-negative-v854,negative-result,th04-maine,Direct MAINE boot is not a valid runtime acceptance path,runtime-observed,ev-th04-maine-direct-launch-negative-v854,scripts/probes/prepare_th04_maine_diagnostic_hdi.py;scripts/probes/run_th04_maine_diagnostic_hdi.py;docs/reconstruction/product/TH04_NATIVE_BUILD_READINESS_V1.md,Original hash-attested MAINE launched directly from AUTOEXEC faults with DOS invalid-interrupt 60H. For TH05 and TH04 reproduce the full resident/setup predecessor chain before blaming candidate relocations or code for a direct-launch fault.,2026-09-27T09:45:14+00:00
th04-maine-gamebat-boot-v854,recipe,th04-maine,Paired private GAME.BAT boot probe,runtime-observed,ev-th04-maine-gamebat-original-v854;ev-th04-maine-gamebat-calibration-v854,scripts/probes/prepare_th04_maine_diagnostic_hdi.py;scripts/probes/run_th04_maine_diagnostic_hdi.py;docs/reconstruction/product/TH04_NATIVE_BUILD_READINESS_V1.md,Original and calibration HDIs boot through GAME.BAT into OP with identical 10-second frame and log. The MAINE entry is unobserved. For TH05 use an original/candidate pair and require a checkpoint beyond the replaced artifact entry before claiming runtime behavior.,2026-09-27T09:45:14+00:00
th04-maine-local-joystick-v855,pattern,th04-maine,Local joystick ABI and PC-98 sound-board I/O,compiler-observed,ev-th04-maine-joystick-link-v855;ev-th04-maine-joystick-cold-v855;ev-th04-maine-joystick-calibration-v855;ev-th04-maine-joystick-mz-v855,src/shared/hardware/joystick.asm;config/native_maine_sources.toml;docs/reconstruction/product/TH04_NATIVE_BUILD_READINESS_V1.md,One TH04-owned ASM source exports Pascal joystick calls and both C/Pascal data spellings. Five unresolved names close without new warnings; cold OMF and calibration relocation gates pass. Hardware behavior is unobserved. For TH05 verify hardware port semantics and ABI spellings independently before borrowing this pattern.,2026-09-27T10:02:40+00:00
th04-maine-near-far-link-trap-v856,negative-result,pc98-borland,TLINK and valid MZ relocations can hide far-call to near-return ABI corruption,compiler-observed,ev-th04-maine-native-near-far-negative-v856;ev-th04-maine-native-call-abi-v856,scripts/probes/audit_th04_native_maine_call_abi.py;docs/reconstruction/product/TH04_NATIVE_FAR_CALL_ABI_V856.md,"A MAINE far call 9A to FILE_ROPEN 0000:04A6 landed on near ret 2 and a near-pointer callee despite a four-byte far caller argument. For TH05 audit linked call opcode, target return opcode, cleanup width, and relocation at every local ASM boundary; TLINK exit and MZ validity cannot replace this gate.",2026-09-27T10:51:38+00:00
th04-maine-far-file-owners-v856,pattern,th04-maine,Conditional product far ABI for inherited near file owners,compiler-observed,ev-th04-maine-native-call-link-v856;ev-th04-maine-native-call-cold-v856;ev-th04-maine-native-call-calibration-v856;ev-th04-maine-native-call-mz-v856;ev-th04-maine-native-call-abi-v856;ev-th04-maine-native-file-accepted-v856;ev-th04-zun-graph-clear-branch-v856,src/shared/dos/file_ropen.asm;src/shared/dos/file_size.asm;src/shared/pc98/graph_clear.asm;docs/reconstruction/product/TH04_NATIVE_FAR_CALL_ABI_V856.md,TH04_LARGE_PRODUCT selects far public returns and far argument offsets in seven file owners and GRAPH_CLEAR; FILE_SIZE is TH04-owned. A 109-TU cold pair and 44-call ABI audit pass while 72 MAINE slices and the ZUN GRAPH_CLEAR slice retain raw-zero replay. For TH05 keep exact near branch and product far branch explicit and test both.,2026-09-27T10:51:38+00:00
th04-maine-tasm-cross-segment-near-v857,negative-result,pc98-borland,TASM far ptr spelling still produced cross-segment near fixups,compiler-observed,ev-th04-maine-graphstart-tasm-overflow-v857;ev-th04-maine-palette-asm-overflow-v857;ev-th04-maine-graphstart-calibration-v857,docs/reconstruction/product/TH04_NATIVE_FAR_CALL_ABI_V856.md;src/shared/hardware/graph_start.cpp,Local TASM GRAPH_START and PALETTE_INIT attempts emitted CS-pushed near calls to symbols in other segments; TLINK rejected SHARED:001E and :0033. A TH04 C++ producer with explicit code ownership links. For TH05 inspect OMF fixup type and linked call opcode rather than trusting far ptr source spelling.,2026-09-27T11:42:20+00:00
th04-maine-cs-push-far-call-v857,pattern,pc98-borland,Same-CS far call can use PUSH CS then near CALL,compiler-observed,ev-th04-maine-graphstart-call-abi-v857;ev-th04-maine-graphstart-mz-v857,scripts/probes/audit_th04_native_maine_call_abi.py;docs/reconstruction/product/TH04_NATIVE_FAR_CALL_ABI_V856.md,TC4J emitted PUSH CS; CALL rel16 from SHARED to GRAPH_400LINE with RETF. No call-segment relocation is needed because CS supplies it. For TH05 distinguish this valid same-segment form from bare near CALL into RETF and from cross-segment overflow.,2026-09-27T11:42:20+00:00
th04-maine-local-graph-start-v857,pattern,th04-maine,TH04-owned PC-98 400-line graph and palette startup,compiler-observed,ev-th04-maine-graphstart-link-v857;ev-th04-maine-graphstart-cold-v857;ev-th04-maine-graphstart-calibration-v857;ev-th04-maine-graphstart-mz-v857;ev-th04-maine-graphstart-call-abi-v857,src/shared/hardware/clip_state.asm;src/shared/hardware/graph_400line.asm;src/shared/hardware/graph_start.cpp;src/shared/hardware/palette_state.asm;docs/reconstruction/product/TH04_NATIVE_BUILD_READINESS_V1.md,Local clip and palette data plus 400-line mode/startup close two more support names. The 112-TU cold pair and calibration relocation/call ABI gates pass; hardware behavior remains unobserved. For TH05 attest data ownership and compiler call distance before runtime tests.,2026-09-27T11:42:20+00:00
th04-maine-local-scroll-box-v858,pattern,th04-maine,TH04-local GDC vertical scroll and GRCG byte rectangle,compiler-observed,ev-th04-maine-scroll-box-link-v858;ev-th04-maine-scroll-box-cold-v858;ev-th04-maine-scroll-box-calibration-v858;ev-th04-maine-scroll-box-mz-v858;ev-th04-maine-scroll-box-call-abi-v858,src/shared/hardware/graph_scrollup.asm;src/shared/hardware/grcg_byteboxfill_x.asm;docs/reconstruction/product/TH04_NATIVE_SCROLL_BOX_V858.md,Two TH04-owned far Pascal hardware entries close two names with 114 cold OMF objects and a 594-site calibration MZ audit. Static ABI passes; GDC timing and GRCG/VRAM effects remain unobserved. For TH05 separate call distance and relocation proof from hardware behavior.,2026-09-27T11:59:11+00:00
th04-maine-pi-free-v859,pattern,th04-maine,TH04-local PI cleanup uses heap segment ownership,compiler-observed,ev-th04-maine-pi-free-link-v859;ev-th04-maine-pi-free-cold-v859;ev-th04-maine-pi-free-calibration-v859;ev-th04-maine-pi-free-mz-v859;ev-th04-maine-pi-free-call-abi-v859,src/shared/hardware/graph_pi_free.cpp;docs/reconstruction/product/TH04_NATIVE_PI_FREE_V859.md,"TH04-local GRAPH_PI_FREE closes one link name with a far RETF 8 entry, but HMEM_FREE remains. Historical-library calibration and static relocation/ABI checks do not show standalone or runtime success. For TH05 track each ownership layer separately.",2026-09-27T12:19:09+00:00
th04-tc4j-const-far-seg-cast-v859,negative-result,pc98-borland,TC4J rejects const far pointer to segment pointer reinterpret_cast,compiler-observed,ev-th04-maine-pi-free-const-cast-negative-v859;ev-th04-maine-pi-free-link-v859,src/shared/hardware/graph_pi_free.cpp;docs/reconstruction/product/TH04_NATIVE_PI_FREE_V859.md,TC4J 4.02J rejects reinterpret_cast<void __seg *>(const void far *). Cast to void far * before extracting the segment; retain the original const parameter ABI. For TH05 compile-probe qualifier and memory-model casts rather than assuming modern C++ behavior.,2026-09-27T12:19:09+00:00
th04-maine-text-gaiji-v860,pattern,th04-maine,TH04-local PC-98 text gaiji cell writers,compiler-observed,ev-th04-maine-gaiji-text-link-v860;ev-th04-maine-gaiji-text-cold-v860;ev-th04-maine-gaiji-text-calibration-v860;ev-th04-maine-gaiji-text-mz-v860;ev-th04-maine-gaiji-text-call-abi-v860,src/shared/hardware/gaiji_text.cpp;docs/reconstruction/product/TH04_NATIVE_GAIJI_TEXT_V860.md,"Two TH04-local text VRAM writers close two names with 116 cold OMF objects and 597-site calibration MZ audit. The far returns are RETF 8 and RETF 10. Historical reference corroborates glyph mapping and final VRAM planes; hardware timing and runtime output remain unobserved. For TH05 test glyph mapping, planes, and ABI separately.",2026-09-27T12:36:25+00:00
th04-maine-graph-gaiji-v861,pattern,th04-maine,TH04-local CG/GRCG graphics gaiji writers,compiler-observed,ev-th04-maine-graph-gaiji-link-v861;ev-th04-maine-graph-gaiji-cold-v861;ev-th04-maine-graph-gaiji-calibration-v861;ev-th04-maine-graph-gaiji-mz-v861;ev-th04-maine-graph-gaiji-call-abi-v861;ev-th04-zun-master-version-v493,src/shared/hardware/graph_gaiji.cpp;docs/reconstruction/product/TH04_NATIVE_GRAPH_GAIJI_V861.md;docs/reconstruction/packed/TH04_ZUN_MASTER_VERSION_V493.md,"TH04-local graphics gaiji entries close two names with 117 cold OMF objects and 597-site calibration MZ audit. Four restored TH04/TH05 targets corroborate ADD rather than the generic library ADC glyph-code operation. Static ABIs pass; PC-98 display timing and negative string steps remain unverified. For TH05 separate opcode, VRAM byte, and hardware gates.",2026-09-27T13:02:07+00:00
th04-maine-graph-copy-v862,pattern,th04-maine,TH04-local four-plane graphics page copy,compiler-observed,ev-th04-maine-graph-copy-link-v862;ev-th04-maine-graph-copy-cold-v862;ev-th04-maine-graph-copy-calibration-v862;ev-th04-maine-graph-copy-mz-v862;ev-th04-maine-graph-copy-call-abi-v862,src/shared/hardware/graph_copy_page.cpp;docs/reconstruction/product/TH04_NATIVE_GRAPH_COPY_V862.md,A TH04-local page copy closes one name with 118 cold OMF objects and a 599-site calibration MZ audit. It borrows a 32 KB buffer through the still-unresolved HMEM heap rather than historical SMEM; memory-pressure behavior and page output need runtime validation. For TH05 test source/destination page selection and allocation failure separately.,2026-09-27T13:22:00+00:00
th04-tc4j-for-loop-scope-v862,negative-result,pc98-borland,TC4J keeps for-loop variable in function scope,compiler-observed,ev-th04-maine-graph-copy-loop-scope-negative-v862;ev-th04-maine-graph-copy-link-v862,src/shared/hardware/graph_copy_page.cpp;docs/reconstruction/product/TH04_NATIVE_GRAPH_COPY_V862.md,TC4J 4.02J rejects redeclaring unsigned i in two for statements of one function. Declare once before both loops. This compiler behavior matters for TH05 source written in modern C++ style.,2026-09-27T13:22:00+00:00
th04-maine-segmented-heap-v863,pattern,th04-maine,TH04-local descending DOS paragraph heap,runtime-observed,ev-th04-maine-heap-runtime-v863;ev-th04-maine-heap-link-v863;ev-th04-maine-heap-cold-v863;ev-th04-maine-heap-calibration-v863;ev-th04-maine-heap-mz-v863;ev-th04-maine-heap-call-abi-v863,src/shared/memory/heap.cpp;scripts/probes/probe_th04_native_heap_runtime.py;docs/reconstruction/product/TH04_NATIVE_HEAP_V863.md,"A TH04-local seven-entry segmented allocator closes four current MAINE names. Its isolated DOS lifecycle probe passes split/reuse/coalescing and far writes; 119 cold OMF objects agree and the calibration MZ has 604 audited relocations. For TH05 reuse the probe pattern, then separately test the complete PC-98 product route and memory-pressure cases.",2026-09-27T13:52:52+00:00
th04-tc4j-heap-return-merge-v863,negative-result,pc98-borland,TC4J shared return epilogue double-increments reused heap segment,compiler-observed,ev-th04-maine-heap-return-negative-v863;ev-th04-maine-heap-runtime-v863,src/shared/memory/heap.cpp;docs/reconstruction/product/TH04_NATIVE_HEAP_V863.md,TC4J 4.02J compiled two source-level header+1 returns so the hole-reuse path incremented twice. A DOS probe returned B+1 after freeing B. One shared successful return through an allocated_header local passes. For TH05 execute segmented-pointer reuse tests; static links and ABI audits did not catch this defect.,2026-09-27T13:52:52+00:00
th04-maine-vsync-v864,pattern,th04-maine,TH04-local PC-98 VSync interrupt lifecycle,runtime-observed,ev-th04-maine-vsync-runtime-v864;ev-th04-maine-vsync-link-v864;ev-th04-maine-vsync-cold-v864;ev-th04-maine-vsync-calibration-v864;ev-th04-maine-vsync-mz-v864;ev-th04-maine-vsync-call-abi-v864,src/shared/hardware/vsync_irq.asm;scripts/probes/probe_th04_native_vsync_runtime.py;docs/reconstruction/product/TH04_NATIVE_VSYNC_V864.md,"A TH04-local VSync IRQ owner closes three MAINE names. Isolated DOS execution validates INT 0Ah counters and far callback plus INT 0Ah/18h vector restoration; 120 cold OMF objects agree and calibration MZ has 604 checked relocations. For TH05 reuse vector-lifecycle probing, then separately test PC-98 cadence and BIOS retriggering.",2026-09-27T14:16:27+00:00
th04-maine-gaiji-storage-v865,pattern,th04-maine,TH04-local CG gaiji backup and BFNT loader,runtime-observed,ev-th04-maine-gaiji-runtime-v865;ev-th04-maine-gaiji-link-v865;ev-th04-maine-gaiji-cold-v865;ev-th04-maine-gaiji-calibration-v865;ev-th04-maine-gaiji-mz-v865;ev-th04-maine-gaiji-call-abi-v865,src/shared/hardware/gaiji_storage.cpp;scripts/probes/probe_th04_native_gaiji_storage_runtime.py;docs/reconstruction/product/TH04_NATIVE_GAIJI_STORAGE_V865.md,"A TH04-local gaiji owner closes three MAINE names. Synthetic BFNT lifecycle passes under DOS adapters; 121 cold OMF objects agree and calibration MZ has 613 checked relocations. For TH05 separately test real BFNT files, CG pixel output, and allocator pressure.",2026-09-27T14:46:29+00:00
th04-gaiji-stdio-probe-memory-v865,negative-result,pc98-borland,stdio fixture adapter can mask segmented-heap behavior,runtime-observed,ev-th04-maine-gaiji-stdio-negative-v865;ev-th04-maine-gaiji-runtime-v865,scripts/probes/probe_th04_native_gaiji_storage_runtime.py;docs/reconstruction/product/TH04_NATIVE_GAIJI_STORAGE_V865.md,Test-only fopen returned DOS error 8 after segmented-heap assignment even when the fixture opened beforehand. A direct DOS file adapter passed unchanged product code. For TH05 avoid adding stdio heap pressure to file-format probes and retain failed receipts for diagnosis.,2026-09-27T14:46:29+00:00
th04-maine-pack-put-v866,pattern,th04-maine,TH04-local packed PI row renderer and staged VRAM validation,runtime-observed,ev-th04-maine-pack-put-runtime-v866;ev-th04-maine-pack-put-link-v866;ev-th04-maine-pack-put-cold-v866;ev-th04-maine-pack-put-calibration-v866;ev-th04-maine-pack-put-mz-v866;ev-th04-maine-pack-put-call-abi-v866,src/shared/hardware/graph_pack_put_8.cpp;scripts/probes/probe_th04_native_pack_put_runtime.py;docs/reconstruction/product/TH04_NATIVE_PACK_PUT_V866.md,"A TH04-local far Pascal GRAPH_PACK_PUT_8 closes one MAINE name. Pinned DOS execution against four fake VRAM planes verifies nibble masks and clipping, while 122 cold OMF objects agree and a mixed-support calibration MZ has 614 audited relocations. For TH05 use distinct source pixel groups when testing negative-X clipping, then separately verify actual PC-98 page selection and display.",2026-09-27T15:13:42+00:00
th04-par-archive-layout-v867,fact,th04,Pinned TH04 GENSO PAR directory and resource fixtures,observed,ev-th04-pf-archives-format-v867,scripts/probes/probe_th04_pf_archive.py;docs/reconstruction/product/TH04_NATIVE_PF_ARCHIVE_V867.md,The pinned HDI contains a 132-member OP/ending PAR and a 158-member main PAR; each encrypted 32-byte directory ends with an extra zero record. A replayable host probe verifies 42 PI and 22 BFNT signatures and extracts private fixtures. Five RLE expansions have one byte beyond their declared logical size. For TH05 preserve declared versus expanded size separately and test native read boundaries; host extraction does not validate a DOS hook.,2026-09-27T15:40:18+00:00
th04-maine-pf-state-v867,pattern,th04-maine,TH04-local PAR global state aliases,compiler-observed,ev-th04-maine-pf-state-link-v867;ev-th04-maine-pf-state-cold-v867;ev-th04-maine-pf-state-calibration-v867;ev-th04-maine-pf-state-mz-v867;ev-th04-maine-pf-state-call-abi-v867,src/shared/formats/pf_state.asm;config/native_maine_sources.toml;docs/reconstruction/product/TH04_NATIVE_PF_ARCHIVE_V867.md,"A TH04-local ASM data owner provides bbufsiz/_bbufsiz and pferrno/pfkey storage with a 512-byte default. 123 cold MAINE objects agree; no-archive link leaves 10 names, while a mixed-support calibration MZ retains 614 audited relocations. For TH05 keep data ownership and INT 21h hook behavior as separate gates; neither this owner nor host PAR decoding proves native file access.",2026-09-27T15:40:18+00:00
th04-maine-pf-hook-v868,pattern,th04-maine,TH04-local PAR INT 21h service and native replay,runtime-observed,ev-th04-maine-pf-hook-runtime-v868;ev-th04-maine-pf-hook-link-v868;ev-th04-maine-pf-hook-cold-v868;ev-th04-maine-pf-hook-calibration-v868;ev-th04-maine-pf-hook-mz-v868;ev-th04-maine-pf-hook-call-abi-v868,src/shared/formats/pf_archive.cpp;src/shared/formats/pf_int21.asm;scripts/probes/probe_th04_native_pf_hook_runtime.py;docs/reconstruction/product/TH04_NATIVE_PF_ARCHIVE_V867.md,"The TH04-local PAR service passes nine pinned resource reads under DOS including stored/RLE/aux-XOR and all five one-byte expansions; test MZ has 269 audited relocations. Two 125-unit cold MAINE builds agree and leave eight external names; a mixed-support MZ has 631 audited relocations. For TH05 reuse the small DOS probe and interrupt-frame/relocation gates, then test full PC-98 game entry separately.",2026-09-27T16:09:26+00:00
th04-tc4j-pf-source-constraints-v868,hazard,pc98-borland,TC4J long 8.3 source paths and DOS handle output type,compiler-observed,ev-th04-maine-pf-hook-runtime-v868;ev-th04-maine-pf-hook-link-v868,src/shared/formats/pf_archive.cpp;docs/reconstruction/product/TH04_NATIVE_PF_ARCHIVE_V867.md,"TC4J rewrites a long translation-unit basename to DOS 8.3, which broke a relative ../runtime include in this batch; a root-qualified include under -I. compiled. _dos_open requires an int * output handle, even when stored afterward as an unsigned DOS word. For TH05 use root-qualified local includes and match the pinned library declaration exactly.",2026-09-27T16:09:26+00:00
th04-maine-pi-decode-v869,pattern,th04-maine,TH04-local packed PI decoder and segmented buffer indexing,runtime-observed,ev-th04-maine-pi-runtime-v869;ev-th04-maine-pi-link-v869;ev-th04-maine-pi-cold-v869;ev-th04-maine-pi-calibration-v869;ev-th04-maine-pi-mz-v869;ev-th04-maine-pi-call-abi-v869,src/shared/formats/pi_decode.cpp;scripts/probes/probe_th04_native_pi_decode_runtime.py;docs/reconstruction/product/TH04_NATIVE_PI_DECODE_V869.md,Local far Pascal PI decoder matches historical displayed pixels for two pinned 640x400 resources through PAR and loose DOS reads; test MZ passes 247 relocations. Two 126-object cold MAINE links agree and leave seven sprite/BGM names; mixed-support MZ passes 637 relocations and far-call audit. For TH05 verify the actual archive member ABI and cross-64KiB image indexing before reuse.,2026-09-27T16:48:53+00:00
th04-pi-readable-binary-divergence-v869,hazard,pc98-borland,Readable ReC98 PI decode source differs from pinned historical library,compiler-observed,ev-th04-maine-pi-runtime-v869,_reference/ReC98/libs/master.lib/graph_pi_load_pack.asm;docs/reconstruction/product/TH04_NATIVE_PI_DECODE_V869.md,"The readable graph_pi_load_pack.asm starts with three _read_color calls, while the pinned historical masters.lib body has two and initializes prior rows to FB for the tested resources. A host decoder following the readable sequence diverged; the binary-observed sequence matched all 128000 displayed bytes for CONG10.PI. The library member is near/small-model; a large-model harness linked but re-entered main abnormally. For TH05 inspect binary behavior and far/near ABI before relying on historical source or successful TLINK.",2026-09-27T16:48:53+00:00
th04-maine-super-sprite-v870,pattern,th04-maine,TH04-local BFNT sprite registration and planar drawing,runtime-observed,ev-th04-maine-super-runtime-v870;ev-th04-maine-super-link-v870;ev-th04-maine-super-cold-v870;ev-th04-maine-super-calibration-v870;ev-th04-maine-super-mz-v870;ev-th04-maine-super-call-abi-v870,src/shared/hardware/super_sprite.cpp;src/shared/hardware/super_state.asm;scripts/probes/probe_th04_native_super_runtime.py;docs/reconstruction/product/TH04_NATIVE_SUPER_SPRITE_V870.md,"A TH04-local far Pascal sprite service and DGROUP state close three MAINE names. Historical small-model and local large-model DOS loaders agree on all 20 pinned SCNUM2.BFT pattern and palette FNV hashes; fake-VRAM drawing and lifecycle pass. Two 128-object cold MAINE builds agree and leave four BGM names. Mixed-support MZ has 649 audited relocations. For TH05 verify its BFNT extensions, transparent colors, actual PC-98 page behavior, and near/far ABI independently.",2026-09-27T17:26:48+00:00
th04-maine-bgm-frontier-v870,open-question,th04-maine,Four BGM providers prevent standalone MAINE link,compiler-observed,ev-th04-maine-super-link-v870;ev-th04-maine-super-cold-v870,docs/reconstruction/product/TH04_NATIVE_SUPER_SPRITE_V870.md;src/shared/runtime/api.hpp,"The no-support MAINE TLINK now lacks only BGM_INIT, BGM_FINISH, BGM_READ_SDATA, and BGM_SOUND. Pinned MIKO.EFS is present in both PAR archives. Next recover sound-buffer, EFS parser, timer/vector, and PC-98 beeper behavior as TH04-local providers, then rerun the no-library full link and MZ/ABI/runtime gates.",2026-09-27T17:26:48+00:00
th04-maine-bgm-native-v871,pattern,th04-maine,TH04-local EFS beeper service closes standalone MAINE link,runtime-observed,ev-th04-maine-bgm-runtime-v871;ev-th04-maine-bgm-link-v871;ev-th04-maine-bgm-cold-v871;ev-th04-maine-bgm-mz-v871;ev-th04-maine-bgm-call-v871,src/shared/sound/bgm_beep.cpp;src/shared/sound/bgm_timer.asm;scripts/probes/probe_th04_native_bgm_runtime.py;docs/reconstruction/product/TH04_NATIVE_BGM_V871.md,TH04-only large-model BGM parses all 15 pinned MIKO.EFS effects and its DOS software IRQ test passes. Two 130-object cold MAINE links agree with no unresolved names or warnings; 656 MZ relocations and the far-call ABI pass. For TH05 re-attest its resource and ISR ownership; these observations do not establish PC-98 hardware timing.,2026-09-27T18:42:29+00:00
pc98-tasm-far-call-relax-v871,hazard,pc98-borland,TASM far call relaxation can link to a wrong group-relative target,compiler-observed,ev-th04-maine-bgm-far-negative-v871;ev-th04-maine-bgm-call-v871,src/shared/sound/bgm_timer.asm;scripts/probes/audit_th04_native_maine_call_abi.py;docs/reconstruction/product/TH04_NATIVE_BGM_V871.md,In a full MAINE layout both CALL BGM_TICK and CALL FAR PTR BGM_TICK became PUSH CS/CALL rel16 to the wrong address despite TLINK success. Symbolic 9A plus OFFSET/SEG fixups produced a relocated far target whose linear address equals the MAP public. Audit actual linked instructions and normalized segment:offset targets; a small test MZ can miss the layout failure.,2026-09-27T18:42:29+00:00
th04-maine-native-entry-v871,open-question,th04-maine,TH04-only MAINE game-entry runtime checkpoint,runtime-observed,ev-th04-maine-bgm-pc98-boot-v871,scripts/probes/prepare_th04_maine_diagnostic_hdi.py;scripts/probes/run_th04_maine_diagnostic_hdi.py;docs/reconstruction/product/TH04_NATIVE_BGM_V871.md,The audited standalone MAINE MZ is in a disposable HDI. A 20-second GAME.BAT run reaches only the OP splash and START marker. Next agent should script the OP-to-MAIN-to-MAINE transition and record a checkpoint proving candidate MAINE entered before judging behavior.,2026-09-27T18:42:29+00:00
th04-op-native-link-v878,pattern,th04-op,TH04-only OP standalone source and relocatable MZ,compiler-observed,ev-th04-op-native-link-v878;ev-th04-op-native-cold-v878;ev-th04-op-native-mz-v878;ev-th04-op-native-call-v878,config/native_op_sources.toml;docs/reconstruction/product/TH04_NATIVE_OP_LINK_V875.md,"Use the 156-object OP manifest with pinned TC4J/TASM/TLINK. A/B complete MZ and link-relevant OMF agree; 799 relocation sites and 17 far ASM owners pass. This is source-only build readiness, not byte exactness or full runtime acceptance.",2026-09-28T05:16:29+00:00
pc98-op-dos-puts2-abi-v878,hazard,pc98-borland,Tiny DOS_PUTS2 cannot serve large-model OP far pointer calls,compiler-observed,ev-th04-op-native-call-v878;ev-th04-op-native-link-v878,src/shared/dos/dos_puts2.asm;src/op/dos/dos_puts2.asm;docs/reconstruction/product/TH04_NATIVE_OP_LINK_V875.md,A successful TLINK can resolve OP far calls to the ZUN/Tiny near DOS_PUTS2 and corrupt return/argument stack. Keep the exact Tiny owner and use OP-owned far Pascal RETF 4 with a far string pointer; audit linked call and return bytes.,2026-09-28T05:16:29+00:00
th04-op-title-runtime-v878,open-question,th04-op,Native OP stalls or runs slowly after title rendering,runtime-observed,ev-th04-op-native-boot-v878,docs/reconstruction/product/TH04_NATIVE_OP_LINK_V875.md;scripts/probes/run_th04_op_diagnostic_hdi.py,"Normal GAME.BAT route displays native OP title at 60 and 100 seconds, while original control is in demo gameplay at 45 seconds. Localize the title wait or resource path before claiming menu or OP-to-MAINE execution.",2026-09-28T05:16:29+00:00
th04-op-title-phase-v879,open-question,th04-op,Native OP remains inside title sequence at 100 seconds,runtime-observed,ev-th04-op-native-phase-v879;ev-th04-op-native-skip-bgm-v879,docs/reconstruction/product/TH04_NATIVE_OP_LINK_V875.md;scripts/probes/prepare_th04_op_phase_hdi.py,GAME.BAT markers prove OP has not returned; title image is unchanged through 150 seconds. Skipping title-song load/play alone does not advance it. Next localize the slide/frame-delay versus later PI work using a private bounded source variant.,2026-09-28T05:37:36+00:00
th04-zun-native-build-v881,pattern,th04-zun,"TH04-only ZUN launcher can cold build, pack and boot",runtime-observed,ev-th04-zun-native-resident-v880;ev-th04-zun-native-resident-cold-v880;ev-th04-zun-native-flat-v881;ev-th04-zun-native-diet-v881;ev-th04-zun-native-boot-v881,config/native_zun_resident_sources.toml;src/zun/launcher/usage.txt;docs/reconstruction/zun/TH04_ZUN_NATIVE_SOURCE_BUILD_V880.md,"Build natural Tiny resident from 2 C++ and 16 ASM, compose five other maintained components, pack with pinned DIET and boot the disposable HDI. Two cold flats and packed MZs agree; 45-second GAME.BAT reaches demo gameplay. Do not infer target byte exactness or untested options.",2026-09-28T05:53:38+00:00
pc98-borland-omf-e8-timestamp-v895,hazard,pc98-borland,TC4J E8 source timestamp comment can drift after source overlay,compiler-observed,ev-th04-op-cdg-es-cold-v892,scripts/lib/omf.py;tests/test_omf.py;docs/reconstruction/product/TH04_NATIVE_OP_LINK_V875.md,"Cold OP MZ and all link-relevant OMF agree while raw source objects differ in COMENT E8 time/date. Normalize only observed 00 E8 01 plus Pascal path plus four trailing timestamp bytes, preserving path and link records; distinguish this from E9 dependency comments.",2026-09-28T08:33:38.026968+00:00
th04-op-cdg-es-lifecycle-v893,pattern,th04-op,Restore ES to DGROUP before each CDG header copy,runtime-observed,ev-th04-op-cdg-es-native-v892;ev-th04-op-cdg-es-cold-v892;ev-th04-op-cdg-es-trace-v893;ev-th04-cdg-load-native-guard-v895;ev-th04-maine-cdg-es-cold-v896;ev-th04-maine-cdg-es-mz-v896;ev-th04-maine-cdg-es-abi-v896,src/shared/formats/cdg_load.asm;docs/reconstruction/product/TH04_NATIVE_OP_LINK_V875.md,Native heap HMEM_ALLOCBYTE uses LES and can leave ES changed. Reset ES=DS in TH04_LARGE_PRODUCT CDG_LOAD_ALL loop before REP MOVSD; second CAR.CD2 cursor slot then fills and first menu frame progresses. Strict OP/MAINE decoded modules remain raw zero.,2026-09-28T08:33:38.026968+00:00
th04-op-main-execl-checkpoint-v894,pattern,th04-op,GAME.BAT OP_AFTER marker does not attest OP-to-MAIN transfer,runtime-observed,ev-th04-op-native-phase-v879;ev-th04-op-main-entry-v894,src/op/main/start_demo.inl;src/op/start/start_demo.cpp;docs/reconstruction/product/TH04_NATIVE_OP_LINK_V875.md,Demo calls execl and replaces OP directly; OP_AFTER only appears after normal return. Disposable MAIN entry shim writes H through the native OP GAME.BAT path and batch then writes EXIT. This supersedes the v879 title-stall inference; use a callee entry checkpoint.,2026-09-28T08:33:38.026968+00:00
th04-main-composite-mapping-v900,pattern,th04-main,MAIN body-fragment mapping spans unit overlays build inserts and source splits,observed,ev-th04-main-native-inventory-v900,config/th04_main_exact_units.toml;scripts/probes/inventory_th04_native_main.py;docs/reconstruction/product/TH04_NATIVE_MAIN_SOURCE_CLOSURE_V882.md,"When inventorying physical MAIN composition, join units[].overlay_path, build_inserts[].overlay_path, and splits[].fragment_overlay_path. This maps 36 of 37 missing body paths; only th04/dialog.cpp still needs a complete local physical composition.",2026-09-28T10:01:54+00:00
th04-main-native-frames-v900,pattern,th04-main,Product-owned MAIN frame declarations and DATA/BSS owner,runtime-observed,ev-th04-main-native-frames-abi-v900;ev-th04-main-native-frames-runtime-v900;ev-th04-main-native-frames-cold-v900,src/main/include/th04/main/frames.h;src/main/core/frame_state.asm;scripts/probes/probe_th04_native_main_frames.py;docs/reconstruction/product/TH04_NATIVE_MAIN_SOURCE_CLOSURE_V882.md,"Use -Isrc/main/include to preserve the historical frames.h spelling without a reference-tree dependency. The isolated large-model DOS probe validates widths, zero-initialized totals, ten public symbols, and stable final MZ; full MAIN layout and PC-98 execution remain separate gates.",2026-09-28T10:01:54+00:00
th04-main-sound-api-pf-fn-gap-v905,hazard,th04-main,Flattened declaration headers must preserve transitive constants,compiler-observed,ev-th04-main-sound-api-pf-fn-gap-v904;ev-th04-main-native-sound-abi-v905;ev-th04-main-native-sound-aggregate-v905,src/shared/sound/api.hpp;scripts/probes/probe_th04_native_main_sound_header.py;docs/reconstruction/product/TH04_NATIVE_MAIN_SOURCE_CLOSURE_V882.md,"An ABI probe covering enums, functions, and helpers passed while the full compile still failed because PF_FN_LEN had previously arrived through game/pf.h. Exercise transitive macros in header probes and retain the aggregate compile as the closure gate.",2026-09-28T10:29:21+00:00
th04-main-native-sound-header-v905,pattern,th04-main,Product-owned sound API closes the historical MAIN header path,compiler-observed,ev-th04-main-native-inventory-v904;ev-th04-main-native-sound-abi-v905;ev-th04-main-native-sound-aggregate-v905,src/main/include/th04/snd/snd.h;src/shared/sound/api.hpp;config/th04_main_exact_units.toml;docs/reconstruction/product/TH04_NATIVE_MAIN_SOURCE_CLOSURE_V882.md,"Use the thin product include-path header for standalone compilation and rewrite the staged th04/snd/snd.h edges directly to src/shared/sound/api.hpp for exact replay. This removes 68 missing include references; 77 staged occurrences preserve all 275 accepted extents in two cold builds. Standalone MAIN linking and runtime remain open.",2026-09-28T10:29:21+00:00
th04-main-pattern-crossgame-v909,hazard,th04-main,TH05 wrappers inherit local-header needs from shared TH04 source fragments,compiler-observed,ev-th04-main-pattern-th05-gap-v906;ev-th04-main-native-pattern-aggregate-v909,src/main/sprites/main_pat.hpp;config/th04_main_exact_units.toml;docs/reconstruction/product/TH04_NATIVE_MAIN_SOURCE_CLOSURE_V882.md,"A tree-wide TH04 include rewrite also reaches TH04 fragments included by TH05 translation units. The first aggregate failed because mb_dft.cpp inherited PAT_ENEMY_KILL_last through th04/main/midboss/defeat.cpp. Audit cross-game consumers and keep the complete aggregate as the closure gate; TH04-only stage constants must remain outside GAME == 5.",2026-09-28T10:55:23+00:00
th04-main-native-pattern-header-v909,pattern,th04-main,Product-owned TH04 MAIN pattern and cel tables close the historical header path,compiler-observed,ev-th04-main-native-inventory-v909;ev-th04-main-native-pattern-abi-v909;ev-th04-main-native-pattern-aggregate-v909,src/main/include/th04/sprites/main_pat.h;src/main/sprites/main_pat.hpp;src/main/sprites/cels.hpp;scripts/probes/probe_th04_native_main_pattern_header.py;config/th04_main_exact_units.toml;docs/reconstruction/product/TH04_NATIVE_MAIN_SOURCE_CLOSURE_V882.md,"Use the product include wrapper for standalone compilation and a tree rewrite for strict replay. A pinned TC4J probe covers every TH04 numeric constant; 68 staged occurrences preserve all 275 accepted extents in two cold builds. This removes 64 maintained-source references but does not provide remaining data owners or a standalone MAIN link.",2026-09-28T10:55:23+00:00
th04-main-vector-layer-v913,hazard,th04-main,Keep the complete MAIN vector declaration surface out of the narrower shared header,compiler-observed,ev-th04-main-vector-shared-layer-v910;ev-th04-main-native-vector-abi-v912,src/main/math/vector.hpp;src/shared/math/vector.hpp;scripts/probes/probe_th04_native_main_vector_header.py;docs/reconstruction/product/TH04_NATIVE_MAIN_SOURCE_CLOSURE_V882.md,"OP and MAINE share only the target-observed vector2_at two-word output ABI. Adding the MAIN SPPoint dependency to that shared header breaks isolated shared-source closure. Keep vector2 vector2_between_plus vector2_near and SPPoint vector2_at declarations in src/main/math/vector.hpp and preserve the narrow shared type separately.",2026-09-28T11:19:16+00:00
th04-main-tree-rewrite-snapshot-v913,hazard,control-plane,Tree-rewrite-only product headers must be frozen replay inputs,compiler-observed,ev-th04-main-vector-rewrite-skip-v911;ev-th04-main-native-vector-aggregate-v913,scripts/replay_th04_main_exact_units.py;tests/test_exact_replay.py;config/th04_main_exact_units.toml;docs/reconstruction/product/TH04_NATIVE_MAIN_SOURCE_CLOSURE_V882.md,"Before v913 a local_header introduced solely by scaffold_tree_include_rewrites was absent from repo_input_paths. The materializer silently skipped that rewrite and a 275-unit aggregate still passed. Freeze every configured tree-rewrite header plus transitive src includes, assert its receipt entry and occurrence count, and never accept only the aggregate exit status.",2026-09-28T11:19:16+00:00
th04-main-native-vector-header-v913,pattern,th04-main,Artifact-local vector API closes the historical MAIN header path,compiler-observed,ev-th04-main-native-inventory-v913;ev-th04-main-native-vector-abi-v912;ev-th04-main-native-vector-aggregate-v913,src/main/include/th04/math/vector.hpp;src/main/math/vector.hpp;scripts/probes/probe_th04_native_main_vector_header.py;config/th04_main_exact_units.toml;docs/reconstruction/product/TH04_NATIVE_MAIN_SOURCE_CLOSURE_V882.md,"Use the product wrapper for standalone compilation and rewrite staged th04/math/vector.hpp edges to the artifact-local API. A TC4J probe covers all four function ABIs; corrected v913 freezes the header and rewrites 27 staged files while preserving all 275 accepted extents. This removes 25 maintained-source references but does not complete the MAIN link.",2026-09-28T11:19:16+00:00
th04-main-scroll-bss-split-v914,pattern,th04-main,Keep scroll playfield state separate from per-page tile-invalidation state,runtime-observed,ev-th04-main-native-scroll-storage-v914,src/main/scroll/state.asm;src/main/scroll/page_state.asm;scripts/probes/probe_th04_native_main_scroll.py;docs/reconstruction/product/TH04_NATIVE_MAIN_SOURCE_CLOSURE_V882.md,"Five scroll variables historically occupy the playfield BSS fragment while scroll_line_on_page occupies the tile-invalidation fragment. Preserve them as two artifact-local ASM owners and use TASM evendata for the odd-sized playfield block. Two isolated builds produce stable raw OMF objects and the same passing DOS MZ; target offsets and standalone link order remain separate gates.",2026-09-28T11:39:08+00:00
th04-main-native-scroll-header-v915,pattern,th04-main,Artifact-local scroll API closes the historical MAIN header path,compiler-observed,ev-th04-main-native-inventory-v915;ev-th04-main-native-scroll-abi-v914;ev-th04-main-native-scroll-storage-v914;ev-th04-main-native-scroll-aggregate-v915,src/main/include/th04/main/scroll.hpp;src/main/scroll/scroll.hpp;src/main/scroll/state.asm;src/main/scroll/page_state.asm;scripts/probes/probe_th04_native_main_scroll.py;config/th04_main_exact_units.toml;docs/reconstruction/product/TH04_NATIVE_MAIN_SOURCE_CLOSURE_V882.md,"Use the product wrapper for standalone compilation and rewrite staged th04/main/scroll.hpp edges to the artifact-local API. GAME4/GAME5 TC4J probes cover six state declarations and three near Pascal calls; v915 freezes the header and rewrites 29 staged files while preserving all 275 accepted extents. This removes 22 maintained-source references and supplies split BSS owners but does not place them in a standalone MAIN link.",2026-09-28T11:39:08+00:00
th04-main-native-circle-header-v916,pattern,th04-main,Artifact-local circle API closes the historical MAIN header path,compiler-observed,ev-th04-main-native-inventory-v916;ev-th04-main-native-circle-abi-v917;ev-th04-main-native-circle-focused-v916;ev-th04-main-native-circle-aggregate-v916,src/main/include/th04/main/circle.hpp;src/main/circle.hpp;scripts/probes/probe_th04_native_main_circle.py;config/th04_main_exact_units.toml;docs/reconstruction/product/TH04_NATIVE_MAIN_SOURCE_CLOSURE_V882.md,"Use the product wrapper for standalone compilation and rewrite staged th04/main/circle.hpp edges to the artifact-local API. A pinned TC4J probe covers both Pascal constructors, both near update/render entries, vc_t circles_color, and subpixel widths; the v916 aggregate freezes src/main/circle.hpp and rewrites 20 staged files while preserving all 275 accepted extents. This removes 20 maintained-source references but does not provide circle BSS ownership or complete the MAIN link.",2026-09-28T12:04:43+00:00
th04-main-native-player-transitive-gap-v920,hazard,th04-main,Tree-rewriting a historical player header must preserve its transitive playfield and shot declaration surface,compiler-observed,ev-th04-main-native-player-gap-v920;ev-th04-main-native-player-abi-v922;ev-th04-main-native-player-aggregate-v922,src/main/player/player.hpp;src/main/playfield/motion.hpp;config/th04_main_exact_units.toml;docs/reconstruction/product/TH04_NATIVE_MAIN_SOURCE_CLOSURE_V882.md,"The first strict aggregate after replacing th04/main/player/player.hpp failed because the local header omitted declarations supplied transitively by candidate th04/main/playfld.hpp and the TH04 player surface: playfield_shake_x/y/anim_time and SHOT_W/H. Recover observed common declarations before promotion and use the complete aggregate as the closure gate; the failed receipt carries no exact claim.",2026-09-28T12:33:14+00:00
th04-main-native-player-header-v922,pattern,th04-main,Artifact-local player API closes the historical MAIN header path,compiler-observed,ev-th04-main-native-inventory-v922;ev-th04-main-native-player-abi-v922;ev-th04-main-native-player-focused-v922;ev-th04-main-native-player-aggregate-v922,src/main/include/th04/main/player/player.hpp;src/main/player/player.hpp;src/main/playfield/motion.hpp;scripts/probes/probe_th04_native_main_player.py;config/th04_main_exact_units.toml;docs/reconstruction/product/TH04_NATIVE_MAIN_SOURCE_CLOSURE_V882.md,"Use the product wrapper and rewrite staged th04/main/player/player.hpp edges to the artifact-local API. The v922 TC4J probe covers player near calls, state widths, constants, transitive shot dimensions, playfield shake declarations, and PlayfieldMotion layout; focused player_p.cpp replay is raw/MAP/relocation exact, and the strict aggregate freezes the local header and rewrites 43 occurrences while preserving all 275 accepted extents. This removes 41 maintained-source references but does not provide player/playfield BSS ownership or a standalone MAIN link.",2026-09-28T12:33:14+00:00
th04-main-native-bullet-ide-path-v928,hazard,th04-main,bullet header PC-98 IDE include closure,compiler-observed,ev-th04-main-native-bullet-aggregate-fail-v927;ev-th04-main-native-bullet-abi-v928;ev-th04-main-native-bullet-aggregate-v928,src/main/bullet/bullet.hpp;src/main/playfield/motion.hpp;src/main/rank.hpp;config/th04_main_exact_units.toml;docs/reconstruction/product/TH04_NATIVE_MAIN_SOURCE_CLOSURE_V882.md,"The integrated PC-98 IDE rejects the nested long src/main/playfield/motion.hpp include path and a local rank surface can duplicate candidate th01/rank.h in cross-game consumers. Keep the attested TH04 playfld/rank declarations on this bounded bullet API; this compiler hazard provides no exact credit.",2026-09-28T15:44:44+00:00
th04-main-native-bullet-header-v928,pattern,th04-main,Artifact-local bullet API closes the historical MAIN header path,compiler-observed,ev-th04-main-native-inventory-v929;ev-th04-main-native-bullet-abi-v928;ev-th04-main-native-bullet-focused-v928;ev-th04-main-native-bullet-aggregate-v928,src/main/include/th04/main/bullet/bullet.hpp;src/main/bullet/bullet.hpp;src/main/bullet/types.hpp;scripts/probes/probe_th04_native_main_bullet.py;config/th04_main_exact_units.toml;docs/reconstruction/product/TH04_NATIVE_MAIN_SOURCE_CLOSURE_V882.md,"The product wrapper and artifact-local bullet API preserve the GAME 4/GAME 5 constants, unions, template layout, and add-entry ABI. The v928 ABI probe has semantic OMF SHA-256 9ed2b36bcdd5ce19767e7f90c6230a81e03fc3f295d4ceeb3e384f3c3c1ca9d8, focused bullet_a.cpp is raw/MAP/relocation exact at 2139 bytes, and the v928 aggregate freezes 44 staged rewrites across 275 accepted units. Remaining BSS ownership, the 94-path source frontier, standalone MAIN linking, and PC-98 startup are open.",2026-09-28T15:44:44+00:00
th04-main-native-gather-header-v930,pattern,th04-main,Artifact-local gather API closes the historical MAIN header path,compiler-observed,ev-th04-main-native-inventory-v930;ev-th04-main-native-gather-abi-v930;ev-th04-main-native-gather-focused-v930;ev-th04-main-native-gather-aggregate-v930,src/main/include/th04/main/gather.hpp;src/main/gather.hpp;src/main/bullet/bullet.hpp;src/main/core/entity.hpp;scripts/probes/probe_th04_native_main_gather.py;config/th04_main_exact_units.toml;docs/reconstruction/product/TH04_NATIVE_MAIN_SOURCE_CLOSURE_V882.md,"The product wrapper and artifact-local gather API preserve the GAME 4/GAME 5 gather-circle and gather-template layouts, constants, initializer, and entry declarations. The v930 ABI probe has semantic OMF SHA-256 25297b2c77b7c2e0ab1977300b4b964a7fca3e1b8cada00cd52eb4c35286602, focused gather.cpp is raw/MAP/relocation exact at 587 bytes, and the v930 aggregate freezes 24 staged rewrites across 275 accepted units. Remaining BSS ownership, the 93-path source frontier, standalone MAIN linking, and PC-98 startup are open.",2026-09-28T15:59:18+00:00
th04-main-native-gather-storage-gap-v930,hazard,th04-main,Gather declaration closure is not gather storage ownership,compiler-observed,ev-th04-main-native-gather-abi-v930;ev-th04-main-native-gather-focused-v930;ev-th04-main-native-gather-aggregate-v930,src/main/gather.hpp;src/main/stage_state_init.cpp;src/main/bullet/invalidate.asm;docs/reconstruction/product/TH04_NATIVE_MAIN_SOURCE_CLOSURE_V882.md,"The local gather header is compiler-observed and the accepted gather.cpp replay remains exact, but gather_circles and gather_template DATA/BSS ownership still enters through diagnostic scaffold declarations and is not placed in a standalone MAIN link. Do not promote header closure or aggregate preservation to runtime or storage exactness.",2026-09-28T15:59:18+00:00
th04-main-native-score-header-v931,pattern,th04-main,Artifact-local score API closes the historical MAIN header path,compiler-observed,ev-th04-main-native-inventory-v932;ev-th04-main-native-score-abi-v931;ev-th04-main-native-score-focused-v931;ev-th04-main-native-score-aggregate-v931,src/main/include/th04/main/score.hpp;src/main/score.hpp;src/shared/config/score.hpp;scripts/probes/probe_th04_native_main_score.py;config/th04_main_exact_units.toml;docs/reconstruction/product/TH04_NATIVE_MAIN_SOURCE_CLOSURE_V882.md,"The product wrapper and artifact-local score API preserve the TH04 score_lebcd_t representation, high-score/graze/extend/score-delta declarations, constants, and entry ABIs. The v931 ABI probe has semantic OMF SHA-256 6e8d6bd4c9b06a5084fedfa5f86f5c211c19683573936ca128fcf6908bf79df0, focused ranking.cpp is raw/MAP/relocation exact at 731 bytes, and the v931 aggregate freezes 21 staged rewrites across 275 accepted units. Remaining DATA/BSS ownership, the 92-path source frontier, standalone MAIN linking, and PC-98 startup are open.",2026-09-28T16:09:04+00:00
th04-main-native-score-storage-gap-v931,hazard,th04-main,Score declaration closure is not score DATA/BSS ownership,compiler-observed,ev-th04-main-native-score-abi-v931;ev-th04-main-native-score-focused-v931;ev-th04-main-native-score-aggregate-v931,src/main/score.hpp;src/main/score/update.asm;src/main/score/ranking.cpp;src/main/stage_state_init.cpp;docs/reconstruction/product/TH04_NATIVE_MAIN_SOURCE_CLOSURE_V882.md,"The local score header is compiler-observed and the accepted ranking.cpp replay remains exact, but score, hiscore, graze_score, stage_graze, extends_gained, and score_delta storage still enters through diagnostic scaffold declarations/ASM and is not placed in a standalone MAIN link. Do not promote header closure or aggregate preservation to runtime or storage exactness.",2026-09-28T16:09:04+00:00
th04-main-native-custom-header-v933,pattern,th04-main,Artifact-local custom-entity API closes the historical MAIN header path,compiler-observed,ev-th04-main-native-inventory-v934;ev-th04-main-native-custom-abi-v933;ev-th04-main-native-custom-focused-v933;ev-th04-main-native-custom-aggregate-v933,src/main/include/th04/main/custom.hpp;src/main/custom.hpp;src/main/playfield/motion.hpp;scripts/probes/probe_th04_native_main_custom.py;config/th04_main_exact_units.toml;docs/reconstruction/product/TH04_NATIVE_MAIN_SOURCE_CLOSURE_V882.md,"Use the product wrapper and rewrite staged th04/main/custom.hpp edges to the artifact-local API. A TC4J probe covers the GAME 4 26-byte custom_t, 32-entity array, all fields, point/playfield layout, and custom_assert_count; focused chasecrosses_add.cpp is raw/MAP/relocation exact, and the v933 aggregate freezes the local header and rewrites 23 occurrences while preserving all 275 accepted extents. This removes 19 maintained-source references but does not complete the MAIN link.",2026-09-28T16:25:30+00:00
th04-main-native-custom-storage-gap-v933,hazard,th04-main,Custom-entity declaration closure is not custom BSS ownership,compiler-observed,ev-th04-main-native-custom-abi-v933;ev-th04-main-native-custom-focused-v933;ev-th04-main-native-custom-aggregate-v933,src/main/custom.hpp;_reference/ReC98/th04/main/custom[bss].asm;src/main/stage_state_init.cpp;docs/reconstruction/product/TH04_NATIVE_MAIN_SOURCE_CLOSURE_V882.md,"The local custom header is compiler-observed and the accepted chasecrosses_add.cpp replay remains exact, but custom_entities storage still enters through diagnostic scaffold declarations and the candidate custom[bss].asm fragment; no standalone MAIN link owns its target BSS placement yet. Do not promote header closure or aggregate preservation to runtime or storage exactness.",2026-09-28T16:25:30+00:00
th04-main-native-spark-rewrite-conflict-v935,hazard,th04-main,Hash-bound spark entity rewrite conflicts with full local spark header materialization,compiler-observed,ev-th04-main-native-spark-aggregate-v935,src/main/spark/spark.hpp;config/th04_main_exact_units.toml;docs/reconstruction/product/TH04_NATIVE_MAIN_SOURCE_CLOSURE_V882.md,"The first focused replay after adding the spark tree rewrite failed closed before compilation because the legacy th04-entity-spark-header-local rule saw the newly localized header and rejected its scaffold hash. Removing that redundant entity-only rewrite left the full local header rewrite and the corrected focused/aggregate replays passed; the failed control carries no exact credit.",2026-09-28T16:39:56+00:00
th04-main-native-spark-header-v935,pattern,th04-main,Artifact-local spark API closes the historical MAIN header path,compiler-observed,ev-th04-main-native-inventory-v936;ev-th04-main-native-spark-abi-v935;ev-th04-main-native-spark-focused-v935;ev-th04-main-native-spark-aggregate-v935,src/main/include/th04/main/spark.hpp;src/main/spark/spark.hpp;src/main/playfield/motion.hpp;src/main/core/entity.hpp;scripts/probes/probe_th04_native_main_spark.py;config/th04_main_exact_units.toml;docs/reconstruction/product/TH04_NATIVE_MAIN_SOURCE_CLOSURE_V882.md,"Use the product wrapper and rewrite staged th04/main/spark.hpp edges to the artifact-local API. The v935 TC4J probe covers spark_t, GAME 4 counts, ring offset, add APIs, lifecycle linkage, and playfield layout; corrected sparks_init replay is raw/MAP/relocation exact at 30 bytes, and the v935 aggregate freezes the local header and rewrites 19 occurrences while preserving all 275 accepted extents. This removes 18 maintained-source references but does not complete the MAIN link.",2026-09-28T16:39:56+00:00
th04-main-native-spark-storage-gap-v935,hazard,th04-main,Spark declaration closure is not spark BSS ownership,compiler-observed,ev-th04-main-native-spark-abi-v935;ev-th04-main-native-spark-focused-v935;ev-th04-main-native-spark-aggregate-v935,src/main/spark/spark.hpp;_reference/ReC98/th04/main/sparks[bss].asm;src/main/stage_state_init.cpp;docs/reconstruction/product/TH04_NATIVE_MAIN_SOURCE_CLOSURE_V882.md,"The local spark header is compiler-observed and the accepted sparks_init replay remains exact, but sparks and spark_ring_offset storage still enters through diagnostic scaffold declarations and the candidate sparks[bss].asm fragment; no standalone MAIN link owns its target BSS placement yet. Do not promote header closure or aggregate preservation to runtime or storage exactness.",2026-09-28T16:39:56+00:00
th04-main-native-tile-cross-game-entity-v937,hazard,th04-main,Local entity declarations must share the canonical TH02 guard across mixed-game consumers,compiler-observed,ev-th04-main-native-tile-focused-gap-v937;ev-th04-main-native-tile-abi-v937,src/main/core/entity.hpp;src/main/tile/tile.hpp;config/th04_main_exact_units.toml;docs/reconstruction/product/TH04_NATIVE_MAIN_SOURCE_CLOSURE_V882.md,"The first tile focused cold build failed in a TH05 consumer because local TH04 entity headers and th02/main/entity.hpp declared entity_flag_t twice. Aliasing the local header to TH02_MAIN_ENTITY_HPP preserves the tile ABI probe and lets the corrected focused and aggregate replays compile; the failed control carries no exact credit.",2026-09-28T17:01:27+00:00
th04-main-native-tile-rewrite-conflict-v937,hazard,th04-main,Hash-bound spark rewrite conflicts with aggregate localization of the spark overlay,compiler-observed,ev-th04-main-native-tile-aggregate-rewrite-gap-v937;ev-th04-main-native-tile-aggregate-v937,src/main/core/entity.hpp;src/main/spark/spark.hpp;config/th04_main_exact_units.toml;docs/reconstruction/product/TH04_NATIVE_MAIN_SOURCE_CLOSURE_V882.md,"The first tile aggregate failed closed before compilation because the legacy hash-bound spark entity rewrite saw the localized th04/main/spark.hpp overlay. The redundant rewrite remains removed; the canonical entity guard handles the mixed-game declaration boundary and the corrected v937 aggregate passes.",2026-09-28T17:04:15+00:00
th04-main-native-tile-header-v937,pattern,th04-main,Artifact-local tile API closes the historical MAIN tile header path,compiler-observed,ev-th04-main-native-inventory-v939;ev-th04-main-native-tile-abi-v937;ev-th04-main-native-tile-focused-v937;ev-th04-main-native-tile-aggregate-v937,src/main/include/th04/main/tile/tile.hpp;src/main/tile/tile.hpp;src/shared/formats/tile.hpp;src/shared/platform/pc98.hpp;src/main/math/subpixel.hpp;src/main/core/entity.hpp;scripts/probes/probe_th04_native_main_tile.py;config/th04_main_exact_units.toml;docs/reconstruction/product/TH04_NATIVE_MAIN_SOURCE_CLOSURE_V882.md,"Use the product wrapper and rewrite staged th04/main/tile/tile.hpp edges to the artifact-local API. The v937 TC4J probe has semantic OMF SHA-256 d68b707cd1869aa667242f303960250779b7cca158a9b64b268f11d7ab57758b, focused tile_ring_set_vo is raw/MAP/relocation exact at 79 bytes with candidate slice SHA-256 d74af2b4ba105180caf2bf096a48b0c65cd71c8eb81d1086d99f5c628f333144, and the v937 aggregate freezes 22 staged occurrences while preserving all 275 accepted extents. This removes 16 maintained-source references but does not complete the MAIN link.",2026-09-28T17:04:15+00:00
th04-main-native-tile-storage-gap-v937,hazard,th04-main,Tile declaration closure is not tile DATA/BSS ownership,compiler-observed,ev-th04-main-native-tile-abi-v937;ev-th04-main-native-tile-focused-v937;ev-th04-main-native-tile-aggregate-v937,src/main/tile/tile.hpp;_reference/ReC98/th04/main/tile/tiles[bss].asm;src/main/stage/session_init.cpp;src/main/tile/circle_core.asm;docs/reconstruction/product/TH04_NATIVE_MAIN_SOURCE_CLOSURE_V882.md,"The local tile header is compiler-observed and tile_ring_set_vo remains exact, but tile_ring, halftiles_dirty, tile_row_in_section, TILE_SECTION_OFFSETS, and tile_invalidate_box storage still enters through diagnostic scaffold declarations and candidate tile BSS/ASM owners; no standalone MAIN link owns their target placement yet.",2026-09-28T17:04:15+00:00
th04-main-native-playfld-header-v944,pattern,th04-main,Artifact-local playfield API closes the historical MAIN header path,compiler-observed,ev-th04-main-native-inventory-v944;ev-th04-main-native-playfld-abi-v944;ev-th04-main-native-playfld-focused-v944;ev-th04-main-native-playfld-aggregate-v944,src/main/include/th04/main/playfld.hpp;src/main/playfld.hpp;src/main/playfield/motion.hpp;src/main/math/subpixel.hpp;src/main/math/motion.hpp;src/main/scroll/scroll.hpp;scripts/probes/probe_th04_native_main_playfld.py;config/th04_main_exact_units.toml;docs/reconstruction/product/TH04_NATIVE_MAIN_SOURCE_CLOSURE_V882.md,"The product wrapper and DOS-8.3-compatible short path route historical th04/main/playfld.hpp edges to the artifact-local playfield API. The v944 TC4J probe has semantic OMF SHA-256 0c5117830fecd196fe5beebda0232068f823cce32206dc1f2943ccfae7750206, covering inherited VRAM/TRAM and clipping macros plus motion/scroll linkage; focused playfield_shake_update_and_render is raw/MAP/relocation exact at 208 bytes, and the v944 aggregate freezes 28 staged occurrences while preserving all 275 accepted extents. This removes 15 maintained-source references but does not complete playfield DATA/BSS ownership or the standalone MAIN link.",2026-09-28T17:49:20+00:00
th04-main-native-playfld-storage-gap-v944,hazard,th04-main,Playfield declaration closure is not playfield DATA/BSS ownership,compiler-observed,ev-th04-main-native-playfld-abi-v944;ev-th04-main-native-playfld-focused-v944;ev-th04-main-native-playfld-aggregate-v944,src/main/playfld.hpp;src/main/playfield/motion.hpp;src/main/playfield.cpp;src/main/scroll/scroll.hpp;src/main/stage_state_init.cpp;docs/reconstruction/product/TH04_NATIVE_MAIN_SOURCE_CLOSURE_V882.md,"The local playfield header is compiler-observed and the accepted playfield-shake owner remains exact, but playfield_shake_x, playfield_shake_y, playfield_shake_anim_time, motion state, and related scroll/playfield storage still enter through diagnostic scaffold declarations or candidate fragments; no standalone MAIN link owns their target DATA/BSS placement yet.",2026-09-28T17:49:20+00:00
th04-main-native-item-abi-gap-v945,hazard,th04-main,Pristine item header ABI is incompatible with the maintained items_update source,compiler-observed,ev-th04-main-native-item-abi-gap-v945;ev-th04-main-native-item-abi-v946,src/main/item/items_update.cpp;src/main/item/item.hpp;config/th04_main_exact_units.toml;docs/reconstruction/product/TH04_NATIVE_MAIN_SOURCE_CLOSURE_V882.md,"The first focused replay failed closed because the pristine near/C++ items_miss_add declaration conflicted with the maintained far/extern-C definition. The target-bound v154 transforms correct that declaration and the stage_point_items_collected byte width; the failed control carries no exact credit.",2026-09-28T18:03:43+00:00
th04-main-native-item-header-v946,pattern,th04-main,Artifact-local item API closes the historical MAIN item header path,compiler-observed,ev-th04-main-native-inventory-v947;ev-th04-main-native-item-abi-v946;ev-th04-main-native-item-focused-v946;ev-th04-main-native-item-aggregate-v946,src/main/include/th04/main/item/item.hpp;src/main/item/item.hpp;src/main/playfld.hpp;src/main/core/entity.hpp;scripts/probes/probe_th04_native_main_item.py;config/th04_main_exact_units.toml;docs/reconstruction/product/TH04_NATIVE_MAIN_SOURCE_CLOSURE_V882.md,"Use the product wrapper and rewrite staged th04/main/item/item.hpp edges to the artifact-local API. The v946 TC4J probe has semantic OMF SHA-256 ec1897de6e3908a4a10c51def070e411a0cffa7c35088cb9f0de9c901cc89447 after applying the attested target-bound far/C and byte-width corrections; focused items_update is raw/MAP/relocation exact at 0x546 bytes with candidate slice SHA-256 a0949b541b517ba4be1cb7afd1094b60017235eefd777630b20c038a030f6531, and the v946 aggregate freezes 16 staged occurrences while preserving all 275 accepted extents. This removes 16 maintained-source references but does not complete the MAIN link.",2026-09-28T18:11:31+00:00
th04-main-native-item-storage-gap-v946,hazard,th04-main,Item declaration closure is not item DATA/BSS ownership,compiler-observed,ev-th04-main-native-item-abi-v946;ev-th04-main-native-item-focused-v946;ev-th04-main-native-item-aggregate-v946,src/main/item/item.hpp;src/main/item/items_update.cpp;src/main/item/invalidate.cpp;src/main/stage_state_init.cpp;docs/reconstruction/product/TH04_NATIVE_MAIN_SOURCE_CLOSURE_V882.md,"The local item header is compiler-observed and items_update remains exact, but items, ITEM_PATNUM, ITEM_MISS_VELOCITIES, item counters, and pull-to-player state still enter through diagnostic scaffold declarations or candidate item DATA/BSS fragments; no standalone MAIN link owns their target placement yet. Do not promote header closure or aggregate preservation to runtime or storage exactness.",2026-09-28T18:11:31+00:00
th04-main-native-midboss-header-v950,pattern,th04-main,Artifact-local midboss API closes historical MAIN midboss header path,compiler-observed,ev-th04-main-native-inventory-v951;ev-th04-main-native-midboss-abi-v950;ev-th04-main-native-midboss-focused-v950;ev-th04-main-native-midboss-aggregate-v950,src/main/include/th04/main/midboss/midboss.hpp;src/main/midboss/midboss.hpp;src/main/midboss/state.hpp;src/main/playfld.hpp;src/main/boss/boss.cpp;src/main/midboss/midboss.cpp;scripts/probes/probe_th04_native_main_midboss.py;config/th04_main_exact_units.toml;docs/reconstruction/product/TH04_NATIVE_MAIN_SOURCE_CLOSURE_V882.md,"Use the product wrapper and rewrite staged th04/main/midboss/midboss.hpp edges to the artifact-local API. The v950 TC4J probe has semantic OMF SHA-256 dd141e4f49b86d2ff9573f73da202cefe9b5d9e0c36aa38cc37bf2c104c807a1; focused midboss4_render is raw/MAP/relocation exact at 0x8D bytes with candidate slice SHA-256 c877ff2878813ec50576de7bdb230983f318e6b220d741f422f1ef467ee03c97, and the v950 aggregate freezes 19 staged occurrences while preserving all 275 accepted extents. This removes 15 inventory references but does not complete the MAIN link.",2026-09-28T18:26:09+00:00
th04-main-native-midboss-storage-gap-v950,hazard,th04-main,Midboss declaration closure is not midboss DATA/BSS ownership,compiler-observed,ev-th04-main-native-midboss-abi-v950;ev-th04-main-native-midboss-focused-v950;ev-th04-main-native-midboss-aggregate-v950,src/main/midboss/midboss.hpp;src/main/midboss/state.hpp;_reference/ReC98/th04/main/midboss/midboss.hpp;src/main/midboss/midboss.cpp;src/main/stage/std_run.cpp;docs/reconstruction/product/TH04_NATIVE_MAIN_SOURCE_CLOSURE_V882.md,"The local midboss header is compiler-observed and midboss4_render remains exact, but midboss, midboss_active, callbacks, and stage-specific midboss state still enter through diagnostic scaffold declarations or candidate BSS/data fragments; no standalone MAIN link owns their target placement yet. Do not promote header closure or aggregate preservation to runtime or storage exactness.",2026-09-28T18:26:09+00:00
th04-main-native-rank-header-v953,pattern,th04-main,Artifact-local rank API closes historical MAIN rank header path,compiler-observed,ev-th04-main-native-inventory-v954;ev-th04-main-native-rank-abi-v953;ev-th04-main-native-rank-aggregate-v953,src/main/include/th04/main/rank.hpp;src/main/rank.hpp;src/main/bullet/bullet.hpp;src/main/stage/bonus.cpp;src/main/hud/hud.cpp;src/main/ems.cpp;src/main/boss/boss.cpp;scripts/probes/probe_th04_native_main_rank.py;config/th04_main_exact_units.toml;docs/reconstruction/product/TH04_NATIVE_MAIN_SOURCE_CLOSURE_V882.md,"Use the product wrapper and rewrite staged th04/main/rank.hpp edges to the artifact-local API. The v953 TC4J probe has semantic OMF SHA-256 83f8091d847f4b7babb72502cb70f94ef66a80deaf6ce8fcf93314bf9bfddc3f; the local type block honors the historical TH01_RANK_H boundary so mixed include order does not redeclare rank_t. The v953 aggregate freezes 14 staged occurrences while preserving all 275 accepted extents; stage-bonus at 0x1EC8E/0x58D is raw/MAP/relocation exact with slice SHA-256 9d34b803f8675921e44088a82add869aa55c3fc4f337ad0d31c3e2289b24adda. This removes 12 maintained-source references but does not complete the MAIN link.",2026-09-28T18:45:42+00:00
th04-main-native-rank-focused-gap-v953,hazard,th04-main,Rank header closure requires the accepted HUD dependency cohort for focused replay,compiler-observed,ev-th04-main-native-rank-focused-gap-v952;ev-th04-main-native-rank-focused-dependency-gap-v953;ev-th04-main-native-rank-aggregate-v953,src/main/rank.hpp;src/main/stage/bonus.cpp;src/main/hud/hud.cpp;config/th04_main_exact_units.toml;docs/reconstruction/product/TH04_NATIVE_MAIN_SOURCE_CLOSURE_V882.md,"The first focused control exposed a local/TH01 enum guard conflict; after the guard fix, stage-bonus-only replay failed on the HUD-owned hud_bombs_put symbol, while explicitly adding HUD hit an existing th04_main.asm scaffold-hash conflict. The accepted full 275-owner cohort passes and is the current exact gate; do not claim a minimal focused replay or treat these controls as exact.",2026-09-28T18:45:42+00:00
th04-main-native-rank-storage-gap-v953,hazard,th04-main,Rank declaration closure is not rank DATA/BSS ownership,compiler-observed,ev-th04-main-native-rank-abi-v953;ev-th04-main-native-rank-aggregate-v953,src/main/rank.hpp;_reference/ReC98/th04/main/rank.hpp;src/main/select_for_rank.asm;src/main/core/gameplay_session_init.cpp;src/main/ems.cpp;docs/reconstruction/product/TH04_NATIVE_MAIN_SOURCE_CLOSURE_V882.md,"The local rank header is compiler-observed and the stage-bonus owner remains exact, but rank and related gameplay state are still supplied by diagnostic scaffold declarations or candidate DATA/BSS fragments; no standalone MAIN link owns their target placement yet. Do not promote header closure or aggregate preservation to runtime or storage exactness.",2026-09-28T18:45:42+00:00
th04-main-native-stage-header-v955,pattern,th04-main,Artifact-local stage callback API closes the historical MAIN stage header path,compiler-observed,ev-th04-main-native-stage-abi-v955;ev-th04-main-native-stage-focused-v955;ev-th04-main-native-stage-aggregate-v955,src/main/include/th04/main/stage/stage.hpp;src/main/stage/stage.hpp;src/shared/platform/types.hpp;src/main/stage/session_init.cpp;src/main/core/gameplay_session_init.cpp;scripts/probes/probe_th04_native_main_stage.py;config/th04_main_exact_units.toml;docs/reconstruction/product/TH04_NATIVE_MAIN_SOURCE_CLOSURE_V882.md,"Use the product wrapper and rewrite staged th04/main/stage/stage.hpp edges to the artifact-local API. The v955 TC4J probe has semantic OMF SHA-256 b2d6a74eae9046ad2ab910bd0674eddcad26a70d5af860f877e1c77137a86d75; focused demo-session is raw/MAP/relocation exact at 0x51E bytes with candidate slice SHA-256 1c409149015a161d36078c7297e9e5fee04bb2dc4ef1b088c72ec81ed1f71e34; and the v955 aggregate freezes 17 staged occurrences while preserving all 275 accepted extents. This removes 11 maintained-source references but does not complete the MAIN link.",2026-09-28T19:00:39+00:00
th04-main-native-stage-storage-gap-v955,hazard,th04-main,Stage declaration closure is not stage DATA/BSS ownership,compiler-observed,ev-th04-main-native-stage-abi-v955;ev-th04-main-native-stage-focused-v955;ev-th04-main-native-stage-aggregate-v955,src/main/stage/stage.hpp;_reference/ReC98/th04/main/stage/stage.hpp;src/main/stage/session_init.cpp;src/main/stage_state_init.cpp;src/main/stage/std_run.cpp;docs/reconstruction/product/TH04_NATIVE_MAIN_SOURCE_CLOSURE_V882.md,"The local stage header is compiler-observed and demo-session remains exact, but stage_id, stage_invalidate, stage_render, stage VM callbacks, and related stage runtime storage still enter through diagnostic scaffold declarations or candidate DATA/BSS/ASM owners; no standalone MAIN link owns their target placement yet. Do not promote header closure or aggregate preservation to runtime or storage exactness.",2026-09-28T19:00:39+00:00
th04-main-native-null-header-v957,pattern,th04-main,Artifact-local null callback API closes the historical MAIN null header path,compiler-observed,ev-th04-main-native-null-abi-v957;ev-th04-main-native-null-focused-v957;ev-th04-main-native-null-aggregate-v957,src/main/include/th04/main/null.hpp;src/main/null.hpp;src/shared/platform/types.hpp;src/main/stage/std_run.cpp;src/main/midboss/midboss.cpp;src/main/core/gameover.cpp;scripts/probes/probe_th04_native_main_null.py;config/th04_main_exact_units.toml;docs/reconstruction/product/TH04_NATIVE_MAIN_SOURCE_CLOSURE_V882.md,"Use the product wrapper and rewrite staged th04/main/null.hpp edges to the artifact-local API. The v957 TC4J probe has semantic OMF SHA-256 35fce2163d270dde89609cd884e6217648b40a4696423b8a26123561a26c531b; focused std_run is raw/MAP/relocation exact at 0x6D bytes with candidate slice SHA-256 123e8bfe546d80986cfaf6176f78704551dc50bf632210474f50c89c76199777; and the v957 aggregate freezes 11 staged occurrences while preserving all 275 accepted extents. This removes eight maintained-source references but does not complete the MAIN link.",2026-09-28T19:14:54+00:00
th04-main-native-null-storage-gap-v957,hazard,th04-main,Null callback declaration closure is not callback implementation or MAIN storage ownership,compiler-observed,ev-th04-main-native-null-abi-v957;ev-th04-main-native-null-focused-v957;ev-th04-main-native-null-aggregate-v957,src/main/null.hpp;_reference/ReC98/th04/main/null.hpp;src/main/stage/std_run.cpp;src/main/main.asm;docs/reconstruction/product/TH04_NATIVE_MAIN_SOURCE_CLOSURE_V882.md,"The local null header is compiler-observed and std_run remains exact, but nullfunc_near/nullfunc_far implementations and their target code-segment ownership still enter through diagnostic scaffold ASM; no standalone MAIN link owns the callback bodies or startup placement yet. Do not promote header closure or aggregate preservation to runtime or storage exactness.",2026-09-28T19:14:54+00:00
th04-main-native-phase-header-v959,pattern,th04-main,Artifact-local phase constants close the historical MAIN phase header path,compiler-observed,ev-th04-main-native-phase-abi-v959;ev-th04-main-native-phase-focused-v959;ev-th04-main-native-phase-aggregate-v959,src/main/include/th04/main/phase.hpp;src/main/phase.hpp;src/main/midboss/m4.cpp;src/main/midboss/m4_update.cpp;scripts/probes/probe_th04_native_main_phase.py;config/th04_main_exact_units.toml;docs/reconstruction/product/TH04_NATIVE_MAIN_SOURCE_CLOSURE_V882.md,"Use the product wrapper and rewrite staged th04/main/phase.hpp edges to the artifact-local constants. The v959 TC4J probe has semantic OMF SHA-256 212b0f77eb40972c801634cc27ea6f485ba8d0b74f21dd238aa8c608a315566c; focused midboss4_render is raw/MAP/relocation exact at 0x8D bytes with candidate slice SHA-256 c877ff2878813ec50576de7bdb230983f318e6b220d741f422f1ef467ee03c97; and the v959 aggregate freezes 11 staged occurrences while preserving all 275 accepted extents. This removes nine maintained-source references but does not complete the MAIN link.",2026-09-28T19:26:08+00:00
th04-main-native-phase-storage-gap-v959,hazard,th04-main,Phase constants closure is not phase DATA/BSS ownership,compiler-observed,ev-th04-main-native-phase-abi-v959;ev-th04-main-native-phase-focused-v959;ev-th04-main-native-phase-aggregate-v959,src/main/phase.hpp;_reference/ReC98/th04/main/phase.hpp;src/main/midboss/m4.cpp;src/main/boss/boss.cpp;docs/reconstruction/product/TH04_NATIVE_MAIN_SOURCE_CLOSURE_V882.md,"The local phase constants are compiler-observed and midboss4_render remains exact, but boss/midboss phase fields and related state storage still enter through diagnostic scaffold declarations or candidate DATA/BSS owners; no standalone MAIN link owns their target placement yet. Do not promote constant closure or aggregate preservation to runtime or storage exactness.",2026-09-28T19:26:08+00:00
th04-main-native-slowdown-header-v962,pattern,th04-main,Artifact-local slowdown API plus turbo-mode BSS owner closes the historical MAIN slowdown header path,compiler-observed,ev-th04-main-native-slowdown-abi-v962;ev-th04-main-native-slowdown-focused-v962;ev-th04-main-native-slowdown-aggregate-v962,src/main/include/th04/main/slowdown.hpp;src/main/slowdown.hpp;src/main/core/slowdown_state.asm;src/main/core/frame_state.asm;src/main/slowdown.cpp;src/main/stage_state_init.cpp;scripts/probes/probe_th04_native_main_slowdown.py;config/th04_main_exact_units.toml;docs/reconstruction/product/TH04_NATIVE_MAIN_SOURCE_CLOSURE_V882.md,"Use the product wrapper and rewrite staged th04/main/slowdown.hpp edges to the artifact-local API. The v962 TC4J/TASM/TLINK/DOS probe validates the byte/word declaration surface and a maintained _turbo_mode BSS owner together with frame_state; focused slowdown_frame_delay remains raw/MAP/relocation exact at 0x1A bytes, and the v962 aggregate freezes 9 staged occurrences while preserving all 275 accepted extents. This closes a compiler-observed declaration/storage boundary but does not complete the standalone MAIN link.",2026-09-28T19:44:40+00:00
th04-main-native-slowdown-storage-gap-v962,hazard,th04-main,Slowdown declaration and local turbo-mode storage closure is not target MAIN DATA/BSS placement,compiler-observed,ev-th04-main-native-slowdown-abi-v962;ev-th04-main-native-slowdown-focused-v962;ev-th04-main-native-slowdown-aggregate-v962,src/main/slowdown.hpp;src/main/core/slowdown_state.asm;src/main/core/frame_state.asm;_reference/ReC98/th04/main/slowdown.hpp;_reference/ReC98/th04/main/slowdown[bss].asm;docs/reconstruction/product/TH04_NATIVE_MAIN_SOURCE_CLOSURE_V882.md,"The local slowdown probe passes and the maintained _turbo_mode owner links with frame_state, while the target BSS offset/ordering, any GAME 5 slowdown-caused-by-bullets owner, complete standalone MAIN placement, and PC-98 startup remain unverified. Do not promote isolated storage ABI or aggregate preservation to target layout or runtime exactness.",2026-09-28T19:44:40+00:00
th04-main-native-quit-header-v964,pattern,th04-main,Artifact-local quit API and one-byte BSS owner close the historical MAIN quit header path,compiler-observed,ev-th04-main-native-quit-abi-v964;ev-th04-main-native-quit-focused-v964;ev-th04-main-native-quit-aggregate-v964;ev-th04-main-native-inventory-v965,src/main/include/th04/main/quit.hpp;src/main/quit.hpp;src/main/core/quit_state.asm;src/main/stage_state_init.cpp;src/main/core/gameplay_loop.cpp;src/main/core/main.cpp;src/main/core/gameover.cpp;scripts/probes/probe_th04_native_main_quit.py;config/th04_main_exact_units.toml;docs/reconstruction/product/TH04_NATIVE_MAIN_SOURCE_CLOSURE_V882.md,"Use the product wrapper and rewrite staged th04/main/quit.hpp edges to the artifact-local quit_t enum and _quit BSS owner. The v964 TC4J/TASM/TLINK/DOS probe validates one-byte enum/global storage and QUIT_PASS in two independent runs; stage_state_init is raw/MAP/relocation exact at 0xCB bytes, and the v964 aggregate freezes 8 staged occurrences while preserving all 275 accepted extents. Inventory v965 leaves 80 missing paths / 218 references. This closes a compiler-observed declaration/storage boundary but does not complete the standalone MAIN link.",2026-09-28T20:00:39+00:00
th04-main-native-quit-storage-gap-v964,hazard,th04-main,Quit declaration and local BSS storage closure is not target MAIN DATA/BSS placement or exit-control semantics,compiler-observed,ev-th04-main-native-quit-abi-v964;ev-th04-main-native-quit-focused-v964;ev-th04-main-native-quit-aggregate-v964,src/main/quit.hpp;src/main/core/quit_state.asm;_reference/ReC98/th04/main/quit.hpp;src/main/stage_state_init.cpp;src/main/core/gameplay_loop.cpp;src/main/core/gameover.cpp;docs/reconstruction/product/TH04_NATIVE_MAIN_SOURCE_CLOSURE_V882.md,"The local quit_t/_quit probe passes and the stage-state owner remains exact, but target BSS ordering/offset, gameplay-loop and gameover transition ownership, complete standalone MAIN placement, and PC-98 startup remain unverified. Do not promote isolated one-byte storage ABI or aggregate preservation to target layout or runtime exactness.",2026-09-28T20:00:39+00:00
th04-main-native-playchar-header-v966,pattern,th04-main,Artifact-local play-character API closes the historical MAIN playchar header path,compiler-observed,ev-th04-main-native-playchar-abi-v966;ev-th04-main-native-playchar-focused-v966;ev-th04-main-native-playchar-aggregate-v966;ev-th04-main-native-inventory-v967,src/main/include/th04/playchar.h;src/main/playchar.hpp;src/main/core/gameplay_session_init.cpp;src/main/dialog/init_exit.cpp;src/main/hud/hud.cpp;src/main/hud/overlay.cpp;src/main/player/bomb.cpp;src/main/player/bomb_stars.cpp;src/main/stage/session_init.cpp;scripts/probes/probe_th04_native_main_playchar.py;config/th04_main_exact_units.toml;docs/reconstruction/product/TH04_NATIVE_MAIN_SOURCE_CLOSURE_V882.md,"Use the product wrapper and rewrite historical th04/playchar.h edges to the artifact-local GAME=4 playchar_t, playchar_other, constants, and global declaration. The v966 TC4J probe matches reference/local semantic OMF SHA-256 dd123fa70e950c5c93493b3d0241434a705a2b3c07dca432eeafca9c6da7f0ec; focused gameplay_session_init is raw/MAP/relocation exact at 0x1CD bytes; the v966 aggregate freezes 16 staged occurrences while preserving all 275 accepted extents. Inventory v967 leaves 79 missing paths / 210 references. This closes a compiler-observed declaration boundary but does not complete the MAIN link.",2026-09-28T20:18:24+00:00
th04-main-native-playchar-storage-gap-v966,hazard,th04-main,Play-character declaration closure is not target MAIN DATA/BSS ownership or selector semantics,compiler-observed,ev-th04-main-native-playchar-abi-v966;ev-th04-main-native-playchar-focused-v966;ev-th04-main-native-playchar-aggregate-v966,src/main/playchar.hpp;_reference/ReC98/th04/playchar.h;src/main/core/gameplay_session_init.cpp;src/main/dialog/init_exit.cpp;src/main/hud/hud.cpp;src/main/hud/overlay.cpp;src/main/player/bomb.cpp;src/main/player/bomb_stars.cpp;src/main/stage/session_init.cpp;docs/reconstruction/product/TH04_NATIVE_MAIN_SOURCE_CLOSURE_V882.md,"The local playchar API probe passes and gameplay_session_init remains exact, but target playchar global DATA/BSS offset and ordering, selector/storage ownership, complete standalone MAIN placement, and PC-98 startup remain unverified. Do not promote the semantic OMF or aggregate preservation to target layout or runtime exactness.",2026-09-28T20:18:24+00:00
th04-main-native-platform-x86-header-v968,pattern,th04-main,Artifact-local platform and x86 real-mode APIs close the historical MAIN platform.h and x86real.h paths,compiler-observed,ev-th04-main-native-platform-x86-abi-v968;ev-th04-main-native-platform-focused-v968;ev-th04-main-native-x86real-focused-v968;ev-th04-main-native-platform-x86-aggregate-v968;ev-th04-main-native-inventory-v969,src/main/include/platform.h;src/main/include/x86real.h;src/shared/platform/types.hpp;src/shared/platform/x86.hpp;src/main/core/main.cpp;src/main/bullet/render.cpp;scripts/probes/probe_th04_native_main_platform_x86.py;config/th04_main_exact_units.toml;docs/reconstruction/product/TH04_NATIVE_MAIN_SOURCE_CLOSURE_V882.md,"Use product wrappers to rewrite historical platform.h and x86real.h edges to the maintained shared type/real-mode declarations. The v968 TC4J probe matches reference/local semantic OMF SHA-256 6a0b4ab3ddee2bee11b29d6adb14137aa4499d0ff243d6e4cc1c8dcf0f84e8d2; focused main-entry and bullets_render owners remain raw/MAP/relocation exact; and the v968 aggregate freezes 23 platform and 18 x86real staged occurrences while preserving all 275 accepted extents. Inventory v969 leaves 77 missing paths / 186 references. This closes a compiler-observed declaration boundary but does not complete the MAIN link.",2026-09-28T20:35:15+00:00
th04-main-native-platform-x86-storage-gap-v968,hazard,th04-main,Platform and x86 real-mode declaration closure is not target MAIN DATA/BSS ownership or hardware runtime semantics,compiler-observed,ev-th04-main-native-platform-x86-abi-v968;ev-th04-main-native-platform-focused-v968;ev-th04-main-native-x86real-focused-v968;ev-th04-main-native-platform-x86-aggregate-v968,src/shared/platform/types.hpp;src/shared/platform/x86.hpp;_reference/ReC98/platform.h;_reference/ReC98/x86real.h;src/main/core/main.cpp;src/main/bullet/render.cpp;docs/reconstruction/product/TH04_NATIVE_MAIN_SOURCE_CLOSURE_V882.md,"The local wrappers and semantic OMF probe pass, while main-entry and bullets_render remain exact, but segment ownership, I/O/interrupt implementation, remaining MAIN data/BSS layout, standalone MAIN placement, and PC-98 startup remain unverified. Do not promote declaration closure or aggregate preservation to target layout or runtime exactness.",2026-09-28T20:35:15+00:00
th04-main-native-common-header-v970,pattern,th04-main,Artifact-local common macros close the historical MAIN th04/common.h path,compiler-observed,ev-th04-main-native-common-abi-v970;ev-th04-main-native-common-focused-v970;ev-th04-main-native-common-aggregate-v970;ev-th04-main-native-inventory-v971,src/main/common.hpp;src/main/include/th04/common.h;src/main/ems.cpp;src/main/boss/boss.cpp;src/main/dialog/init_exit.cpp;src/main/score/ranking.cpp;scripts/probes/probe_th04_native_main_common.py;config/th04_main_exact_units.toml;docs/reconstruction/product/TH04_NATIVE_MAIN_SOURCE_CLOSURE_V882.md,"Use the product wrapper to rewrite historical th04/common.h edges to the artifact-local MAIN_STAGE_COUNT/STAGE_EXTRA macros. The v970 TC4J probe matches reference/local semantic OMF SHA-256 919b53d19d4ae0ae919c6957738ce61aaab87a4600007b55deb50acd73367d81; the EMS owner is raw/MAP/relocation exact at 0x1FA bytes; and the v970 aggregate freezes 14 staged occurrences while preserving all 275 accepted extents. Inventory v971 leaves 76 missing paths / 177 references. This closes a compiler-observed declaration boundary but does not complete the MAIN link.",2026-09-28T20:46:46+00:00
th04-main-native-common-storage-gap-v970,hazard,th04-main,Common macro declaration closure is not stage-state DATA/BSS ownership or stage-control semantics,compiler-observed,ev-th04-main-native-common-abi-v970;ev-th04-main-native-common-focused-v970;ev-th04-main-native-common-aggregate-v970,src/main/common.hpp;_reference/ReC98/th04/common.h;src/main/ems.cpp;src/main/boss/boss.cpp;src/main/dialog/init_exit.cpp;src/main/score/ranking.cpp;docs/reconstruction/product/TH04_NATIVE_MAIN_SOURCE_CLOSURE_V882.md,"The local macro probe passes and the EMS owner remains exact, but stage selector/state storage, target segment placement, complete standalone MAIN linking, and PC-98 startup remain unverified. Do not promote the macro closure or aggregate preservation to target layout or runtime exactness.",2026-09-28T20:46:46+00:00
th04-main-native-combat-headers-v977,pattern,th04-main,Artifact-local combat HUD and MAIN CDG declarations close three historical MAIN header paths,compiler-observed,ev-th04-main-native-combat-headers-abi-v977;ev-th04-main-native-clearzap-focused-v977;ev-th04-main-native-hud-focused-v977;ev-th04-main-native-cdg-focused-v977;ev-th04-main-native-combat-aggregate-v977;ev-th04-main-native-inventory-v978,src/main/bullet/clearzap.hpp;src/main/hud/hud.hpp;src/main/sprites/main_cdg.hpp;src/main/include/th04/main/bullet/clearzap.hpp;src/main/include/th04/main/hud/hud.hpp;src/main/include/th04/sprites/main_cdg.h;scripts/probes/probe_th04_native_main_combat_headers.py;config/th04_main_exact_units.toml;docs/reconstruction/product/TH04_NATIVE_MAIN_SOURCE_CLOSURE_V882.md,"The v977 TC4J probe matches semantic OMF SHA-256 f63c46cce7df656b34be719f1013a0edb0d936e79c64e40337449b64e5cfcb19. Focused bullets_render, midboss_hud_defeat_tu, and BOSS_BD_TEXT owners remain raw/MAP/relocation exact; the 275-owner aggregate preserves all accepted extents while staging 8, 10, and 11 rewrites. Inventory v978 is 73 missing paths / 154 references. This closes compiler-observed include edges but not standalone MAIN.",2026-09-28T21:19:33+00:00
th04-main-native-combat-headers-storage-gap-v977,hazard,th04-main,Combat HUD and MAIN CDG declaration closure is not target MAIN DATA/BSS ownership or startup semantics,compiler-observed,ev-th04-main-native-combat-headers-abi-v977;ev-th04-main-native-clearzap-focused-v977;ev-th04-main-native-hud-focused-v977;ev-th04-main-native-cdg-focused-v977;ev-th04-main-native-combat-aggregate-v977,src/main/bullet/clearzap.hpp;src/main/hud/hud.hpp;src/main/sprites/main_cdg.hpp;_reference/ReC98/th04/main/bullet/clearzap.hpp;_reference/ReC98/th04/main/hud/hud.hpp;_reference/ReC98/th04/sprites/main_cdg.h;src/main/bullet/render.cpp;src/main/midboss/midboss.cpp;src/main/boss/backdrop.cpp;docs/reconstruction/product/TH04_NATIVE_MAIN_SOURCE_CLOSURE_V882.md,"The local union, HUD API, and CDG-slot probes pass and selected owners remain exact, but bullet/HUD/CDG backing storage, target DATA/BSS ordering and offsets, remaining MAIN source composition, standalone MAIN placement, and PC-98 startup remain unverified. Do not promote declaration closure or aggregate preservation to target layout or runtime exactness.",2026-09-28T21:19:33+00:00
th04-main-native-player-combat-v979,pattern,th04-main,Artifact-local player bomb shot and super-sprite declarations close three historical MAIN header paths,compiler-observed,ev-th04-main-native-player-combat-headers-abi-v979;ev-th04-main-native-bomb-core-focused-v979;ev-th04-main-native-bomb-stars-focused-v979;ev-th04-main-native-shots-main01-focused-v979;ev-th04-main-native-enemies-render-focused-v979;ev-th04-main-native-player-combat-aggregate-v979;ev-th04-main-native-inventory-v979,src/main/player/bomb.hpp;src/main/player/shot.hpp;src/main/formats/super.hpp;src/main/include/th04/main/player/bomb.hpp;src/main/include/th04/main/player/shot.hpp;src/main/include/th04/formats/super.h;scripts/probes/probe_th04_native_main_player_combat_headers.py;config/th04_main_exact_units.toml;docs/reconstruction/product/TH04_NATIVE_MAIN_SOURCE_CLOSURE_V882.md,"The v979 TC4J probe matches semantic OMF SHA-256 5e0d628d73737cd418324e7cb1ae95dd157febf84740476b2fc721106959790a. Selecting the trigger owners th04-main-bomb-stars-v178 and th04-main-enemies-render-v177 yields raw/MAP/ordered-relocation exact bomb core (0x3D9), bomb-star renderer (0x11D), shot producer (0x2E9), and enemy renderer (0xCF); the 275-owner aggregate remains deterministic while staging 7, 8, and 7 rewrites. Inventory v979 is 70 missing paths / 135 references. Continue with backing DATA/BSS owners and standalone MAIN placement; these headers do not attest startup.",2026-09-28T21:53:20+00:00
th04-main-native-player-combat-storage-gap-v979,hazard,th04-main,Player combat header closure is not target MAIN DATA/BSS ownership or startup semantics,compiler-observed,ev-th04-main-native-player-combat-headers-abi-v979;ev-th04-main-native-player-combat-aggregate-v979,src/main/player/bomb.hpp;src/main/player/shot.hpp;src/main/formats/super.hpp;src/main/player/bomb.cpp;src/main/player/shots.cpp;src/main/player/bomb_stars.cpp;docs/reconstruction/product/TH04_NATIVE_MAIN_SOURCE_CLOSURE_V882.md,"Bomb, shot, and super-sprite declarations now compile through product-owned wrappers and preserve affected exact extents, but the referenced globals, target DATA/BSS ordering and offsets, remaining 70-path source closure, standalone MAIN placement, and PC-98 startup remain open. The focused replay must select a build-replacement trigger owner rather than a leaf unit when the manifest trigger is downstream.",2026-09-28T21:53:20+00:00
th04-main-native-enemy-v980,pattern,th04-main,Artifact-local enemy declarations close the historical th04/main/enemy/enemy.hpp edge,compiler-observed,ev-th04-main-native-enemy-header-abi-v980;ev-th04-main-native-enemies-add-focused-v980;ev-th04-main-native-enemies-update-focused-v980;ev-th04-main-native-enemies-render-focused-v980;ev-th04-main-native-enemy-aggregate-v980;ev-th04-main-native-inventory-v980,src/main/enemy/enemy.hpp;src/main/include/th04/main/enemy/enemy.hpp;scripts/probes/probe_th04_native_main_enemy_header.py;config/th04_main_exact_units.toml;docs/reconstruction/product/TH04_NATIVE_MAIN_SOURCE_CLOSURE_V882.md,"The v980 TC4J probe matches semantic OMF SHA-256 386f9e1c92c7cd65bc1ccd05866fdb7eb344ec71b4f845a4a9d4da71cc430393. The focused downstream enemy-render trigger proves enemies_add(), enemies_update(), and enemies_render() exact; the 275-owner aggregate remains deterministic while staging six enemy-header rewrites. Inventory v980 is 69 missing paths / 129 references. Continue with backing DATA/BSS owners and standalone MAIN placement; this declaration closure does not attest startup.",2026-09-28T22:12:10+00:00
th04-main-native-enemy-storage-gap-v980,hazard,th04-main,Enemy API header closure is not target MAIN enemy DATA/BSS ownership or startup semantics,compiler-observed,ev-th04-main-native-enemy-header-abi-v980;ev-th04-main-native-enemy-aggregate-v980,src/main/enemy/enemy.hpp;src/main/enemy/enemies_add.cpp;src/main/enemy/enemies_update.cpp;src/main/enemy/enemies_render.cpp;docs/reconstruction/product/TH04_NATIVE_MAIN_SOURCE_CLOSURE_V882.md,"The enemy declarations now compile through the product-owned wrapper and preserve the affected exact extents, but enemy globals, target DATA/BSS ordering and offsets, the remaining 69-path source closure, standalone MAIN placement, and PC-98 startup remain open. The focused replay selects th04-main-enemies-render-v177 so its downstream build replacement activates; selecting a leaf alone is not sufficient evidence. ",2026-09-28T22:12:10+00:00
th04-main-native-input-v981,pattern,th04-main,Artifact-local MAIN input declarations close the historical th04/hardware/input.h edge without changing shared OP/MAINE input ownership,compiler-observed,ev-th04-main-native-input-header-abi-v981;ev-th04-main-native-input-wait-focused-v981;ev-th04-main-native-input-aggregate-v981;ev-th04-main-native-inventory-v981,src/main/hardware/input.hpp;src/main/include/th04/hardware/input.h;scripts/probes/probe_th04_native_main_input_header.py;config/th04_main_exact_units.toml;docs/reconstruction/product/TH04_NATIVE_MAIN_SOURCE_CLOSURE_V882.md,"The v981 TC4J probe matches semantic OMF SHA-256 4ad85e3888b72d31bb17af992df891b9858480c2742fa223a54222af25d0212f. The input_wait_for_change owner remains raw/MAP exact while the 275-owner aggregate stages five input-header rewrites. Inventory v981 is 68 missing paths / 124 references. Keep this MAIN-local surface separate from src/shared/hardware/input.hpp so OP and MAINE ABI ownership is not silently changed.",2026-09-28T22:29:39+00:00
th04-main-native-input-storage-gap-v981,hazard,th04-main,Input API closure is not target MAIN input DATA/BSS ownership or startup semantics,compiler-observed,ev-th04-main-native-input-header-abi-v981;ev-th04-main-native-input-aggregate-v981,src/main/hardware/input.hpp;src/main/hardware/input_wait.cpp;src/main/core/gameexecl.cpp;src/main/core/gameover.cpp;src/main/core/gameplay_loop.cpp;src/main/stage/session_init.cpp;docs/reconstruction/product/TH04_NATIVE_MAIN_SOURCE_CLOSURE_V882.md,"The MAIN-local input declarations preserve the affected input_wait_for_change extent, but key_det/shiftkey storage, target DATA/BSS ordering and offsets, the remaining 68-path source closure, standalone MAIN placement, and PC-98 startup remain open. Do not broaden this header into src/shared/hardware/input.hpp without replaying OP and MAINE consumers.",2026-09-28T22:29:39+00:00
th04-main-native-planar-v982,pattern,th04-main,Artifact-local MAIN planar declarations close the historical root planar.h include edge,compiler-observed,ev-th04-main-native-planar-header-abi-v982;ev-th04-main-native-planar-focused-v982;ev-th04-main-native-planar-aggregate-v982;ev-th04-main-native-inventory-v982,src/main/hardware/planar.hpp;src/main/include/planar.h;scripts/probes/probe_th04_native_main_planar_header.py;config/th04_main_exact_units.toml;docs/reconstruction/product/TH04_NATIVE_MAIN_SOURCE_CLOSURE_V882.md,"The full local Planar/DotRect, row-dot alias, VRAM helper, GRCG, and EGC surface matches the reference semantic OMF SHA-256 113841b4368c98e426fe3456e601cff139cf4fac55cdaf1e35d527db8434695b. The focused elly_backdrop owner is raw/MAP/ordered-relocation exact at 0x0E bytes; the 275-owner aggregate freezes 11 planar rewrites; and inventory v982 leaves 67 missing paths / 119 references. This is declaration closure only: target DATA/BSS ownership, standalone MAIN placement, and PC-98 startup remain open.",2026-09-28T22:51:57+00:00
th04-main-native-planar-storage-gap-v982,hazard,th04-main,Planar declaration closure is not target MAIN VRAM DATA/BSS ownership or startup semantics,compiler-observed,ev-th04-main-native-planar-header-abi-v982;ev-th04-main-native-planar-focused-v982;ev-th04-main-native-planar-aggregate-v982,src/main/hardware/planar.hpp;_reference/ReC98/planar.h;src/main/boss/elly_backdrop.cpp;src/main/boss/kurumi_backdrop.cpp;src/main/boss/mugetsu_gengetsu_backdrop.cpp;src/main/boss/orange_backdrop.cpp;src/main/stage/checkerboard.cpp;docs/reconstruction/product/TH04_NATIVE_MAIN_SOURCE_CLOSURE_V882.md,"The local planar surface and affected elly owner pass compiler/replay gates, but VRAM plane globals, target DATA/BSS ordering and offsets, complete standalone MAIN placement, remaining 67-path source closure, and PC-98 startup remain unverified. Keep shared OP/MAINE planar and hardware ownership separate until independently replayed.",2026-09-28T22:51:57+00:00
th04-main-native-planar-guard-v982,hazard,th04-main,Root planar rewrite requires the historical PLANAR_H declaration boundary,compiler-observed,ev-th04-main-native-planar-surface-negative-v982;ev-th04-main-native-planar-guard-negative-v982;ev-th04-main-native-planar-header-abi-v982;ev-th04-main-native-planar-aggregate-v982,src/main/hardware/planar.hpp;src/main/include/planar.h;config/th04_main_exact_units.toml;docs/reconstruction/product/TH04_NATIVE_MAIN_SOURCE_CLOSURE_V882.md,"A minimal local surface failed on legacy bgimage.hpp consumers, while a complete surface with a custom guard caused duplicate declarations. Preserve the historical PLANAR_H guard and full API/template/macro surface; the corrected guarded header passes the 275-owner aggregate.",2026-09-28T22:51:57+00:00
th04-main-native-drawpoint-v983,pattern,th04-main,Artifact-local MAIN drawpoint declaration closes the historical th04/main/drawp.hpp include edge,compiler-observed,ev-th04-main-native-drawpoint-header-abi-v983;ev-th04-main-native-drawpoint-focused-v983;ev-th04-main-native-drawpoint-aggregate-v983;ev-th04-main-native-inventory-v983,src/main/player/drawp.hpp;src/main/include/th04/main/drawp.hpp;scripts/probes/probe_th04_native_main_drawpoint_header.py;config/th04_main_exact_units.toml;src/main/player/invalidate.cpp;docs/reconstruction/product/TH04_NATIVE_MAIN_SOURCE_CLOSURE_V882.md,"The local drawp surface preserves the PlayfieldPoint dependency and extern drawpoint declaration with semantic OMF SHA-256 be3864707b1601a673d64373aaf28b67ebd017b8aab918953e64f04d687c04c0. The focused player_invalidate owner is raw/MAP/ordered-relocation exact at 0xB6 bytes, the aggregate freezes six drawpoint rewrites, and inventory v983 leaves 66 missing paths / 114 references. This closes a declaration edge only; drawpoint storage placement, standalone MAIN placement, and PC-98 startup remain open.",2026-09-28T23:09:54+00:00
th04-main-native-drawpoint-storage-gap-v983,hazard,th04-main,Drawpoint declaration closure is not target MAIN drawpoint DATA/BSS placement or startup semantics,compiler-observed,ev-th04-main-native-drawpoint-header-abi-v983;ev-th04-main-native-drawpoint-focused-v983;ev-th04-main-native-drawpoint-aggregate-v983,src/main/player/drawp.hpp;src/main/player/invalidate.cpp;config/th04_main_exact_units.toml;_reference/ReC98/th04/main/drawp.hpp;_reference/ReC98/th04/main/drawpoint[bss].asm;docs/reconstruction/product/TH04_NATIVE_MAIN_SOURCE_CLOSURE_V882.md,"The local header adds only extern PlayfieldPoint drawpoint; the existing v176 scaffold transform still owns drawpoint_x/drawpoint_y field aliases. The probe and affected code owner pass, but target BSS ordering/offset, complete standalone MAIN placement, remaining 66-path closure, and PC-98 startup remain unverified. Do not allocate a second drawpoint definition or promote declaration closure to runtime exactness.",2026-09-28T23:09:54+00:00
th04-main-native-backdrop-v984,pattern,th04-main,Artifact-local MAIN boss-backdrop declarations close the historical th04/main/boss/backdrop.hpp include edge,compiler-observed,ev-th04-main-native-backdrop-header-abi-v984;ev-th04-main-native-backdrop-focused-v984;ev-th04-main-native-backdrop-aggregate-v984;ev-th04-main-native-inventory-v984,src/main/boss/backdrop.hpp;src/main/include/th04/main/boss/backdrop.hpp;scripts/probes/probe_th04_native_main_backdrop_header.py;config/th04_main_exact_units.toml;src/main/boss/backdrop.cpp;src/main/boss/mugetsu_gengetsu_bg_render.cpp;docs/reconstruction/product/TH04_NATIVE_MAIN_SOURCE_CLOSURE_V882.md,"The v984 TC4J probe matches semantic OMF SHA-256 77301002e906ff337223b81062afe57f3e5180237758d5f2cd36c04edbec1fa3. The focused mugetsu_gengetsu_bg_render owner is raw/MAP/ordered-relocation exact at 0x91 bytes; the 275-owner aggregate freezes five backdrop-header rewrites; and inventory v984 leaves 65 missing paths / 110 references. This closes a declaration edge only: boss backdrop DATA/BSS placement, standalone MAIN placement, and PC-98 startup remain open.",2026-09-28T23:25:57+00:00
th04-main-native-backdrop-storage-gap-v984,hazard,th04-main,Boss-backdrop declaration closure is not target MAIN callback DATA/BSS placement or startup semantics,compiler-observed,ev-th04-main-native-backdrop-header-abi-v984;ev-th04-main-native-backdrop-focused-v984;ev-th04-main-native-backdrop-aggregate-v984,src/main/boss/backdrop.hpp;src/main/boss/backdrop.cpp;src/main/boss/boss.cpp;_reference/ReC98/th04/main/boss/backdrop.hpp;_reference/ReC98/th04/main/boss/bg[bss].asm;docs/reconstruction/product/TH04_NATIVE_MAIN_SOURCE_CLOSURE_V882.md,"The local header declares the callback and renderer only; the target boss_backdrop_colorfill slot and its BSS ordering/offset remain outside the probe and are not redefined. Affected replay passes, but complete standalone MAIN placement, remaining 65-path closure, and PC-98 startup remain unverified. Do not allocate a second callback storage definition or promote header closure to runtime exactness.",2026-09-28T23:25:57+00:00
th04-main-native-bosses-v985,pattern,th04-main,Artifact-local MAIN boss declarations close the historical th04/main/boss/bosses.hpp include edge,compiler-observed,ev-th04-main-native-bosses-header-abi-v985;ev-th04-main-native-bosses-focused-v985;ev-th04-main-native-bosses-aggregate-v985;ev-th04-main-native-inventory-v985,src/main/boss/bosses.hpp;src/main/include/th04/main/boss/bosses.hpp;scripts/probes/probe_th04_native_main_bosses_header.py;config/th04_main_exact_units.toml;src/main/boss/boss.cpp;docs/reconstruction/product/TH04_NATIVE_MAIN_SOURCE_CLOSURE_V882.md,"The semantic OMF SHA-256 is 2813a2905698aa0f6fb94d9aab80d536e96082ed654e5b67d1cd13b558ee800a. The focused boss.cpp owner is raw/MAP/relocation exact at 0x9B6 bytes, the aggregate freezes four boss-declaration rewrites per build, and inventory v985 leaves 64 missing paths / 106 references; this is a declaration-only closure.",2026-09-28T23:37:13+00:00
th04-main-native-bosses-storage-gap-v985,hazard,th04-main,Boss declaration closure is not target MAIN boss callback DATA/BSS placement or startup semantics,compiler-observed,ev-th04-main-native-bosses-header-abi-v985;ev-th04-main-native-bosses-focused-v985;ev-th04-main-native-bosses-aggregate-v985,src/main/boss/bosses.hpp;src/main/boss/boss.cpp;_reference/ReC98/th04/main/boss/bosses.hpp;docs/reconstruction/product/TH04_NATIVE_MAIN_SOURCE_CLOSURE_V882.md,"The header declares callbacks and constants only; boss state/callback storage and target DATA/BSS ordering remain outside. Replay passes, but standalone MAIN/startup and the remaining 64-path closure remain open; do not promote this declaration closure to runtime exactness.",2026-09-28T23:37:13+00:00
th04-main-native-dialog-v986,pattern,th04-main,Artifact-local MAIN dialog format declarations close the historical th04/formats/dialog.hpp include edge,compiler-observed,ev-th04-main-native-dialog-header-abi-v986;ev-th04-main-native-dialog-focused-v986;ev-th04-main-native-dialog-aggregate-v986;ev-th04-main-native-inventory-v986,src/main/formats/dialog.hpp;src/main/include/th04/formats/dialog.hpp;scripts/probes/probe_th04_native_main_dialog_header.py;config/th04_main_exact_units.toml;src/main/dialog/file.cpp;src/main/boss/boss.cpp;src/main/stage/session_init.cpp;docs/reconstruction/product/TH04_NATIVE_MAIN_SOURCE_CLOSURE_V882.md,"The semantic OMF SHA-256 is f4da531e53b2dd33dd023cc82d237d1011f15714504ed69aeff8678cfd2ad45c. The focused f_dialog.cpp owner is raw/MAP/relocation exact at 0xAA bytes from file 0xE693, the aggregate freezes six dialog-format rewrites per build, and inventory v986 leaves 63 missing paths / 102 references; this is a declaration-only closure.",2026-09-28T23:52:25+00:00
th04-main-native-dialog-storage-gap-v986,hazard,th04-main,Dialog format declaration closure is not target MAIN dialog buffer DATA/BSS placement or startup semantics,compiler-observed,ev-th04-main-native-dialog-header-abi-v986;ev-th04-main-native-dialog-focused-v986;ev-th04-main-native-dialog-aggregate-v986,src/main/formats/dialog.hpp;src/main/dialog/file.cpp;src/main/stage/session_init.cpp;_reference/ReC98/th04/formats/dialog.hpp;docs/reconstruction/product/TH04_NATIVE_MAIN_SOURCE_CLOSURE_V882.md,"The header declares the far dialog pointer and loader/free functions only; dialog buffer allocation, target DATA/BSS ordering, complete standalone MAIN placement, and PC-98 startup remain outside. Replay passes, but the remaining 63-path closure remains open; do not promote the declaration closure to runtime exactness.",2026-09-28T23:52:25+00:00
th04-main-native-bb-v987,pattern,th04-main,Artifact-local MAIN BB tile declarations close the historical th04/main/tile/bb.hpp include edge,compiler-observed,ev-th04-main-native-bb-header-abi-v987;ev-th04-main-native-bb-focused-v987;ev-th04-main-native-bb-aggregate-v987;ev-th04-main-native-inventory-v987,src/main/tile/bb.hpp;src/main/include/th04/main/tile/bb.hpp;scripts/probes/probe_th04_native_main_bb_header.py;config/th04_main_exact_units.toml;src/main/boss/mugetsu_gengetsu_bg_render.cpp;src/main/boss/yuuka6_bg_render.cpp;src/main/boss/boss_bg_main01.cpp;src/main/player/bomb.cpp;docs/reconstruction/product/TH04_NATIVE_MAIN_SOURCE_CLOSURE_V882.md,"The v987 TC4J probe matches semantic OMF SHA-256 2af6fc5d7b45c1d0d358db712537bab9d249b74ccece104026ab14eeccb05490. The focused Mugetsu/Gengetsu owner remains raw/MAP/relocation exact at 0x91 bytes, the 275-owner aggregate remains deterministic while staging four tile-BB rewrites per build, and inventory v987 leaves 62 missing paths / 98 references; this is a declaration-only closure.",2026-09-29T00:08:08+00:00
th04-main-native-bb-storage-gap-v987,hazard,th04-main,BB tile declaration closure is not target MAIN animation storage or startup semantics,compiler-observed,ev-th04-main-native-bb-header-abi-v987;ev-th04-main-native-bb-focused-v987;ev-th04-main-native-bb-aggregate-v987,src/main/tile/bb.hpp;src/main/player/bomb.cpp;src/main/boss/mugetsu_gengetsu_bg_render.cpp;src/main/boss/yuuka6_bg_render.cpp;_reference/ReC98/th04/main/tile/bb.hpp;docs/reconstruction/product/TH04_NATIVE_MAIN_SOURCE_CLOSURE_V882.md,"The local header declares BB tile metrics, segmented storage, and rendering entry macros only; animation DATA/BSS ownership, target segment ordering, the remaining 62-path source closure, standalone MAIN placement, and PC-98 startup remain unverified. Do not allocate a second BB storage definition or promote this declaration closure to runtime exactness.",2026-09-29T00:08:08+00:00
th04-main-native-playperf-v988,pattern,th04-main,Artifact-local MAIN playperf declarations close the historical th04/main/playperf.hpp include edge,compiler-observed,ev-th04-main-native-playperf-header-abi-v988;ev-th04-main-native-playperf-focused-v988;ev-th04-main-native-playperf-aggregate-v988;ev-th04-main-native-inventory-v988,src/main/playperf.hpp;src/main/include/th04/main/playperf.hpp;src/main/playperf.asm;scripts/probes/probe_th04_native_main_playperf_header.py;config/th04_main_exact_units.toml;src/main/enemy/script_update.cpp;src/main/bullet/add.cpp;src/main/bullet/update_prefix.inl;src/main/core/gameplay_session_init.cpp;docs/reconstruction/product/TH04_NATIVE_MAIN_SOURCE_CLOSURE_V882.md,"The v988 TC4J probe matches semantic OMF SHA-256 2c8fb2d94fca2a62edb0b2c110fcb7cba9f82a13339c8e95a31d07087a2b0e7b. The focused enemy_script_update owner remains raw/MAP/relocation exact at 0x690 bytes, the 275-owner aggregate remains deterministic while staging four playperf rewrites per build, and inventory v988 leaves 61 missing paths / 94 references; this is a declaration-only closure.",2026-09-29T00:20:00+00:00
th04-main-native-playperf-storage-gap-v988,hazard,th04-main,Playperf declaration closure is not target MAIN performance DATA/BSS ownership or startup semantics,compiler-observed,ev-th04-main-native-playperf-header-abi-v988;ev-th04-main-native-playperf-focused-v988;ev-th04-main-native-playperf-aggregate-v988,src/main/playperf.hpp;src/main/playperf.asm;src/main/enemy/script_update.cpp;src/main/bullet/add.cpp;src/main/core/gameplay_session_init.cpp;_reference/ReC98/th04/main/playperf.hpp;_reference/ReC98/th04/main/play[bss].asm;docs/reconstruction/product/TH04_NATIVE_MAIN_SOURCE_CLOSURE_V882.md,"The local header and existing playperf.asm code owner preserve declarations and entry code only; _playperf, _playperf_max, and _playperf_min storage, target DATA/BSS ordering, the remaining 61-path source closure, standalone MAIN placement, and PC-98 startup remain unverified. Do not allocate duplicate playperf storage or promote this declaration closure to runtime exactness.",2026-09-29T00:20:00+00:00
th04-main-native-ems-v989,pattern,th04-main,Artifact-local MAIN EMS/CDG declarations close the historical th04/main/ems.hpp edge,compiler-observed,ev-th04-main-native-ems-header-abi-v989;ev-th04-main-native-ems-aggregate-v989;ev-th04-main-native-inventory-v989,src/main/ems.hpp;src/main/include/th04/main/ems.hpp;src/main/formats/cdg.hpp;src/main/include/th04/formats/cdg.h;src/shared/formats/cdg.hpp;scripts/probes/probe_th04_native_main_ems_header.py;config/th04_main_exact_units.toml;src/main/ems.cpp;src/main/dialog/init_exit.cpp;src/main/core/gameover.cpp;src/main/core/gameexecl.cpp;docs/reconstruction/product/TH04_NATIVE_MAIN_SOURCE_CLOSURE_V882.md,"The v989c TC4J probe matches semantic OMF SHA-256 031a8b81c73ee5e489d253ab108d7579943545c142ba4900c76d70ad868e3bf7. The 275-owner aggregate is deterministic in two cold builds; th04/ems.cpp is raw/MAP/relocation exact at file 0xCC88, size 0x1FA, program/map start 0xB488, slice SHA-256 038ac29ca0095a32ac3594b3bb40fc35605acd8226e5d8518005c721f02c842f. Inventory v989 leaves 59 missing paths / 89 references, with th04/main/hiscore.hpp next; this is declaration-only closure.",2026-09-29T00:42:14+00:00
th04-main-native-ems-storage-gap-v989,hazard,th04-main,EMS/CDG declaration closure is not target MAIN cache DATA/BSS placement or startup semantics,compiler-observed,ev-th04-main-native-ems-header-abi-v989;ev-th04-main-native-ems-aggregate-v989,src/main/ems.hpp;src/main/ems.cpp;src/main/formats/cdg.hpp;src/shared/formats/cdg.hpp;_reference/ReC98/th04/main/ems.hpp;_reference/ReC98/th04/main/play[bss].asm;docs/reconstruction/product/TH04_NATIVE_MAIN_SOURCE_CLOSURE_V882.md,"The local EMS header declares Ems and CDG segment accessors and preserves preload ABI without defining storage. Aggregate replay validates the accepted ems.cpp code owner, but EMS cache allocation/data-BSS ordering, complete standalone MAIN placement, the remaining 59-path closure, and PC-98 startup remain unverified. Do not allocate duplicate Ems or CDG cache state or promote this declaration closure to runtime exactness.",2026-09-29T00:42:14+00:00
th04-main-native-ems-cdg-scope-v989,negative-result,th04-main,Historical TH03 CDG guard constrains EMS header rewrite scope,inferred,ev-th04-main-native-ems-cdg-scope-v989;ev-th04-main-native-ems-header-abi-v989;ev-th04-main-native-ems-aggregate-v989,src/shared/formats/cdg.hpp;src/main/formats/cdg.hpp;src/main/include/th04/formats/cdg.h;config/th04_main_exact_units.toml;docs/reconstruction/product/TH04_NATIVE_MAIN_SOURCE_CLOSURE_V882.md,"The negative aggregate with a global th04/formats/cdg.h rewrite fails closed before exact comparison on OP/TH04 CDG redeclarations. The accepted solution is a product-local wrapper plus shared segment accessors guarded by the already-active TH03_FORMATS_CDG_H declaration; keep the rewrite scoped to MAIN and do not treat the failed broad replay as exact evidence.",2026-09-29T00:42:14+00:00
th04-main-native-hiscore-v990,pattern,th04-main,Artifact-local MAIN hiscore declarations close the historical th04/main/hiscore.hpp edge,compiler-observed,ev-th04-main-native-hiscore-header-abi-v990;ev-th04-main-native-hiscore-aggregate-v990;ev-th04-main-native-inventory-v990,src/main/hiscore.hpp;src/main/include/th04/main/hiscore.hpp;scripts/probes/probe_th04_native_main_hiscore_header.py;config/th04_main_exact_units.toml;src/main/score/ranking.cpp;src/main/core/gameover.cpp;src/main/core/gameexecl.cpp;src/main/core/gameplay_session_init.cpp;docs/reconstruction/product/TH04_NATIVE_MAIN_SOURCE_CLOSURE_V882.md,"The v990 TC4J probe matches semantic OMF SHA-256 4be9978cbff7d6481af7732598dee1b17dc7b380e023bca2015f3c899eb16680. The 275-owner aggregate is deterministic in two cold builds; th04/score_rm.cpp is raw/MAP/relocation exact at file 0x1420A, size 0x2DB, SCORE_TEXT:0x7F1A, slice SHA-256 41706ba632de7dc75b50a9f55bb88c3111dab1716f9074ae983867d43fafa001. Inventory v990 leaves 58 missing paths / 85 references, with th04/end/end.h next; this is declaration-only closure.",2026-09-29T01:04:32+00:00
th04-main-native-hiscore-storage-gap-v990,hazard,th04-main,Hiscore declaration closure is not target MAIN score-table DATA/BSS placement or startup semantics,compiler-observed,ev-th04-main-native-hiscore-header-abi-v990;ev-th04-main-native-hiscore-aggregate-v990,src/main/hiscore.hpp;src/main/score/ranking.cpp;src/main/score.hpp;_reference/ReC98/th04/main/hiscore.hpp;docs/reconstruction/product/TH04_NATIVE_MAIN_SOURCE_CLOSURE_V882.md,"The local hiscore header declares the two near entry points without defining score-table storage. Aggregate replay validates the accepted score_rm.cpp owner, but score-table DATA/BSS ownership, complete standalone MAIN placement, the remaining 58-path closure, and PC-98 startup remain unverified; do not allocate duplicate score state or promote this declaration closure to runtime exactness.",2026-09-29T01:04:32+00:00
th04-main-native-end-v991,pattern,th04-main,Artifact-local MAIN end-sequence declarations close the historical th04/end/end.h edge,compiler-observed,ev-th04-main-native-end-header-abi-v991;ev-th04-main-native-end-aggregate-v991;ev-th04-main-native-inventory-v991,src/main/end/end.hpp;src/main/include/th04/end/end.h;scripts/probes/probe_th04_native_main_end_header.py;config/th04_main_exact_units.toml;src/main/end/ending.cpp;src/main/core/gameover.cpp;src/main/core/gameexecl.cpp;src/main/core/gameplay_session_init.cpp;_reference/ReC98/th04/end/end.h;docs/reconstruction/product/TH04_NATIVE_MAIN_SOURCE_CLOSURE_V882.md,"The v991 TC4J probe matches semantic OMF SHA-256 4933f81c01f4248c19809488c4fd9ca89cfcd58a6f2b646ac7b152ab0c046693. The 275-owner aggregate is deterministic in two cold builds; th04/endmain.cpp is raw/MAP/relocation exact at file 0xCFB9, size 0x7C, END_TEXT:0x0CC9, slice SHA-256 0cc7e7f846ffba45efc6d49668da80370b4b12acc1752b20daa14f3d045afcbb. Inventory v991 leaves 57 missing paths / 81 references, with th04/formats/std.hpp next; this is declaration-only closure.",2026-09-29T01:18:23+00:00
th04-main-native-end-control-gap-v991,hazard,th04-main,End-sequence declaration closure is not target ending control flow or resident DATA/BSS placement,compiler-observed,ev-th04-main-native-end-header-abi-v991;ev-th04-main-native-end-aggregate-v991,src/main/end/end.hpp;src/main/end/ending.cpp;src/shared/config/resident.hpp;_reference/ReC98/th04/end/end.h;docs/reconstruction/product/TH04_NATIVE_MAIN_SOURCE_CLOSURE_V882.md,"The local end header preserves the enum constants and width without defining resident or ending-state storage. Aggregate replay validates the accepted endmain.cpp owner, but complete ending control flow, resident DATA/BSS ordering, standalone MAIN placement, the remaining 57-path closure, and PC-98 startup remain unverified; do not promote this declaration closure to runtime exactness.",2026-09-29T01:18:23+00:00
th04-main-native-end-focused-scope-v991,negative-result,th04-main,Focused exact replay is not valid for the minimal end-family unit tree,inferred,ev-th04-main-native-end-focused-scope-v991;ev-th04-main-native-end-aggregate-v991,config/th04_main_exact_units.toml;scripts/replay_th04_main_exact_units.py;docs/reconstruction/product/TH04_NATIVE_MAIN_SOURCE_CLOSURE_V882.md,"The focused end-family replay aborts before compilation because the pre-existing th04-main-tile-bb-api-local rewrite requires an occurrence absent from the minimal unit tree. It provides no exact credit; retain the full 275-owner aggregate as the acceptance surface and do not treat this harness-scope failure as a source or compiler mismatch.",2026-09-29T01:18:23+00:00
th04-main-native-std-v992,pattern,th04-main,Artifact-local MAIN stage-format declarations close the historical th04/formats/std.hpp edge,compiler-observed,ev-th04-main-native-std-header-abi-v992;ev-th04-main-native-std-aggregate-v992;ev-th04-main-native-inventory-v992,src/main/formats/std.hpp;src/main/include/th04/formats/std.hpp;scripts/probes/probe_th04_native_main_std_header.py;config/th04_main_exact_units.toml;src/main/enemy/enemies_add.cpp;src/main/enemy/script_update.cpp;src/main/stage/std.cpp;src/main/stage/std_run.cpp;docs/reconstruction/product/TH04_NATIVE_MAIN_SOURCE_CLOSURE_V882.md,"The v992 TC4J probe matches semantic OMF SHA-256 ed832abf907f0b0c7cab6e996e51710198deeab9da985b7f5e78324f24c25b06. The 275-owner aggregate is deterministic in two cold builds; std.cpp is raw/MAP/relocation exact at file 0xCED1, size 0xE8, STD_TEXT:0x0BE1, slice SHA-256 6ab7989e03ddb80fdc8d288dc0ec7a18d964f5b74b705d0c5c82a16ac8000153, and the dependent std_run, enemy-script dispatch, and enemies_add owners remain exact. Inventory v992 leaves 56 missing paths / 77 references, with th04/main/item/splash.hpp next; this is declaration-only closure.",2026-09-29T01:31:31+00:00
th04-main-native-std-storage-gap-v992,hazard,th04-main,Stage-format declaration closure is not target MAIN stage DATA/BSS placement or startup semantics,compiler-observed,ev-th04-main-native-std-header-abi-v992;ev-th04-main-native-std-aggregate-v992,src/main/formats/std.hpp;src/main/stage/std.cpp;src/main/stage/std_run.cpp;src/main/enemy/enemies_add.cpp;src/main/enemy/script_update.cpp;src/main/scroll/tile_ring_update.cpp;_reference/ReC98/th04/formats/std.hpp;_reference/ReC98/th04/formats/std[data].asm;_reference/ReC98/th04/formats/std[bss].asm;_reference/ReC98/th04/main/tile/tiles[bss].asm;docs/reconstruction/product/TH04_NATIVE_MAIN_SOURCE_CLOSURE_V882.md,"The local header preserves stage-format declarations only. std_seg, std_enemy_scripts, std_ip, std_map_section_id, and std_scroll_speed storage, target DATA/BSS ordering, loader contents, complete standalone MAIN placement, the remaining 56-path closure, and PC-98 startup remain unverified; tile_ring_update.cpp still has independent legacy declarations that require a separate ownership/type reconciliation. Do not allocate duplicate stage state or promote this declaration closure to runtime exactness.",2026-09-29T01:31:31+00:00
th04-main-native-splash-v993,pattern,th04-main,Artifact-local MAIN item-splash declarations close the historical th04/main/item/splash.hpp edge,compiler-observed,ev-th04-main-native-splash-header-abi-v993;ev-th04-main-native-splash-aggregate-v993;ev-th04-main-native-inventory-v993,src/main/item/splash.hpp;src/main/include/th04/main/item/splash.hpp;scripts/probes/probe_th04_native_main_splash_header.py;config/th04_main_exact_units.toml;src/main/item/invalidate.cpp;src/main/item/splashes_init.cpp;src/main/item/splashes_render.cpp;src/main/item/items_update.cpp;src/main/item/splashes.inl;docs/reconstruction/product/TH04_NATIVE_MAIN_SOURCE_CLOSURE_V882.md,"The v993 TC4J probe matches semantic OMF SHA-256 1acf41339bc13ce5ca328ecd620bcc90cd7600bee4bb3478c65e83c1dc3a3d5a. The 275-owner aggregate is deterministic in two cold builds; items_invalidate is raw/MAP/relocation exact at file 0xD8FC, size 0x4B, CIRCLE_TEXT:0x160C, slice SHA-256 4c138c62ef87c53e2da2b73c6c8eaeb79c6eac59f41559982c578a9d191dfee7, and item_splashes_render, item_splashes_init, and items_update remain exact. Inventory v993 leaves 55 missing paths / 73 references, with decomp.hpp next; this is declaration-only closure.",2026-09-29T01:42:41+00:00
th04-main-native-splash-storage-gap-v993,hazard,th04-main,Item-splash declaration closure is not target MAIN splash DATA/BSS placement or startup semantics,compiler-observed,ev-th04-main-native-splash-header-abi-v993;ev-th04-main-native-splash-aggregate-v993,src/main/item/splash.hpp;src/main/item/splashes_init.cpp;src/main/item/splashes.inl;src/main/item/invalidate.cpp;src/main/item/splashes_render.cpp;src/main/item/items_update.cpp;_reference/ReC98/th04/main/item/splash.hpp;_reference/ReC98/th04/main/item/splashes[bss].asm;docs/reconstruction/product/TH04_NATIVE_MAIN_SOURCE_CLOSURE_V882.md,"The local wrapper exposes item_splash_t, item_splashes, ITEM_SPLASH_DOTS, and entry declarations only. _item_splashes_unused, _item_splashes, and _item_splash_last_id ownership/ordering, complete standalone MAIN placement, the remaining 55-path closure, and PC-98 startup remain unverified; do not allocate duplicate splash state or promote this declaration closure to runtime exactness.",2026-09-29T01:42:41+00:00
th04-main-native-decomp-v994,pattern,th04-main,Artifact-local MAIN decompilation helpers close the historical decomp.hpp edge,compiler-observed,ev-th04-main-native-decomp-header-abi-v994;ev-th04-main-native-decomp-aggregate-v994;ev-th04-main-native-inventory-v994,src/main/include/decomp.hpp;scripts/probes/probe_th04_native_main_decomp_header.py;config/th04_main_exact_units.toml;src/main/boss/boss.cpp;src/main/boss/boss_prefix.inl;src/main/gather.cpp;src/main/include/x86real.h;src/shared/platform/x86.hpp;_reference/ReC98/decomp.hpp;docs/reconstruction/product/TH04_NATIVE_MAIN_SOURCE_CLOSURE_V882.md,"The v994 TC4J probe matches semantic OMF SHA-256 693393aab5fde7545dc19a53392082310bd3f0c70c132b77ff471d0c2526a2eb. The 275-owner aggregate is deterministic in two cold builds; gather.cpp is raw/MAP/relocation exact at file 0x1529C, size 0x24B, GATHER_TEXT:0x000C, slice SHA-256 761972f8f1e1b92d48a447515f17b904ace1f184485174ac07063f31c6646c1c, and boss.cpp remains exact at file 0x1F761, size 0x9B6, MAIN_035_TEXT:0xA4D1, slice SHA-256 14ac3390b67ec8ee06b25669e9f8a62b9da07a9a82d96e100864a9fbe24cad1f. Inventory v994 leaves 54 missing paths / 70 references, with th04/main/bg.hpp next; this is helper-surface closure only.",2026-09-29T01:58:32+00:00
th04-main-native-decomp-lowlevel-gap-v994,hazard,th04-main,Decomp helper closure preserves compiler-shaped low-level macros but is not target ownership or standalone startup evidence,compiler-observed,ev-th04-main-native-decomp-header-abi-v994;ev-th04-main-native-decomp-aggregate-v994,src/main/include/decomp.hpp;src/main/gather.cpp;src/main/boss/boss.cpp;src/main/boss/boss_prefix.inl;_reference/ReC98/decomp.hpp;docs/reconstruction/product/TH04_NATIVE_MAIN_SOURCE_CLOSURE_V882.md,"The local header preserves the bytewise wrapper, REP MOVSW register-order helpers, barriers, port/emit macros, and GAME=4 copy ordering. It does not classify those macros as target-derived byte storage or prove handwritten ownership; DATA/BSS placement, complete standalone MAIN linking, the remaining 54-path closure, and PC-98 startup remain unverified. Do not duplicate state or promote helper-surface equality to runtime exactness.",2026-09-29T01:58:32+00:00
th04-main-native-bg-v995,pattern,th04-main,Artifact-local MAIN background callback declarations close the historical th04/main/bg.hpp edge,compiler-observed,ev-th04-main-native-bg-header-abi-v995;ev-th04-main-native-bg-aggregate-v995;ev-th04-main-native-inventory-v995,src/main/bg.hpp;src/main/include/th04/main/bg.hpp;scripts/probes/probe_th04_native_main_bg_header.py;config/th04_main_exact_units.toml;src/main/boss/boss.cpp;src/main/boss/boss_prefix.inl;src/main/player/bomb.cpp;_reference/ReC98/th04/main/bg.hpp;docs/reconstruction/product/TH04_NATIVE_MAIN_SOURCE_CLOSURE_V882.md,"The v995 TC4J probe matches semantic OMF SHA-256 5ae107e4e7593f62c024f04c52740f6fa0858711718451334c22355692ab34ee. The 275-owner aggregate is deterministic in two cold builds; boss.cpp is raw/MAP/relocation exact at file 0x1F761, size 0x9B6, MAIN_035_TEXT:0xA4D1, slice SHA-256 14ac3390b67ec8ee06b25669e9f8a62b9da07a9a82d96e100864a9fbe24cad1f, and bomb.cpp is exact at file 0x11734, size 0x3D9, MAIN__TEXT:0x5444, slice SHA-256 354fe2369fbbb605d8b1e7deea259afd64470f1d15927e8a66c6c4c0b220f640. Inventory v995 leaves 53 missing paths / 67 references, with th04/main/dialog/dialog.hpp next; this is declaration-only closure.",2026-09-29T02:10:58+00:00
th04-main-native-bg-storage-gap-v995,hazard,th04-main,Background callback declarations are not target MAIN callback/tile DATA/BSS placement or startup semantics,compiler-observed,ev-th04-main-native-bg-header-abi-v995;ev-th04-main-native-bg-aggregate-v995,src/main/bg.hpp;src/main/boss/boss.cpp;src/main/boss/boss_prefix.inl;src/main/player/bomb.cpp;src/main/stage/session_init.cpp;src/main/core/gameplay_loop.cpp;src/main/tile/render.inl;src/main/scroll/page_state.asm;src/main/tile/tile.hpp;_reference/ReC98/th04/main/bg.hpp;_reference/ReC98/th04/main/tile/inv[bss].asm;docs/reconstruction/product/TH04_NATIVE_MAIN_SOURCE_CLOSURE_V882.md,"The local header exposes three near callback declarations only. The reference tile/inv[bss].asm owns the callback words adjacent to tile invalidation state; local ownership/order, complete standalone MAIN placement, the remaining 53-path closure, and PC-98 startup remain unverified. Do not allocate duplicate callback or tile state or promote this declaration closure to runtime exactness.",2026-09-29T02:10:58+00:00
th04-main-native-dialog-v996,pattern,th04-main,Artifact-local MAIN dialog declarations close the historical th04/main/dialog/dialog.hpp edge,compiler-observed,ev-th04-main-native-dialog-header-abi-v996;ev-th04-main-native-dialog-aggregate-v996;ev-th04-main-native-inventory-v996,src/main/dialog/dialog.hpp;src/main/include/th04/main/dialog/dialog.hpp;scripts/probes/probe_th04_native_main_dialog_header.py;config/th04_main_exact_units.toml;src/main/boss/boss.cpp;src/main/boss/boss_prefix.inl;src/main/stage/session_init.cpp;_reference/ReC98/th04/main/dialog/dialog.hpp;docs/reconstruction/product/TH04_NATIVE_MAIN_SOURCE_CLOSURE_V882.md,"The v996 TC4J probe matches semantic OMF SHA-256 a426841032133841315a534943fcb80065df91e6700d02d460b0f0661f1bacdf. The 275-owner aggregate is deterministic in two cold builds; boss.cpp is raw/MAP/relocation exact at file 0x1F761, size 0x9B6, MAIN_035_TEXT:0xA4D1, slice SHA-256 14ac3390b67ec8ee06b25669e9f8a62b9da07a9a82d96e100864a9fbe24cad1f, and session_init.cpp is exact at file 0xC503, size 0x1CD, DEMO_TEXT:0x08FC, slice SHA-256 2e37dff3ee0d9933fc207c7157cc5bdb3a8dd582128a07089f4cac2538cf833b. Inventory v996 leaves 52 missing paths / 64 references, with th04/shiftjis/fns.hpp next; this is declaration-only closure.",2026-09-29T02:28:40+00:00
th04-main-native-dialog-storage-gap-v996,hazard,th04-main,Dialog declarations are not target MAIN dialog DATA/BSS placement or startup semantics,compiler-observed,ev-th04-main-native-dialog-header-abi-v996;ev-th04-main-native-dialog-aggregate-v996,src/main/dialog/dialog.hpp;src/main/dialog/file.cpp;src/main/dialog/init_exit.cpp;src/main/dialog/stage_transition.inl;src/main/boss/boss.cpp;src/main/stage/session_init.cpp;src/main/core/gameplay_loop.cpp;_reference/ReC98/th04/main/dialog/dialog.hpp;_reference/ReC98/th04/main/dialog/dialog[bss].asm;_reference/ReC98/th04/main/dialog/dialog[data].asm;docs/reconstruction/product/TH04_NATIVE_MAIN_SOURCE_CLOSURE_V882.md,"The local header exposes the stage-transition callback, dialog_animate(), and GAME=4 init/exit declarations only. The reference dialog[bss].asm owns _std_update, _dialog_p, _dialog_cursor, and _dialog_side, while dialog[data].asm owns BOX_TILES; local ownership/order, complete standalone MAIN placement, the remaining 52-path closure, and PC-98 startup remain unverified. Do not allocate duplicate dialog state or promote this declaration closure to runtime exactness.",2026-09-29T02:28:40+00:00
th04-main-native-shiftjis-fns-v997,pattern,th04-main,Artifact-local TH04 Shift-JIS filename macros close the historical th04/shiftjis/fns.hpp edge,compiler-observed,ev-th04-main-native-shiftjis-fns-abi-v997;ev-th04-main-native-shiftjis-fns-aggregate-v997;ev-th04-main-native-inventory-v997,src/main/shiftjis/fns.hpp;src/main/include/th04/shiftjis/fns.hpp;scripts/probes/probe_th04_native_main_shiftjis_fns.py;config/th04_main_exact_units.toml;src/main/ems.cpp;src/main/boss/boss.cpp;src/main/boss/boss_prefix.inl;src/main/dialog/init_exit.cpp;_reference/ReC98/th04/shiftjis/fns.hpp;docs/reconstruction/product/TH04_NATIVE_MAIN_SOURCE_CLOSURE_V882.md,"The v997 GAME=4 probe matches semantic OMF SHA-256 91ff184b745fe3f5b493846d93ffca9628c272b5d7b6e2c49bdfd9720dd5c93e, including escaped original Shift-JIS OP_AND_END_PF_FN bytes, eyecatch/faceset names, boss BB/background names, and the redefined faceset loader. The 275-owner aggregate is deterministic in two cold builds and boss.cpp remains raw/MAP/relocation exact. Inventory v997 leaves 51 missing paths / 61 references, with th04/main/hud/overlay.hpp next; this is macro closure only.",2026-09-29T02:44:43+00:00
th04-main-native-shiftjis-fns-storage-gap-v997,hazard,th04-main,Shift-JIS filename macro closure does not establish target string-data ownership or standalone startup semantics,compiler-observed,ev-th04-main-native-shiftjis-fns-abi-v997;ev-th04-main-native-shiftjis-fns-aggregate-v997,src/main/shiftjis/fns.hpp;src/main/include/th04/shiftjis/fns.hpp;src/main/ems.cpp;src/main/boss/boss.cpp;src/main/dialog/init_exit.cpp;_reference/ReC98/th04/shiftjis/fns.hpp;docs/reconstruction/product/TH04_NATIVE_MAIN_SOURCE_CLOSURE_V882.md,"The local header provides preprocessor macros only; the EMS and dialog paths redefine faceset names to external DATA symbols before loading, while boss.cpp consumes literal filename macros. Target string placement/order, remaining 51-path source closure, standalone MAIN layout, and PC-98 startup remain unverified. Do not infer target DATA ownership or runtime readiness from the semantic macro probe or aggregate.",2026-09-29T02:44:43+00:00
th04-main-native-overlay-v998,pattern,th04-main,Artifact-local MAIN overlay declarations close the historical th04/main/hud/overlay.hpp edge,compiler-observed,ev-th04-main-native-overlay-header-abi-v998;ev-th04-main-native-overlay-aggregate-v998;ev-th04-main-native-inventory-v998,src/main/hud/overlay.hpp;src/main/include/th04/main/hud/overlay.hpp;scripts/probes/probe_th04_native_main_overlay_header.py;config/th04_main_exact_units.toml;src/main/bullet/update_prefix.inl;src/main/hud/overlay.cpp;src/main/item/items_update.cpp;_reference/ReC98/th04/main/hud/overlay.hpp;_reference/ReC98/th02/main/hud/overlay.hpp;_reference/ReC98/th04/gaiji/gaiji.h;docs/reconstruction/product/TH04_NATIVE_MAIN_SOURCE_CLOSURE_V882.md,"The v998 GAME=4 TC4J probe matches semantic OMF SHA-256 a26b77bd8663d61c764d0288110cd97b82c7a46614a0fdf3722ce00456dd793c and preserves near callback pointers, fade constants, popup API, title callbacks, and the inherited overlay-fill macros. The 275-owner aggregate is deterministic in two cold builds and the maintained overlay.cpp owner remains raw/MAP/relocation exact. Inventory v998 leaves 50 missing paths / 58 references, with th04/main/pointnum/pointnum.hpp next; this is declaration/helper closure only.",2026-09-29T03:02:04+00:00
th04-main-native-overlay-storage-gap-v998,hazard,th04-main,Overlay declarations and local gaiji helper types do not establish target overlay callback/data ownership or startup semantics,compiler-observed,ev-th04-main-native-overlay-header-abi-v998;ev-th04-main-native-overlay-aggregate-v998,src/main/hud/overlay.hpp;src/main/hud/overlay.cpp;src/main/bullet/update_prefix.inl;src/main/item/items_update.cpp;_reference/ReC98/th04/main/hud/overlay.hpp;_reference/ReC98/th04/gaiji/gaiji.h;docs/reconstruction/product/TH04_NATIVE_MAIN_SOURCE_CLOSURE_V882.md,"The product header supplies only declarations, constants, inherited text-RAM macros, and the gaiji enum needed by the existing overlay producer; it allocates no overlay or gaiji DATA/BSS and does not localize the separate th04/gaiji/gaiji.h consumers. Overlay storage/order, standalone MAIN placement, remaining 50-path closure, and PC-98 startup remain unverified. Do not infer target DATA/BSS ownership or runtime readiness from the semantic probe or aggregate.",2026-09-29T03:02:04+00:00
th04-main-native-pointnum-v999,pattern,th04-main,Artifact-local MAIN point-number declarations close the historical th04/main/pointnum/pointnum.hpp edge,compiler-observed,ev-th04-main-native-pointnum-header-abi-v999;ev-th04-main-native-pointnum-aggregate-v999;ev-th04-main-native-inventory-v999,src/main/pointnum/pointnum.hpp;src/main/include/th04/main/pointnum/pointnum.hpp;scripts/probes/probe_th04_native_main_pointnum_header.py;config/th04_main_exact_units.toml;src/main/bullet/update_prefix.inl;src/main/item/items_update.cpp;src/main/midboss/midboss.cpp;src/main/pointnum/add.asm;src/main/pointnum/digits.asm;src/main/pointnum/lifecycle.asm;src/main/pointnum/render.asm;src/main/pointnum/put.asm;_reference/ReC98/th04/main/pointnum/pointnum.hpp;docs/reconstruction/product/TH04_NATIVE_MAIN_SOURCE_CLOSURE_V882.md,"The v999 GAME=4 TC4J probe matches semantic OMF SHA-256 2a8607c70cf5c872e46b5642d0f1afabae678ffbdbd297fe135fb8191099ad0c and preserves pointnum_t's 16-byte layout, ring constants, near/pascal entry declarations, and pointnum_put. The 275-owner aggregate is deterministic in two cold builds and the existing point-number ASM owners remain exact. Inventory v999 leaves 49 missing paths / 55 references, with th04/gaiji/gaiji.h next; this is declaration/layout closure only.",2026-09-29T03:15:52+00:00
th04-main-native-pointnum-storage-gap-v999,hazard,th04-main,Point-number declarations and existing ASM producers do not establish target point-number DATA/BSS placement or startup semantics,compiler-observed,ev-th04-main-native-pointnum-header-abi-v999;ev-th04-main-native-pointnum-aggregate-v999,src/main/pointnum/pointnum.hpp;src/main/pointnum/add.asm;src/main/pointnum/digits.asm;src/main/pointnum/lifecycle.asm;src/main/pointnum/render.asm;src/main/pointnum/put.asm;src/main/item/items_update.cpp;src/main/midboss/midboss.cpp;_reference/ReC98/th04/main/pointnum/pointnum.hpp;_reference/ReC98/th04/main/pointnum/pointnum[bss].asm;docs/reconstruction/product/TH04_NATIVE_MAIN_SOURCE_CLOSURE_V882.md,"The product header declares pointnums, alive-pointer state, counters, and entry ABIs without allocating storage; existing point-number ASM owns the target-facing implementation and symbols. Point-number DATA/BSS order, complete standalone MAIN placement, the remaining 49-path closure, and PC-98 startup remain unverified. Do not allocate duplicate ring state or promote this declaration/layout probe to runtime exactness.",2026-09-29T03:15:52+00:00
th04-main-native-gaiji-v1000,pattern,th04-main,Artifact-local MAIN gaiji declarations close the historical th04/gaiji/gaiji.h edge,compiler-observed,ev-th04-main-native-gaiji-header-abi-v1000;ev-th04-main-native-overlay-refresh-abi-v1000;ev-th04-main-native-gaiji-aggregate-v1000;ev-th04-main-native-inventory-v1000,src/main/gaiji/gaiji.hpp;src/main/include/th04/gaiji/gaiji.h;scripts/probes/probe_th04_native_main_gaiji_header.py;config/th04_main_exact_units.toml;src/main/hud/overlay.hpp;src/main/hud/hud.cpp;src/main/score/ranking.cpp;src/main/stage/bonus.cpp;_reference/ReC98/th04/gaiji/gaiji.h;_reference/ReC98/th02/gaiji/from_2.h;docs/reconstruction/product/TH04_NATIVE_MAIN_SOURCE_CLOSURE_V882.md,"The v1000 GAME=4 TC4J probe matches semantic OMF SHA-256 cd969c8c32739af59b7951643a934f4c4efad6702093604668ee529bc9b23fac and preserves the shared gaiji macros, complete gaiji_th04_t enum, and fade/return constants. Consolidating overlay.hpp onto the same header leaves its affected ABI probe at a26b77bd8663d61c764d0288110cd97b82c7a46614f0df3722ce00456dd793c. The 275-owner aggregate is deterministic in two cold builds with overlay.cpp exact; inventory v1000 leaves 48 missing paths / 52 references, with th04/main/end.hpp next. This is enum/macro closure only.",2026-09-29T03:29:17+00:00
th04-main-native-gaiji-storage-gap-v1000,hazard,th04-main,Gaiji enum/macro closure is not target TH04 gaiji string DATA/BSS placement or startup semantics,compiler-observed,ev-th04-main-native-gaiji-header-abi-v1000;ev-th04-main-native-overlay-refresh-abi-v1000;ev-th04-main-native-gaiji-aggregate-v1000,src/main/gaiji/gaiji.hpp;src/main/hud/overlay.hpp;src/main/hud/hud.cpp;src/main/score/ranking.cpp;src/main/stage/bonus.cpp;_reference/ReC98/th04/gaiji/gaiji.h;_reference/ReC98/th04/gaiji/hud[data].asm;_reference/ReC98/th04/gaiji/gameover[data].asm;docs/reconstruction/product/TH04_NATIVE_MAIN_SOURCE_CLOSURE_V882.md,"The product header defines only enum values, shared expansion macros, and constants; HUD/gameover string arrays and gCONTINUE_ remain separately declared or ASM-owned. Aggregate replay validates affected code owners but not gaiji DATA/BSS order, complete standalone MAIN placement, the remaining 48-path closure, or PC-98 startup. Do not allocate duplicate gaiji strings or promote this header probe to runtime exactness.",2026-09-29T03:29:17+00:00
th04-main-native-end-v1001,pattern,th04-main,Artifact-local MAIN end-entry declarations close the historical th04/main/end.hpp edge,compiler-observed,ev-th04-main-native-end-header-abi-v1001;ev-th04-main-native-end-aggregate-v1001;ev-th04-main-native-inventory-v1001,src/main/end/main.hpp;src/main/include/th04/main/end.hpp;scripts/probes/probe_th04_native_main_end_header.py;config/th04_main_exact_units.toml;src/main/boss/boss.cpp;src/main/boss/boss_prefix.inl;src/main/end/ending.cpp;src/main/core/gameover.cpp;src/main/core/gameexecl.cpp;_reference/ReC98/th04/main/end.hpp;docs/reconstruction/product/TH04_NATIVE_MAIN_SOURCE_CLOSURE_V882.md,"The v1001 GAME=4 TC4J probe matches semantic OMF SHA-256 640a06f0edc0617d12460cd15ef797b0800cf3d1ec6b22e273902b8dab90df7a and preserves the four end-entry declarations plus end_game() inline dispatch. The separate th04/end/end.h state enum remains owned by src/main/end/end.hpp. The 275-owner aggregate is deterministic in two cold builds; endmain.cpp is exact at file 0xCFB9, size 0x7C, END_TEXT:0x0CC9, slice SHA-256 0cc7e7f846ffba45efc6d49668da80370b4b12acc1752b20daa14f3d045afcbb, and mapend.cpp is exact at file 0xD16F, size 0x65, END_TEXT:0x0E81, slice SHA-256 3a2d617ee705077d9e58eccdb5fcd9ce7777b16f2db8abed5e8d6c304ac6a8f7. Inventory v1001 leaves 47 missing paths / 50 references, with th04/main/stage/bonus.hpp next; this is declaration/dispatch closure only.",2026-09-29T03:42:12+00:00
th04-main-native-end-control-gap-v1001,hazard,th04-main,End-entry declarations are not resident end-state DATA/BSS placement or executable-chain semantics,compiler-observed,ev-th04-main-native-end-header-abi-v1001;ev-th04-main-native-end-aggregate-v1001,src/main/end/main.hpp;src/main/end/end.hpp;src/main/end/ending.cpp;src/main/core/gameover.cpp;src/main/core/gameexecl.cpp;_reference/ReC98/th04/main/end.hpp;_reference/ReC98/th04/end/end.h;docs/reconstruction/product/TH04_NATIVE_MAIN_SOURCE_CLOSURE_V882.md,"The product main/end header declares entry points and the GAME=4 inline selector only; the separate end header supplies ES_* state values. Aggregate replay validates endmain.cpp and mapend.cpp code owners, but resident end_sequence/end_type_ascii ownership, complete executable-chain behavior, standalone MAIN placement, the remaining 47-path closure, and PC-98 startup remain unverified. Do not infer end-state DATA/BSS or runtime readiness from the declaration probe or aggregate.",2026-09-29T03:42:12+00:00
th04-main-native-stage-bonus-v1002,pattern,th04-main,Artifact-local MAIN stage-bonus declarations close the historical th04/main/stage/bonus.hpp edge,compiler-observed,ev-th04-main-native-stage-bonus-header-abi-v1002;ev-th04-main-native-stage-bonus-aggregate-v1002;ev-th04-main-native-inventory-v1002,src/main/stage/bonus.hpp;src/main/include/th04/main/stage/bonus.hpp;scripts/probes/probe_th04_native_main_stage_bonus_header.py;config/th04_main_exact_units.toml;src/main/stage/bonus.cpp;src/main/boss/boss.cpp;src/main/boss/boss_prefix.inl;_reference/ReC98/th04/main/stage/bonus.hpp;docs/reconstruction/product/TH04_NATIVE_MAIN_SOURCE_CLOSURE_V882.md,"The v1002 GAME=4 TC4J probe matches semantic OMF SHA-256 8b51b94cbe6f30739e3114073cd8a90d244758ee0ba78f9397ad4b5e2657bded and preserves the two stage-bonus near-call declarations. The 275-owner aggregate is deterministic in two cold builds and th04/sbonus.cpp is raw/MAP/relocation exact at file 0x1EC8E, size 0x58D, MAIN_035_TEXT:0x99FE, slice SHA-256 9d34b803f8675921e44088a82add869aa55c3fc4f337ad0d31c3e2289b24adda. Inventory v1002 leaves 46 missing paths / 48 references, with th04/formats/mpn.hpp next; this is declaration closure only.",2026-09-29T03:53:11+00:00
th04-main-native-stage-bonus-control-gap-v1002,hazard,th04-main,Stage-bonus declarations are not bonus DATA/BSS placement or stage-clear runtime semantics,compiler-observed,ev-th04-main-native-stage-bonus-header-abi-v1002;ev-th04-main-native-stage-bonus-aggregate-v1002,src/main/stage/bonus.hpp;src/main/stage/bonus.cpp;src/main/boss/boss.cpp;src/main/boss/boss_prefix.inl;_reference/ReC98/th04/main/stage/bonus.hpp;_reference/ReC98/th04/main/stage/bonus[data].asm;docs/reconstruction/product/TH04_NATIVE_MAIN_SOURCE_CLOSURE_V882.md,"The product stage/bonus header declares only stage_clear_bonus and stage_allclear_bonus; the aggregate validates the existing sbonus.cpp owner but not bonus strings, resident score/life/power state, standalone MAIN placement, remaining 46-path closure, or PC-98 startup. Do not infer complete stage-clear control flow or runtime readiness from this declaration probe.",2026-09-29T03:53:11+00:00
th04-main-native-mpn-v1003,pattern,th04-main,Artifact-local MAIN MPN format declarations close the historical th04/formats/mpn.hpp edge,compiler-observed,ev-th04-main-native-mpn-header-abi-v1003;ev-th04-main-native-mpn-aggregate-v1003;ev-th04-main-native-inventory-v1003,src/main/formats/mpn.hpp;src/main/include/th04/formats/mpn.hpp;src/main/hardware/planar.hpp;src/shared/formats/tile.hpp;src/shared/hardware/graphics.hpp;src/shared/platform/pc98.hpp;scripts/probes/probe_th04_native_main_mpn_header.py;config/th04_main_exact_units.toml;src/main/formats/mpn_free.cpp;src/main/formats/mpn_load.cpp;_reference/ReC98/th04/formats/mpn.hpp;_reference/ReC98/th02/formats/mpn.hpp;docs/reconstruction/product/TH04_NATIVE_MAIN_SOURCE_CLOSURE_V882.md,"The v1003b GAME=4 TC4J probe matches semantic OMF SHA-256 75366668c25e9f2dae70cd178ecb2d919809175dff435d89a47fadc0ae9738a2 and preserves MPN plane/image/header/slot layouts plus the three extern-C Pascal entry ABIs. The first aggregate exposed a missing transitive graphics API; after adding it, the 275-owner aggregate is deterministic in two cold builds and th04/mpnend.cpp is raw/MAP/relocation exact at file 0xD15C, size 0x75, END_TEXT:0x0E0C, slice SHA-256 746d80268b65200ceee3667bee747c3c235a4baa5813bf8197761021453bf976. Inventory v1003 leaves 45 missing paths / 46 references, with th04/main/player/move.hpp next; this is format/API closure only.",2026-09-29T04:06:28+00:00
th04-main-native-mpn-control-gap-v1003,hazard,th04-main,MPN declarations and exact mpnend code do not establish slot DATA/BSS placement or file/runtime semantics,compiler-observed,ev-th04-main-native-mpn-header-abi-v1003;ev-th04-main-native-mpn-aggregate-v1003,src/main/formats/mpn.hpp;src/main/formats/mpn_load.cpp;src/main/formats/mpn_free.cpp;src/main/formats/mpn_upload.cpp;src/main/formats/mpn_render.asm;_reference/ReC98/th04/formats/mpn.hpp;_reference/ReC98/th04/main/mpn[data].asm;docs/reconstruction/product/TH04_NATIVE_MAIN_SOURCE_CLOSURE_V882.md,"The local MPN header declares mpn_slots and layouts but allocates no storage; the aggregate validates the existing mpnend.cpp owner only. Slot DATA/BSS order, allocation/file-read behavior, standalone MAIN placement, remaining 45-path closure, and PC-98 startup remain unverified. Do not infer complete MPN runtime semantics or readiness from the header probe or aggregate.",2026-09-29T04:06:28+00:00
th04-main-native-player-move-v1004,pattern,th04-main,Artifact-local MAIN player-move declarations close the historical th04/main/player/move.hpp edge,compiler-observed,ev-th04-main-native-player-move-header-abi-v1004;ev-th04-main-native-player-move-aggregate-v1004;ev-th04-main-native-inventory-v1004,src/main/player/move.hpp;src/main/include/th04/main/player/move.hpp;src/main/hardware/input.hpp;src/main/math/subpixel.hpp;src/main/player/move.cpp;src/main/player/update.cpp;scripts/probes/probe_th04_native_main_player_move_header.py;config/th04_main_exact_units.toml;_reference/ReC98/th04/main/player/move.hpp;_reference/ReC98/th04/hardware/input.h;_reference/ReC98/th01/math/subpixel.hpp;docs/reconstruction/product/TH04_NATIVE_MAIN_SOURCE_CLOSURE_V882.md,"The v1004 GAME=4 TC4J probe matches semantic OMF SHA-256 5b68dafe50dbcb1424986c75787badb562674a073f43c35c75e74803d4d6447e and preserves the signed movement-speed constants, MOVE_* result enum, and Pascal near player_move ABI. The 275-owner aggregate is deterministic in two cold builds while staging three rewrites; th04/player_m.cpp is raw/MAP/relocation exact at file 0x12098, size 0xB8, PLAYER_M_TEXT:0x5DA8, slice SHA-256 2b53caaff007003e4181ef5afd236dec6afbf04bdf201e6009c024432ae6e86b, and th04/pupdate.cpp is exact at file 0x12188, size 0x275, MAIN_0_TEXT:0x5E98, slice SHA-256 961208da263bee64965de2153b1d51175e8d1d2c2c157647f30506815aa9f6f7. Inventory v1004 leaves 44 missing paths / 44 references, with th04/main/stage/stages.hpp next; this is declaration/API closure only.",2026-09-29T04:19:54+00:00
th04-main-native-player-move-control-gap-v1004,hazard,th04-main,Player-move declarations and exact code owners do not establish player-state DATA/BSS placement or startup semantics,compiler-observed,ev-th04-main-native-player-move-header-abi-v1004;ev-th04-main-native-player-move-aggregate-v1004,src/main/player/move.hpp;src/main/player/move.cpp;src/main/player/update.cpp;src/main/player/player.hpp;_reference/ReC98/th04/main/player/move.hpp;_reference/ReC98/th04/main/player/pos[bss].asm;docs/reconstruction/product/TH04_NATIVE_MAIN_SOURCE_CLOSURE_V882.md,"The local player-move header declares speed constants and player_move but allocates no player state; aggregate replay validates the player_m.cpp and pupdate.cpp code owners only. Player position/input storage, remaining 44-path closure, standalone MAIN placement, and PC-98 startup remain unverified. Do not infer gameplay readiness from this declaration probe or aggregate.",2026-09-29T04:19:54+00:00
th04-main-native-stage-stages-v1005,pattern,th04-main,Artifact-local MAIN stage-render declarations close the historical th04/main/stage/stages.hpp edge,compiler-observed,ev-th04-main-native-stage-stages-header-abi-v1005;ev-th04-main-native-stage-stages-aggregate-v1005;ev-th04-main-native-inventory-v1005,src/main/stage/stages.hpp;src/main/include/th04/main/stage/stages.hpp;src/main/math/subpixel.hpp;src/main/stage/render.inl;src/main/boss/boss.cpp;scripts/probes/probe_th04_native_main_stage_stages_header.py;config/th04_main_exact_units.toml;_reference/ReC98/th04/main/stage/stages.hpp;_reference/ReC98/th04/main/stage/stages.cpp;docs/reconstruction/product/TH04_NATIVE_MAIN_SOURCE_CLOSURE_V882.md,"The v1005 GAME=4 TC4J probe matches semantic OMF SHA-256 69d8c1d651617dd0e5ce49fd34d758b665a8351336c681e3d4f95b00a3f590b1 and preserves stage4/stage5 near-call declarations, STAGE5_STAR_COUNT, and the Subpixel star-center array. The first aggregate failed closed on transient object-normalized nondeterminism in five pre-existing ASM-derived units; the independent rerun passes all 275 owners in two cold builds. th04/stages.cpp is raw/MAP/relocation exact at file 0x102E4, size 0x1AA, STAGES_TEXT:0x3FF4, slice SHA-256 580e4ff70c60beb0578131095bddd52651dd712da9faf25d3f3cc75cf6df4324. Inventory v1005 leaves 43 missing paths / 43 references, with th04/main/bullet/pellet_r.hpp next; this is stage declaration/API closure only.",2026-09-29T04:33:43+00:00
th04-main-native-stage-stages-control-gap-v1005,hazard,th04-main,Stage-render declarations and exact stages code do not establish stage-star DATA/BSS placement or startup semantics,compiler-observed,ev-th04-main-native-stage-stages-header-abi-v1005;ev-th04-main-native-stage-stages-aggregate-v1005,src/main/stage/stages.hpp;src/main/stage/render.inl;src/main/boss/boss.cpp;src/main/stage/session_init.cpp;_reference/ReC98/th04/main/stage/stages.hpp;_reference/ReC98/th04/main/stage/funcs[bss].asm;docs/reconstruction/product/TH04_NATIVE_MAIN_SOURCE_CLOSURE_V882.md,"The local stage-stages header declares stage4/stage5 entry points and stage5_star_center_y but allocates no storage; aggregate replay validates the stages.cpp owner only. Stage callback and star-center DATA/BSS order, remaining 43-path closure, standalone MAIN placement, and PC-98 startup remain unverified. Do not infer complete stage runtime readiness from this declaration probe or aggregate.",2026-09-29T04:33:43+00:00
th04-main-native-pellet-r-v1006,pattern,th04-main,Artifact-local MAIN pellet-render declarations close the historical th04/main/bullet/pellet_r.hpp edge,compiler-observed,ev-th04-main-native-pellet-r-header-abi-v1006;ev-th04-main-native-pellet-r-aggregate-v1006;ev-th04-main-native-inventory-v1006,src/main/bullet/pellet_r.hpp;src/main/include/th04/main/bullet/pellet_r.hpp;src/main/bullet/bullet.hpp;src/main/hardware/planar.hpp;src/main/bullet/render.cpp;src/main/bullet/update_prefix.inl;src/main/bullet/pellet_render.asm;scripts/probes/probe_th04_native_main_pellet_r_header.py;config/th04_main_exact_units.toml;_reference/ReC98/th04/main/bullet/pellet_r.hpp;_reference/ReC98/th04/main/bullet/bullet.hpp;_reference/ReC98/planar.h;docs/reconstruction/product/TH04_NATIVE_MAIN_SOURCE_CLOSURE_V882.md,"The v1006 GAME=4 TC4J probe matches semantic OMF SHA-256 92ca695c01691b3df567faabb541e465993ca32abfb7540341ae7085b4ffd72b and preserves the pellet_render_t top/bottom union, PELLET_COUNT-backed render array/count, and near renderer entry ABI. The 275-owner aggregate is deterministic in two cold builds while staging one pellet-r header rewrite; th04-main-pellet-render-asm-v161 is raw/MAP/relocation exact at file 0xE19C, size 0xFC, TILE_TEXT:0x1EAC, slice SHA-256 21006e191df5be13ca186eaee0787f681cddadc6a631c65679b2b46cdd7c77e3. Inventory v1006 leaves 42 missing paths / 42 references, with th04/dialog.cpp still unmapped and th04/hardware/inputvar.h next; this is declaration closure only.",2026-09-29T04:45:23+00:00
th04-main-native-pellet-r-control-gap-v1006,hazard,th04-main,Pellet-render declarations and the exact symbolic ASM owner do not establish pellet DATA/BSS placement or runtime startup semantics,compiler-observed,ev-th04-main-native-pellet-r-header-abi-v1006;ev-th04-main-native-pellet-r-aggregate-v1006,src/main/bullet/pellet_r.hpp;src/main/bullet/render.cpp;src/main/bullet/pellet_render.asm;src/main/bullet/update_prefix.inl;_reference/ReC98/th04/main/bullet/pellet_r.hpp;_reference/ReC98/th04/main/bullet/pellet_r[data].asm;docs/reconstruction/product/TH04_NATIVE_MAIN_SOURCE_CLOSURE_V882.md,"The local pellet-render header declares pellet_render_t, pellets_render_count, pellets_render, and near renderer entries but allocates no storage; aggregate replay validates the existing TILE_TEXT symbolic ASM owner only. Pellet render DATA/BSS order, remaining 42-path closure, standalone MAIN placement, and PC-98 startup remain unverified. Do not infer complete pellet runtime readiness from this declaration probe or aggregate.",2026-09-29T04:45:23+00:00
th04-main-native-inputvar-v1007,pattern,th04-main,Artifact-local MAIN inputvar wrapper closes the historical th04/hardware/inputvar.h edge while preserving the existing input declaration owner,compiler-observed,ev-th04-main-native-inputvar-header-abi-v1007;ev-th04-main-native-inputvar-aggregate-v1007;ev-th04-main-native-inventory-v1007,src/main/hardware/input.hpp;src/main/include/th04/hardware/inputvar.h;src/main/demo.cpp;scripts/probes/probe_th04_native_main_inputvar_header.py;config/th04_main_exact_units.toml;_reference/ReC98/th04/hardware/inputvar.h;docs/reconstruction/product/TH04_NATIVE_MAIN_SOURCE_CLOSURE_V882.md,"The v1007 GAME=4 TC4J probe matches semantic OMF SHA-256 74e1141bfa3cf13cb4bbd85f5b4856a7e73dd8abc1185c66e9197273d67ac0f9 and preserves input_t/input_replay_t widths, replay/movement constants, and key_det/shiftkey declarations through the product wrapper. The 275-owner aggregate is deterministic in two cold builds while staging one inputvar occurrence; th04/demo.cpp is raw/MAP/relocation exact at file 0xCBEE, size 0x9A, DEMO_TEXT:0x08FE, slice SHA-256 b87d9f4e21d2b60129d1f1dea010f1c46eb7982efb0b7bed54c6be454112d740. Inventory v1007 leaves 41 missing paths / 41 references, with th04/main/demo.hpp next; this closes a historical include path, not new input storage.",2026-09-29T04:55:53+00:00
th04-main-native-inputvar-control-gap-v1007,hazard,th04-main,Inputvar declaration closure does not establish target MAIN input DATA/BSS placement or startup semantics,compiler-observed,ev-th04-main-native-inputvar-header-abi-v1007;ev-th04-main-native-inputvar-aggregate-v1007,src/main/hardware/input.hpp;src/main/include/th04/hardware/inputvar.h;src/main/demo.cpp;_reference/ReC98/th04/hardware/inputvar.h;_reference/ReC98/th04/hardware/inputvar[data].asm;docs/reconstruction/product/TH04_NATIVE_MAIN_SOURCE_CLOSURE_V882.md,"The inputvar wrapper reuses the maintained input.hpp declarations and allocates no key_det/shiftkey storage; aggregate replay validates the existing demo.cpp owner only. Input DATA/BSS order and offsets, remaining 41-path closure, standalone MAIN placement, and PC-98 startup remain unverified. Do not infer input runtime readiness from this wrapper probe or aggregate.",2026-09-29T04:55:53+00:00
th04-main-native-demo-v1008,pattern,th04-main,Artifact-local MAIN demo declarations close the historical th04/main/demo.hpp edge while preserving the existing exact demo.cpp owner,compiler-observed,ev-th04-main-native-demo-header-abi-v1008;ev-th04-main-native-demo-aggregate-v1008;ev-th04-main-native-inventory-v1008,src/main/demo.hpp;src/main/include/th04/main/demo.hpp;src/main/demo.cpp;src/main/core/gameexecl.hpp;src/main/hardware/input.hpp;src/shared/runtime/api.hpp;src/shared/hardware/graphics.hpp;scripts/probes/probe_th04_native_main_demo_header.py;config/th04_main_exact_units.toml;_reference/ReC98/th04/main/demo.hpp;docs/reconstruction/product/TH04_NATIVE_MAIN_SOURCE_CLOSURE_V882.md,"The v1008 GAME=4 TC4J probe matches semantic OMF SHA-256 da58132a85ef5996e965e9c33f4c3c85384c13fa882c36544e36acd8642a894a and preserves the REC<Frames> layout, DEMO_N/DEMO_N_EXTRA constants, DemoBuf far pointer, and near DemoPlay declaration. The 275-owner aggregate is deterministic in two cold builds while staging one demo-header rewrite; th04/demo.cpp remains raw/MAP/relocation exact at file 0xCBEE, size 0x9A, DEMO_TEXT:0x08FE, slice SHA-256 b87d9f4e21d2b60129d1f1dea010f1c46eb7982efb0b7bed54c6be454112d740. Inventory v1008 leaves 40 missing paths / 40 references, with th04/shiftjis.hpp next; this is declaration closure and affected-owner revalidation only.",2026-09-29T05:24:03+00:00
th04-main-native-demo-control-gap-v1008,hazard,th04-main,Demo declarations and the exact demo.cpp owner do not establish replay DATA/BSS placement or full executable-chain startup semantics,compiler-observed,ev-th04-main-native-demo-header-abi-v1008;ev-th04-main-native-demo-aggregate-v1008;ev-th04-main-codeseg-call-shape-negative,src/main/demo.hpp;src/main/demo.cpp;src/main/core/gameexecl.hpp;src/main/hardware/input.hpp;_reference/ReC98/th04/main/demo.hpp;_reference/ReC98/th04/main/demo[data].asm;docs/reconstruction/main/TH04_FINAL_BLOCKER_PROVENANCE_V413.md;docs/reconstruction/product/TH04_NATIVE_MAIN_SOURCE_CLOSURE_V882.md,"The local demo header declares replay layout and the demo_end free/fade/chain surface but allocates no DemoBuf/demo_fn/DEMOPLAY_BINARY_OP storage. A natural cross-code-segment GameExecl call emits a far CALL rather than the target's far-string plus NOP/PUSH-CS/near-CALL seam, so the header keeps a bounded original-style ASM call surface without granting whole-header or standalone-runtime exactness. Replay DATA/BSS order, remaining 40-path closure, standalone MAIN placement, and PC-98 startup remain unverified; do not infer demo runtime readiness from this header probe or aggregate.",2026-09-29T05:24:03+00:00
th04-main-native-shiftjis-v1009,pattern,th04-main,Artifact-local MAIN Shift-JIS header closes the historical bare shiftjis.hpp edge while preserving the affected HUD overlay owner,compiler-observed,ev-th04-main-native-shiftjis-header-abi-v1009;ev-th04-main-native-overlay-header-abi-v1009;ev-th04-main-native-shiftjis-aggregate-v1009;ev-th04-main-native-inventory-v1009,src/main/include/shiftjis.hpp;src/main/hud/overlay.hpp;src/main/hud/overlay.cpp;scripts/probes/probe_th04_native_main_shiftjis_header.py;scripts/probes/probe_th04_native_main_overlay_header.py;config/th04_main_exact_units.toml;_reference/ReC98/shiftjis.hpp;_reference/ReC98/th04/main/hud/overlay.hpp;docs/reconstruction/product/TH04_NATIVE_MAIN_SOURCE_CLOSURE_V882.md,"The v1009 GAME=4 TC4J probe matches semantic OMF SHA-256 796649f7726500703aa2dbba7d2a31dca3fe3d34964f87e347f8d6883d741d25 for the Shift-JIS scalar, bytewise wrapper, buffer, kanji_swap macro, and conversion helper. Overlay-header ABI remains semantic-OMF exact at a26b77bd8663d61c764d0288110cd97b82c7a46614a0fdf3722ce00456dd793c. The 275-owner aggregate is deterministic in two cold builds; th04/hud_ovrl.cpp remains raw/MAP/relocation exact at file 0x1254B, size 0x806, HUD_OVRL_TEXT:0x625B, slice SHA-256 1d3214adf711bbcd4dd08d0ba0140ee9a2f4a2dddba4743937134b901c7f6c94. Inventory v1009 leaves 39 missing paths / 39 references, with th04/formats/scoredat/scoredat.hpp next; this closes one header edge and revalidates the affected owner only.",2026-09-29T05:40:01+00:00
th04-main-native-shiftjis-control-gap-v1009,hazard,th04-main,Shift-JIS declarations and the exact HUD overlay owner do not establish MAIN text DATA/BSS ownership or standalone startup,compiler-observed,ev-th04-main-native-shiftjis-header-abi-v1009;ev-th04-main-native-overlay-header-abi-v1009;ev-th04-main-native-shiftjis-aggregate-v1009,src/main/include/shiftjis.hpp;src/main/hud/overlay.hpp;src/main/hud/overlay.cpp;_reference/ReC98/shiftjis.hpp;_reference/ReC98/th04/main/hud/overlay.cpp;docs/reconstruction/product/TH04_NATIVE_MAIN_SOURCE_CLOSURE_V882.md,"The local Shift-JIS header supplies scalar aliases, bytewise wrappers, conversion helpers, and no text storage; aggregate replay validates the existing overlay code owner only. Text/string DATA/BSS order, remaining 39-path closure, standalone MAIN placement, and PC-98 startup remain unverified. Do not infer MAIN runtime readiness from this header closure or affected-owner replay.",2026-09-29T05:40:01+00:00
th04-main-native-scoredat-v1010,pattern,th04-main,Artifact-local MAIN scoredat header closes the historical th04/formats/scoredat/scoredat.hpp edge while preserving the existing ranking owner,compiler-observed,ev-th04-main-native-scoredat-header-abi-v1010;ev-th04-main-native-scoredat-aggregate-v1010;ev-th04-main-native-inventory-v1010,src/main/score/scoredat.hpp;src/main/include/th04/formats/scoredat/scoredat.hpp;src/main/score/ranking.cpp;src/shared/config/score.hpp;scripts/probes/probe_th04_native_main_scoredat_header.py;config/th04_main_exact_units.toml;_reference/ReC98/th04/formats/scoredat/scoredat.hpp;_reference/ReC98/th04/score.h;docs/reconstruction/product/TH04_NATIVE_MAIN_SOURCE_CLOSURE_V882.md,"The v1010 GAME=4 BINARY=M TC4J probe matches semantic OMF SHA-256 65f80e25f4e04491ce454d44dec7493cf12bc98236da1e0f980fc665763a5c1d for the scoredat section layout, constants, score fields, and near decode/encode/recreate declarations. The 275-owner aggregate is deterministic in two cold builds; th04/score_rm.cpp remains raw/MAP/relocation exact at file 0x1420A, size 0x2DB, SCORE_TEXT:0x7F1A, slice SHA-256 41706ba632de7dc75b50a9f55bb88c3111dab1716f9074ae983867d43fafa001. Inventory v1010 leaves 38 missing paths / 38 references, with th04/main/checkerb.hpp next; this is header closure and affected-owner revalidation only.",2026-09-29T05:52:00+00:00
th04-main-native-scoredat-control-gap-v1010,hazard,th04-main,Scoredat declarations and the exact ranking owner do not establish score-table DATA/BSS ownership or standalone startup,compiler-observed,ev-th04-main-native-scoredat-header-abi-v1010;ev-th04-main-native-scoredat-aggregate-v1010,src/main/score/scoredat.hpp;src/main/include/th04/formats/scoredat/scoredat.hpp;src/main/score/ranking.cpp;src/main/score/scoredat_code.asm;_reference/ReC98/th04/formats/scoredat/scoredat.hpp;_reference/ReC98/th04/formats/scoredat[bss].asm;docs/reconstruction/product/TH04_NATIVE_MAIN_SOURCE_CLOSURE_V882.md,"The local scoredat header supplies the section type, constants, globals, and function declarations but allocates no hi/hi2 score-table storage; aggregate replay validates the existing ranking code owner only. Score-table DATA/BSS order and offsets, remaining 38-path closure, standalone MAIN placement, and PC-98 startup remain unverified. Do not infer score runtime readiness from this header closure or affected-owner replay.",2026-09-29T05:52:00+00:00
th04-main-native-checkerb-v1011,pattern,th04-main,Artifact-local MAIN checkerboard declaration closes the historical th04/main/checkerb.hpp edge while preserving the accepted checkerboard fragment owners,compiler-observed,ev-th04-main-native-checkerb-header-abi-v1011;ev-th04-main-native-checkerb-aggregate-v1011;ev-th04-main-native-inventory-v1011,src/main/stage/checkerb.hpp;src/main/include/th04/main/checkerb.hpp;src/main/stage/checkerboard.cpp;src/main/stage/checkerboard_prefix.inl;src/main/stage/checkerboard_store.inl;src/main/stage/checkerboard_suffix.inl;scripts/probes/probe_th04_native_main_checkerb_header.py;config/th04_main_exact_units.toml;_reference/ReC98/th04/main/checkerb.hpp;docs/reconstruction/product/TH04_NATIVE_MAIN_SOURCE_CLOSURE_V882.md,"The v1011 GAME=4 TC4J probe matches semantic OMF SHA-256 5d0e1f65904bc723f79cdf9c200224b6f81a7cce9095edaa7d7c355622207931 for the near checkerboard entry declaration and call ABI. The 275-owner aggregate is deterministic in two cold builds; the accepted checkerboard prefix/store/suffix owners remain raw/MAP/relocation exact for 0x3E + 0x07 + 0x67 bytes, while the reviewed two-byte LOOP remains blocked. Inventory v1011 leaves 37 missing paths / 37 references: 35 .cpp fragments and two .inl fragments; only th04/dialog.cpp remains unmapped.",2026-09-29T06:05:38+00:00
th04-main-native-checkerb-control-gap-v1011,hazard,th04-main,Checkerboard declaration and accepted natural subextents do not establish checkerboard state DATA/BSS ownership or full function exactness,compiler-observed,ev-th04-main-native-checkerb-header-abi-v1011;ev-th04-main-native-checkerb-aggregate-v1011,src/main/stage/checkerb.hpp;src/main/stage/checkerboard.cpp;src/main/stage/checkerboard_prefix.inl;src/main/stage/checkerboard_store.inl;src/main/stage/checkerboard_suffix.inl;config/units.csv;_reference/ReC98/th04/main/checkerb.hpp;docs/reconstruction/main/TH04_MAIN_CHECKERBOARD_V396.md;docs/reconstruction/product/TH04_NATIVE_MAIN_SOURCE_CLOSURE_V882.md,"The local checkerb header supplies only the near entry declaration; the exact aggregate revalidates 172 of the reviewed 174 checkerboard bytes, and the target-derived two-byte LOOP remains blocked. Checkerboard state ownership, remaining 37-path closure, standalone MAIN placement, and PC-98 startup remain unverified. Do not infer full checkerboard or MAIN runtime readiness from this header closure or affected-fragment replay.",2026-09-29T06:05:38+00:00
th04-main-native-dialog-storage-v1012,pattern,th04-main,Artifact-local MAIN dialog DATA/BSS owners close the reference dialog storage surface without fabricating the missing dialog.cpp composition,runtime-observed,ev-th04-main-native-dialog-data-target-v1012;ev-th04-main-native-dialog-storage-abi-v1012;ev-th04-main-native-dialog-storage-cold-v1012,src/main/dialog/state.hpp;src/main/include/th04/main/dialog/state.hpp;src/main/dialog/state.asm;src/main/dialog/data.asm;scripts/probes/probe_th04_native_main_dialog_storage.py;_reference/ReC98/th04/main/dialog/dialog[bss].asm;_reference/ReC98/th04/main/dialog/dialog[data].asm;docs/reconstruction/product/TH04_NATIVE_MAIN_SOURCE_CLOSURE_V882.md,"The maintained TASM owners export _std_update, _dialog_p, _dialog_cursor, and _dialog_side as a 0x0C-byte isolated BSS block, and _BOX_TILES as a 0x18-byte DATA block whose target file slice at 0x243B2 matches SHA-256 b77ac7b9bf6ea78369d179285fd8059812f932f3d422c28f839565c0c820e32. Two cold DOS probes pass with stable semantic OMF and linked MZ hashes. This is source-present/runtime-observed storage evidence only; target BSS offsets, full dialog composition, standalone MAIN placement, and PC-98 startup remain open.",2026-09-29T06:25:07+00:00
th04-main-native-dialog-storage-gap-v1012,hazard,th04-main,Dialog storage ABI and one target DATA slice do not establish target BSS placement or the complete dialog producer,compiler-observed,ev-th04-main-native-dialog-storage-abi-v1012;ev-th04-main-native-dialog-storage-cold-v1012,src/main/dialog/state.asm;src/main/dialog/data.asm;src/main/dialog/state.hpp;src/main/dialog/fused.cpp;src/main/dialog/run.inl;src/main/dialog/op.inl;_reference/ReC98/th04/main/dialog/dialog[bss].asm;_reference/ReC98/th04/main/dialog/dialog[data].asm;docs/reconstruction/product/TH04_NATIVE_MAIN_SOURCE_CLOSURE_V882.md,"The isolated owners are deterministic and executable, but the remaining physical th04/dialog.cpp composition, target BSS ordering/offsets, native MAIN link manifest, and PC-98 startup are still unverified. Do not promote this storage batch to standalone MAIN readiness.",2026-09-29T06:25:07+00:00
th04-main-native-composition-v1013,recipe,th04-main,Cold replay must materialize localized product composite sources and adapt only historical scaffold spellings,compiler-observed,ev-th04-main-native-composition-aggregate-v1013;ev-th04-main-native-inventory-v1013,src/main/boss/boss_bg_main01.cpp;src/main/boss/elly_update.cpp;src/main/boss/kurumi_update.cpp;src/main/boss/marisa4_main033.cpp;src/main/boss/mugetsu_main033.cpp;src/main/boss/yuuka5.cpp;src/main/boss/yuuka6_main034.cpp;src/main/core/demo_prefix.cpp;scripts/replay_th04_main_exact_units.py;config/th04_main_exact_units.toml;docs/reconstruction/product/TH04_NATIVE_MAIN_COMPOSITION_V1013.md,"When a maintained physical TU includes checked-in src/main composite children, freeze the complete product-source closure into the cold tree. For source transforms or the PC-98 Mugetsu prebuild that require historical th04/ names, apply manifest-bound include rewrites to the cold copy only and record their hashes. Do not compile both a composite and its included child as independent objects without an explicit physical-owner decision.",2026-09-29T06:54:52+00:00
th04-main-native-composition-gap-v1013,hazard,th04-main,The remaining th04/dialog.cpp wrapper is not a complete local dialog composition,observed,ev-th04-main-native-inventory-v1013;ev-th04-main-native-composition-aggregate-v1013,src/main/dialog/fused.cpp;src/main/dialog/dialog.hpp;src/main/dialog/op.inl;src/main/dialog/run.inl;src/main/dialog/animate.inl;src/main/dialog/init.inl;src/main/dialog/exit.inl;docs/reconstruction/product/TH04_NATIVE_MAIN_COMPOSITION_V1013.md,"Inventory now has one unmapped body path: th04/dialog.cpp. Keep the accepted dialog fragments and storage owners separate until the shared declaration surface and physical DIALOG_TEXT/M4_RENDER_TEXT composition are recovered; scaffold-based aggregate replay is not standalone MAIN readiness or startup evidence.",2026-09-29T06:54:52+00:00
th04-main-native-dialog-composition-v1020,pattern,th04-main,Maintained MAIN dialog fragments now have one local physical composite producer,compiler-observed,ev-th04-main-native-dialog-inventory-v1020;ev-th04-main-native-dialog-aggregate-v1020,src/main/dialog/dialog.cpp;src/main/dialog/fused.cpp;src/main/dialog/render_primitives.inl;src/main/dialog/fade_in.inl;src/main/dialog/stage_transition.inl;src/main/dialog/script_params.inl;src/main/dialog/op.inl;src/main/dialog/run.inl;src/main/dialog/animate.inl;src/main/dialog/script_state.asm;config/th04_main_exact_units.toml;docs/reconstruction/product/TH04_NATIVE_MAIN_DIALOG_COMPOSITION_V1020.md,"The maintained dialog physical TU compiles through the TC4J cold tree and the quoted-source inventory is closed. Exact replay adapts only the cold th04/dlgfuse.cpp copy back to historical f_dialog.cpp/dialog.cpp spellings, preserving the accepted 275-owner replay without claiming local byte equality or native MAIN readiness.",2026-09-29T07:29:30+00:00
th04-main-native-dialog-composition-gap-v1020,hazard,th04-main,Local dialog composition and candidate script-parameter BSS owner do not establish target byte ownership or standalone MAIN placement,compiler-observed,ev-th04-main-native-dialog-inventory-v1020;ev-th04-main-native-dialog-aggregate-v1020,src/main/dialog/dialog.cpp;src/main/dialog/fused.cpp;src/main/dialog/script_state.asm;src/main/dialog/state.asm;src/main/dialog/data.asm;_reference/ReC98/th04/main/dialog/dialog[bss].asm;_reference/ReC98/th04/main/dialog/dialog[data].asm;docs/reconstruction/product/TH04_NATIVE_MAIN_DIALOG_COMPOSITION_V1020.md,"The local producer is source-closure evidence only. Its physical object differs from the accepted historical scaffold until independently reconciled; target DATA/BSS order and offsets, the native MAIN link manifest, and PC-98 startup remain open.",2026-09-29T07:29:30+00:00
th04-main-native-link-manifest-v1021,pattern,th04-main,Freeze the historical MAIN object order before native-link work,observed,ev-th04-main-native-link-manifest-v1021,config/native_main_sources.toml;scripts/probes/probe_th04_native_main_manifest.py;_reference/ReC98/Tupfile.lua;docs/reconstruction/product/TH04_NATIVE_MAIN_LINK_MANIFEST_V1021.md,"The pinned Tupfile has 60 ordered MAIN inputs. The checked-in manifest validates that order and classifies each input as a direct maintained owner, a fused physical owner, or an explicit unresolved umbrella before any Borland build runs. The current frontier maps 52 inputs and keeps eight unresolved.",2026-09-29T07:44:42+00:00
th04-main-native-link-manifest-gap-v1021,hazard,th04-main,Native MAIN is not link-ready while historical routing umbrellas lack physical owners,observed,ev-th04-main-native-link-manifest-v1021,config/native_main_sources.toml;scripts/probes/probe_th04_native_main_manifest.py;docs/reconstruction/product/TH04_NATIVE_MAIN_LINK_MANIFEST_V1021.md,"The unresolved inputs are tile.cpp, stages.cpp, snd_se_r.cpp, snd_se.cpp, it_spl_u.cpp, bullet_u.cpp, boss_4r.cpp, and boss_x2.cpp. Do not compile a guessed substitute or duplicate fused children; recover each code/data owner and preserve object order before replacing the th04_main.asm scaffold.",2026-09-29T07:44:42+00:00
th04-main-native-compile-frontier-v1021,pattern,th04-main,Compile mapped MAIN owners in pinned scaffold context before attempting TLINK,compiler-observed,ev-th04-main-native-compile-frontier-v1021,config/native_main_sources.toml;scripts/probes/probe_th04_native_main_compile_frontier.py;docs/reconstruction/product/TH04_NATIVE_MAIN_LINK_MANIFEST_V1021.md,"The compiler-only probe stages ReC98 b6ba5b0a529edbb31efdf8c0e939263804f8ee47, copies maintained src, and serially produces 48 valid OMF objects from 49 unique direct/fused owners. It performs no link or runtime step and therefore cannot promote native MAIN readiness.",2026-09-29T07:55:32+00:00
th04-main-native-spark-segment-frontier-v1021,hazard,th04-main,src/main/spark.asm is an inline/segment-dependent owner rather than a standalone TASM unit,compiler-observed,ev-th04-main-native-compile-frontier-v1021,src/main/spark.asm;_reference/ReC98/th04/main/spark_a.asm;_reference/ReC98/th04_main.asm;config/native_main_sources.toml,"Standalone TASM reports SPARK_A_TEXT undefined and then CS unreachable diagnostics because the maintained body expects the segment declaration supplied by th04_main.asm. Preserve an explicit segment-wrapper or inline-owner decision in the native manifest; do not add a duplicate inert segment or count the failed object as link-ready.",2026-09-29T07:55:32+00:00
th04-main-native-compile-frontier-v1021f,pattern,th04-main,Compile mapped MAIN owners under historical input basenames before attempting TLINK,compiler-observed,ev-th04-main-native-compile-frontier-v1021f,config/native_main_sources.toml;scripts/probes/probe_th04_native_main_compile_frontier.py;docs/reconstruction/product/TH04_NATIVE_MAIN_LINK_MANIFEST_V1021.md,"The compiler-only probe stages ReC98 b6ba5b0a529edbb31efdf8c0e939263804f8ee47, copies maintained src, and serially produces 49 valid OMF objects from 49 unique direct/fused owners. The manifest records th04/vectorfar.asm and th04/cdgpna.asm aliases for maintained ASM owners routed through historical .cpp entries. It performs no link or runtime step and cannot promote native MAIN readiness.",2026-09-29T08:16:29+00:00
th04-main-native-spark-basename-v1021f,pattern,th04-main,TASM .code segment naming follows the historical input basename,compiler-observed,ev-th04-main-native-compile-frontier-v1021f,src/main/spark.asm;config/native_main_sources.toml;scripts/probes/probe_th04_native_main_compile_frontier.py;_reference/ReC98/th04/main/spark_a.asm,"Compiling the unchanged maintained body as th04/spark_a.asm emits a valid SPARK_A_TEXT OMF segment and matches the accepted normalized OMF identity; compiling the same bytes as src/main/spark.asm instead derives SPARK_TEXT and fails on the group/CS reachability checks. Preserve the alias in the manifest rather than adding a duplicate segment or editing the body.",2026-09-29T08:16:29+00:00
th04-main-native-sound-owners-v1021g,pattern,th04-main,Close the two sound-effect routing umbrellas with explicit local physical owners,compiler-observed,ev-th04-main-native-compile-frontier-v1021g,src/shared/sound/se_reset.cpp;src/shared/sound/se_play.cpp;src/shared/sound/se_update.cpp;src/main/sound/se.cpp;config/native_main_sources.toml;docs/reconstruction/product/TH04_NATIVE_MAIN_LINK_MANIFEST_V1021.md,"The unchanged se_reset producer compiles under historical th02/snd_se_r.cpp. A checked-in src/main/sound/se.cpp physical TU composes the accepted se_play and se_update implementations for historical th04/snd_se.cpp and emits a valid OMF with both publics. This closes compiler routing only; DATA/BSS placement, TLINK map, raw bytes, and startup remain open.",2026-09-29T08:22:30+00:00
th04-main-native-sound-composition-gap-v1021g,hazard,th04-main,The sound composite owner is not yet a native MAIN exactness claim,compiler-observed,ev-th04-main-native-compile-frontier-v1021g,src/main/sound/se.cpp;src/shared/sound/se_play.cpp;src/shared/sound/se_update.cpp;config/th04_main_exact_units.toml;docs/reconstruction/product/TH04_NATIVE_MAIN_LINK_MANIFEST_V1021.md,"The wrapper is a deliberate one-object source composition for the historical th04/snd_se.cpp route, but its two LEDATA contributions and link fixups have not been placed against target SHARED offsets in a native MAIN TLINK/MZ replay. Do not promote the six remaining unresolved routes or this composite to link-ready/exact without map, relocation, raw, and cold aggregate gates.",2026-09-29T08:22:30+00:00
th04-main-native-bullet-u-v1021h,pattern,th04-main,Close the bullet_u routing umbrella with one maintained physical producer,compiler-observed,ev-th04-main-native-link-manifest-v1021h;ev-th04-main-native-compile-frontier-v1021h,src/main/bullet/update.cpp;src/main/bullet/update_prefix.inl;src/main/bullet/update_body.inl;config/native_main_sources.toml;docs/reconstruction/product/TH04_NATIVE_MAIN_LINK_MANIFEST_V1021.md,"The checked-in src/main/bullet/update.cpp physical composition includes the exact recovered motion prefix and bullets_update body for the historical th04/bullet_u.cpp route. Under the pinned scaffold and historical basename, TC4J produces a valid OMF; this closes compiler routing only and does not establish target BULLET_U_TEXT placement, DATA/BSS ownership, native TLINK/MZ equality, or startup readiness.",2026-09-29T08:29:52+00:00
th04-main-native-bullet-u-composition-gap-v1021h,hazard,th04-main,The bullet_u composite is not yet a native MAIN exactness claim,compiler-observed,ev-th04-main-native-compile-frontier-v1021h,src/main/bullet/update.cpp;src/main/bullet/update_prefix.inl;src/main/bullet/update_body.inl;config/th04_main_exact_units.toml;docs/reconstruction/product/TH04_NATIVE_MAIN_LINK_MANIFEST_V1021.md,"The one-object wrapper is source-backed and compiles, but its prefix/body LEDATA contributions and fixups have not been placed against target BULLET_U_TEXT in a native MAIN TLINK/MZ replay. Keep the five remaining unresolved routes explicit and do not promote this routing wrapper without map, relocation, raw, cold aggregate, and runtime gates.",2026-09-29T08:29:52+00:00
th04-main-native-item-splash-v1021k,pattern,th04-main,Close the it_spl_u routing umbrella with one maintained physical producer,compiler-observed,ev-th04-main-native-link-manifest-v1021k;ev-th04-main-native-compile-frontier-v1021k,src/main/item/splash_u.cpp;src/main/item/splashes_init.inl;src/main/item/splashes.inl;src/main/item/splash.hpp;config/native_main_sources.toml;docs/reconstruction/product/TH04_NATIVE_MAIN_LINK_MANIFEST_V1021.md,"The checked-in src/main/item/splash_u.cpp physical composition combines the independently reviewed REP STOSW init fragment and add/update fragment, with the three reference-attested radius constants, for historical th04/it_spl_u.cpp. Under the pinned scaffold and historical basename, TC4J produces a valid OMF; this closes compiler routing only and does not establish target CIT_SPL_U_TEXT placement, splash BSS ownership, native TLINK/MZ equality, or startup readiness.",2026-09-29T08:44:19+00:00
th04-main-native-item-splash-composition-gap-v1021k,hazard,th04-main,The it_spl_u composite is not yet a native MAIN exactness claim,compiler-observed,ev-th04-main-native-compile-frontier-v1021k,src/main/item/splash_u.cpp;src/main/item/splashes_init.inl;src/main/item/splashes.inl;src/main/item/splash.hpp;config/th04_main_exact_units.toml;docs/reconstruction/product/TH04_NATIVE_MAIN_LINK_MANIFEST_V1021.md,"The one-object wrapper is source-backed and compiles, but its init/add/update LEDATA contributions and the external item_splash_last_id/splash-array storage have not been placed against target CIT_SPL_U_TEXT/BSS in a native MAIN TLINK/MZ replay. Keep the four remaining unresolved routes explicit and do not promote this routing wrapper without map, relocation, raw, cold aggregate, and runtime gates.",2026-09-29T08:44:19+00:00
th04-main-native-boss-state-v1021l,pattern,th04-main,Close the boss_4r.cpp and boss_x2.cpp state-owner routing umbrellas with source-backed physical TUs,compiler-observed,ev-th04-main-native-link-manifest-v1021l;ev-th04-main-native-compile-frontier-v1021l,src/main/boss/reimu4_state.cpp;src/main/boss/gengetsu6_state.cpp;config/native_main_sources.toml;_reference/ReC98/th04/main/boss/b4r.cpp;_reference/ReC98/th04/main/boss/bx2.cpp;docs/reconstruction/product/TH04_NATIVE_MAIN_LINK_MANIFEST_V1021.md,"The historical Reimu owner now has a maintained TU for orb_template and the reimu_pattern8_angle/reimu_bg_pulse_direction state cells, and the historical Gengetsu owner has a maintained TU for gengetsu_wave_amp/gengetsu_wave_target_x plus the spawn-column layout. Both compile as valid OMF objects under their historical basenames; this closes compiler routing only.",2026-09-29T08:55:36+00:00
th04-main-native-boss-state-composition-gap-v1021l,hazard,th04-main,The Reimu/Gengetsu state owners are not yet native MAIN exactness claims,compiler-observed,ev-th04-main-native-link-manifest-v1021l;ev-th04-main-native-compile-frontier-v1021l,src/main/boss/reimu4_state.cpp;src/main/boss/gengetsu6_state.cpp;config/native_main_sources.toml;config/th04_main_exact_units.toml;docs/reconstruction/product/TH04_NATIVE_MAIN_LINK_MANIFEST_V1021.md,"The state TUs compile and map the two historical inputs, but their DATA/BSS placement, object ordering, scaffold replacement, TLINK/MZ fixups, raw bytes, cold aggregate, and startup behavior remain unverified. tile.cpp and stages.cpp are still unresolved; do not infer native MAIN readiness from the 58/60 routing frontier.",2026-09-29T08:55:36+00:00
th04-main-native-tile-stage-routing-v1021m,pattern,th04-main,Close the tile.cpp and stages.cpp compiler-routing umbrellas with source-backed physical TUs,compiler-observed,ev-th04-main-native-link-manifest-v1021m;ev-th04-main-native-compile-frontier-v1021n,src/main/tile/tile.cpp;src/main/tile/invalidate_set_all.inl;src/main/tile/invalidate_reset.inl;src/main/tile/render.inl;src/main/stage/stages.cpp;src/main/stage/carpet_lighting.inl;src/main/stage/render.inl;config/native_main_sources.toml;docs/reconstruction/product/TH04_NATIVE_MAIN_LINK_MANIFEST_V1021.md,"The maintained tile and stages wrappers now close the two historical routing umbrellas. The natural tile invalidation helper supplies compiler source closure while the target REP-STOSD producer remains a separate assembler owner; the Stage 4 carpet and Stage 5 callbacks compose from maintained fragments. Under historical basenames the pinned scaffold maps all 60 inputs and compiles 57 unique physical owners to valid OMF objects. This is compiler routing only.",2026-09-29T09:14:36+00:00
th04-main-native-routing-gap-v1021m,hazard,th04-main,The complete 60-input manifest is not a native MAIN exactness or startup claim,compiler-observed,ev-th04-main-native-link-manifest-v1021m;ev-th04-main-native-compile-frontier-v1021n,config/native_main_sources.toml;src/main/tile/tile.cpp;src/main/tile/invalidate_set_all.inl;src/main/stage/stages.cpp;config/th04_main_exact_units.toml;docs/reconstruction/product/TH04_NATIVE_MAIN_LINK_MANIFEST_V1021.md,"The manifest now reports unmapped=[] and ready_for_native_link=true, and all 57 physical owners compile to valid OMF objects. No TLINK/MZ replay has replaced th04_main.asm; DATA/BSS ownership, segment/order agreement, raw bytes, cold aggregate, and PC-98 startup remain unverified. Do not promote the natural tile helper or carpet/checkerboard residuals to exact.",2026-09-29T09:14:36+00:00
th04-main-native-product-source-frontier-v1025,pattern,th04-main,Close the product-only C/C++ compiler frontier,compiler-observed,ev-th04-main-native-product-sources-v1025;ev-th04-main-native-include-inventory-v1025,scripts/probes/probe_th04_native_main_product_sources.py;src/main;src/shared;docs/reconstruction/product/TH04_NATIVE_MAIN_PRODUCT_FRONTIER_V1025.md,"The product-only tree compiles all 235 maintained MAIN and shared C/C++ sources to valid OMF objects with short DOS aliases and zero missing quoted includes. This is source closure only and does not establish native MAIN link readiness.",2026-09-29T10:53:45Z
th04-main-native-state-owner-frontier-v1025,pattern,th04-main,Close the eight physical MAIN DATA/BSS compiler owners,compiler-observed,ev-th04-main-native-state-owners-v1025,src/main/core/frame_state.asm;src/main/core/quit_state.asm;src/main/core/slowdown_state.asm;src/main/dialog/data.asm;src/main/dialog/script_state.asm;src/main/dialog/state.asm;src/main/scroll/page_state.asm;src/main/scroll/state.asm;docs/reconstruction/product/TH04_NATIVE_MAIN_PRODUCT_FRONTIER_V1025.md,"All eight maintained state owners assemble to valid TASM OMF objects. Their final DGROUP/BSS offsets and complete MAIN TLINK/MZ placement remain open.",2026-09-29T10:50:47Z
th04-main-native-product-frontier-gap-v1025,hazard,th04-main,Product compiler closure is not standalone MAIN readiness,compiler-observed,ev-th04-main-native-product-sources-v1025;ev-th04-main-native-state-owners-v1025,config/native_main_sources.toml;config/th04_main_exact_units.toml;docs/RE_HANDOFF.md,"The 235 C/C++ objects and eight DATA/BSS OMF producers have no native MAIN TLINK manifest with final segment order and no MZ or PC-98 startup replay. Preserve the blocker until relocation/layout and cold aggregate runtime gates pass.",2026-09-29T10:53:45Z
th04-main-native-link-frontier-v1028,pattern,th04-main,Maintained-source native MAIN link frontier with layout anchor first,compiler-observed,ev-th04-main-native-link-v1028,scripts/probes/probe_th04_native_main_link.py;docs/reconstruction/product/TH04_NATIVE_MAIN_LINK_V1028.md,"The pinned probe compiles all 191 C/C++ roots, assembles 8 state owners and 64/84 other ASM owners, and places main_code_order_anchor.asm first so duplicate publics and 64-KiB group overflows disappear. TLINK still leaves 480 unresolved symbols and 3 support-library fixup overflows; use this as a link-frontier Oracle only.",2026-09-29T13:00:42Z
th04-main-native-link-context-gap-v1028,hazard,th04-main,Standalone ASM source files still require scaffold segment and include context,compiler-observed,ev-th04-main-native-link-v1028,scripts/probes/probe_th04_native_main_link.py;config/th04_main_exact_units.toml,"The 20 failed ASM sources are recorded explicitly: some are fragments that need the historical active segment/macro context, while others need th03/libs/ReC98 include trees. Do not copy the pinned scaffold wholesale into product source or treat a partial MZ as startup evidence; close each wrapper/include context in a bounded Oracle.",2026-09-29T13:00:42Z
th04-main-native-link-frontier-v1061,pattern,th04-main,Native MAIN closure reaches a zero-layout/fixup frontier with only generated sprite resources unresolved,compiler-observed,ev-th04-main-native-link-v1061,scripts/probes/probe_th04_native_main_link.py;src/main/pointnum/lifecycle.asm;src/shared/hardware/display_control.asm;src/shared/hardware/super_sprite.cpp;docs/reconstruction/product/TH04_NATIVE_MAIN_LINK_V1028.md,"The v1061 pinned cold replay compiles 192/192 roots and assembles 133/133 ASM owners. Moving point-number lifecycle into CIRCLE_TEXT, excluding the MAIN-shadow display-control owner, and placing super_cancel_pat in _TEXT removes the prior four fixup overflows; no exact or startup claim follows.",2026-09-29T19:03:44Z
th04-main-native-sprite-resource-gap-v1061,hazard,th04-main,Generated sprite resources still lack checked-in product owners,compiler-observed,ev-th04-main-native-link-v1061,_reference/ReC98/Tupfile.lua;_reference/ReC98/Pipeline/bmp2arr.c;_reference/ReC98/th02/sprites/pellet.bmp;_reference/ReC98/th02/sprites/sparks.bmp;_reference/ReC98/th04/sprites/pelletbt.bmp;src/main/bullet/pellet_render.asm;src/main/pointnum/put.asm;src/main/spark/render.asm;docs/RE_HANDOFF.md,"Historical Tupfile routing identifies _sPELLET and _sSPARKS as TH02 bmp2arr outputs and _sPELLET_BOTTOM and _sPOINTNUMS as TH04 bmp2arr outputs. The current product tree has no checked-in asset owner; do not add target-derived byte arrays or treat ignored reference BMPs as a standalone product build.",2026-09-29T19:03:44Z
th04-main-native-sprite-owner-frontier-v1062,pattern,th04-main,Private bmp2arr-compatible sprite owners close the native link while preserving asset provenance boundaries,compiler-observed,ev-th04-main-native-link-v1062,scripts/lib/th04_sprites.py;scripts/probes/probe_th04_native_main_link.py;_reference/ReC98/Tupfile.lua;_reference/ReC98/Pipeline/bmp2arr.c;_reference/ReC98/th02/sprites/pellet.bmp;_reference/ReC98/th02/sprites/sparks.bmp;_reference/ReC98/th04/sprites/pelletbt.bmp;_reference/ReC98/th04/sprites/pointnum.bmp;docs/reconstruction/product/TH04_NATIVE_MAIN_LINK_V1028.md,"Hash-pinned local reference BMPs generate four private _DATA assembly owners with the same byte ordering as the local bmp2arr implementation: TH02 pellet/sparks, TH04 pelletbt, and TH04's 12-cell pointnum. The v1062 cold link exits 0 with no unresolved symbols or layout/fixup overflow, but the generated owners remain diagnostic-only because the reference asset provenance is not an accepted product owner and no game asset or target-derived array is committed.",2026-09-29T19:21:42+00:00
th04-main-native-cpost-v1071,pattern,th04-main,CIRCLE_TEXT low-level producers can be assembled as one body-only cpost201 wrapper,compiler-observed,ev-th04-main-native-cpost-v1071,src/main/hardware/fillm64_56_256_256.asm;src/main/tile/bb_mask.asm;src/main/boss/yuuka5_backdrop.asm;src/main/formats/z_super_put_16x16_mono.asm;src/main/formats/bb_txt_put.asm;config/th04_main_exact_units.toml;docs/RE_HANDOFF.md,"The bounded6 cold scaffold aggregate materializes the maintained fill, BB, Yuuka, Z-super, and BB-text bodies into one cpost201.obj. Correcting PLAYFIELD_VRAM_W to 48 aligns the fill producer and makes fill, Yuuka, BB-text, and Elly candidate slices pass raw/map/relocation checks. This is an integration/link observation only; it does not promote the containing MAIN artifact.",2026-09-30T03:20:11Z
th04-main-native-cpost-bss-gap-v1071,hazard,th04-main,CIRCLE_TEXT BB-mask and Z-super slices still depend on unresolved DGROUP/BSS placement,compiler-observed,ev-th04-main-native-cpost-v1071;ev-th04-main-native-cpost-gap-v1071,src/main/tile/bb_mask.asm;src/main/formats/z_super_put_16x16_mono.asm;src/main/pointnum/lifecycle.asm;src/main/pointnum/put.asm;src/main/pointnum/render.asm;docs/RE_HANDOFF.md,"The linked BB-mask and Z-super code shapes match, but their relocated DGROUP words differ by the current six-byte BSS displacement. The all-product replay also stops in the pre-existing TH05 pointnum[bss] duplicate PN_WIDTH/PN_DIGITS_LEBCD diagnostic. Keep both blockers separate from the valid TH04 MAIN MZ candidate and do not claim startup readiness.",2026-09-30T03:20:11Z
th04-main-native-input-layout-v1074,hazard,th04-main,Native MAIN diagnostic input storage is not target-attested in DGROUP order or offset,observed,ev-th04-main-native-input-layout-v1074,src/shared/hardware/input_s.asm;src/shared/hardware/input_state.asm;config/native_main_sources.toml;docs/reconstruction/product/TH04_NATIVE_MAIN_STARTUP_V1074.md,"Target MAIN input_s bytes encode key_det at DS:3974, shiftkey at DS:3976, and js_bexist at DS:039A. The v1074 TLINK map places candidate key_det/shiftkey at DGROUP 224E:C4B4/C4B6 and js_bexist at 224E:136E, while input_state.asm is the final BSS owner. This is a target/compiler layout differential and a concrete BSS-order lead; it does not authorize copying target addresses or changing the exact shared input module.",2026-09-30T04:18:30+00:00
th04-main-native-startup-differential-v1074,hazard,th04-main,Normal GAME.BAT candidate reaches a STOP-key help frame while the pinned control reaches gameplay,runtime-observed,ev-th04-main-native-startup-v1074;ev-th04-main-native-startup-control-v1074,src/main/core/main.cpp;src/main/core/gameplay_loop.cpp;src/main/stage/session_init.cpp;scripts/probes/prepare_th04_main_diagnostic_hdi.py;scripts/probes/run_th04_maine_diagnostic_hdi.py;docs/reconstruction/product/TH04_NATIVE_MAIN_STARTUP_V1074.md,"At the same 60-second pinned DOSBox-X GAME.BAT checkpoint, the v1074 candidate passes DOS markers but renders the red Japanese STOP-key help screen; the unmodified original image renders the checkerboard playfield, player, bullets, and HUD. Treat this as a runtime-observed differential only. The next bounded experiment should trace key_det, shiftkey, and js_bexist after the first input_sense(); it is not full startup acceptance.",2026-09-30T04:18:30+00:00
th04-main-native-far-runtime-owners-v1131,pattern,th04-main,Large-model far ABI owners close the local source graph without exactness credit,compiler-observed,ev-th04-main-native-far-runtime-link-v1108;ev-th04-main-native-far-runtime-link-v1115,src/shared/runtime/ems_large.asm;src/shared/runtime/grc_setclip_large.asm;src/shared/runtime/palette_entry_rgb_large.cpp;src/shared/runtime/super_convert_tiny_large.asm;src/shared/runtime/text_fillca_large.asm;src/shared/runtime/text_putca_large.asm;config/native_maine_sources.toml;config/native_op_sources.toml;docs/reconstruction/product/TH04_NATIVE_MAIN_FAR_RUNTIME_V1131.md,"The maintained EMS, GRC_SETCLIP, palette, text, and SUPER_CONVERT_TINY providers model the far Pascal ABI observed at the TH04 MAIN boundaries. v1108 links the earlier owners cleanly; the later manual GRC/SUPER link is diagnostic and synthetic. Preserve raw bytes, relocations, DATA/BSS placement, cold aggregate, and runtime gates as open.",2026-09-30T13:13:54+00:00
th04-main-native-super-runtime-gap-v1131,hazard,th04-main,The far SUPER_CONVERT_TINY owner has not yet been exercised under the stage-0/6 resource path,runtime-observed,ev-th04-main-native-super-loop-v1130;ev-th04-main-native-super-owner-v1131,src/shared/runtime/super_convert_tiny_large.asm;src/main/stage/session_init.cpp;scripts/probes/probe_th04_native_main_link.py;scripts/probes/run_th04_maine_diagnostic_hdi.py;docs/reconstruction/product/TH04_NATIVE_MAIN_FAR_RUNTIME_V1131.md,"The pre-owner trace remains B5 during the 100-call preload loop. The owner trace selects stage 3 and reaches main marker 08, so the resource loop is skipped. Verify segment/order placement and a stage-0/6 scenario before treating this owner as a runtime repair.",2026-09-30T13:13:54+00:00
th04-main-native-link-frontier-v1136,pattern,th04-main,Clean current-source native MAIN link frontier with maintained far providers,compiler-observed,ev-th04-main-native-far-runtime-link-v1136,src/shared/runtime/ems_large.asm;src/shared/runtime/grc_setclip_large.asm;src/shared/runtime/palette_entry_rgb_large.cpp;src/shared/runtime/super_convert_tiny_large.asm;src/shared/runtime/text_fillca_large.asm;src/shared/runtime/text_putca_large.asm;config/native_maine_sources.toml;config/native_op_sources.toml;docs/reconstruction/product/TH04_NATIVE_MAIN_FAR_RUNTIME_V1131.md,"The v1136 replay compiles all 193 C/C++ roots and assembles 130 ASM, eight state, and four sprite owners with TLINK exit 0 and no unresolved or overflow diagnostics. Its 191935-byte/1182-relocation MZ remains diagnostic-only; segment order, relocation/layout agreement, raw bytes, and complete startup are open.",2026-09-30T13:45:29Z
th04-main-native-runtime-gap-v1136,hazard,th04-main,The maintained far owners still have no runtime evidence on the stage-0/6 conversion path,runtime-observed,ev-th04-main-native-far-runtime-v1136,src/shared/runtime/super_convert_tiny_large.asm;src/main/stage/session_init.cpp;scripts/probes/run_th04_maine_diagnostic_hdi.py;docs/reconstruction/product/TH04_NATIVE_MAIN_FAR_RUNTIME_V1131.md,"The clean v1136 diagnostic run returns 0 with EMS.BIN=1D and MAIN.BIN=08, but selects stage 3 and skips the stage-0/6 resource branch. Establish the correct segment/order placement and a stage-0/6 runtime scenario before treating the provider as exercised.",2026-09-30T13:46:55Z
th04-main-native-source-closure-v1148,recipe,th04-main,Standalone MAIN cold link without masters.lib or historical assembly contexts,compiler-observed,ev-th04-main-native-source-cold-v1148,scripts/build.py;src/shared/runtime/master_large.inc;src/main/bullet/pellet_r.hpp;src/main/bullet/pellet_render.context.inc;src/main/player/shot_velocity.asm,Use scripts/build.py for the fresh product build; bounded loops and drawing providers are local. Preserve code-group case and use far entries for pellet render calls crossing MAIN_01/MAIN_03. Cached objects require identical staged dependencies and verified toolchain/object identities; source migration ends with a fresh build. No exactness promotion follows.,2026-10-02T06:28:50+00:00
th04-main-native-background-fault-v1147,hazard,th04-main,Source-only MAIN runs gameplay but loses background colors,runtime-observed,ev-th04-main-native-source-gameplay-v1147,src/main/formats/mpn_load.cpp;src/main/formats/mpn_upload.cpp;src/main/formats/mpn_render.asm;src/main/tile/render_all.asm;scripts/probes/probe_th04_native_main_link.py,"Normal GAME.BAT input run reaches stage 0, but original-vs-native frames expose grayscale/pink tile backgrounds and HUD defects. First separate loaded MPN bytes from cache VRAM and EGC-rendered planes with the private graphics checkpoints; a visible gameplay loop is insufficient for normal-game acceptance.",2026-10-02T06:21:56.326587+00:00
th04-main-native-egc-copy-mode-v1152,recipe,th04-main,EGC tile copying requires compare/read VRAM pattern mode 3100h,runtime-observed,ev-th04-main-native-egc-planes-v1152,src/main/tile/render_all.asm;scripts/probes/inspect_th04_main_graphics_trace.py;src/main/hud/hud_data.asm,"Use EGC mode 3100h for the pattern-register VRAM copy. Mode 2300h broadcasts the source blue plane to all planes despite a correct MPN cache. Private graphics checkpoints falsify cache-vs-copy alternatives: 600 wrong tiles before, 600 correct tiles after. Original instruction observation and public EGC definitions corroborate the fix. HUD native rank strings need four eight-byte rows, and the eight-glyph empty HP bar needs its ninth byte to be NUL.",2026-10-02T06:56:21+00:00
kb-th04-op-native-overlay-palette-v1162,hazard,th04-op,native OP DOS overlay allocation,runtime-observed,ev-th04-op-native-overlay-memory-v1161;ev-th04-op-native-overlay-startup-v1162,src/op/core/respal.cpp;src/op/start/start_demo.cpp;src/op/start/start_game.inl;src/op/start/start_extra.inl,"Free the native OP temporary palette block before execl. A four-paragraph block immediately after the OP program blocks DOS overlay growth: a small entry shim can run while complete MAIN returns ENOMEM despite a 31100-paragraph free block elsewhere. After freeing it, all-native GAME.BAT reaches a progressing MAIN demo. This does not accept full gameplay or MAINE.",2026-10-02T07:39:56.433198+00:00
kb-th04-maine-native-init-frontier-v1170,hazard,th04-maine,Full native game transfer enters MAINE but its game_init_main completion is absent,runtime-observed,ev-th04-main-native-input-state-v1170;ev-th04-maine-native-entry-frontier-v1170,src/maine/end/main.inl;src/main/core/gameexecl.cpp;scripts/probes/probe_th04_native_main_link.py;scripts/probes/probe_th04_native_maine_link.py,"Native stage-0 input/state checks pass for left/right/shoot/Bomb. In both private v1170 runs, MAIN cleanup and execl reach MAINE ME00/ME01 but not ME02, then frames remain black. Investigate within MAINE game_init_main initialization; do not reopen already passed MAIN cleanup or claim an internal cause from missing completion alone. Endings, registration, score persistence and return to OP remain unaccepted.",2026-10-02T08:18:50.047564+00:00
kb-th04-maine-cs-vector-group-v1173,hazard,pc98-borland,CS-relative interrupt state cannot share a segment folded into a larger C++ code group,compiler-observed,ev-th04-maine-irq-vector-frame-v1171;ev-th04-maine-irq-vector-frame-v1173;ev-th04-maine-initialization-irq-v1173,src/shared/hardware/vsync_irq.asm;src/shared/sound/bgm_timer.asm;src/shared/formats/pf_int21.asm;scripts/probes/audit_th04_native_irq_vectors.py,"MAINE calls SHARED through GROUP_01 CS while TASM OFFSET and CS-resident state are SHARED-relative, unlike the currently working MAIN/OP layouts. Isolate vector providers in ungrouped segments; declare external far C++ callbacks in their owning SHARED scope before switching segments. VSync/timer isolation passes initialization and score-file checks in private v1173, but PAR hook still rejects static destinations and score graphics remain defective. Validate its pending source fix and all affected native products; historical exact states remain unchanged.",2026-10-02T08:39:00.208853+00:00
kb-th04-native-cs-and-score-return-v1178,pattern,th04-maine,Native CS owners need independent segment frames; score handoff now returns to OP,compiler-observed,ev-th04-maine-cs-operands-v1175;ev-th04-maine-cs-operands-v1176;ev-th04-renderer-default-objects-v1178;ev-th04-maine-score-return-private-v1176;ev-th04-four-native-score-return-v1178,src/shared/formats/pf_int21.asm;src/shared/hardware/vsync_irq.asm;src/shared/sound/bgm_timer.asm;src/shared/hardware/bgimager.asm;src/shared/hardware/graph_putsa_fx.asm;src/shared/hardware/super_roll_put.asm;src/shared/hardware/super_roll_put_1plane.asm;scripts/probes/audit_th04_native_irq_vectors.py,MAINE folded SHARED into GROUP_01 while CS-relative offsets remained segment-relative. Unique native IRQ/PAR and renderer segments repair four vectors and 38 operands; far callback EXTRN declarations retain their C++ SHARED ownership. Default renderer OMF remains unchanged across baseline and two cold rounds. Runtime-observed separately: uninstrumented four-product normal route registers/saves 39300 and returns to OP. No exact promotion or full-game acceptance.,2026-10-02T09:16:20.455392+00:00
kb-th04-original-score-palette-control-v1178,negative-result,th04-maine,Ranking remnants and pale palette are not isolated native reconstruction failures,runtime-observed,ev-th04-original-score-baseline-v1177;ev-th04-four-native-score-return-v1178,scripts/prepare_product_hdi.py;scripts/probes/run_th04_maine_diagnostic_hdi.py;src/op/main/menu.cpp,"Pinned original and native normal-route score frames both show pale colors and previous CONTINUE/stage-image remnants under DOSBox-X; do not change PI/GRCG behavior based on native screenshots alone. Cross-emulator cause remains unknown. Native OP title menu labels separately differ from original; its renderer call frames pass even in the old OP link, rejecting the same CS-base explanation for this menu defect. Candidate menu.cpp uses colored cdg_put_8 where the upstream mono-mask composition uses cdg_put_nocolors_8; attest OP target before correcting the native composition.",2026-10-02T09:16:20.455392+00:00
kb-th04-op-native-menu-composition-v1181,pattern,th04-op,Native OP menu labels require monochrome CDG masks and color15 descriptions,compiler-observed,ev-th04-op-menu-target-v1179;ev-th04-op-menu-old-composition-v1179;ev-th04-op-menu-cold-v1180;ev-th04-op-menu-calls-v1180;ev-th04-op-menu-mask-cs-v1180,src/op/main/menu.cpp;src/op/formats/cdg_put_nocolors.hpp;scripts/probes/audit_th04_op_menu_calls.py,"Target-observed OP0A74:0375/0497 use mono masks for labels and colored cursor calls. Correct native context macros and description color; do not alter accepted inline bodies. Fresh164-object OP and4vector/39operand gates pass; cached and cold native EXEs agree. Call-composition checks are bounded supporting evidence, not raw exactness.",2026-10-02T09:40:50.102871+00:00
kb-th04-op-menu-config-runtime-v1181,recipe,th04-op,Normal menu scenario persists matching options and reaches Music Room and score viewing,runtime-observed,ev-th04-op-native-menu-config-v1181;ev-th04-op-original-menu-config-v1181,config/runtime/scenarios/op_menu.json;scripts/probes/run_th04_maine_diagnostic_hdi.py;scripts/probes/inspect_th04_handoff_trace.py,Use the checked-in normal menu scenario and starting options020302020101. Early Right taps prevent the previous idle-demo input drift. Original/native options75/95 and returned-menu165 match; both save valid10-byte config0304010201010000000c and exit DOS. Both captured Music Room audio streams are non-silent. Startup/loading and polygon-animation phases differ; no general frame/timing/audio equality or full-game claim.,2026-10-02T09:40:50.102871+00:00
th04-main-stage1-runtime-frontier-v1191,hazard,th04-main,Standalone function/build coverage does not establish first-stage progression,runtime-observed,ev-th04-main-stage1-normal-v1183;ev-th04-main-stage1-nochord-v1184;ev-th04-main-stage1-call-frontier-v1188;ev-th04-main-stage1-decimal-frontier-v1191,config/runtime/scenarios/main_stage1.json;scripts/probes/th04_main_fault_trace.py;docs/RE_HANDOFF.md,Normal Easy/Reimu-A run stops after the midboss while originals enter Orange dialogue/fight. Removing WAV host chords still stops. Private layouts show STOP/COPY/Divide error; call checkpoints last reach bullets_update around3958/3996. Decimal table divisors remain1000/100/10. Localize the initial bad call/write; do not accept boss/later-stage gameplay or label a confirmed divide-by-zero cause.,2026-10-02T10:28:23.926477+00:00
kb-th04-native-bullet-switch-cs-v1199,pattern,pc98-borland,A native C++ TU must declare the same code group as its far caller before Borland emits CS-relative switch tables,compiler-observed,ev-th04-main-bullet-switch-frame-negative-v1198;ev-th04-main-bullet-group-link-v1198;ev-th04-main-bullet-switch-frame-v1199;ev-th04-main-midboss-dialogue-v1199,src/main/bullet/update.cpp;scripts/probes/audit_th04_native_bullet_switches.py;scripts/build.py;docs/RE_HANDOFF.md,BULLET_U_TEXT was grouped only by the link anchor. Its ungrouped compiler tables used segment offsets while the far caller used MAIN_03 CS. Native-only -zCBULLET_U_TEXT -zPmain_03 corrects both nine-way motion and five-way rank switches; the old ordinary/private binaries fail and the repaired producer passes. Same ordinary scenario now reaches Orange dialogue after midboss defeat. Supersedes the v1191 first-stage stop frontier; retain deferred exact cases and validate boss/later stages separately.,2026-10-02T11:19:08.946079+00:00
kb-th04-v1195-turbo-config-correction,hazard,th04-main,The private v1195 SE-off label is wrong: configuration byte5 is Turbo and byte4 is sound effects,runtime-observed,ev-th04-main-turbo-off-correction-v1195,src/shared/config/cfg.hpp;scripts/probes/inspect_th04_handoff_trace.py;docs/RE_HANDOFF.md,"Executed-image config000602020100ef9f000b has FM BGM2, SE1, Turbo0 and valid checksum. The misleading private path/preparation se_mode0 metadata must not exclude sound effects. Only Turbo was changed and the old native stop persisted. Use the decoded six-option structure before attributing a metamorphic control.",2026-10-02T11:19:08.946079+00:00
kb-th04-stage2-kurumi-runtime-frontier-v1203,hazard,th04-main,Explicit bullet code-group repair reaches stage2 but an ordinary Kurumi battle still exits with Divide error,runtime-observed,ev-th04-main-stage2-entry-v1203;ev-th04-main-kurumi-divide-frontier-v1203,src/main/bullet/update.cpp;config/runtime/scenarios/main_progression.json;docs/RE_HANDOFF.md;scripts/probes/th04_fault_handlers.inc,"650-second Easy/Reimu-A normal route with frequent shot-release gaps and balanced movement passes Orange clear and stage2 entry; Kurumi combat455..545, guest Divide error/DOS exit by575. All four executed native product identities pass. Preserve the verified first-stage switch repair. New frontier needs an original scenario control and linked post-startup CPU frames; do not equate host exit0 or near-complete function ledgers with successful gameplay.",2026-10-02T11:37:25.249805+00:00
kb-th04-kurumi-cpu-layout-nonrepro-v1207,negative-result,th04-main,An armed cpu-only MAIN observer does not reproduce the ordinary Kurumi Divide error in the same wall-clock scenario,runtime-observed,ev-th04-main-kurumi-divide-frontier-v1203;ev-th04-main-original-progression-control-v1204;ev-th04-main-cpu-only-nonrepro-v1207,scripts/probes/th04_main_fault_trace.py;scripts/probes/inspect_th04_cpu_fault_trace.py;config/runtime/scenarios/main_progression.json;docs/RE_HANDOFF.md,"Original control reaches third-stage Elly dialogue635. A private MAIN with only setup/exception handlers also clears Kurumi and reaches stage3 by650, emitting one arm but no exception. Ordinary MAIN previously exited with Divide error by575. Do not promote the private pass or assume a repaired divisor: layout/timing/RNG are changed and the ordinary failure remains. Repeat ordinary products and observe exceptions in the emulator while preserving their bytes; use fault frames before choosing a source fix.",2026-10-02T12:08:38.490576+00:00
kb-th04-primary-emulator-cpu-observer-v1213,recipe,th04-main,Observe CPU exceptions using the pinned primary DOSBox-X and ELF-matched GDB symbols,runtime-observed,ev-th04-main-kurumi-repeat-v1208;ev-th04-cpu-emulator-calibration-v1211;ev-th04-main-source-emulator-nonrepro-v1210;ev-th04-primary-cpu-debugger-calibration-v1213,scripts/probes/prepare_th04_primary_cpu_debugger.py;scripts/probes/th04_primary_cpu_fault.gdb;scripts/probes/calibrate_th04_cpu_fault_emulator.py;scripts/probes/inspect_th04_emulator_cpu_fault.py;docs/RE_HANDOFF.md,"The ordinary repeat still displays Divide error by635; neither guest CPU-only instrumentation nor a private source-built emulator reproduces the same progression/fault. Prefer the unchanged primary binary30a5fdf8 with build-ID-matched Ubuntu symbols and a calibrated CPU_Exception entry breakpoint. Pass SDL SIG33 normally, preserve host ASLR and continue the original exception. Runtime receipts attest the debugger separately; the reducer checks all four executed products, MZ/MAP, full relocated64-byte code ownership and conditional DGROUP state. Do not choose a zero-divisor fix before an actual fault frame.",2026-10-02T12:34:44.930190+00:00
kb-th04-main-primary-zero-divisor-v1214,hazard,th04-main,Primary-emulator CPU fault implicates ring bullet-count division; VM86 snapshots are required for caller ownership,runtime-observed,ev-th04-main-primary-cpu-divide-v1214;ev-th04-primary-vm86-cpu-calibration-v1215b,src/main/bullet/add.cpp;scripts/probes/th04_primary_cpu_fault.gdb;scripts/probes/inspect_th04_emulator_cpu_fault.py;docs/RE_HANDOFF.md,"Observed vector0 at24FB:9780 with DS334F and AX/BX/DX/SI0 during ordinary native Kurumi battle. DS minus native DGROUP2253 suggests load10FC; static MAIN_03 13FF:9780 is IDIV BX in bullet_velocity_and_angle_set after loading template.count from75EA. The separate boss_statebyte0 division is at13FF:3995, so do not patch it without evidence. Original observer skipped memory because the guest is VM86, not ordinary real mode. The repaired primary observer independently passes real-mode and DOS/EMM386 VM86 DIV fixtures using a read-only CR3 walk and the ELF-matched LTO MemoryBlock BSS symbol. Capture full code/stack/data in the next same-product run before selecting a caller or zero-count repair.",2026-10-02T13:05:19.154064+00:00
kb-th04-main-empty-ring-v1216,hazard,th04-main,Easy performance-4 Kurumi dual rings become empty and reach IDIV,runtime-observed,ev-th04-main-vm86-ring-divide-v1216;ev-th04-main-tune-playperf-switch-boundary-v1,src/main/bullet/add.cpp;src/main/boss/kurumi_late_phases.cpp;src/main/boss/kurumi_spawnrays.cpp;scripts/probes/probe_th04_native_empty_ring.py,"Pinned target file 1E612h has the same two sequential ring reductions as native tune_for_playperf: at performance 4, count 6 becomes 0, then Easy halves 0. VM86 snapshots and actual near return instructions locate the ordinary fault in Kurumi dual spawnrays -> fixed regular -> Easy raw generation -> ring IDIV. Target static logic permits this arithmetic defect; an original runtime reproduction is unverified. The captured native fault is not the Kurumi statebyte division. TH04P branch skips only empty BG_RING/BG_RING_AIMED groups; original exact replay branch stays unchanged. Independent generated-code Oracle rejects old native clip and accepts new clip with nonempty-ring/single negative controls. Complete ordinary repaired-game validation still required.",2026-10-02T13:17:10.761043+00:00
kb-th04-op-super-byte-render-v1223,fact,th04-op,Masked-byte SUPER_PUT advances OP startup under pinned Linux DOSBox-X,runtime-observed,ev-th04-op-super-byte-render-v1223,src/shared/hardware/super_sprite.cpp;docs/reconstruction/product/TH04_NATIVE_SUPER_SPRITE_V870.md;scripts/probes/probe_th04_native_super_runtime.py,"The old per-pixel OP still displays ZUN Soft fireworks at 30 seconds; the byte-sized renderer reaches the title menu under the same pinned emulator and disk-data source. Fake-VRAM output and randomized clipped placements agree. Keep this as a bounded startup performance result; retest Windows splash, boss explosions and Yuuka barrage separately.",2026-10-02T15:50:05.206214+00:00
kb-th04-super-destination-byte-v1224,pattern,th04,Compose unaligned BFNT sprites by destination byte and overwrite fully opaque bytes,runtime-observed,ev-th04-op-super-dstbyte-v1224,src/shared/hardware/super_sprite.cpp;docs/reconstruction/product/TH04_NATIVE_SUPER_SPRITE_V870.md;scripts/probes/probe_th04_native_super_runtime.py,"For the TH04 product renderer, compose carry bits from adjacent source bytes into each destination byte once, clip visible byte/row intervals before iteration, and write opaque masks without a VRAM read. The DOS fake-VRAM screen hash remains 0BE615EA; the pinned Linux OP startup is ahead at 24 seconds and converges to the same title frame at 30 seconds. Keep GRCG-off behavior on fully clipped calls. Apply only to product source; recheck Windows boss/stage-5 timing before broader claims.",2026-10-02T17:02:19.520844+00:00
th04-native-pi-slot-lifetime-v1224,hazard,th04,Standalone PI slot free must clear its buffer owner before the next load,runtime-observed,ev-th04-pi-slot-lifetime-runtime-v1224;ev-th04-pi-slot-lifetime-final-v1224,src/shared/formats/pi.hpp;src/shared/formats/pi_load.cpp;src/shared/hardware/graph_pi_free.cpp;scripts/probes/probe_th04_native_pi_decode_runtime.py;docs/reconstruction/product/TH04_NATIVE_PI_SLOT_LIFETIME_V1224.md,The product PI free macro previously left a stale pointer after graph_pi_free; pi_load calls free before loading. Repeated MAINE slot-0 loads could free a reallocated heap block. The TH04P branch now calls a shared PI free function that clears the pointer; bounded DOS load/free/load/free and OP/MAINE links pass. The full ending-to-score screen remains an independent runtime check.,2026-10-02T18:31:35+00:00
th04-semantic-pi-preservation-v1225,pattern,th04,Readable PI command and ownership names preserve the cold DOS service build,compiler-observed,ev-th04-semantic-pi-cold-v1225;ev-th04-semantic-pi-runtime-v1225,src/shared/formats/pi_decode.cpp;docs/SEMANTIC_READABILITY.md;docs/reconstruction/product/TH04_NATIVE_PI_DECODE_V869.md;scripts/probes/probe_th04_native_pi_decode_runtime.py,"The semantic/readable branch starts from DOS main 8d20492. Private PI helper/local renames and named selectors preserve all 38050 linked test bytes and 254 relocations; the independent historical decoder and slot lifecycle controls pass. Before porting retain signed header-word returns, 32-bit byte offsets, overlapping forward-copy order and the reference-row offset in the returned allocation. This is a bounded source-regression recipe, not target exactness or full ending acceptance.",2026-10-03T03:07:51+00:00
th04-semantic-par-cdg-preservation-v1226,pattern,th04,Readable PAR stream names and CDG hardware comments retain complete incremental DOS products,compiler-observed,ev-th04-semantic-resource-main-v1226;ev-th04-semantic-resource-op-v1226;ev-th04-semantic-resource-maine-v1226;ev-th04-semantic-pf-runtime-v1226,src/shared/formats/pf_archive.cpp;src/shared/formats/pf_int21.asm;src/shared/formats/cdg_load.asm;src/shared/formats/cdg_put.asm;src/shared/formats/cdg_put_noalpha_8.asm;docs/SEMANTIC_READABILITY.md;docs/reconstruction/product/TH04_NATIVE_PF_ARCHIVE_V867.md,"Use dependency-validated per-batch builds and complete MZ/ordered-relocation comparisons: all three native products are byte-identical and nine PAR controls pass. Keep declared seek size distinct from expanded length, 16-bit discard narrowing, bottom-up CDG plane order, mask/color preconditions, self-modifying CS and GRCG state effects. This is source preservation, not target equality; old strict replay infrastructure needs repair before a new original-target claim.",2026-10-03T03:36:07+00:00
th04-semantic-bfnt-preservation-v1227,pattern,th04,Readable BFNT masks and clipping preserve complete fast DOS builds and independent hashes,compiler-observed,ev-th04-semantic-super-main-v1227;ev-th04-semantic-super-op-v1227;ev-th04-semantic-super-maine-v1227;ev-th04-semantic-super-runtime-v1227,src/shared/hardware/super_sprite.cpp;docs/SEMANTIC_READABILITY.md;docs/reconstruction/product/TH04_NATIVE_SUPER_SPRITE_V870.md;scripts/probes/probe_th04_native_super_runtime.py,"Before porting retain count-based appended slots, high-nibble-first pixels, color-zero masks, mask/B/R/G/E plane order, paragraph allocation ownership, raw BRG palette bytes and GRCG-off on clipped calls. Name half-open spans and source carry bytes without changing narrowing or declaration order. Three complete products remain byte-identical; independent BFNT/lifecycle/fake-VRAM controls pass. This does not close top-stripe or ending hardware bugs.",2026-10-03T03:54:14+00:00
th04-semantic-segmented-heap-v1228,pattern,th04,Name segment handles and paragraph ownership while retaining TC4J single-return heap shape,compiler-observed,ev-th04-semantic-heap-main-v1228;ev-th04-semantic-heap-op-v1228;ev-th04-semantic-heap-maine-v1228;ev-th04-semantic-heap-runtime-v1228,src/shared/memory/heap.cpp;docs/reconstruction/product/TH04_NATIVE_HEAP_V863.md;scripts/probes/probe_th04_native_heap_runtime.py,"Heap headers reserve 16 bytes despite six-byte fields; the chain ascends from its lowest header to an exclusive sentinel while new blocks grow downward. Preserve the single allocation return, more-than-one-paragraph split rule and exact payload-segment matching. Document caller-owned rebinding, clear-before-DOS-free failure behavior and lack of generation protection before porting. Complete fast-built products remain byte-identical and lifecycle controls pass.",2026-10-03T04:06:19+00:00
th04-native-scroll-duplicate-init-v1229,hazard,th04-main,Native scroll initialization and driver names accidentally own separate fields,runtime-observed,ev-th04-native-scroll-state-policy-v1229,src/main/stage/session_init.cpp;src/main/stage/resource_state.asm;src/main/scroll/state.asm;src/main/scroll/driver.cpp;src/main/scroll/tile_ring_update.cpp;scripts/probes/probe_th04_native_scroll_and_slowdown.py;docs/reconstruction/product/TH04_NATIVE_SCROLL_BOX_V858.md,"The original initializes driver DS3DBE/3DC4/3DC0; native product instead initializes separate semantic fields. CPU-seeded old driver A5/A5/CAFE survives native initialization. Unify product aliases/owners and replay stage transitions before claiming a top-stripe fix; screenshots/Bomb clearing alone do not prove the cause. Backdrop address coverage includes rows16..31, and 96 original/native controls retain intentional bullet-count slowdown. Do not remove the policy while optimizing rendering.",2026-10-03T04:17:01+00:00
th04-native-ending-cdg-cs-v1230,hazard,th04-maine,Grouped CDG instruction patch labels corrupt the native PI decoder,compiler-observed,ev-th04-ending-cdg-cs-v1230;ev-th04-ending-scroll-default-omf-v1230,src/shared/formats/cdg_put.asm;src/maine/formats/cdg_put_plane.asm;scripts/probes/audit_th04_native_irq_vectors.py;scripts/probes/probe_th04_native_cdg_cs.py;docs/reconstruction/product/TH04_NATIVE_ENDING_CDG_CS_V1230.md,Use independent native frames for both CDG renderers and audit their actual far-call CS. Old deployedMAINE0703 writes to30C1/30C8/30D5/32D4 inside PI decoder instead of own immediates. Fixed complete CPU calls pass at two load segments; full gameplay/Ending still requires its separate runtime scenario.,2026-10-03T04:53:20+00:00
th04-native-scroll-state-fix-v1230,fact,th04-main,Native readable scroll initializer labels share recovered driver storage,runtime-observed,ev-th04-scroll-state-fix-v1230;ev-th04-ending-scroll-default-omf-v1230,src/main/scroll/state.asm;src/main/stage/resource_state.asm;scripts/probes/probe_th04_native_scroll_and_slowdown.py;docs/reconstruction/product/TH04_NATIVE_SCROLL_BOX_V858.md,"Native-only labels replace duplicate allocations, and the CPU initialization control clears all three seeded driver fields. This repairs a confirmed ownership defect without proving the top-stripe root cause or Windows frame pacing. Latest user Normal saved options enable Turbo, so count-based deliberate slowdown is inactive if loaded.",2026-10-03T04:53:20+00:00
th04-native-ending-register-save-v1230,fact,th04-maine,Repaired seeded Good Endings register and save both character routes,runtime-observed,ev-th04-ending-register-reimu-lunatic-v1230;ev-th04-ending-register-marisa-normal-v1230,scripts/probes/prepare_th04_good_ending.py;scripts/runtime/fixtures/good_ending.asm;docs/reconstruction/product/TH04_NATIVE_ENDING_CDG_CS_V1230.md,"After native CDG CS repair, private ReimuLunatic and MarisaNormal fixtures reach nameentry and persist12345678 in only sections3/6, with allchecksums passing and othersections byte-identical. Fixture bypasses gameplay/OPinitialization and uses zerosound frame waits. Finalblack doesnotaccept OPreturn; Windows fullroute and frame pacing remain open.",2026-10-03T05:05:49+00:00
th04-native-state-clear-upper-eax-v1231,hazard,th04-main,AX-only historical clear consumes retained upper EAX in native STOSD,runtime-observed,ev-th04-state-clear-writer-v1231;ev-th04-state-clear-cpu-v1231,src/main/core/clear_dwords.asm;docs/reconstruction/product/TH04_NATIVE_STATE_CLEAR_V1231.md,Native EAX000E0000 contaminates the full bullet array:220flags14 generate120 coincident pellets. A historically exact helper needs its caller context respected; never substitute native correctness for target equality.,2026-10-03T06:47:25.555643+00:00
th04-native-state-clear-fix-v1233,fact,th04-main,Native full-EAX clear removes the corner pellet while historical helper stays unchanged,runtime-observed,ev-th04-state-clear-native-zero-v1233;ev-th04-state-clear-default-raw-v1233;ev-th04-native-planar-corner-runtime-v1233,src/main/core/clear_dwords.asm;scripts/probes/probe_th04_native_clear_dwords.py;docs/reconstruction/product/TH04_NATIVE_STATE_CLEAR_V1231.md,TH04_LARGE_PRODUCT selects XOR EAX only. All54CPUcontrols pass; two cold defaultobjects retain22targetbytes and link-relevant OMF. Oldcorner absent7ordinarycheckpoints. No historical exactpromotion.,2026-10-03T06:47:25.555643+00:00
th04-native-planar-kernels-v1233,pattern,th04,Batch planar sprite/copy kernels and packed pairs preserve independent pixel models,runtime-observed,ev-th04-native-planar-kernels-v1233;ev-th04-native-planar-super-dos-v1233;ev-th04-native-planar-packed-dos-v1233;ev-th04-native-planar-ending-save-v1233,src/shared/hardware/planar_blit.asm;src/shared/hardware/graph_pack_put_8_noclip.cpp;scripts/probes/probe_th04_native_planar_kernels.py;docs/reconstruction/product/TH04_NATIVE_SUPER_SPRITE_V870.md,"Keep independentCS and farPascal ABI; cache one shifted alpha row, skip emptyrows, use swappedSHRDwords for evenwidths and bytecarryatcolumn79, retainCclipping. REP MOVSD keeps oddtail/DF/pageorder. Format-derivedpairtable retains row400. All460CPUcontrols plusDOSlifecycle and Ending/save pass;31crosses use68percent fewerinstructions with samepixels, not measuredWindowsFPS.",2026-10-03T06:47:25.555643+00:00
th04-yuuka-chasecross-pacing-v1233,open-question,th04-main,Late chase-cross pacing needs actual Turbo Shift and frame-time state,inferred,ev-th04-native-planar-kernels-v1233,src/main/boss/yuuka6_main034.cpp;src/main/player/update.cpp;docs/reconstruction/product/TH04_NATIVE_STATE_CLEAR_V1231.md;docs/reconstruction/product/TH04_NATIVE_SUPER_SPRITE_V870.md,Direct attack helper has no specialplayer-speed or half-speed write. User reports Stage6 topstripe fixed but transientcross slowdown. Renderingcost reduced in boundedcontrols; Windows gameplay and actualvsync/genericpolicy/Shift still require playtest.,2026-10-03T06:47:25.555643+00:00
th04-input-double-sample-release-v1234,fact,th04-main,Input reset samples immediately and release needs both sides of a logical frame clear,runtime-observed,ev-th04-semantic-input-cpu-v1234;ev-th04-semantic-input-sense-raw-v1234;ev-th04-semantic-input-wait-raw-v1234,src/main/hardware/input_wait.cpp;src/shared/hardware/input_s.asm;scripts/probes/probe_th04_native_input_timing.py;docs/reconstruction/packed/TH04_SHARED_INPUT_WAIT_V565.md,"Synthetic complete-call CPU controls validate reset then fallthrough sampling, OR accumulation across pre/post-frame observations, fresh Shift, optional active-low joystick and unbounded release before the press budget. Zero and explicit 9999 repeat; negatives skip only press. Preserve this two-sample contract in the x64 input adapter; logical fixtures do not attest physical timing.",2026-10-03T07:31:19+00:00
th04-tc4j-gdc-enum-codegen-v1234,hazard,pc98-borland,GDC polling enum substitution changes TC4J instruction width and later layout,compiler-observed,ev-th04-semantic-gdc-enum-rejected-v1234;ev-th04-semantic-input-th04-main-native-raw-v1234;ev-th04-semantic-input-th04-op-native-raw-v1234;ev-th04-semantic-input-th04-maine-native-raw-v1234,src/shared/hardware/vsync_wait.cpp;docs/reconstruction/product/TH04_NATIVE_VSYNC_V864.md,"Under the native -O -b- -3 -Z -d -ml profile, function-local enum forms of inportb mask/port constants remove two MOV AH,0 instructions (25-byte service becomes 21), shifting later CS and relocations. Literal macros preserve the original expression and all three complete MZ files. Do not assume constant naming is byte-neutral; this is specific to the observed polling expression, not a ban on enums.",2026-10-03T07:31:19+00:00
th04-semantic-input-timing-replay-v1234,recipe,th04,Semantic input/timing batch keeps complete DOS products and accepted MAIN owners unchanged,compiler-observed,ev-th04-semantic-input-frame-raw-v1234;ev-th04-semantic-input-wait-raw-v1234;ev-th04-semantic-input-sense-raw-v1234;ev-th04-semantic-input-th04-main-native-raw-v1234;ev-th04-semantic-input-th04-op-native-raw-v1234;ev-th04-semantic-input-th04-maine-native-raw-v1234;ev-th04-semantic-input-cpu-v1234;ev-th04-semantic-input-default-omf-v1234;ev-th04-semantic-vsync-runtime-v1234,docs/SEMANTIC_READABILITY.md;docs/reconstruction/packed/TH04_SHARED_INPUT_WAIT_V565.md;docs/reconstruction/product/TH04_NATIVE_VSYNC_V864.md;scripts/probes/probe_th04_native_input_timing.py,"Retain MAIN/shared input TUs and header surfaces. The 10-file semantic batch passes three complete source-to-source MZ comparisons, three historical MAIN owners in two cold rounds, default assembler OMF controls, 252 pre/post input fixtures and existing DOS VSync lifecycle. OP/MAINE historical decoded scaffolds are absent; source preservation does not create new target acceptance. Keep the user Windows package fixed during their playtest.",2026-10-03T07:31:19+00:00
th04-native-bullet-unroll-v1235,fact,th04-main,Native fixed-row pellet and tiny-sprite drawing preserves mask writes and reduces CPU cost,runtime-observed,ev-th04-bullet-kernels-cpu-v1235;ev-th04-bullet-default-omf-v1235,src/main/bullet/pellet_render.asm;src/main/formats/z_super_roll_put_tiny.asm;scripts/probes/probe_th04_native_bullet_load.py;docs/reconstruction/product/TH04_NATIVE_BULLET_LOAD_V1235.md,Only TH04_LARGE_PRODUCT expands nonrolling rows; rolling paths and all ordered byte/word masks/ports remain equal in 3604 controls. Real cap 240 pellets + 200 regular. Update code unchanged; full render cost 13.40%/21.72% lower. Default cold OMF equality passes but full historical replay remains blocked before compilation; no exact promotion.,2026-10-03T08:40:41.329800+00:00
th04-native-cloud-budget-v1235,fact,th04-main,Artificial simultaneous full-cloud load benefits from fixed guest CPU budget,runtime-observed,ev-th04-bullet-pc98-before-v1235;ev-th04-bullet-pc98-after-v1235;ev-th04-bullet-cycles-36000-v1235;ev-th04-bullet-slowdown-policy-v1235,config/runtime/scenarios/main_bullet_load.json;scripts/probes/th04_bullet_load_trace.py;scripts/probes/inspect_th04_bullet_load_trace.py;docs/reconstruction/product/TH04_NATIVE_BULLET_LOAD_V1235.md,Pinned Linux DOSBox-X at 24000: normal full pool one IRQ period per frame; 200 clouds 1.742 before/1.452 after. After at 36000 all 6 phases one period. Synthetic stationary reseeding/Turbo/collision suppression and IRQ quantization prevent general Windows FPS or full Lunatic-route claims. Optional Windows highcpu launchers only change cycles; keep deliberate original slowdown.,2026-10-03T08:40:41.329800+00:00
th04-native-staged-asm-baseline-v1235,hazard,control-plane,Private ASM baseline must wrap and hash staged source instead of checkout,compiler-observed,ev-th04-bullet-pc98-before-v1235,scripts/probes/probe_th04_native_main_link.py;scripts/probes/th04_bullet_load_trace.py;docs/reconstruction/product/TH04_NATIVE_BULLET_LOAD_V1235.md,"Old body wrapper reread checkout, silently mixing current pellet with old tiny source in private baseline. Builder now reads/hashes copied assembly and generated sprites. Verify complete link-relevant object pair: only 2 renderer ASM differ. Early bullet-header includes also alter 12 near callback fixups; keep fused declaration order. Failed private fixtures never shipped.",2026-10-03T08:40:41.329800+00:00
th04-bullet-angle-contract-v1236,fact,th04-main,Bullet group generation uses an 8-bit clockwise angle pipeline and byte-sized source-group provenance,compiler-observed,ev-th04-semantic-bullet-header-omf-v1236;ev-th04-semantic-bullet-native-raw-v1236;ev-th04-semantic-bullet-exact-v1236,src/main/bullet/types.hpp;src/main/bullet/bullet.hpp;src/main/bullet/add.cpp;docs/reconstruction/product/TH04_SEMANTIC_BULLET_GENERATION_V1236.md,"00/40/80/C0 point right/down/left/up. Resolve relative spread/ring offset, optional aim, then template rotation; assignment wraps at 100h. Scratch globals live for one synchronous spawn and retain historical ASM link names. Keep entity spawn_group one byte in portable layouts.",2026-10-03T09:15:43+00:00
th04-tc4j-bullet-unsigned-modulo-v1236,hazard,pc98-borland,Changing the directional-sprite modulo from unsigned to signed adds five TC4J bytes,compiler-observed,ev-th04-semantic-bullet-signed-modulo-rejected-v1236;ev-th04-semantic-bullet-native-raw-v1236,src/main/bullet/bullet.hpp;src/main/bullet/add.cpp;docs/reconstruction/product/TH04_SEMANTIC_BULLET_GENERATION_V1236.md,"In bullet_patnum_for_angle, % 0x80 emits IDIV 128 before IDIV 8, growing BULLET_A_TEXT 0870h to 0875h; % 0x80u folds to the original direct division. Preserve the u suffix or prove equivalent codegen when naming 16-bit constants.",2026-10-03T09:15:43+00:00
th04-semantic-bullet-replay-v1236,recipe,th04-main,"Semantic bullet identifiers can change while native MZ, header ABI and accepted owner remain exact",compiler-observed,ev-th04-semantic-bullet-header-omf-v1236;ev-th04-semantic-bullet-native-raw-v1236;ev-th04-semantic-bullet-exact-v1236,scripts/probes/probe_th04_native_main_bullet.py;docs/SEMANTIC_READABILITY.md;docs/reconstruction/product/TH04_SEMANTIC_BULLET_GENERATION_V1236.md,"Use equivalent old/new harness spellings for source-only field renames, compare semantic OMF, compare the complete native MZ, then cold-replay bullet_a.cpp. Keep historical cross-TU linker symbols behind semantic aliases because isolated owner replay links pinned surrounding objects.",2026-10-03T09:15:43+00:00
th04-semantic-enemy-script-v1237,recipe,th04-main,Enemy-script VM identifiers and comments can preserve TC4J layout and native MAIN bytes,compiler-observed,ev-th04-semantic-enemy-script-omf-v1237;ev-th04-semantic-enemy-script-native-raw-v1237,src/main/enemy/script_update.cpp;scripts/probes/replay_th04_enemy_script_natural.py;docs/reconstruction/main/TH04_MAIN_ENEMY_SCRIPT_NATURAL_V330.md;docs/SEMANTIC_READABILITY.md,"Use literal macro opcode names and retain physical case order. Preserve direct unaligned ES word loads, same-frame immediate chains, N+1 timed updates, absolute/backward loop semantics and the uninitialized default path. Baseline/current normalized OMF and the complete native MAIN are identical in the recorded contexts; this is source-to-source preservation, not a fresh linked target replay.",2026-10-03T10:01:45+00:00
th04-enemy-script-exact-replay-scaffold-v1237,negative-result,th04-main,Older boss-background transform blocks a fresh enemy-script exact replay before compilation,compiler-observed,ev-th04-semantic-enemy-script-exact-replay-blocked-v1237,config/th04_main_exact_units.toml;scripts/replay_th04_main_exact_units.py;docs/reconstruction/main/TH04_MAIN_ENEMY_SCRIPT_NATURAL_V330.md,"The dispatcher dependency closure reaches th04-main-boss-bg-v148-natural with current th04_main.asm SHA-256 aeeedc73..., absent from its allowed scaffold digests. Replay stops before compilation and gives no exact credit. Reconstruct the dependency chain before extending the allowlist; retain the existing v343 exact evidence unchanged.",2026-10-03T10:01:45+00:00
th04-semantic-shots-v1239,recipe,th04-main,"Player-shot source exposes lifecycle, collision, damage and spark-phase semantics without changing TC4J output",compiler-observed,ev-th04-semantic-shots-omf-v1239;ev-th04-semantic-shots-native-raw-v1239,src/main/player/shots.cpp;docs/reconstruction/main/TH04_MAIN_SHOTS_SEMANTIC_V1239.md;docs/SEMANTIC_READABILITY.md,"Keep the compact collision-cache rebuild, hit-animation flag clock, unsigned-subtraction bounds, cumulative hit divisor, Bomb reduction before laser damage, odd-frame two-column laser tests and score accumulation in their existing order. Address-derived state with only a clear observation remains explicitly unknown. Normalized OMF and complete native MAIN are unchanged.",2026-10-03T10:34:54+00:00
th04-shots-exact-replay-dependencies-v1239,negative-result,th04-main,Focused shots replay is not dependency-coherent after the semantic bullet header change,compiler-observed,ev-th04-semantic-shots-exact-replay-blocked-v1239,config/th04_main_exact_units.toml;scripts/replay_th04_main_exact_units.py;docs/reconstruction/main/TH04_MAIN_SHOTS_SEMANTIC_V1239.md,A shots-only closure stages current bullet/add.cpp with an older header. Selecting the bullet owner then reaches duplicate PN_WIDTH and PN_DIGITS_LEBCD definitions in the point-number assembly dependency. Repair manifest staging and rerun; do not add scaffold hashes or infer fresh exactness from the native source-to-source comparison.,2026-10-03T10:34:54+00:00
th04-semantic-scroll-pipeline-v1240,recipe,th04-main,"Scroll driver and tile-ring source expose fixed-point, map-stream and two-frame copy semantics without changing TC4J output",compiler-observed,ev-th04-semantic-scroll-driver-omf-v1240;ev-th04-semantic-scroll-tile-ring-omf-v1240;ev-th04-semantic-scroll-native-raw-v1240,src/main/scroll/driver.cpp;src/main/scroll/tile_ring_update.cpp;src/main/scroll/state.asm;docs/reconstruction/product/TH04_NATIVE_SCROLL_BOX_V858.md;docs/SEMANTIC_READABILITY.md,"Keep the historic external publics for exact-owner ABI, but use the established previous/current row-advance and previous-ring-row meanings in source. Preserve Q12.4 truncation, 400-line wrap, five-row section traversal, 24-word refill, request promotion/summing, scroll_active suppression and inline DS/ES copy order. Both normalized OMF owners and complete native MAIN are unchanged.",2026-10-03T10:44:07+00:00
th04-semantic-maine-score-registration-v1241,recipe,th04-maine,"MAINE score registration exposes file-section, insertion, name-input and re-key semantics without changing TC4J output",compiler-observed,ev-th04-semantic-maine-score-omf-v1241;ev-th04-semantic-maine-score-native-raw-v1241,src/maine/score/regist.cpp;src/maine/score/regist_menu.inl;src/maine/score/insert.cpp;src/maine/score/score_insert.inl;src/maine/score/load_for.cpp;src/maine/score/load_for.inl;src/maine/score/hisave.cpp;src/maine/score/hisave.inl;src/maine/score/scoredat.hpp;docs/reconstruction/op-maine/TH04_MAINE_SCORE_CPP_V479.md;docs/SEMANTIC_READABILITY.md,"Keep historic rank/playchar/entered_place/gALPHABET/hi symbols and express roles with preprocessing aliases. Preserve the two character by five rank file order, single decoded work buffer, descending digit/place comparison, equal-score precedence, unsigned FF no-entry sentinel, input repeat and cancel-as-confirm behavior, clear-mask save, and decode/re-encode of all ten sections. Five normalized OMF roots and complete native MAINE are unchanged.",2026-10-03T11:02:24+00:00
th04-semantic-process-handoff-v1242,recipe,control-plane,OP MAIN and MAINE preserve one resident run contract across DOS process replacement,compiler-observed,ev-th04-semantic-handoff-main-omf-v1242;ev-th04-semantic-handoff-op-omf-v1242;ev-th04-semantic-handoff-maine-omf-v1242;ev-th04-semantic-handoff-main-native-raw-v1242;ev-th04-semantic-handoff-op-native-raw-v1242;ev-th04-semantic-handoff-maine-native-raw-v1242,src/op/main/main.inl;src/op/start/start_game.inl;src/op/main/start_demo.inl;src/op/start/start_extra.inl;src/main/core/main.cpp;src/main/core/gameexecl.cpp;src/main/end/ending.cpp;src/maine/end/main.inl;src/maine/core/cfg_load_resident_ptr.inl;src/maine/core/game_exit_and_exec.inl;docs/reconstruction/product/TH04_SEMANTIC_PROCESS_HANDOFF_V1242.md;docs/SEMANTIC_READABILITY.md,"ZUN.COM owns the resident paragraph block; MIKO.CFG carries its segment to each fresh executable. OP seeds state and tears down before MAIN, MAIN publishes score/counters before OP or MAINE, and MAINE saves before fresh OP. Successful execl does not return and the DOS source has no failure recovery. Keep portable transitions explicit over one long-lived resident object. Twelve normalized OMF owners and all three complete native executables remain unchanged.",2026-10-03T11:15:15+00:00
th04-randring-shared-overlap-v1244,fact,th04-main,Both randring accessor families consume one overlapping-byte stream with a layout-defined wrap sample,compiler-observed,ev-th04-semantic-randring-layout-v1244;ev-th04-semantic-randring-omf-v1244;ev-th04-semantic-randring-native-raw-v1244,src/main/math/randring.hpp;src/main/math/randring_state.asm;src/main/math/randring_fill.cpp;src/main/math/randring1_next16.cpp;src/main/math/randring2_next16.cpp;docs/reconstruction/main/TH04_MAIN_RANDRING_SEMANTICS_V1244.md,"One 256-byte ring and one word cursor back both families. Fill indexes 255 down to 0, then clears the word. Each accessor reads a little-endian word and increments only cursor low; adjacent samples overlap. At index 255 the high sample byte is the adjacent pre-increment cursor low 0xFF, then it wraps to 0. Preserve shared call ordering.",2026-10-03T11:40:27+00:00
th04-port64-randring-boundary-v1244,hazard,port64,Portable randring must synthesize the index-255 high byte instead of reading beyond the array,inferred,ev-th04-semantic-randring-layout-v1244;ev-th04-semantic-randring-native-raw-v1244,src/main/math/randring_state.asm;src/main/math/randring.hpp;docs/reconstruction/main/TH04_MAIN_RANDRING_SEMANTICS_V1244.md,"Use one explicit state object for both accessor families. For cursor 0..254 combine adjacent ring bytes; for 255 return ring[255] | 0xFF00, then byte-wrap the cursor. Do not depend on C++ out-of-bounds reads or structure adjacency. Splitting streams or wrapping to ring[0] is behavioral divergence.",2026-10-03T11:40:27+00:00
th04-shared-lcg-lifecycle-v1246,fact,control-plane,TH04 executables keep separate 32-bit LCG state while resident rand only transports a seed,compiler-observed,ev-th04-semantic-lcg-main-omf-v1246;ev-th04-semantic-lcg-op-omf-v1246;ev-th04-semantic-lcg-maine-omf-v1246;ev-th04-semantic-lcg-main-native-raw-v1246;ev-th04-semantic-lcg-op-native-raw-v1246;ev-th04-semantic-lcg-maine-native-raw-v1246,src/zun/resident/main.cpp;src/op/main/main.inl;src/main/core/main.cpp;src/main/stage/session_init.cpp;src/main/math/randring_fill.cpp;src/main/spark/init.cpp;src/main/item/items_update.cpp;src/maine/end/main.inl;src/maine/end/sub_B9F2.inl;src/shared/runtime/random.cpp;docs/reconstruction/product/TH04_SHARED_RANDOM_LCG_SEMANTICS_V1246.md,"Each loaded product gets random_seed=1. ZUN clears resident rand; OP increments that persistent field per menu frame but keeps its own irand stream separate. MAIN copies resident rand once, demo overrides it with 318, and all direct draws and Stage ring fills continue one process stream without writeback. MAINE verdict re-seeds locally; route order determines whether score re-keying starts from that state or from 1. Nine normalized OMF objects and all three complete products remain unchanged.",2026-10-03T14:24:00+00:00
th04-port64-lcg-width-v1246,hazard,port64,Portable LCG and resident seed storage require explicit 32-bit unsigned arithmetic,inferred,ev-th04-semantic-lcg-main-omf-v1246;ev-th04-semantic-lcg-op-omf-v1246;ev-th04-semantic-lcg-maine-omf-v1246;ev-th04-semantic-lcg-main-native-raw-v1246;ev-th04-semantic-lcg-op-native-raw-v1246;ev-th04-semantic-lcg-maine-native-raw-v1246,src/shared/runtime/random.cpp;src/shared/config/resident.hpp;src/op/main/main.inl;docs/reconstruction/product/TH04_SHARED_RANDOM_LCG_SEMANTICS_V1246.md,"Use uint32_t for resident rand and process-local state, update with state = state * 0x015A4E35u + 1u modulo 2^32, and return (state >> 16) & 0x7FFF. Do not use signed overflow, host long, host rand(), per-Stage reset, automatic MAIN writeback or merged OP resident/local state. Linux x64 long is commonly 64-bit while Windows x64 long is 32-bit.",2026-10-03T14:24:00+00:00
th04-main-item-lifecycle-v1248,fact,th04-main,"Item drops, collection, motion and play-performance share exact ordering across fixed pools and random streams",compiler-observed,ev-th04-main-items-raw-v344;ev-th04-semantic-items-omf-v1248;ev-th04-semantic-items-native-raw-v1248,src/main/item/items_update.cpp;src/main/item/item.hpp;src/main/item/power_overflow.hpp;src/main/item/state.asm;src/main/math/randring.hpp;docs/reconstruction/main/TH04_MAIN_ITEM_SEMANTICS_V1248.md,"Automatic drops emit only on even byte-counter values. Miss drops consume one big-slot draw, an unused distinct draw and one bit draw per allocated non-big slot before any last-life full-power override. Collection retains Bomb score/popup multiplier state, inclusive overflow index 42, dream index saturation at 7, 32-unit raise carry and 64-minus-48 lower carry. Removal is deferred and pickup uses unsigned 16-bit rectangle subtraction. Twenty-one normalized OMF objects and complete MAIN remain unchanged.",2026-10-03T14:47:56+00:00
th04-port64-item-overflow-v1248,hazard,port64,Portable full-power big-item scoring must avoid the DOS pre-clamp out-of-range table read,inferred,ev-th04-main-items-raw-v344;ev-th04-semantic-items-omf-v1248;ev-th04-semantic-items-native-raw-v1248,src/main/item/items_update.cpp;src/main/item/power_overflow.hpp;src/main/item/state.asm;docs/reconstruction/main/TH04_MAIN_ITEM_SEMANTICS_V1248.md,"The DOS statement order adds five to power_overflow and indexes the 0..42 table before clamping. Any above-cap lookup is subsequently overwritten by the fixed 2560 reward and yellow popup. A portable implementation should branch or clamp for the lookup while preserving final power_overflow=42, base points=2560 and popup color, rather than reproducing C++ out-of-bounds behavior.",2026-10-03T14:47:56+00:00
th04-port64-first-runtime-boundary-v1237,pattern,th04-port64,Portable TH04 keeps resource semantics and host presentation behind an x64 boundary,runtime-observed,ev-th04-port64-cross-build-v1237;ev-th04-port64-title-runtime-v1237,port64/main.cpp;port64/view.cpp;port64/verify.py;docs/PORT64.md,"Linux ELF64/SDL2 and Windows PE32+/GDI share HDI, PAR, PI and CD2 decoding and produce one deterministic title composite. Keep game assets external and compare portable outputs across hosts before migrating more OP state. Current window navigation is a bring-up surface, not complete OP behavior.",2026-10-03T09:32:37+00:00
th04-port64-bullet-geometry-v1237,fact,th04-port64,Portable bullet geometry consumes the semantic 8-bit angle and group-number contract,runtime-observed,ev-th04-port64-cross-build-v1237,src/main/bullet/group_types.hpp;port64/bullet_geometry.cpp;port64/contracts.cpp;docs/PORT64.md,"Both x64 contract executables pass odd/even spread order and wrap, ring division, aim plus template rotation and 16-cel half-turn reuse with byte-sized Angle/GroupCode. Portable ring generation rejects count zero; RNG, speed and entity pool lifetimes remain unported.",2026-10-03T09:32:37+00:00
th04-port64-op-menu-v1238,fact,th04-port64,Portable OP main and Options state is shared by Linux and Windows x64 frontends,runtime-observed,ev-th04-port64-menu-state-v1238;ev-th04-port64-options-render-v1238,port64/menu_state.cpp;port64/view.cpp;port64/contracts.cpp;port64/verify.py;docs/PORT64.md,"Keep OP transitions in fixed-width platform-independent state: skip locked Extra, enter Options at Rank, preserve per-field wrap directions and the SE numeric/visual order, reset to Normal/3 lives/2 bombs/FM86/FM/Turbo, and return to the Option command. SDL2 and Win32 render the same main/options frames from external original assets. MIKO.CFG persistence, audio and destination screens remain separate boundaries.",2026-10-03T10:18:21+00:00
th04-port64-process-handoff-v1243,fact,th04-port64,Portable resident state replaces DOS process and segment mechanics with guarded application phases,runtime-observed,ev-th04-port64-process-handoff-v1243,port64/application_state.hpp;port64/application_state.cpp;port64/contracts.cpp;port64/verify.py;docs/PORT64.md;docs/reconstruction/product/TH04_SEMANTIC_PROCESS_HANDOFF_V1242.md,"Keep one long-lived fixed-width resident object while executable-local resources follow generation-scoped OP MAIN and MAINE phases. Seed Normal from config, Extra with 3 lives/2 bombs, and demos from the four historical contracts. Publish MAIN score/counters before handoff and classify MAINE with the historical one-byte sentinels. Linux and Windows x64 pass the same contract; UI integration, gameplay, Ending rendering and persistence remain separate.",2026-10-03T11:28:48+00:00
th04-port64-randring-v1245,pattern,th04-port64,Portable x64 random access uses one defined shared ring without relying on adjacent host storage,runtime-observed,ev-th04-port64-randring-v1245;ev-th04-port64-randring-ubsan-v1245,port64/random_ring.hpp;port64/random_ring.cpp;port64/contracts.cpp;port64/verify.py;docs/PORT64.md;docs/reconstruction/main/TH04_MAIN_RANDRING_SEMANTICS_V1244.md,"Fill the 256-byte array from index 255 down to 0, sample overlapping little-endian words, and byte-wrap one shared cursor. At index 255 synthesize high byte 0xFF. AND and MOD reduce only after consumption; zero MOD throws after cursor advance. Linux and Windows x64 pass the same contract. IRand and gameplay integration remain pending.",2026-10-03T11:56:18+00:00
th04-port64-lcg-lifecycle-v1247,pattern,th04-port64,Portable x64 LCG preserves fixed-width process and resident seed lifetimes,runtime-observed,ev-th04-port64-lcg-v1247;ev-th04-port64-lcg-ubsan-v1247,port64/random_lcg.hpp;port64/random_lcg.cpp;port64/random_ring.cpp;port64/application_state.hpp;port64/application_state.cpp;port64/contracts.cpp;port64/verify.py;docs/PORT64.md;docs/reconstruction/product/TH04_SHARED_RANDOM_LCG_SEMANTICS_V1246.md,"Use uint32_t Lcg32 state with multiplier 0x015A4E35 and increment 1; return bits 16..30. Keep resident menu accumulation separate, reset process state to 1 on modeled executable entry, seed MAIN once from resident or 318 for demos, and re-seed MAINE only at verdict. Production SharedRandomRing consumes 256 LCG bytes in descending index order. Linux, Windows x64 and GNU UBSan/bounds contracts pass; direct gameplay call sites remain pending.",2026-10-03T14:33:19+00:00
th04-port64-item-core-v1249,pattern,th04-port64,Portable item drops and scoring preserve fixed-width DOS state without host out-of-bounds behavior,runtime-observed,ev-th04-port64-items-v1249;ev-th04-port64-items-ubsan-v1249,port64/item_system.hpp;port64/item_system.cpp;port64/contracts.cpp;port64/verify.py;docs/PORT64.md;docs/reconstruction/main/TH04_MAIN_ITEM_SEMANTICS_V1248.md,"Keep the byte enemy-drop cycle and shared-ring sample order, scan a fixed 32-slot pool without displacement, and perform the last-life override only after non-big type draws. Use explicit 8/16/32-bit score state, retain point/dream tables and 32/64-minus-48 performance carries, synthesize unsigned 16-bit pickup subtraction, and branch before any above-cap bonus lookup while returning overflow=42 and 2560 points. Linux, Windows x64 and UBSan/bounds contracts pass; live entity/render integration remains pending.",2026-10-03T14:59:51+00:00
th04-port64-op-selection-v1250,pattern,th04-port64,Portable OP character/shot selection uses original resources and publishes directly into MAIN state,runtime-observed,ev-th04-port64-selection-v1250;ev-th04-port64-selection-ubsan-v1250,port64/selection_state.hpp;port64/selection_state.cpp;port64/view.cpp;port64/contracts.cpp;port64/verify.py;docs/PORT64.md,"Keep character and shot choice as a two-stage fixed-width state with an explicit 2x2 availability mask. Left/right changes only available characters; confirm chooses A when available, shot up/down respects the mask, shot Cancel returns to character and character Cancel returns to title. Render SLB1.PI with the two opaque SL.CD2 portraits and publish a confirmed choice through application State. Linux, Windows x64 and UBSan/bounds agree; MAIN gameplay is the next boundary.",2026-10-03T15:15:03+00:00
th04-port64-live-main-v1251,pattern,th04-port64,Live native player and item updates share explicit Q12.4 state and original frame order,runtime-observed,ev-th04-port64-live-v1251;ev-th04-port64-movement-linux-v1251;ev-th04-port64-movement-windows-v1251;ev-th04-port64-window-linux-v1251;ev-th04-port64-window-windows-v1251;ev-th04-port64-live-ubsan-v1251,port64/main_state.cpp;port64/player_motion.cpp;port64/item_pool.cpp;port64/sprite_sheet.cpp;port64/verify_movement.py;port64/verify_window.py;docs/PORT64.md,"Update the player before the item pool, preserve deferred removal and pre-clamp pickup coordinates, and reuse the existing MAIN LCG for ring fill and drop initialization. Use ST00 BFNT palette and local MIKO16 item base 16, following 24 MIKO32 patterns. SDL must process a waited event in place to retain FIFO ordering. Native Windows/SDL windows accept held arrows and Shift; 256 original CPU movement vectors match. Stage VM, shots, enemies, death, scrolling and natural timing remain unported. Pause semantic work until a specific ambiguity blocks a native subsystem.",2026-10-03T15:49:29+00:00
th04-port64-stage-background-v1252,pattern,th04-port64,Stage 1 native background preserves MPN last-index and STD initial-speed quirks without emulating EGC,runtime-observed,ev-th04-port64-background-v1252;ev-th04-port64-background-cpu-linux-v1252;ev-th04-port64-background-cpu-windows-v1252;ev-th04-port64-background-window-linux-v1252;ev-th04-port64-background-window-windows-v1252;ev-th04-port64-background-ubsan-v1252,port64/stage_background.cpp;port64/stage_background.hpp;port64/view.cpp;port64/verify_background.py;port64/verify_window.py;src/main/stage/std.cpp;src/main/tile/circle_core.asm;src/main/scroll/driver.cpp;docs/PORT64.md,"MPN count is the last image index and pixels are B/R/G/I planes; ST00 and ST10 each contain 64 images. Decode once, translate MAP VRAM offset 72+2*(id/25)+1280*(id%25), fill five STD sections bottom-first and retain the 25x24 visible ring. Initial scroll speed is the speed-chunk length; first crossing advances cursor 4 to 5 and installs the true speed. Publish display origin before consuming the next advance and retain byte fraction/zero termination. Original CPU agrees across 6715 state/ring checkpoints and 32768 raw indexed tile pixels; EGC graphics and complete routes stay outside this replay. Both original character sprites pass host-window matching over scrolling tiles.",2026-10-03T16:18:15+00:00
th04-port64-player-shots-v1253,pattern,th04-port64,"Four native shot routes preserve original trigger, pool, laser and cache ordering",runtime-observed,ev-th04-port64-shots-v1253;ev-th04-port64-shots-cpu-linux-v1253;ev-th04-port64-shots-cpu-windows-v1253;ev-th04-port64-shots-cpu-ubsan-v1253;ev-th04-port64-shots-window-linux-v1253;ev-th04-port64-shots-window-windows-v1253;ev-th04-port64-shots-ubsan-v1253,port64/player_shots.hpp;port64/player_shots.cpp;port64/shot_contracts.cpp;port64/verify_shots.py;port64/main_state.cpp;port64/view.cpp;docs/PORT64.md,"Player then shots then items; released Z completes the 18-frame cycle. Reimu A level 8 does not reset its cycle at time 18. Consume random draws only after allocation. Laser startup/rings use old option coordinates; update publishes current-player velocity afterward. Keep fixed frame collision cache without rechecking shot flags across enemies, signed velocity /6, shrinking damage divisors, Bomb/boss division before odd-frame lasers and wrapped unsigned hit bounds. 4072 relocated original CPU checkpoints agree across Linux/Windows/UBSan. Sparks remain adapter requests without RNG/rendering. All four BFNT shooting fixtures agree, and both characters pass real held-Z/release windows. Semantic work stays paused; next wire enemy/stage VM integration.",2026-10-03T16:57:38+00:00
th04-port64-shot-capacity-v1253,hazard,th04-main,Original shot allocator can read beyond the 68-slot pool after final-slot success,runtime-observed,ev-th04-port64-shots-cpu-linux-v1253;ev-th04-port64-shots-cpu-windows-v1253;ev-th04-port64-shots-ubsan-v1253,src/main/player/shots_add.cpp;port64/player_shots.cpp;port64/verify_shots.py;port64/shot_contracts.cpp;docs/PORT64.md,"shots_add main_01 0AAF:72A6 increments shot_last_id only for occupied slots. A Marisa B level 9 fixture with slots 0..66 occupied and slot 67 free causes nine subsequent flag reads beyond the pool, beginning DS:BA26, at original load 2000/DS8000. The native cursor stops at 68, preserving defined valid-state behavior without emulating the overrun. Keep this capacity boundary outside universal equality claims; never alter the DOS exact branch to modernize it.",2026-10-03T16:57:38+00:00
th04-port64-stage-enemies-v1254,pattern,th04-port64,Native STD waves and enemies preserve synchronous dispatch and per-frame render state,runtime-observed,ev-th04-port64-enemies-v1254;ev-th04-port64-enemies-cpu-linux-v1254;ev-th04-port64-enemies-cpu-windows-v1254;ev-th04-port64-enemies-cpu-ubsan-v1254;ev-th04-port64-enemies-scroll-linux-v1254;ev-th04-port64-enemies-window-linux-v1254;ev-th04-port64-enemies-scroll-windows-v1254;ev-th04-port64-enemies-window-windows-v1254;ev-th04-port64-enemies-ubsan-v1254,port64/stage_program.cpp;port64/enemy_system.cpp;port64/enemy_contracts.cpp;port64/verify_enemy.py;port64/main_state.cpp;port64/view.cpp;docs/PORT64.md,"Parse seven STD script/wave chunks with handles, skipping the variable opaque marker. Keep exact-frame one-wave dispatch and midboss consumption, immediate setup chains, N+1 movement, word/byte wrap, full-pool RNG behavior, performance autofire, fixed shot cache, unsigned kill score, synchronous drops and once-per-frame render animation/flash. Publish prior scroll delta even on stream stop. 9414 VM vectors, 896 hit/lifecycle cases, 1188 waves and 12600 original CPU frames agree on three x64 builds. Actual 1200-frame per-character fixtures kill 26 enemies and reach power 7. Intercepted bullet/spark RNG/effects and player death remain absent; next connect enemy bullet adapters before full-route RNG claims. Semantic remains paused.",2026-10-03T17:48:36+00:00
th04-unicorn-hook-ip-v1254,hazard,control-plane,Unicorn 1.0.2 hook-time IP needs normalization from the linear hook address,runtime-observed,ev-th04-port64-hook-ip-negative-v1254;ev-th04-port64-enemies-cpu-linux-v1254,port64/verify_enemy.py;docs/PORT64.md,"In 16-bit Unicorn 1.0.2 a NOP hook at CS33A9:0100/load 33B90 reports UC_X86_REG_IP=3B90, then 0101 after execution. Raw-IP callee dispatch misses boundaries; use address-CS*16. The initial enemy oracle failure was a hook error, not a target VM mismatch. Do not generalize this receipt to other emulator versions; re-run the one-NOP ledger command.",2026-10-03T17:48:36+00:00
th04-port64-enemy-bullets-v1255,pattern,th04-port64,Portable enemy bullets preserve immediate shared-ring calls and reverse separate pools,runtime-observed,ev-th04-port64-bullets-cpu-linux-v1255;ev-th04-port64-bullets-cpu-windows-v1255;ev-th04-port64-bullets-cpu-ubsan-v1255,port64/enemy_bullets.cpp;port64/main_state.cpp;port64/verify_bullets.py;docs/PORT64.md,"240 pellets +200 large, 14 groups/9 motions: preserve byte performance-before-rank tuning, byte wrap before speed clamps, wrapper speed restoration, reused slot fields, cloud skip phases, graze-before-hit and corner double-bounces. Script FIRE retains scratch fields; autofire copies18 bytes. Emit tune/add immediately on the same ring before another enemy draw. Original CPU agrees36216 cases and2400 coupled frames; gather/spark callees and RNG/effects remain deferred. Route next work to these owners before asserting natural full-game randomness or gameplay.",2026-10-03T18:30:04+00:00
th04-port64-pellet-glyph-v1255,fact,th04-main,Original pellet lower pass starts Y+3 and repeats its first row,runtime-observed,ev-th04-port64-bullets-cpu-linux-v1255;ev-th04-port64-bullets-cpu-windows-v1255,src/main/bullet/pellet_render.asm;port64/enemy_bullets.cpp;port64/verify_bullets.py;docs/PORT64.md,"Independent relocated original main_01 0AAF:1EAC/1F3E GRCG-mask shadow rejects Y+4/nine rows: after6 white rows, lower pass startsY+3 and repeats first purple row, total8x8. Procedural native glyph agrees64 pixels across72 byte-alignment/Y-roll cases; pixelSHA a46af7a156407770ad1074cfd03659acc4efc2f3bb7129812f766c8dae478c35. Glyph equality excludes host edge clipping/full clouds. Use original pixel controls instead of inferring overlap from masks alone.",2026-10-03T18:30:04+00:00
th04-main-original-empty-ring-cpu-v1255,negative-result,th04-main,Original isolated count-zero rings also raise IDIV exceptions,runtime-observed,ev-th04-port64-empty-ring-negative-v1255,port64/verify_bullets.py;port64/enemy_bullets.cpp;docs/PORT64.md;src/main/bullet/add.cpp,Pinned original MAIN Normal wrapper13A9:9486 with zero-count BG_RING/BG_RING_AIMED raises IDIV BX at loaded33A9:9648/9669 (load2000 DS8000). This adds independent original CPU evidence to v1216 target arithmetic/native fault observations; original complete-route reachability remains unverified. Preserve playable DOS empty-ring guard in port; exclude zero-divisor behavior from universal semantic equality.,2026-10-03T18:30:04+00:00
th04-port64-effect-ring-and-release-v1256,pattern,th04-port64,Spark attempt allocation and saved gather release preserve shared RNG boundaries,runtime-observed,ev-th04-port64-effects-cpu-linux-v1256;ev-th04-port64-effects-cpu-windows-v1256;ev-th04-port64-effects-cpu-ubsan-v1256,port64/effects.cpp;port64/main_state.cpp;port64/enemy_bullets.cpp;port64/verify_effects.py;docs/PORT64.md,"Initialize96 spark angle LOW bytes with process LCG after ring fill/item init; preserve high angle/offset bytes. Occupied attempts advance96-slot offset without a draw; free attempts draw once. Circle numerator is wrapped16-bit, not host count*256. Gather first-free16 slots store full already tuned18-byte bullet template; ascending updates move/shrink then release at radius<32subpixels through regular add without retuning. Original CPU3075 full-state/render controls and2400 controlled coupled frames agree; changed natural fixtures24 kills reflect real spark draws. Route next work to Stage1 control/midboss, not more semantic renaming.",2026-10-03T19:01:40+00:00
th04-port64-effect-procedural-glyphs-v1256,fact,th04-port64,Procedural spark/gather masks agree with original renderer pixels,runtime-observed,ev-th04-port64-effects-cpu-linux-v1256;ev-th04-port64-effects-cpu-windows-v1256;ev-th04-port64-effects-ubsan-v1256,port64/effects.cpp;port64/view.cpp;port64/verify_effects.py;docs/PORT64.md,Nine procedural8x8 masks (eight spark cels and gather pellet) agree648 original GRCG-shadow controls across8 alignments and9 Y/roll positions. MaskSHA d5c8419022abe60572035dc8285014f950ae164eac11c8bcfd238e27221fb3a3. Preserve original foreground player/gather/spark/item/bullet order; gather point numerator wraps signed16 before division. No copied bitmap arrays or full host edge-clipping claim.,2026-10-03T19:01:40+00:00
th04-main-zero-spark-circle-v1256,negative-result,th04-main,Zero spark-circle count can fault after marking a free slot alive,runtime-observed,ev-th04-port64-zero-spark-circle-negative-v1256,src/main/spark.asm;port64/effects.cpp;port64/verify_effects.py;docs/PORT64.md,"Pinned original near circle13A9:03FC with valid center/free initial slot starts numerator0, initializes slot, then DIV count raises at loaded33A9:043A (load2000 DS8000). Do not model count0 as an original safe no-op. Port throws before mutation; complete original-route reachability remains unverified. Random spark count0 instead executes65536 attempts and is independently compared.",2026-10-03T19:01:40+00:00
th04-port64-stage1-midboss-v1257,pattern,th04-port64,"Stage1 midboss keeps activation ordering, invulnerable unfolding and once-tuned paired shots",runtime-observed,ev-th04-port64-midboss-cpu-linux-v1257;ev-th04-port64-midboss-cpu-windows-v1257;ev-th04-port64-midboss-cpu-ubsan-v1257;ev-th04-port64-midboss-cross-v1257;ev-th04-port64-midboss-ubsan-v1257,port64/midboss.cpp;port64/main_state.cpp;port64/verify_midboss.py;docs/PORT64.md,"STD consumes previous active flag before frame3100 activation. Four emergence tiles change before unfolded sprite; Y compensation uses prior subpixel scroll delta. Phases1/2 hittest consumes shot effects without HP subtraction. Phase3 tunes scratch once, emits angle and128-angle, then signed HP damage/bonus or scroll timeout. Prepare render once/frame, retaining damage until white phase3 drawing and one capped-radius angle increment. Original699 state/render plus450 actual tile controls and four4500-frame native scenarios pass three x64 builds. Route next work to Orange/progression; semantic remains paused. HUD/audio/shake/point requests retained but adapters/death/Bomb unported.",2026-10-03T19:44:48+00:00
th04-port64-stage1-bmt-palette-v1257,fact,th04-main,Stage1 setup appends a wider BMT sheet and overrides its color zero,runtime-observed,ev-th04-port64-midboss-cpu-linux-v1257;ev-th04-port64-midboss-cpu-windows-v1257;ev-th04-port64-stage1-palette-delta-v1257;ev-th04-port64-midboss-cross-v1257,src/main/boss/boss.cpp;port64/view.cpp;port64/main.cpp;port64/verify_midboss.py;docs/PORT64.md,"Original13A9:A55F loads st00.bmt after ST00.BFT and writes palette0 R/G FF. Private BMT has12 64x32 patterns appended at140 after12 32x32 BFT slots at128; BMT palette blue0=70. Original setup executes with explicit palette loader/CDG/BB adapters and initial22-byte state checked. Missing BMT caused native unfold pixel exception; sheet append and FF/FF/70 palette repair pass. Four earlier combat images change only80/85 color-zero pixels, no other geometry. Do not keep one fixed-size stage sheet or the incomplete BFT palette; native full-scene original VRAM/page/edge-roll equality remains open.",2026-10-03T19:44:48+00:00
th04-port64-stage1-orange-v1258,pattern,th04-port64,Orange preserves damage truncation and repeated attack template ownership,runtime-observed,ev-th04-port64-orange-cpu-v1258;ev-th04-port64-orange-pattern-cpu-v1258;ev-th04-port64-orange-replay-linux-v1258;ev-th04-port64-orange-replay-windows-v1258;ev-th04-port64-orange-replay-ubsan-v1258;ev-th04-port64-orange-cross-v1258,port64/orange.cpp;port64/orange_contracts.cpp;port64/verify_orange.py;docs/PORT64.md,"Isolated fixed-width Orange logic agrees36600 complete original state checkpoints on Linux/Wine-PE32+/optimized UBSan. Five ranks win/timeout traverse all phases; separate128-frame four-mode controls cover cloud mode2 omitted by fixed whole-Boss RNG. Preserve byte damage despite full-word hit sound, wrapped target subtraction/64, unchanged velocity in center dead band, second frame600 test after hit increments, zap assignment including0, retained templates/once-tuned paired shots and signed -15984 homing sentinel. Explosion creation owns48bytes; drawing/aging is deferred. Next integrate dialog/render/progression, not more semantic renaming.",2026-10-03T20:25:52+00:00
th04-port64-stage1-dialog-activation-v1258,hazard,th04-main,Orange activation follows a blocking dialog after the stopped-scroll back-page check,observed,ev-th04-port64-orange-activation-barrier-v1258,src/main/dialog/stage_transition.inl;port64/stage_program.cpp;port64/orange.hpp;docs/PORT64.md,"MAIN main01 0AAF:2454..24CD gates on speed byteDS4277=0/back pageDS46FC=1; actual target calls dialog2BFB before installing Boss callbacks/BGM. Program.stopped means STD schedule exhausted, not dialog completion. Keep native Orange inactive until a real dialog boundary completes. Post-defeat clear requests also need resident-graze/dialog/bonus/fade/quit consumers. Orange state/control Oracle does not establish live Boss route or rendered video.",2026-10-03T20:25:52+00:00
th04-port64-orange-foreground-v1259,pattern,th04-port64,Orange foreground keeps render-side explosion clocks and original circle clipping,runtime-observed,ev-th04-port64-orange-render-linux-v1259;ev-th04-port64-orange-render-windows-v1259;ev-th04-port64-orange-render-ubsan-v1259,port64/orange_render.cpp;port64/circles.cpp;port64/verify_orange_render.py;docs/PORT64.md#stage-1-orange-foreground-and-native-integration,"Three x64 builds agree1818 independently executed original controls (150 actual GRCG circle masks). Preserve circle signed IDIV vs sprite SAR, flag2 absent, strict small/inclusive big explosion bounds, actual48px MIKOD with64px transform/clip, white damage-byte retention and flash clock advanced while alive/reset when inactive. State.update does not age explosions; prepare_render exactly once per simulation frame, host repaint reads cached draws. Do not resume blanket semantic work; next connect actual dialog/progression. Pixel controls are default-rectangle masks, not full original color/page/pacing equality.",2026-10-03T21:01:30+00:00
th04-port64-orange-integration-v1259,hazard,th04-port64,Diagnostic Boss integration does not complete ordinary Stage1 dialog progression,runtime-observed,ev-th04-port64-orange-render-cross-v1259,port64/main_state.cpp;port64/view.cpp;port64/verify.py;docs/PORT64.md#stage-1-orange-foreground-and-native-integration,"Eight explicit native shot/idle character/rank scenarios agree120 Linux/Wine BMPs/counters with actual initial-power1 shots/items/bullets/shared RNG. Start_after_dialog is an explicit caller contract; ordinary STD remains inactive. Phase255 frame0 freezes before unported post-boss dialog rather than skipping it. Original background executes before Boss.update, so native composition caches prior phase/frame. Resident graze/clear bonus/stage transition/death/Bomb/player invincibility countdown/HUD/audio/Ending/save still need consumers. No native Windows pacing or complete original scene claim; background BB/palette full redraw is a host adapter.",2026-10-03T21:01:30+00:00
th04-port64-dialog-cursor-waits-v1260,pattern,th04-main,Dialog retains its script cursor and distinguishes box stops from scene stops,runtime-observed,ev-th04-port64-dialog-linux-v1260;ev-th04-port64-dialog-windows-v1260;ev-th04-port64-dialog-ubsan-v1260,port64/dialog.cpp;port64/dialog_contracts.cpp;port64/verify_dialog.py;docs/PORT64.md#dialog-vm-and-natural-stage-1-boss-flow,Original CPU48 cases/76 scenes/18768 ordered events and768 gates agree three builds. Inner# exits a box; outer# stops scene; post-dialog resumes consumed cursor. Held input speeds glyphs but waits release then new press. Preserve 3-digit optional parameter/default and filename12 consumption. Graphics/audio/file/fade/wait adapters are intercepted; do not promote async host timing/video to original equivalence. Stop blanket semantic; next port actual clear-bonus/progression consumer.,2026-10-03T21:55:42+00:00
th04-port64-orange-battle-bank-v1260,hazard,th04-port64,Boss activation dialog owns sprite-bank replacement and palette changes,runtime-observed,ev-th04-port64-dialog-linux-v1260;ev-th04-port64-dialog-cross-v1260;ev-th04-port64-dialog-regression-v1260,port64/view.cpp;port64/verify_dialog.py;docs/PORT64.md#dialog-vm-and-natural-stage-1-boss-flow,"Actual _DM00 command sequence clean128..255/load ST00.BB1/load ST00.BB2 replaces Stage1 BFT/BMT: four32x48 at128 and eight64x80 at132, each updates palette (BB2 color0 black). Earlier diagnostic skipped reload, so its v1259 geometry/state proofs did not establish the correct battle pictures. Native ordinary flow and diagnostics now install real battle files. Forty natural/120 diagnostic cross-host images are integration checks, not independent original full-scene proof.",2026-10-03T21:55:42+00:00
th04-port64-windows-dialog-execution-v1260,recipe,th04-port64,Native Windows headless replay validates delivered Stage1 PE independently of Wine,runtime-observed,ev-th04-port64-dialog-native-windows-v1260;ev-th04-port64-dialog-cross-v1260,port64/verify_windows.ps1;port64/start-th04-port64.bat;docs/PORT64.md#dialog-vm-and-natural-stage-1-boss-flow,"Windows interop and D mount are available again. verify_windows.ps1 with a fresh output directory passes9 contracts/40 natural BMPs/48 counters identical Linux/Wine and records native/HDI/font hashes. Root Stage1 launcher installed, previous native backed up under port64-preview/v1260; DOS package untouched. Execution uses cross-built PE32+, not an attested Windows-native compiler build or GUI frame-pacing measurement. Stage-clear/death/Bomb/later stages/HUD/audio/Ending/save still unported.",2026-10-03T21:55:42+00:00
th04-port64-bonus-width-order-v1261,pattern,th04-main,Stage bonuses preserve ten-point units word components and sequential truncation,runtime-observed,ev-th04-port64-bonus-linux-v1261;ev-th04-port64-bonus-windows-v1261;ev-th04-port64-bonus-ubsan-v1261,port64/stage_bonus.cpp;port64/verify_bonus.py;docs/PORT64.md#stage-clear-and-all-clear-bonus,"Original CPU1837 cases agree three builds. Component ushort wrapping precedes ulong summation; score units10, displayed gaiji trailing0. Separate credit/Continue/rank factor divide10 truncations; Extra has no rank factor and uses life×3000. Timeout zeros award but ordinary still grants wrapped Bomb and uses pre-modifier thresholds/no-miss/Bomb usage for actual wrapped/clipped perf. Allclear sets extends10 without Bomb/perf. Stop semantic; next connect score drain/persistent resident stats/leave/progression.",2026-10-03T22:24:41+00:00
th04-port64-bonus-timeout-data-candidate-v1261,negative-result,th04-main,Maintained timeout DATA description has an extra full-width space,observed,ev-th04-port64-bonus-candidate-text-v1261;ev-th04-port64-bonus-linux-v1261,src/main/stage/bonus_state.asm;port64/bonus_text.hpp;port64/verify_bonus.py;docs/PORT64.md#stage-clear-and-all-clear-bonus,MAIN DATA2134:1F79/file24AB9 has seven full-width spaces before×; maintained DOS candidate _aBOSS_FINAL_TIMEOUT has eight. Initial native CPU request comparison rejects the inherited candidate; portable data corrects one character and all1837 controls pass. DOS owner/layout unchanged; do not silently promote candidate text identity or alter its extent without separate layout/build replay.,2026-10-03T22:24:41+00:00
th04-port64-clear-bonus-frontier-v1261,hazard,th04-port64,Native clear bonus screen is not the complete score and stage transition pipeline,runtime-observed,ev-th04-port64-bonus-cross-v1261;ev-th04-port64-bonus-native-windows-v1261;ev-th04-port64-bonus-integration-v1261,port64/main_state.cpp;port64/view.cpp;port64/verify_windows.ps1;docs/PORT64.md#stage-clear-and-all-clear-bonus,"Eight natural Stage1 routes now consume actual clear bonus once after retained post-dialog and display40 identical native Linux/Wine/UBSan/actual-Windows snapshots;10 contracts pass. Miss/Bomb/Continue lifecycle remains absent and live counters0; isolated CPU cases alone cover their nonzero effects. Preview freezes at bonus, not stage2. Need real score drain, resident graze/statistics publication, stage-leave overlay/resource handoff before progressing; do not skip original416/488 clocks or pending score. Windows root exe/English launcher deployed in v1261; no DOS/GUI pacing/exact claim.",2026-10-03T22:24:41+00:00
th04-port64-score-byte-drain-v1262,pattern,th04-main,Native score drain preserves decimal byte and extend predicate semantics,runtime-observed,ev-th04-port64-score-linux-v1262;ev-th04-port64-score-windows-v1262;ev-th04-port64-score-ubsan-v1262;ev-th04-port64-score-native-cpu-v1262,port64/score.cpp;port64/verify_score.py;docs/PORT64.md#score-drain-and-extends,"4690 original CPU transitions match three builds and actual Windows. Keep low-word frame-delta writes/full-dword subtraction, retained temp5..7, six AAA loops and unnormalized high byte. Full high-score includes continues; extends checks digits6/7 directly and raises performance/index before life cap. Life99→100 allowed, subsequent grant suppressed. Render/life-HUD/SE/popup requests are checked separately from consumers. Stop semantic; integrate only concrete next flow boundaries.",2026-10-03T22:56:17+00:00
th04-port64-score-continues-storage-v1262,hazard,th04-main,Original continues aliases score digit0 despite maintained separate storage,observed,ev-th04-port64-score-continue-alias-v1262;ev-th04-port64-score-linux-v1262,src/main/score/state.asm;port64/score.hpp;docs/PORT64.md#score-drain-and-extends,Pinned MAIN DATA2134:4349 is actual score digit0 and the3CDA continue increment.43C0 resets only digits1..7; update begins434A/highest4350. Maintained DOS candidate declares a separate continues byte before score. Native uses one decimal array; do not inherit candidate layout or silently change DOS owner/link surface without separate replay. Full target provenance remains candidate-local-attested.,2026-10-03T22:56:17+00:00
th04-port64-score-live-frontier-v1262,hazard,th04-port64,Live ordinary score integration does not complete post-dialog stage progression,runtime-observed,ev-th04-port64-score-cross-v1262;ev-th04-port64-score-native-windows-v1262;ev-th04-port64-score-integration-v1262,port64/main_state.cpp;port64/view.cpp;docs/PORT64.md#score-drain-and-extends,"Ordinary frames now drain actual awards after frame/periodic performance, dispatch extends into lives/performance/clear and render score gaiji. Eleven contracts/40 natural BMPs/48 counters agree across Linux/Wine/UBSan/native Windows. Still freezes bonus before pending bonus drain/leave/Stage2. Resume original boss-update frame after blocking dialog without replaying its prefix, then416 fade/488 next-stage request/resources/resident publication. Saved high-score/life-HUD/popup/audio/death/Bomb/Continue/later-game/save absent. Semantic stops unless a concrete ambiguity blocks this work.",2026-10-03T22:56:17+00:00
th04-port64-leave-shared-byte-v1263,pattern,th04-main,Enter and leave share one72-frame timer and replace playfield TRAM,runtime-observed,ev-th04-port64-leave-linux-v1263;ev-th04-port64-leave-windows-v1263;ev-th04-port64-leave-ubsan-v1263;ev-th04-port64-leave-target-v1263,port64/stage_transition.cpp;port64/verify_transition.py;docs/PORT64.md#stage-enter-and-departure,"Observed DATA2134:1B62 byte: enter draws nonzero8-multiples and retains72; leave decrements before gaiji and clears pointer only following zero call.416 starts72→71,488 black fill clears callback. Leave replaces all bonus TRAM, HUD outside retained. Demo/title/audio consumers separate; do not introduce independent timers.",2026-10-03T23:45:15.887720+00:00
th04-port64-leave-dialog-continuation-v1263,pattern,th04-main,Post-boss dialog resumes inside the current actor frame,runtime-observed,ev-th04-port64-leave-linux-v1263;ev-th04-port64-leave-native-cpu-v1263;ev-th04-port64-leave-target-v1263;ev-th04-port64-leave-integration-v1263,port64/main_state.cpp;port64/stage_transition.cpp;port64/view.cpp;docs/PORT64.md#stage-enter-and-departure,"Original loop actor prefix precedes boss callback; items/gathers/overlay/clock/score follow. Original CPU retains real far-dialog caller context, returns then callsbonus without repeating tone/graze. Live saved contexts and actor/RNG stamp controls prevent duplicate prefix. Palette flag is deferred: snapshot uses previously displayed tone, resumed frame applies60 once; do not add another front-end dim.",2026-10-03T23:45:15.887720+00:00
th04-port64-leave-pending-carry-v1263,pattern,th04-main,Ordinary TH04 departure carries uncommitted score across next-stage request,runtime-observed,ev-th04-port64-leave-linux-v1263;ev-th04-port64-leave-windows-v1263;ev-th04-port64-leave-ubsan-v1263;ev-th04-port64-leave-native-cpu-v1263,port64/stage_transition.cpp;port64/score.cpp;port64/verify_transition.py;docs/PORT64.md#stage-enter-and-departure,"Three retained489-tick original departure→leave→score sequences preserve large pending at488. Ordinary416 only requests fade10;488 increments resident stage/ascii,quit2,delay1 then finishes ordinary frame. Next Stage2 loader must preserve pending/globalMAIN/LCG while resetting only proved stage owners; final/Extra dispatch separate.",2026-10-03T23:45:15.887720+00:00
th04-port64-leave-packing-hazard-v1263,hazard,control-plane,Native Python struct alignment can invalidate target phase/frame fixtures,observed,ev-th04-port64-leave-packing-rejection-v1263;ev-th04-port64-leave-linux-v1263,port64/verify_transition.py;docs/PORT64.md#stage-enter-and-departure,"Native Bh is4 bytes with a padding byte: seeded phase255/frame1 becomes target frame256 at53DA, giving rejected original257/native2. Explicit <Bh packed little-endian3 bytes fixes adapter. Diagnose exact written bytes before altering target arithmetic; preserve negative receipt.",2026-10-03T23:45:15.887720+00:00
th04-port64-leave-frontier-v1263,hazard,th04-port64,Stage1 departure request is not a loaded Stage2,runtime-observed,ev-th04-port64-leave-cross-v1263;ev-th04-port64-leave-native-windows-v1263;ev-th04-port64-leave-integration-v1263,port64/main_state.cpp;port64/application_state.cpp;docs/PORT64.md#stage-enter-and-departure,"Twelve contracts/64 natural BMPs/72 counters agree four executions. Native now finishes Stage1 bonus/leave and publishes graze/lives/Bombs/stage/ascii, retaining resource_stage0/generation/LCG. Unloaded Stage2 freezes further updates. Next port actual session resets/resources/midboss/Kurumi, never relabel/reuse Orange. New-run graze reset, final/Extra/audio/HUD/death/Bomb/Continue/Ending/save remain separate. Stop general semantic naming; current source supports native slice.",2026-10-03T23:45:15.887720+00:00
th04-port64-session-retained-metadata-v1264,pattern,th04-main,Stage changes clear pools but retain scalar process metadata,runtime-observed,ev-th04-port64-session-linux-v1264;ev-th04-port64-session-windows-v1264;ev-th04-port64-session-ubsan-v1264;ev-th04-port64-session-target-v1264,port64/stage_session.cpp;port64/verify_session.py;docs/PORT64.md#stage-actor-session-preparation,"Use existing MAIN actor owners. Preserve pending/decimal score,power/performance,input/velocity,Reimu volley/hit-spark cycles,bullet clear/template metadata,gather center and spark cursor high byte. Seven native pools reset; original nine raw extents checked with upperEAX0,custom/popup absent. Do not replace owners with defaults.",2026-10-04T00:31:58.446259+00:00
th04-port64-session-retained-rng-v1264,pattern,th04-main,Ordinary stage initialization advances the existing MAIN random process,runtime-observed,ev-th04-port64-session-linux-v1264;ev-th04-port64-session-windows-v1264;ev-th04-port64-session-ubsan-v1264;ev-th04-port64-session-native-windows-v1264,port64/stage_session.cpp;port64/main_state.cpp;port64/session_contracts.cpp;docs/PORT64.md#stage-actor-session-preparation,Order ring256/drop1/spark96 is353 draws;24 controlled retained double resets use706 draws with unchanged owners/machine and no reseed. Native Stage2 API validates STD before mutation then preserves MAIN generation/resident awards while consuming the next353 draws. Do not reconstruct MAIN at an ordinary stage change.,2026-10-04T00:31:58.446259+00:00
th04-port64-session-frontier-v1264,hazard,th04-port64,Stage2 actor preparation is ready while Stage2 visuals and callbacks remain absent,runtime-observed,ev-th04-port64-session-cross-v1264;ev-th04-port64-session-native-windows-v1264;ev-th04-port64-session-integration-v1264,port64/main_state.cpp;port64/session_contracts.cpp;docs/PORT64.md#stage-actor-session-preparation,"Four native character/Normal-Lunatic routes run original ST01.STD/MAP to2600 after natural Stage1. Hold before unsupported midboss2,never invoke Stage1 callback under Stage2 identity. GUI stillStage1/rootv1263; v1264 verified test package only. Next replace actual stage sprite/map/palette/portrait/dialog resources and implement midboss2/Kurumi. General semantic naming remains stopped.",2026-10-04T00:31:58.446259+00:00
th04-port64-midboss2-template-v1265,pattern,th04-main,Stage2 midboss retains tuned shared templates across producers,runtime-observed,ev-th04-port64-midboss2-linux-v1265;ev-th04-port64-midboss2-windows-v1265;ev-th04-port64-midboss2-ubsan-v1265;ev-th04-port64-midboss2-target-v1265,port64/midboss2.cpp;port64/verify_midboss2.py;docs/PORT64.md#stage2-midboss-and-actor-integration,"Quads tune only first direction; later three retain group/count/delta. Aimed pattern uses its saved angle,then retargets special cloud shots with incremented byte speed. Gap gather templates retain center/velocity and change radius/points/color only at proved frames. Hit argument10 is soundID,not damage cap. Keep same bullet/gather/ring owners across patterns.",2026-10-04T01:06:52.436946+00:00
th04-port64-midboss2-defeat-v1265,pattern,th04-main,Stage2 timeout branches before shot collision and all defeat rewards,runtime-observed,ev-th04-port64-midboss2-linux-v1265;ev-th04-port64-midboss2-windows-v1265;ev-th04-port64-midboss2-ubsan-v1265;ev-th04-port64-midboss2-native-windows-v1265,port64/midboss2.cpp;port64/midboss2_contracts.cpp;port64/verify_midboss2.py,"After17 patterns timeout directly sets privatephase2/upwardvelocity,48sparks/sound12; no hit/zap/score/Bomb/shake. Kill grants wrapped unsigned16 (18-done)*1280 and two ring draws per clamped point request,then Bomb/shake/zap/retreat. Entry96 consumes shots but is invulnerable. Four retained update/render sequences verify both exits without resetting owners; other actor updates omitted.",2026-10-04T01:06:52.436946+00:00
th04-port64-midboss2-frontier-v1265,hazard,th04-port64,Stage2 actor integration reaches Kurumi gate while GUI resources remain unjoined,runtime-observed,ev-th04-port64-midboss2-cross-v1265;ev-th04-port64-midboss2-native-windows-v1265;ev-th04-port64-midboss2-integration-v1265,port64/main_state.cpp;port64/session_contracts.cpp;docs/PORT64.md#stage2-midboss-and-actor-integration,"Four native character/Normal-Lunatic routes reach6982 after actualStage2midboss,with real item/gather/score consumers. Full original route not compared. GUIstillStage1/rootv1263; v1265 testpackage. Next replaceStage2 BFT/BMT/MAP/MPN/palette/portrait/dialog ownership and implementKurumi. Sprite geometry146..153 proved,invalidsprite>2 undefinedSI rejected. Semantic remains stopped.",2026-10-04T01:06:52.436946+00:00
th04-unicorn-callback-rejection-v1265,hazard,control-plane,Direct callback exceptions can be swallowed by the installed Unicorn ctypes binding,runtime-observed,ev-th04-port64-midboss2-callback-negative-v1265;ev-th04-port64-midboss2-linux-v1265,port64/verify_midboss2.py;port64/verify_score.py;docs/PORT64.md#stage2-midboss-and-actor-integration,"InstalledUnicorn1.0.2 syntheticNOP rejects directPythonraise as a falsifiable guard: exception prints but emu_start returns. Capture error in hook,emu_stop,then rethrow outside callback before accepting ABI/checkpoints. Mandatory rejecting control catches swallowed errors; do not rely on stderr or bare hook raises.",2026-10-04T01:06:52.436946+00:00
th04-port64-stage2-resource-bank-v1266,pattern,th04-port64,Stage2 replaces complete dynamic sprite map palette and dialog ownership,runtime-observed,ev-th04-port64-stage2-resources-target-v1266;ev-th04-port64-stage2-resources-pixels-v1266;ev-th04-port64-stage2-resources-integration-v1266,port64/view.cpp;port64/view.hpp;port64/verify_stage2_resources.py;docs/PORT64.md#stage2-visual-resources-and-dialog,"Stage2 uses18BFT slots128..145 and16BMT slots146..161,ST01MPNfor both characters,BSS1portraits/new scripts,BMTpalettewithoutStage1color0override. Clear128..255 before destroyingold dialog sheets. Heap-ownedbytevectors keep CDGreferences/slotpointers stable; moveonlyowningpointer and disablewholeobjectcopy. Validatecandidate before actor mutation/publishresource_stage afterinstall. Fourroutes/UBSan and independentopaqueCDGpixelcheck pass; original file/VRAM consumers intercepted.",2026-10-04T01:39:27.253198+00:00
th04-port64-stage2-frontier-v1266,hazard,th04-port64,Stage2 GUI now reaches and completes pre-Kurumi dialog but her battle remains unported,runtime-observed,ev-th04-port64-stage2-resources-cross-v1266;ev-th04-port64-stage2-resources-native-windows-v1266;ev-th04-port64-stage2-resources-integration-v1266;ev-th04-port64-stage2-resources-published-v1266,port64/view.cpp;port64/main_state.cpp;docs/PORT64.md#stage2-visual-resources-and-dialog,"Supersedesv1265backend-onlyGUIfrontier: rootv1266previewloadsStage2, actualmidboss thenpre-Kurumi at6982. Reimuendscriptoffset566/Marisa585; freeze actors/RNG duringdialog andaftercompletionwithoutreentry.32BMP/36counters agree Linux/Wine/nativeWindows/UBSan; old64Stage1BMP unchanged. ImplementKurumi state/attacks/render/post-dialognext. Bomb/death/HUD/audio/save/Ending/laterstages remainabsent. Semanticstopsunless concreteportambiguity; nofullgame/FPS/exactclaim.",2026-10-04T01:39:27.253198+00:00
th04-port64-kurumi-spawnray-retention-v1267,pattern,th04-main,Kurumi owns six byte-flag spawnrays and preserves template metadata across phases,runtime-observed,ev-th04-port64-kurumi-target-v1267;ev-th04-port64-kurumi-cpu-linux-v1267;ev-th04-port64-kurumi-cpu-windows-v1267;ev-th04-port64-kurumi-cpu-ubsan-v1267;ev-th04-port64-kurumi-native-windows-v1267,port64/kurumi.cpp;port64/kurumi.hpp;port64/verify_kurumi.py;src/main/boss/kurumi_update.cpp;docs/PORT64.md#kurumi-state-and-attack-core,"DATA2134:B204six26-byte records: flag/free atentry,retainedbyte/padding,release writesflagonly; all-free delayeduntilnextcall. Rayexit writesSPEEDUP butcallsregular fixed-speed producer retaininggroup. Orbit writescurrent only/seekretainsvelocityindeadband;phase0testsoldclockbeforeinvulnerablehitincrement.46B0turntoggle/BCB7parameter/BCB8angle remain explicit. Finalstackperiod255/128/32/8 ordinaryfourranks.3436boundary/eightboss-onlysequences agree41488records onLinux/Wine/UBSan/nativeWindows withinterceptedconsumers,notoriginalGUI/fullgame/exact.",2026-10-04T02:18:01.256297+00:00
th04-port64-kurumi-core-frontier-v1267,hazard,th04-port64,Kurumi core verified but rendering and preceding-stage retained metadata are still integration work,runtime-observed,ev-th04-port64-kurumi-integration-v1267;ev-th04-port64-kurumi-orange-regression-v1267;ev-th04-port64-kurumi-windows-scenarios-v1267;ev-th04-port64-kurumi-negative-v1267,port64/orange.cpp;port64/kurumi.cpp;port64/main_state.cpp;docs/RE_HANDOFF.md;docs/PORT64.md#kurumi-state-and-attack-core,"Shareddefeat extractedwithoutOrange-specificunconditionalgathercenterwrite; retainedOrange34040records agrees3builds. Kurumifreshsetupcomparesonly24bossbytes/hitbox/rankperiod; originalbossresetretainsHP/angle/endHP/additional, soGUIjoinmustaccountforpredecessormetadata. Windowsv1267backendpackage15contracts/96BMP,rootv1266unchanged/battleheld. Nextoriginalforeground/backdroporacle,connectbattleandpostdialogresumption; nofullgame/pacing/exactclaim. Semanticstaysstoppedunlessconcreteportambiguity; do notresumenamingpass.",2026-10-04T02:18:01.256297+00:00
th04-port64-kurumi-render-coordinates-v1268,pattern,th04-port64,Kurumi sprite SAR and ray IDIV coordinates need distinct rounding and quantized line slope,runtime-observed,ev-th04-port64-kurumi-render-target-v1268;ev-th04-port64-kurumi-render-cpu-linux-v1268;ev-th04-port64-kurumi-render-cpu-windows-v1268;ev-th04-port64-kurumi-render-cpu-ubsan-v1268;ev-th04-port64-kurumi-render-native-windows-v1268,port64/kurumi_render.cpp;port64/kurumi.hpp;port64/verify_kurumi_render.py;src/main/boss/kurumi_fg_render.cpp;docs/PORT64.md#kurumi-foreground-and-ray-raster,"Spritepixelcoordinates arithmeticshift; ray IDIV truncatesbeforePF32/16. Allnonzeroflagsrender,flashretained,sprite0/12mod16 and4/6mod8,phase254AXpush iscomputedtopbeforeloadspritestate. Default-screen rayraster sortsendpointsbyX,16fractionalslopequantization,8000haccumulator.7204foreground/2816backdrop/620full32000bytemasks agreeLinux/Wine/UBSan/nativeWindows. Originalsprite/CDG/color/tileconsumersintercepted. Generalizedclipping/GUIbattle notjoined; actualraysremaininscreen. Nextcomposevalidatedrequests withoutreusingOrange geometry.",2026-10-04T02:44:19.558492+00:00
th04-port64-kurumi-tdw-footprint-v1268,hazard,pc98-grcg,GRCG TDW colorfill requires address coverage while RMW ray controls require CPU masks,runtime-observed,ev-th04-port64-kurumi-render-target-v1268;ev-th04-port64-kurumi-render-negative-v1268;ev-th04-port64-kurumi-render-integration-v1268,port64/verify_kurumi_render.py;src/main/boss/kurumi_backdrop.cpp;src/main/boss/boss_bg_main01.cpp;docs/PORT64.md#kurumi-foreground-and-ray-raster,"Kurumi3F80 colorfill writes384x192at32,208 and384x80at32,16,104448pixels includingbottomrows384..399. Parent7667setsTDW beforefill; valuebits ignored,soORingCPUEAXmaskproduceswrongoracle. CaptureeveryaddressedbyteforTDWfootprint; usevaluemasksforlineRMW. SelectedactualCPUfootprint proven,separatefromphysicalGRCGcolor/page/scroll orhostcomposition. Rootv1266stillheld; v1268backendpackagechecked. NextapplyrectanglesandStage2picture32,96/BBplaninGUI,thenbattle/post-dialog; semanticstopped.",2026-10-04T02:44:19.558492+00:00
th04-port64-kurumi-retained-stage2-setup-v1269,pattern,th04-port64,Stage2 boss reset retains metadata while stage runtime owns fresh globals,runtime-observed,ev-th04-port64-kurumi-live-target-v1269;ev-th04-port64-kurumi-live-reset-v1269;ev-th04-port64-kurumi-live-setup-linux-v1269;ev-th04-port64-kurumi-live-setup-windows-v1269;ev-th04-port64-kurumi-live-setup-ubsan-v1269;ev-th04-port64-kurumi-live-native-windows-setup-v1269,port64/kurumi.cpp;port64/verify_kurumi_setup.py;port64/main_state.cpp;docs/PORT64.md#kurumi-battle-and-departure-integration,BossReset preservesHP/angle/endHP/additional1..15/explosionmetadata includingbigalive; clearonlytwosmallaliveflags. Separatestage_runtime resets speed1/shake0/Bombdisabled0/inv64;common0675tone100.1024retainedsetup/256countdowncontrolsagreefourhosts. Do notcopyprecedingglobalsspeed/inv/paletteintonewbattle. LoadedBFNTcolor0joinsatpre-dialogcompletion; Kurumiclock320laterwritesred. NextStage3mustderiveitsownreset/resourceownership.,2026-10-04T03:28:45.499292+00:00
th04-port64-kurumi-native-two-stage-frontier-v1269,pattern,th04-port64,Native two-stage GUI completes Kurumi and stops at Stage3 resources,runtime-observed,ev-th04-port64-kurumi-live-cross-v1269;ev-th04-port64-kurumi-live-native-windows-v1269;ev-th04-port64-kurumi-live-integration-v1269;ev-th04-port64-kurumi-live-export-v1269;ev-th04-port64-kurumi-live-regression-v1269,port64/view.cpp;port64/main_state.cpp;port64/verify_windows.ps1;docs/RE_HANDOFF.md;docs/PORT64.md#kurumi-battle-and-departure-integration,"EightnaturalNormal/Lunatic Reimu/Marisa shot/timeout routes finishKurumi/post-dialog/bonus/416-488departure. Dialog freezesactors/inv/RNG;resumecompletesenteredframeonce. Resident2/resource1/generation2 persistatStage3hold.15contracts/168BMP/188counters agreeLinux/Wine/UBSan/Windows;old96/108unchanged. Rootnativepreviewv1269publishedonly2files,21protected. Wholegame/death/Bomb/fullHUD/audio/Ending/saveunported. ContinueStage3 resources/midboss/Elly; semanticpausedunlessconcreteambiguity.",2026-10-04T03:28:45.499292+00:00
th04-port64-stage3-twelve-dash-boundary-order-v1270,pattern,th04-port64,Stage3 midboss retains collision after boundary exit and flies twelve dashes,runtime-observed,ev-th04-port64-stage3-target-v1270;ev-th04-port64-stage3-original-cpu-v1270;ev-th04-port64-stage3-core-linux-v1270;ev-th04-port64-stage3-core-windows-v1270;ev-th04-port64-stage3-core-ubsan-v1270;ev-th04-port64-stage3-native-windows-core-v1270;ev-th04-port64-stage3-negative-v1270,port64/midboss3.cpp;port64/verify_midboss3.py;docs/PORT64.md#stage3-midboss-and-pre-elly-integration,Entry20 ticks/HP850 then four patterns and twelve mirrored DATA1790 flight angles. After12th dash keep velocity until boundary; still run shot hit that frame and lethal reward wins. Defeat clearsVx only. Preserve signed-IDIV animation/flash and shared defeatAngle.9792 controls/15886 original records agree4hosts. Native rejects corrupt index12+ at new-dash clock1; do not claim original corrupt-state equivalence.,2026-10-04T04:09:28.850621+00:00
th04-port64-stage3-retained-setup-dialog-palette-v1270,pattern,th04-port64,Stage3 retains midboss metadata and its Elly dialog replaces bank and palette,runtime-observed,ev-th04-port64-stage3-setup-linux-v1270;ev-th04-port64-stage3-setup-windows-v1270;ev-th04-port64-stage3-setup-ubsan-v1270;ev-th04-port64-stage3-native-windows-setup-v1270;ev-th04-port64-stage3-cross-v1270,port64/stage_session.cpp;port64/view.cpp;port64/verify_stage3_resources.py;docs/PORT64.md#stage3-midboss-and-pre-elly-integration,"Original642C/A6F6 owns active/start1600/HP850/sprite/current-prev3072,-512/vel0,64; phase/clock/damaged/unusedAngle/sharedHPbar/defeatAngle retain across1280 setup controls. Initial bank16BFT+4BMT; pre-Elly cleans then loads6BB1+12BB2 and BB2 palette.106880independent portrait pixels agree8routes. Do not reuseBMT palette after dialog or reset all actor bytes. Elly retainedBoss setup remains next work.",2026-10-04T04:09:28.850621+00:00
th04-port64-stage3-native-frontier-v1270,pattern,th04-port64,Native Stage3 reaches Elly pre-dialog while semantic remains stopped,runtime-observed,ev-th04-port64-stage3-cross-v1270;ev-th04-port64-stage3-native-windows-receipt-v1270;ev-th04-port64-stage3-integration-v1270;ev-th04-port64-stage3-export-v1270,port64/main_state.cpp;port64/view.cpp;port64/CMakeLists.txt;docs/RE_HANDOFF.md;docs/PORT64.md#stage3-midboss-and-pre-elly-integration,"8Normal/Lunatic Reimu/Marisa shot/idle routes loadStage3 afteractualKurumi departure, consume353processdraws whilegeneration2 persists, runSTD/midboss andpre-Elly dialogatframe9202 thenhold.16contracts/240BMP/268counters agree4hosts;old168/188unchanged. New contracttarget must precede warning/static-link loops. v1270Windowsroot only2nativefiles changed/21protected. NextElly battle; fullnativegame incomplete, semantic stopped unless concrete ambiguity.",2026-10-04T04:09:28.850621+00:00
th04-port64-elly-scythe-clock-orbit-shot-v1271,pattern,th04-port64,Elly owns independent scythe clock/raw shot deflection and radius orbit,runtime-observed,ev-th04-port64-elly-target-v1271;ev-th04-port64-elly-original-reference-v1271;ev-th04-port64-elly-core-linux-v1271;ev-th04-port64-elly-core-windows-v1271;ev-th04-port64-elly-core-ubsan-v1271;ev-th04-port64-elly-native-windows-core-v1271,port64/elly.cpp;port64/elly.hpp;port64/verify_elly.py;docs/PORT64.md#elly-battle-and-departure-integration,"Scythe runs beforeBossdispatcher,unsigned16clock/byteangle-speed/signedturn; modes3..6 do not advanceclock. AgainstBossfalse returns rawworddamage;subtractdamage>>1 fromVyonly, bodytrue truncatesdamagebyte. Entrance incrementsBossclocktwice;previous.x isorbit radius.39297 independent original states agree4hosts/all4rank shot-timeout sequences. Retainwrapped arithmetic,phaseorder and separate shot adapters.",2026-10-04T05:00:50.732733+00:00
th04-port64-elly-gather-only-template-v1271,negative-result,th04-port64,Elly gather allocation must retain saved bullet fields,runtime-observed,ev-th04-port64-elly-original-reference-v1271;ev-th04-port64-elly-core-linux-v1271;ev-th04-port64-elly-render-linux-v1271,port64/elly.cpp;port64/verify_elly.py;docs/PORT64.md#elly-battle-and-departure-integration,"Firstnative control4098field27 disproved copying currentbulletTemplate into attackgathers. Originalgather_add_only sets bulletspawn0and retainsother savedfields. Correctnativegathers.add(g,t,true);full39297reference replay passes. Originalexpectations completed independently and target-onlyreference is distinct from initialfailednative comparison. Do not reinterpret old mismatchaspass.",2026-10-04T05:00:50.732733+00:00
th04-port64-elly-retained-setup-background-v1271,pattern,th04-port64,Elly setup retains private globals and backdrop owns128..383 fill,runtime-observed,ev-th04-port64-elly-target-v1271;ev-th04-port64-elly-setup-linux-v1271;ev-th04-port64-elly-setup-windows-v1271;ev-th04-port64-elly-setup-ubsan-v1271;ev-th04-port64-elly-render-linux-v1271;ev-th04-port64-elly-render-windows-v1271;ev-th04-port64-elly-render-ubsan-v1271;ev-th04-port64-elly-native-windows-background-v1271,port64/elly.cpp;port64/view.cpp;port64/verify_elly_setup.py;port64/verify_elly_render.py;docs/PORT64.md#elly-battle-and-departure-integration,"Original13A9:A6F6 setup doesnotwrite19scythebytes/orbit/group; firstnativeStage3 privateglobals arefreshMAINBSS, precedingBoss/explosionmetadata retained.256setup+5316FG+11264BG controls agree4hosts. Phase0palette0blue128,phase2blue0;BG startsphase2picture32,16+BBmask;fill32,128,384,256 has12288independentCPUwriteaddresses. Phase<=1clock>2 invalidate64x64BossPrevious and nonzeroFlagScythePrevious. No physicalGRCGcolor or unoccludedbackgroundpixelclaim;foreground mayoverdrawtoprows.",2026-10-04T05:00:50.732733+00:00
th04-port64-elly-stage4-frontier-v1271,pattern,th04-port64,Native Elly battle/post-dialog/departure reaches Stage4 resource request,runtime-observed,ev-th04-port64-elly-cross-v1271;ev-th04-port64-elly-native-windows-receipt-v1271;ev-th04-port64-elly-integration-v1271;ev-th04-port64-elly-export-v1271,port64/main_state.cpp;port64/view.cpp;port64/verify.py;docs/RE_HANDOFF.md;docs/PORT64.md#elly-battle-and-departure-integration,"8Normal/Lunatic Reimu/Marisa shot/idle naturalroutes runStage1Orange/Stage2Kurumi/Stage3midboss+Elly/postdialog/bonus/416fade/488departure andholdStage4request. MAINgeneration2 retained,residentstage3/resource2.17contracts336BMP372counters agreeLinux/Wine/optimizedUBSan/actualWindows;prior240/268 unchanged. v1271updates2rootnativefiles/21protected;18checkedstaticPE. ContinueStage4;semanticstopped unlessconcrete ambiguity. Fullnativegame incomplete.",2026-10-04T05:00:50.732733+00:00
th04-port64-stage4-two-encounters-v1272,pattern,th04-port64,Stage4 midboss reset re-arms a retained second encounter,runtime-observed,ev-th04-port64-stage4-target-v1272;ev-th04-port64-stage4-original-core-v1272;ev-th04-port64-stage4-core-linux-v1272;ev-th04-port64-stage4-core-windows-v1272;ev-th04-port64-stage4-core-ubsan-v1272;ev-th04-port64-stage4-native-windows-core-v1272,port64/midboss4.cpp;port64/midboss4.hpp;port64/verify_midboss4.py;docs/PORT64.md#stage4-resources-midboss-and-npc-dialogue,"Firststart2800 termination resetsactive thenrearms5600,x240/-32,vx-4/vy2,HP1200,sprite/frame0;secondtermination clearsHP withoutrearm. FirstdefeatBomb/secondoneup. FreshDATA185Eaim1;setupretainsprivate/sharedHP/flash/angle.48entrance clearsselectedcounters only.31410original states agree4hosts;preservewrap/tune/fixedshots/hit-after-exit ordering;nextNPCBosses.",2026-10-04T05:46:24.797547+00:00
th04-port64-stage4-carpet-asymmetry-v1272,negative-result,th04-port64,Carpet seams and cel5 mask are asymmetric in pinned target,runtime-observed,ev-th04-port64-stage4-target-v1272;ev-th04-port64-stage4-carpet-linux-v1272;ev-th04-port64-stage4-carpet-windows-v1272;ev-th04-port64-stage4-carpet-ubsan-v1272;ev-th04-port64-stage4-initial-carpet-rejected-v1272;ev-th04-port64-stage4-native-windows-carpet-v1272,port64/stage4.cpp;port64/verify_carpet.py;src/main/stage/carpet_state.asm;docs/PORT64.md#stage4-resources-midboss-and-npc-dialogue,"PinnedDATA2134:190C useslowerseams18/20,notquarantinedDOScandidate19/21. Maskcel5 leftcol2=0/right21=2;do notmirrorregularize. Full72image/192mask formulas and4012CPUstates agree4hosts.0AAF:3FF1 RET4 occupies3FF1..3FF3;lasttwoareoperandsnotpadding. DOScarpetexactness remainsdeferred andsourceunchanged.",2026-10-04T05:46:24.797547+00:00
th04-port64-stage4-fixed-shot-observer-v1272,hazard,th04-port64,Fixed-speed wrapper and regular child are one fire request,runtime-observed,ev-th04-port64-stage4-target-v1272;ev-th04-port64-stage4-initial-observer-rejected-v1272;ev-th04-port64-stage4-original-core-v1272;ev-th04-port64-stage4-core-linux-v1272;ev-th04-port64-stage4-native-windows-core-v1272,port64/verify_midboss4.py;port64/midboss4.cpp;docs/PORT64.md#stage4-resources-midboss-and-npc-dialogue,Original13A9:9512 setsfixedmode thenindirectcallsregularwrapper;Basealreadyobservesinnerentry. Observingbothduplicatesfireevent althoughpool/templatescorrect. Initialcase588count6vs5 remainsfail;observer-onlyrepair yieldsfull31410match. Countsemanticrequestoncewhileactualoriginalwrappersexecute.,2026-10-04T05:46:24.797547+00:00
th04-port64-stage4-npc-frontier-v1272,pattern,th04-port64,Native Stage4 runs both midbosses and holds at actual NPC battle gate,runtime-observed,ev-th04-port64-stage4-cross-v1272;ev-th04-port64-stage4-native-windows-receipt-v1272;ev-th04-port64-stage4-setup-linux-v1272;ev-th04-port64-stage4-integration-v1272;ev-th04-port64-stage4-export-v1272,port64/main_state.cpp;port64/view.cpp;port64/verify.py;docs/RE_HANDOFF.md;docs/PORT64.md#stage4-resources-midboss-and-npc-dialogue,"8Normal/Lunatic Reimu/Marisa shot/idle naturalroutes advancefromEllydeparturetoStage4STD/carpet/twomidbosses/NPCdialog thenholdframe12808,generation2,stage/resource3.18contracts/432BMP/476counters agree4hosts,old336/372 unchanged. KAO3/BK2 versusKAO2/BK andcharacterBBTsattestedbyCPUrequests/assetpixels.19staticPEpackagev1272changes2rootnativefiles/21protected. NextNPCBossfight;semanticstopped unlessconcreteambiguity,fullgameincomplete.",2026-10-04T05:46:24.797547+00:00
th04-port64-reimu-orb-alias-v1273,pattern,th04-port64,Reimu trail alias and retained orb slots,runtime-observed,ev-th04-port64-reimu-target-v1273;ev-th04-port64-reimu-original-v1273;ev-th04-port64-reimu-core-linux-v1273;ev-th04-port64-reimu-actual-windows-core-v1273,port64/reimu.cpp;port64/reimu.hpp;port64/verify_reimu.py;docs/PORT64.md#stage4-reimu-state-and-orb-core,BCFC one trail byte aliased by old visibility symbols; B204 independent32x26 pool. Moving retains spin/turn/padding; spinning retains velocity/padding. Release update and unknown nonzero flags still raw shot/player collision. Wrapped unsigned rectangle and independent against-Boss adapter. Preserve through GUI connection.,2026-10-04T06:26:53.534117+00:00
th04-port64-reimu-phase-clock-v1273,pattern,th04-port64,Reimu ten attacks and defeat use wrapper-owned clocks,runtime-observed,ev-th04-port64-reimu-original-v1273;ev-th04-port64-reimu-core-linux-v1273;ev-th04-port64-reimu-core-windows-v1273;ev-th04-port64-reimu-core-ubsan-v1273;ev-th04-port64-reimu-actual-windows-core-v1273,port64/reimu.cpp;port64/reimu.hpp;port64/verify_reimu.py;docs/PORT64.md#stage4-reimu-state-and-orb-core,Phase1 explicit+invulnerable double increment; ordinary hit wrapper increments; phase12 separate staging; default defeat omits orb/HP tail. Discarded angle RNG draws retained.8four-rank damage0/19 Boss-only sequences reach departure12716/1245 allphases. Rendering/ordinary updates excluded; next GUI gate/backdrop/foreground.,2026-10-04T06:26:53.534117+00:00
th04-port64-reimu-constants-v1273,negative-result,th04-port64,Reimu original constants reject initial portable values,runtime-observed,ev-th04-port64-reimu-target-v1273;ev-th04-port64-reimu-initial-rejected-v1273;ev-th04-port64-reimu-core-linux-v1273,port64/reimu.cpp;port64/reimu.hpp;port64/verify_reimu.py;docs/PORT64.md#stage4-reimu-state-and-orb-core,First candidate2402field24 blue76/special129 fails; actual blue57/special128/red61/no-special255. Repaired frozen full records agree4hosts. Initial setup observer wrong character/rank cells and segment/offset check also corrected without native changes. Use pinned numeric observations rather than remembered names.,2026-10-04T06:26:53.534117+00:00
th04-port64-reimu-fault-order-v1273,hazard,th04-port64,Reimu spinning allocation commits fields before zero count fault,runtime-observed,ev-th04-port64-reimu-zero-div-v1273;ev-th04-port64-reimu-integration-v1273,port64/reimu.cpp;port64/reimu.hpp;port64/verify_reimu.py;docs/PORT64.md#stage4-reimu-state-and-orb-core,Original flag/spin/center/origin/unknown/speed writes precede IDIVzero; native defined exception must preserve prewrites. Full pool skips division. Contract checks flag1/spin173/angle96 retained; production rank counts positive. Avoid generic validation that rolls back observable pre-fault state.,2026-10-04T06:26:53.534117+00:00
th04-port64-reimu-render-trail-v1274,pattern,th04-port64,Reimu partial plane trail needs indexed composition,runtime-observed,ev-th04-port64-reimu-render-target-v1274;ev-th04-port64-reimu-render-original-pixels-v1274;ev-th04-port64-reimu-render-pixels-linux-v1274;ev-th04-port64-reimu-render-actual-windows-v1274,port64/reimu_render.cpp;port64/view.cpp;port64/verify_reimu_render.py;port64/verify_reimu_pixels.py;docs/PORT64.md#stage4-reimu-battle-and-rendering,OriginalFFC6 enables B/I and retains R/G: alpha-covered destination index OR9. RGB aliases cannot recover that state; preserve indices into postdialog snapshot. Rawprevioussprite differs from136animatedcurrent;consume damage onlybelow254 and renderexplosions once per update.640GRCGshadow controls coverallassets/alignments; physicalalias/scroll excluded.,2026-10-04T07:10:51.151383+00:00
th04-port64-reimu-render-backdrop-v1274,pattern,th04-port64,NPC backdrop uses signed eight-frame cels and paints one bits,runtime-observed,ev-th04-port64-reimu-render-target-v1274;ev-th04-port64-reimu-render-original-render-v1274;ev-th04-port64-reimu-render-filler-v1274;ev-th04-port64-reimu-render-render-linux-v1274,port64/reimu_render.cpp;port64/view.cpp;port64/verify_reimu_render.py;port64/verify_reimu_pixels.py;docs/PORT64.md#stage4-reimu-battle-and-rendering,"0AAF77E7 signedclock/8truncatezero->AL;cel<8tiles+BB else256x256CDGat96,72/color1borders/BB. BBpaintsonebitscolor15 unlikeoldBoss zero-bit dirtytile redraw. Actualfillerfootprint75776pixels verified. Negative sprite rows outsidevisible VRAM; rollingbottom reachesrow0, not generic negative modulo.",2026-10-04T07:10:51.151383+00:00
th04-port64-reimu-render-gate-v1274,pattern,th04-port64,Stage4 Reimu actual dialogue and departure join,runtime-observed,ev-th04-port64-reimu-render-integration-v1274;ev-th04-port64-reimu-render-actual-windows-v1274;ev-th04-port64-reimu-render-export-v1274,port64/reimu_render.cpp;port64/view.cpp;port64/verify_reimu_render.py;port64/verify_reimu_pixels.py;docs/PORT64.md#stage4-reimu-battle-and-rendering,Marisa player enters verifiedReimu afteractualStage4pre-dialog resources148spritebank; raworb hit usesagainstBossfalse anddiscardsdamage whileconsuming/scoring shots. EightNormal/Luna A/Bshot/idle routes reachpostdialog/bonus/departureStage5request; freezesimulation/RNG atblockingdialog andfrontier. Reimu-playerMarisaBoss remainsseparate/unported. Death/Bomb/HUD/audio/Ending stillpending;semanticstopped.,2026-10-04T07:10:51.151383+00:00
th04-port64-reimu-render-cleanup-v1274,recipe,control-plane,Archive old validation media after hashes are durable,runtime-observed,ev-th04-port64-reimu-render-cleanup-v1274,docs/RE_HANDOFF.md;docs/PORT64.md#stage4-reimu-battle-and-rendering;config/evidence.csv,Keepcurrent3nativebuilds/targets/database/toolchains/DOSproducts/currentHDI/fonts andactiveCPUreferences. DeleteobsoleteCMake/PEs only afterrecordingidentities; losslesslygzipoldBMP/largeTXT andcomparedecompressedSHA beforeunlinkoriginal. Receipts/hash/counter dictionaries remain replaybaseline; restoreFILE.gz beforeusingoldprivatepaths. Initialbatchreclaims18.53GiB withoutchanging23Windowsrootfiles.,2026-10-04T07:10:51.151383+00:00
th04-port64-marisa-order-v1275,pattern,th04-port64,Marisa body collision uses preceding bit count,runtime-observed,ev-th04-port64-marisa-target-v1275;ev-th04-port64-marisa-original-v1275;ev-th04-port64-marisa-core-linux-v1275;ev-th04-port64-marisa-actual-windows-core-v1275,port64/marisa.cpp;port64/marisa.hpp;port64/verify_marisa.py;port64/verify_marisa_setup.py;docs/PORT64.md#stage4-marisa-core,"Body WORD hit truncates BYTE before division by previous-update alive+1; bits raw againstBossfalse retain WORD. Pattern/bodyhits/firing precede current bit movement/destruction/center packing/homing. Allfour distance/turn mutations include deadslots.32retained records,4owned. Mode7 phase_entry twice includes duplicate clock64 sounds; once-tuned template mutation order retained.",2026-10-04T08:20:42.929171+00:00
th04-port64-marisa-setup-v1275,pattern,th04-port64,Marisa Stage4 setup retains private owner bytes,runtime-observed,ev-th04-port64-marisa-target-v1275;ev-th04-port64-marisa-setup-linux-v1275;ev-th04-port64-marisa-actual-windows-setup-v1275,port64/marisa.cpp;port64/marisa.hpp;port64/verify_marisa.py;port64/verify_marisa_setup.py;docs/PORT64.md#stage4-marisa-core,Char0 is Reimu-player/MarisaBoss; setup13A9A7B5 leaves private26/custom832/template26/initializer2 untouched while resetting bounded commonBOSS fields. prepare_stage4 retains additional/endHP/angle/explosion metadata; private defaults assume first encounter or explicit callerseed. Do not infer globalstage clearing from setup-only proof.,2026-10-04T08:20:42.929171+00:00
th04-port64-marisa-divide-v1275,hazard,th04-port64,Variable Marisa flystep duration can reach original IDIV failure,runtime-observed,ev-th04-port64-marisa-divide-v1275;ev-th04-port64-marisa-core-linux-v1275;ev-th04-port64-marisa-actual-windows-core-v1275,port64/marisa.cpp;port64/marisa.hpp;port64/verify_marisa.py;port64/verify_marisa_setup.py;docs/PORT64.md#stage4-marisa-core,"Controlled attack1/2 clock152,lastalive148,alive0,tick0 passesduration12, divisor0 at13A93117. Duration13 alsozero; quotient overflow proven independently. Original IDIV axes write sequentially: Yfailure leaves Xvelocity committed. Native exceptions preserve this core; GUI activation requires explicit portablepolicy withcontrols. No naturalshotroute reproduction; never label hypothetical runtime repair exact.",2026-10-04T08:20:42.929171+00:00
th04-port64-marisa-oracle-v1275,recipe,th04-port64,Use complete Marisa CPU reference and fresh fault instances,runtime-observed,ev-th04-port64-marisa-original-v1275;ev-th04-port64-marisa-producer-v1275;ev-th04-port64-marisa-core-linux-v1275;ev-th04-port64-marisa-core-windows-v1275;ev-th04-port64-marisa-core-ubsan-v1275;ev-th04-port64-marisa-actual-windows-core-v1275;ev-th04-port64-marisa-integration-v1275,port64/marisa.cpp;port64/marisa.hpp;port64/verify_marisa.py;port64/verify_marisa_setup.py;docs/PORT64.md#stage4-marisa-core,"Produce original-only7759cases/87031records independently; archive producer source and target identity. Reuse hash-checked full reference only after generator/fixtures/target/trace match; label no fullCPUreexecution. Four IDIV controls execute fresh Unicorn instances (discard faulted instance); callback rejection must propagate. GNU/Wine/UBsan/actualWindows fulltraces agree,20contracts/576existingBMP/628counters unchanged. Marisa GUI drawing/gates next; semantic stays stopped.",2026-10-04T08:20:42.929171+00:00
th04-port64-marisa-render-order-v1276,pattern,th04-port64,Marisa renders packed lines before four retained bit slots,runtime-observed,ev-th04-port64-marisa-render-target-v1276;ev-th04-port64-marisa-render-original-render-v1276;ev-th04-port64-marisa-render-render-linux-v1276;ev-th04-port64-marisa-render-actual-windows-render-v1276,port64/marisa_render.cpp;port64/main_state.cpp;port64/view.cpp;port64/verify_marisa_render.py;port64/verify_marisa_pixels.py;docs/PORT64.md#stage4-marisa-battle-and-rendering,"Body rawsprite andvisible damage reset precede packedcenter color9chain; two open,three/fourclosed. Fourbits clip signedcenter X>-256<6144,Y>-256<5888; onlyvisible nonzeroWORDdamage paintsalpha white andresets. Dead/hidden slots retain bytes; poolslots4..31/private26 unaffected. Sharedexplosions once perupdate; cachedrepaint cannotage again.",2026-10-04T09:00:52.809511+00:00
th04-port64-marisa-render-clip-v1276,hazard,th04-port64,Marisa expansion needs original endpoint clipping before rasterization,runtime-observed,ev-th04-port64-marisa-render-target-v1276;ev-th04-port64-marisa-render-original-line-v1276;ev-th04-port64-marisa-render-render-linux-v1276;ev-th04-port64-marisa-render-actual-windows-line-v1276,port64/marisa_render.cpp;port64/main_state.cpp;port64/view.cpp;port64/verify_marisa_render.py;port64/verify_marisa_pixels.py;docs/PORT64.md#stage4-marisa-battle-and-rendering,Expanded bitline endpoints may leave viewport; oldKurumi in-screen-onlyconsumer cannotserve them. Target0000079A XthenY signedIDIV withstage32..415/16..383 inclusive precedes16.16pixel accumulation; clippingfinishedraster changesedge rounding.1522selected CPUwritemaskcontrols includeoutcodes/directions/corners/rejections. Extreme16-bitcoordinates andphysicalGRCGcolor/aliases excluded.,2026-10-04T09:00:52.809511+00:00
th04-port64-marisa-render-pixels-v1276,pattern,th04-port64,Marisa normal and white rolling puts use explicit alpha and signed rows,runtime-observed,ev-th04-port64-marisa-render-original-pixels-v1276;ev-th04-port64-marisa-render-pixels-linux-v1276;ev-th04-port64-marisa-render-actual-windows-pixels-v1276,port64/marisa_render.cpp;port64/main_state.cpp;port64/view.cpp;port64/verify_marisa_render.py;port64/verify_marisa_pixels.py;docs/PORT64.md#stage4-marisa-battle-and-rendering,"SUPER2F54/white2838/roll2D3E/whiteRoll2B78 against8body/fourbitBFNTimages,8Xalignments/7Ypositions compare344064000indexedpixels. WhiteFFC0 usesalpha0 andwrites15; negative rows invisible, onlybottomoverflow rolls. HostRGB conversion afterindexedwrites. Originalport/visibleA800shadow excludesphysicalaliases/page/scroll/timing.",2026-10-04T09:00:52.809511+00:00
th04-port64-marisa-render-seed-policy-v1276,pattern,th04-port64,First Marisa encounter and native divide repair have separate ownership,runtime-observed,ev-th04-port64-marisa-render-stage-reset-v1276;ev-th04-port64-marisa-render-core-linux-v1276;ev-th04-port64-marisa-render-setup-linux-v1276;ev-th04-port64-marisa-render-actual-windows-core-v1276,port64/marisa_render.cpp;port64/main_state.cpp;port64/view.cpp;port64/verify_marisa_render.py;port64/verify_marisa_pixels.py;docs/PORT64.md#stage4-marisa-battle-and-rendering,"Stage-state REPSTOSD clears832custombytes; private26retained andinitialloadedprivatezero. Setup retainsEllymetadata; nativeconstructorprivate defaults requirefirstencounter orcallerseeding. GUI attack1/2durations12/13 extend14 byexplicit Contextpolicy; nativecontracts checkboth callers, alloriginal equalityfixtures leavepolicyfalse. No originalnaturalshotroutefault reproduction.",2026-10-04T09:00:52.809511+00:00
th04-port64-marisa-render-gate-v1276,pattern,th04-port64,Both native Stage4 NPC routes reach the actual Stage5 resource frontier,runtime-observed,ev-th04-port64-marisa-render-integration-v1276;ev-th04-port64-marisa-render-actual-windows-v1276;ev-th04-port64-marisa-render-export-v1276,port64/marisa_render.cpp;port64/main_state.cpp;port64/view.cpp;port64/verify_marisa_render.py;port64/verify_marisa_pixels.py;docs/PORT64.md#stage4-marisa-battle-and-rendering,"Reimu-player nowjoinsMarisa afteractualpredialog and installed128..139spritebank; rawbitshots consume/scorewithagainstBossfalse.8Normal/LunaA/Bshot/idle routes reachpostdialog/bonus/departure andrealStage5request.162newBMP/170counters;738totalBMP/798counters agreehosts,old576/628unchanged. Nativev1276publishedonlyEXE/launcher;21DOS/asset/config/buildfiles unchanged. Semanticstopped; nextStage5owners,death/Bomb/HUD/audio/Endingpending.",2026-10-04T09:00:52.809511+00:00
th04-port64-stage5-setup-v1277,pattern,th04-port64,Stage5 resource/reset ownership differs from preceding BMT/midboss stages,runtime-observed,ev-th04-port64-stage5-setup-v1277;ev-th04-port64-stage5-session-arm-v1277;ev-th04-port64-stage5-null-midboss-v1277,port64/stage5.cpp;port64/stage5.hpp;port64/main_state.cpp;port64/view.cpp;port64/verify_stage5.py;docs/PORT64.md#stage5-resources-stars-and-yuuka-pre-dialogue,"OriginalStage5hasnoBMT ormidbossupdate/render;preservesactor metadata butmidboss_reset clearsHP/active. Stage5intervalbyte0/positions/radii/starcentersoverwrite;HP/endHP/additional1..15/explosionmetadataretain. CallerloadsBSS4,12BFTsprites,backdrop,BB,stars,MPN;dialogreloads1+8spritesending137. Nullcallbacksactivatemetadataat60000;ordinary16native routesstop6080,not60000runtimeclaim.",2026-10-04T09:47:36.011587+00:00
th04-port64-stage5-stars-v1277,pattern,th04-port64,Stage5 stars use rolling OR into the intensity plane,runtime-observed,ev-th04-port64-stage5-setup-v1277;ev-th04-port64-stage5-native-controls-v1277,port64/stage5.cpp;port64/stage5.hpp;port64/main_state.cpp;port64/view.cpp;port64/verify_stage5.py;docs/PORT64.md#stage5-resources-stars-and-yuuka-pre-dialogue,"Original sourceplaneB ORdestinationI/E000 retainsothercolorbits. Bottom-up400-rowroll,4pixelvelocity,phase1..253freeze,signedWORD/SAR/singlecorrection.1820CPUrequestsand504completeflatplanecontrols;malformedrequestedgesnotgeneralphysicalVRAMproof. Cacheoncepersimframe;repaint/dialogmustnotadvancecenters. Fullhostredrawreplacesdirtytiles.",2026-10-04T09:47:36.011587+00:00
th04-port64-stage5-gate-v1277,pattern,th04-port64,Both native characters reach Stage5 ordinary Yuuka battle boundary,runtime-observed,ev-th04-port64-stage5-integration-v1277;ev-th04-port64-stage5-export-v1277,port64/stage5.cpp;port64/stage5.hpp;port64/main_state.cpp;port64/view.cpp;port64/verify_stage5.py;docs/PORT64.md#stage5-resources-stars-and-yuuka-pre-dialogue,"16Normal/LunaA/Bshot/idle2char routesnaturallytraverseStage1..4,run6080Stage5frames andcompleteYuukapredialog.112newBMP/128countersagree4hosts;old30groupsunchanged. Source5815 usesexplicitCTest-onlybinarycontinuityfrom6daa;finaloriginalCPUproducerfresh. Nativev1277publishedonlyEXE/launcher. NextStage5Bossstate/attacks/render;semanticonlyconcreteambiguities. Death/Bomb/fullHUD/audio/Ending/savepending.",2026-10-04T09:47:36.011587+00:00
th04-port64-thicklaser-lifecycle-v1278,pattern,th04-port64,Two-slot laser lifecycle retains clocks and wrapped signed hit geometry,runtime-observed,ev-th04-port64-lasers-target-v1278;ev-th04-port64-lasers-cpu-v1278;ev-th04-port64-lasers-ubsan-v1278,port64/thick_lasers.cpp;port64/thick_lasers.hpp;port64/verify_lasers.py;docs/PORT64.md#thick-laser-state-and-graphics-producer,"Initialization clears only beam flags and four scratch fields, retaining the full corrected24-byte ABI. Copy preserves four unused origin bytes. After any phase change the WORD clock increments, including the final free frame. Unknown nonzero states retain unsigned flag>1 collision; signed16-bit SHL/add/sub wrap before compares. Shared player-hit latch is only set and caller owns clearing/invincibility. Native GUI has not joined this owner yet; next Yuuka phase dispatch.",2026-10-04T10:28:39.016176+00:00
th04-port64-thicklaser-draw-v1278,pattern,th04-port64,Laser graphics producer preserves ordered three-layer callee requests,runtime-observed,ev-th04-port64-lasers-cpu-v1278;ev-th04-port64-lasers-windows-consumer-v1278;ev-th04-port64-lasers-native-windows-v1278;ev-th04-port64-lasers-negative-v1278,port64/thick_lasers.cpp;port64/thick_lasers.hpp;port64/laser_contracts.cpp;port64/verify_lasers.py;docs/PORT64.md#thick-laser-state-and-graphics-producer,"SAR4 coordinates floor negatives, IDIV quarters/halves truncate towardzero and only upper quarter width clamps16. Outer outline then outline+1 then white cap/box requests retain signed WORD geometry; color255+1 is a WORD256 call. GRCG disable occurs even for an empty pool.3332 original draw cases and8464 total cases agree GNU/Wine/UBSan/actualWindows. This proves ordered callee requests, not original circle/box/vline pixels or physical VRAM; require separate raster controls at Yuuka battle join.",2026-10-04T10:28:39.016176+00:00
th04-port64-yuuka5-phase-ownership-v1279,pattern,th04-main,Yuuka5 movement and phase exits retain distinct state,runtime-observed,ev-th04-port64-yuuka5-target-v1279;ev-th04-port64-yuuka5-cpu-v1279,port64/yuuka5.hpp;port64/yuuka5.cpp;port64/verify_yuuka5.py;docs/PORT64.md#stage5-yuuka-core-and-seven-attacks,"Move helper does not increment clock; core skips shot callbacks while moving. Early pairs subtract800 from endHP, late pairs retain it. Gather timeout skips hit; final hit increments before1000-frame bonus cutoff. Default defeat skips laser/HUD tail. Use explicit typed retained fields and phase-specific transitions; GUI/actor/render integration remains next.",2026-10-04T11:11:12.545254+00:00
th04-port64-yuuka5-shared-hit-latch-v1279,pattern,th04-main,Yuuka5 spawn and laser contact alias one BYTE hit latch,runtime-observed,ev-th04-port64-yuuka5-target-v1279;ev-th04-port64-yuuka5-cpu-v1279;ev-th04-port64-yuuka5-native-windows-v1279,port64/yuuka5.hpp;port64/yuuka5.cpp;port64/verify_yuuka5.py;docs/PORT64.md#stage5-yuuka-core-and-seven-attacks,"Original0AAF:1BA6 is the shrinking-circle entry; mirror BSM_NONE isFF. Bullet spawn/laser contact both write shared hit BYTE1, including over retained127; detect each new spawn write while retaining the separate bullet bool. Future frame boundary must clear both representations. Original CPU contact controls distinguish omitted latch propagation.",2026-10-04T11:11:12.545254+00:00
th04-port64-yuuka5-render-body-v1280,pattern,th04-main,Yuuka idle dimensions and factor3 zoom have separate raster semantics,runtime-observed,ev-th04-port64-yuuka5-render-target-v1280;ev-th04-port64-yuuka5-render-requests-v1280;ev-th04-port64-yuuka5-render-pixels-v1280;ev-th04-port64-yuuka5-render-native-windows-v1280,port64/yuuka5.hpp;port64/yuuka5_render.cpp;port64/verify_yuuka5_render.py;port64/verify_yuuka5_pixels.py;docs/PORT64.md#stage5-yuuka-foreground-and-raster-controls,"Idle sprites are48x96,offset48;entrance image64x64. Phase254 calls31A2factor3,color planes skip0,stage-clipped3x3rectangles. Movement usesfilled midpoint discs. Only visible entrance/idle white branches cleardamage;shared explosions mutateonceafterbody,lasersfollowbelow255. Keep cached draws;next ordinary GUI battle join.",2026-10-04T12:13:22.157630+00:00
th04-port64-yuuka5-render-address-v1280,negative-result,th04-main,Host geometry clipping rejects original negative-X SUPER stores,runtime-observed,ev-th04-port64-yuuka5-render-target-v1280;ev-th04-port64-yuuka5-render-sprite-address-v1280;ev-th04-port64-yuuka5-render-pixels-v1280;ev-th04-port64-yuuka5-render-native-windows-v1280,port64/yuuka5.hpp;port64/yuuka5_render.cpp;port64/verify_yuuka5_render.py;port64/verify_yuuka5_pixels.py;docs/PORT64.md#stage5-yuuka-foreground-and-raster-controls,Original normal/white SUPER2F54/2838 usesunsigned X SHR3 and WORD row offsets. Initial case864 rejects geometric clipping;correctedflat visibleaddress mapping matches972originalCPU screens. Rectangle/vline signed endpoints also wrap clip-origin subtraction. Preserve selected attested cases;general physical aliases/page/scroll are separate.,2026-10-04T12:13:22.157630+00:00
th04-port64-yuuka5-render-backdrop-v1280,pattern,th04-main,Yuuka transition and stable picture paths reverse filler/CDG order,runtime-observed,ev-th04-port64-yuuka5-render-background-order-v1280;ev-th04-port64-yuuka5-render-target-v1280;ev-th04-port64-yuuka5-render-requests-v1280;ev-th04-port64-yuuka5-render-pixels-v1280,port64/yuuka5.hpp;port64/yuuka5_render.cpp;port64/verify_yuuka5_render.py;port64/verify_yuuka5_pixels.py;docs/PORT64.md#stage5-yuuka-foreground-and-raster-controls,"Phase1 clock/4 truncates then unsignedALselectsBBcel. Its late branch clearsfillerbeforeCDG;common7667 putsCDGfirstthenfiller. Filler covers top384x112 andleft96x256,leaving288x256CDGrectangleat128,128. Preserve call order even withdisjointordinaryregions;9936request/mask and832primitive controls pass.",2026-10-04T12:13:22.157630+00:00
th04-port64-yuuka5-death-sheet-v1281,hazard,th04-main,Yuuka phase254 zoom uses shared32x32 death sheets,runtime-observed,ev-th04-port64-yuuka5-join-death-zoom-v1281;ev-th04-port64-yuuka5-join-windows-controls-v1281,port64/yuuka5_render.cpp;port64/view.cpp;port64/verify_yuuka5_pixels.py;docs/PORT64.md#stage5-yuuka-ordinary-battle-and-route-specific-departure,Correct the previous vague entrance/zoom-sheet comment: entrance128 is64x64;phase254 sprites4..11 are MIKO32 32x32. v1280 factor3 pixel controls covered entrance/idle only. New128 originalCPU screens verify real death assets; preserve historical asset scope and indexed stage clipping.,2026-10-04T13:02:50.926957+00:00
th04-port64-yuuka5-bad-route-v1281,pattern,th04-main,Stage5 Easy or Continue-used skips normal bonus and Stage6,runtime-observed,ev-th04-port64-yuuka5-join-target-v1281;ev-th04-port64-yuuka5-join-departure-v1281;ev-th04-port64-yuuka5-join-routes-v1281,port64/verify_yuuka5_departure.py;port64/main_state.cpp;port64/view.cpp;docs/PORT64.md#stage5-yuuka-ordinary-battle-and-route-specific-departure,13A9AD4D stage4/Continue BYTE4349/rank BYTE4348 branch loads _DM04B/_DM14B via2411 then0CF4 setsresidentFE/type1 beforeMAINEtransfer.96CPU invocations verify actual filename/order/publication. NativeEasy hasindependentbadscript andholds beforeunportedEnding; Continue statistics remainfutureowner. Do not resume normal clear suffix on this path.,2026-10-04T13:02:50.926957+00:00
th04-port64-yuuka5-laser-init-v1281,hazard,th04-port64,Ordinary Yuuka integration must initialize laser scratch and own hit clearing,runtime-observed,ev-th04-port64-yuuka5-join-laser-init-negative-v1281;ev-th04-port64-yuuka5-join-routes-v1281,port64/main_state.cpp;port64/thick_lasers.cpp;port64/view.cpp,"Default scratchflag0 is copied as inactive; stage initialize armsLINE/clock/radius andretains otherbytes.18 correctedordinaryroutes observeline/wide andtransienthit resets. Clear bool+BYTE onceatframeprefix,bridgebulletupdate/bossspawn/laser/postgather contacts;blocked/repaintcannotclearoradvance. Deathconsumerstillpending; failedinitialbinarysnapshotabsent.",2026-10-04T13:02:50.926957+00:00
th04-port64-yuuka5-live-route-v1281,pattern,th04-port64,Native Stage5 Yuuka joins real battle and route-specific departure,runtime-observed,ev-th04-port64-yuuka5-join-routes-v1281;ev-th04-port64-yuuka5-join-export-v1281;ev-th04-port64-yuuka5-join-windows-controls-v1281,port64/main_state.cpp;port64/view.cpp;docs/RE_HANDOFF.md;docs/PORT64.md#stage5-yuuka-ordinary-battle-and-route-specific-departure,"16Normal/Lunatic2charA/Bshot/idle plus2EasyAshot traverseStage1..4 normallythenYuuka allphases/moves/lasers/8deathframes/postdialog.698BMP716countersagree4hosts;fullGNU/Wine/Windows1548routeimages and32oldgroupsunchanged. PublishnativeEXE/Englishlauncher only21rootprotected. NextStage6/Extra/death/Bomb/HUD/audio/Ending/save;semanticonlyconcreteambiguities,wholeportincomplete.",2026-10-04T13:02:50.926957+00:00
th04-port64-stage6-retained-setup-v1282,fact,th04-main,Stage6 has null callbacks and retains the Stage5 CDG/colorfill owner,runtime-observed,ev-th04-port64-stage6-target-v1282;ev-th04-port64-stage6-linux-v1282,port64/stage6.cpp;port64/verify_stage6.py;docs/PORT64.md#stage6-resources-waves-and-pre-battle-dialogue,"13A9:A9EC resets only selected boss/midboss fields; position192x80 hitbox24x48 intervals48/64/80/96 counts1/1/2/4. Only ST05.BB is requested, no new CDG/BMT/stage callback. Preserve preceding HP/angle/big explosion/private and midboss metadata; do not dispatch a previous actor at60000.",2026-10-04T13:50:34.398832+00:00
th04-port64-stage6-dialog-lifetime-v1282,pattern,th04-port64,Complete Stage6 pre-battle dialogue frees streams and all CDG handles,runtime-observed,ev-th04-port64-stage6-linux-v1282;ev-th04-port64-stage6-cdg-negative-v1282;ev-th04-port64-stage6-routes-v1282,port64/main_state.cpp;port64/view.cpp;port64/stage_background.cpp;port64/verify_stage6.py,Actual2454 frees CDG31/STD/MAP before dialogue at speed0/backpage1 for stage5/6. Inner# only closes boxes; complete scene ends1044/910 after31 CDG frees and BB1/2/3/4/5/6/7/9. Final sprite bank128..189. Keep displayed ring/MPN and cached archive bytes separate from freed live handles; pending boss cannot update released streams or replay dialogue.,2026-10-04T13:50:34.398832+00:00
th04-port64-stage6-invalid-rank-v1282,hazard,th04-main,Rank4 is not a Normal fallback in the ordinary stage selector,observed,ev-th04-port64-stage6-target-v1282;ev-th04-port64-stage6-invalid-rank-negative-v1282,port64/stage6.cpp;port64/verify_stage6.py;src/main/select_for_rank.asm,"0AAF:18A6 computes stack SP+10-2*rank and reads a WORD; rank4 selects the far return CS, not a fourth-rank/default value. Invalid original Stage6 stores lowA9 twice at load2000. Native ordinary Stage6 explicitly rejects rank>=4; Extra belongs to separate stagex_setup. Do not modernize the DOS selector or claim equality outside valid ranks.",2026-10-04T13:50:34.398832+00:00
th04-port64-stage6-live-routes-v1282,pattern,th04-port64,Native Stage6 reaches the genuine Yuuka6 first-update boundary,runtime-observed,ev-th04-port64-stage6-routes-v1282;ev-th04-port64-stage6-export-v1282;ev-th04-port64-stage6-reporter-continuity-v1282,port64/view.cpp;docs/PORT64.md#stage6-resources-waves-and-pre-battle-dialogue;docs/RE_HANDOFF.md,16 natural character Normal/Lunatic A/B shot/idle routes traverseStage1..5 then Stage6 waves/frame5198/full pre-dialog;112BMP128counters agree GNU/Wine/actualWindows/UBSan and34 earlier GUI groups unchanged. Windows1660routeimages pass; publish GUI only21protectedfiles. Next Yuuka6 core/attacks/animation/entities/checkerboard before battle; remaining Extra/death/Bomb/HUD/audio/Ending/save still required. Semantic remains bounded.,2026-10-04T13:50:34.398832+00:00
th04-port64-yuuka6-animation-clock-v1283,pattern,th04-main,Yuuka6 animation entries retain shared clock and terminal sprite ownership,runtime-observed,ev-th04-port64-yuuka6-motion-target-v1283;ev-th04-port64-yuuka6-motion-linux-v1283;ev-th04-port64-yuuka6-motion-native-windows-v1283,port64/yuuka6.cpp;port64/verify_yuuka6_motion.py;docs/PORT64.md#yuuka6-animation-and-motion-helpers,MAIN13A9:6AAD..6E76 eight helpers preincrement shared signedWORD clock; close/open stampflags1/2everycall; others preserve untilcompletion. Terminalclock resetsclock/flag butretains sprite. Changinganimation is notreset.20463cases/36045records cover8animations+4motion and agree GNU/Wine/UBSan/actualWindowsreference; notordinarybattleintegration.,2026-10-04T14:20:20.741518+00:00
th04-port64-yuuka6-movement-retention-v1283,pattern,th04-main,Yuuka6 teleport and centered motion have distinct clock and visibility gates,runtime-observed,ev-th04-port64-yuuka6-motion-target-v1283;ev-th04-port64-yuuka6-motion-linux-v1283;ev-th04-port64-yuuka6-motion-ubsan-v1283,port64/yuuka6.hpp;port64/yuuka6.cpp;docs/RE_HANDOFF.md,"MAIN13A9:6933..6AAC helperclock notadvanced internally. Moveanim precedes64teleport/mirror6144-X/nonzero mirrorstate->2 and128completion; flight112completion skipsvelocityaddition. All256patterns residues/validpaths0/1 covered; native rejects malformedpath attableaccess. Center success[3072,3088) waitsnextcall afterstep/appearance; hiddenbranchretainsauxflag. Wave adds beforeinclusive48/336reversal andneverclamps. Nextentities/attacks/dispatcher/render,GUIfrontierunchanged.",2026-10-04T14:20:20.741518+00:00
th04-port64-yuuka6-shared-entity-pool-v1284,hazard,th04-main,Cross allocator owns32 slots while update/render reinterpret final slot as circle,runtime-observed,ev-th04-port64-yuuka6-entities-target-v1284;ev-th04-port64-yuuka6-entities-linux-v1284,port64/yuuka6_entities.hpp;port64/yuuka6_entities.cpp;docs/PORT64.md#yuuka6-cross-and-safety-circle-entities,DATA:B20432x26 pool retains reserved/velocity/padding bytes on allocation; first-free scan includes31 but update/render only first31 crosses. Last center uses pixels and shrink clock/color alias age/speed. Pixel polar intermediate subtracts32/16 then multiplies16; never split final slot into independent cross/circle pools or convert offsets to2/1.,2026-10-04T15:07:46.155504+00:00
th04-port64-yuuka6-entity-state-lifetime-v1284,pattern,th04-port64,Cross contact and death clocks retain process and render ownership,runtime-observed,ev-th04-port64-yuuka6-entities-linux-v1284;ev-th04-port64-yuuka6-entities-native-windows-v1284;ev-th04-port64-yuuka6-entities-spawn-contact-negative-v1284,port64/yuuka6_entities.cpp;port64/verify_yuuka6_entities.py;docs/RE_HANDOFF.md,Offscreen flag0 does not exit iteration and kill can revive as16. Crosses use ordinary-shot WORD damage without Bomb; scoreDWORD wraps. New contact writes shared hitBYTE1 even incoming127; preserve each bullet spawn write before restoring retained bool. Death flags advance only render: prepare once per simulation frame/cache draws. Circle growth leaves GRCG enabled and switches only after radius136. Future live boss caller bridges process hit/score state;9031records do not prove actual pixels/battle.,2026-10-04T15:07:46.155504+00:00
th04-port64-yuuka6-rank-context-negative-v1284,negative-result,control-plane,Rank BYTE alone does not configure original indirect bullet callbacks,runtime-observed,ev-th04-port64-yuuka6-entities-rank-context-negative-v1284;ev-th04-port64-yuuka6-entities-target-v1284;ev-th04-port64-yuuka6-entities-windows-v1284,port64/verify_yuuka6_entities.py;docs/PORT64.md#yuuka6-cross-and-safety-circle-entities,"Initial Easy fixture retained Normal BCC0/BCC4 callbacks and falsely differed in bullet count at2393; reject that original Oracle context, not native rank behavior. Execute actual MAIN0AAF0312..03D1 five-way switch tail: Easy945E/9435,Normal9486/9440,Hard94A2/9448,Luna94A2/9453,Extra9486/9440. Normal/Extra share03C0 tail; performance remains separately injected. CPU-tail probe does not execute full gameplay_session_init.",2026-10-04T15:07:46.155504+00:00
th04-port64-yuuka6-gather-template-v1285,pattern,th04-main,Yuuka6 gathering retains centers and saved bullet ownership across calls,runtime-observed,ev-th04-port64-yuuka6-attacks-target-v1285;ev-th04-port64-yuuka6-attacks-original-reference-v1285,port64/yuuka6_attacks.cpp;port64/verify_yuuka6_attacks.py;docs/PORT64.md#yuuka6-gathering-and-attack-helpers,Five entries preserve shared gather velocity/spare bytes and gather-only saved bullet fields exceptspawn0. Side ends on left; dual on mirror; allocation failure still leaves scratch changes. Later circles call actual0AAF1BA6 shrinking entry and then publishcolor15. Keep same gather/bullet owners and call order; do not reinitialize templates or infer pixels from adapted circle requests.,2026-10-04T15:50:03.229691+00:00
th04-port64-yuuka6-attack-order-v1285,pattern,th04-port64,Yuuka6 attack completion and rotation order are dispatcher dependencies,runtime-observed,ev-th04-port64-yuuka6-attacks-original-reference-v1285;ev-th04-port64-yuuka6-attacks-native-windows-v1285;ev-th04-port64-yuuka6-attacks-zero-range-v1285,port64/yuuka6.hpp;port64/yuuka6_attacks.cpp;docs/RE_HANDOFF.md,"Attack helpers do not advance phase clock; attack completion after animation can reset before gather tail, while animate alone owns only animation clock. Spin second origin changes angle without updating templateheading. Rotating ring aims boss-minus-player+16; outward angle changes afterspawn, return before. Cross RNG consumed onfull allocation; mirrored spread divisor is BYTE*2WORD andzero faults afterRNG.39757records cover12attacks/108x320sequences; next mirrorhit/core/foreground/checkerboard join, not complete battle.",2026-10-04T15:50:03.229691+00:00
th04-port64-yuuka6-special-context-v1285,negative-result,control-plane,Original special spawn needs the third rank-dependent callback,runtime-observed,ev-th04-port64-yuuka6-attacks-special-context-negative-v1285;ev-th04-port64-yuuka6-attacks-special-context-mutation-v1285;ev-th04-port64-yuuka6-attacks-target-v1285,port64/verify_yuuka6_attacks.py;docs/PORT64.md#yuuka6-gathering-and-attack-helpers,"Setting rank/BCC0/BCC4 without BCC2 causes original special-fixedspeed9525 to call unrelated retained target pointer; fixture388 guardedOUT rejects before native comparison. One-field mutation reproduces; actual five-rank0312..03D1 tail verifies BCC2 Easy94BE,Normal/Extra94DA,Hard/Luna94F6 plus regular/tune. Do not report omitted Oracle initialization as native/hardware defect.",2026-10-04T15:50:03.229691+00:00
th04-port64-yuuka6-hit-width-v1286,pattern,th04-main,Yuuka6 main and mirror sound use different damage widths,runtime-observed,ev-th04-port64-yuuka6-core-target-v1286;ev-th04-port64-yuuka6-core-sound-negative-v1286;ev-th04-port64-yuuka6-core-native-windows-v1286,port64/yuuka6_core.cpp;port64/verify_yuuka6_core.py;docs/PORT64.md#yuuka6-mirror-and-core-dispatch,Mirror7952 ordinary-shot entry storesAL at46DE then usesBYTE for sound/HP and returnsHP<0. MainAB48 sounds forwholeWORD thenABBE truncatesHPdamage. WORD256 sounds main but notmirror. Keep separate Bomb-aware/ordinary callbacks; injected callbacks do not prove real shot consumption.,2026-10-04T16:44:08.193162+00:00
th04-port64-yuuka6-core-tail-v1286,pattern,th04-port64,Final boss clock and process globals have branch and tail ownership,runtime-observed,ev-th04-port64-yuuka6-core-original-v1286;ev-th04-port64-yuuka6-core-ubsan-v1286;ev-th04-port64-yuuka6-core-verifier-continuity-v1286,port64/yuuka6.hpp;port64/yuuka6_core.cpp;docs/RE_HANDOFF.md,"3137cases/90702records and8 win/timeout sequences cover0..17 into254. No shared clockincrement; hidden/hit/transition arms own it. Destinations sample eachcall, repeatedpatterns retry sharedRNG. Bridge hitBYTE/scoreDWORD/shot scratch around laser/custom/HUD tail; shareddefeat skips tail. Next foreground/checkerboard and ordinarybattle join,then realshots/Ending/remaining game owners. Stage_id0 fixture/default255<=63 stops before stage-dependent Ending gate.",2026-10-04T16:44:08.193162+00:00
th04-port64-yuuka6-foreground-lifetime-v1287,pattern,th04-main,Yuuka6 foreground owns independent hit parity and skips render tails in death phases,runtime-observed,ev-th04-port64-yuuka6-render-target-v1287;ev-th04-port64-yuuka6-render-original-v1287;ev-th04-port64-yuuka6-render-parity-negative-v1287,port64/yuuka6_foreground.hpp;port64/yuuka6_foreground.cpp;port64/verify_yuuka6_render.py;docs/PORT64.md#yuuka6-foreground-dispatch,"MAIN0AAF712A uses render BYTEs46C3/46C4 independently; visible nonzero-hit frames increment modulo256 and clear their own damage. Sprite0 retains both damage bytes/cycles. Aux precedes body/mirror; ordinary tail small-big-laser-custom ages custom deaths once.255 returnsempty;254 onlyzoom3, no ordinary tail.3522fixtures/4458records and actualWindows agree ordered requests/state. Keep cached repaint separate; actual red/white/zoom pixels and checkerboard/background/ordinarybattle join next. No DOS exact promotion.",2026-10-04T17:17:54.375376+00:00
th04-port64-yuuka6-background-entry-v1288,hazard,th04-main,Particle clip selection and fade increments retain entry ownership,runtime-observed,ev-th04-port64-yuuka6-background-original-v1288;ev-th04-port64-yuuka6-background-entry-negative-v1288,port64/yuuka6_background.cpp;port64/verify_yuuka6_background.py;docs/PORT64.md#yuuka6-checkerboard-and-particle-background,"Original7971 selects clip only incomingfade0 forstates0/6/8/10/12. Same-frame state transition retains callback; pressure arms can incrementfade twice. Keep shared randomring,56active+sentinel and untouchedpalette channels/latch.5711records include2x1571caller-driven sequences; ordinarycore join remains separate.",2026-10-04T17:57:53.126818+00:00
th04-port64-yuuka6-background-flat-writes-v1288,pattern,th04-port64,Checkerboard and mono kernels preserve flat visible offsets beyond playfield,runtime-observed,ev-th04-port64-yuuka6-background-original-v1288;ev-th04-port64-yuuka6-background-native-windows-v1288,port64/yuuka6_background.hpp;port64/yuuka6_background.cpp;docs/PORT64.md#yuuka6-checkerboard-and-particle-background,Actual7586/152A controls agree187full640x400seeded screens onGNU/Wine/UBSan/actualWindows. Preserve checkerrow384 andmono unsignedX/WORDoffset alias; never host-playfieldclip. Cache numericstores/requests so repaint doesnotadvance state. InputscheckerA850..AF6C bounded; pass0implementednotpixelcovered; combinedBB/fill/palettehardware/FPS/ordinarybattle unproved.,2026-10-04T17:57:53.126818+00:00
th04-port64-yuuka6-red-plane-merge-v1289,hazard,th04-main,Yuuka red hit silhouette retains three destination color planes,runtime-observed,ev-th04-port64-yuuka6-pixels-target-v1289;ev-th04-port64-yuuka6-pixels-original-v1289;ev-th04-port64-yuuka6-pixels-red-retention-negative-v1289,port64/yuuka6_pixels.cpp;port64/verify_yuuka6_pixels.py;docs/PORT64.md#yuuka6-foreground-sprite-pixels,"MAIN0000:2838 FFCD writes tileFF in modeCD; only redbit1 enabled. Merge destination|2 onalpha, never replace withindexed2. Actual destination5 becomes7 versuswhite15. Reuseattestedwhitealpha/WORDwalk withreadcallback.2405fullscreens include96overlap/62normal-redframes; physicalpage/alias andwholebattlejoin separate.",2026-10-04T18:16:18.243200+00:00
th04-port64-yuuka6-sprite-resource-scope-v1289,pattern,th04-port64,Final-boss body and death requests use distinct real sprite sheets,runtime-observed,ev-th04-port64-yuuka6-pixels-original-v1289;ev-th04-port64-yuuka6-pixels-native-windows-v1289;ev-th04-port64-yuuka6-pixels-foreground-closure-v1289,port64/yuuka6_foreground.hpp;port64/yuuka6_pixels.cpp;docs/RE_HANDOFF.md,"All62ST05body/aux/crossimages128..189 have originalnormal/white/red controls at8alignments; deathzoom3 usesMIKO32images4..11 with128screens. NativeGNU/Wine/UBSan/actualWindows agree615680000pixelbytes; changedforeground passes4458oldstate/requestrecords withv1287producerpreserved. Nextordinaryfinal-battlejoin, semanticonlyforconcreteambiguity. NoDOSexactpromotion.",2026-10-04T18:16:18.243200+00:00
th04-port64-yuuka6-released-map-owner-v1290,hazard,th04-port64,Final battle must not advance released Stage6 MAP/STD streams,runtime-observed,ev-th04-port64-yuuka6-join-live-v1290;ev-th04-port64-yuuka6-join-native-windows-v1290,port64/main_state.cpp;port64/view.cpp;docs/PORT64.md#yuuka6-ordinary-battle-and-final-stage-departure,Natural first combat tick rejected released MAP/STD update. Preserve release guard and skip old map owner; Y6 BG consumes shared ring before actors and caches requests for repaint. All16Normal/Lunatic character A/B idle/shot routes reach Ending416 with512images/528counters across4hosts. Not original full-route or FPS.,2026-10-04T19:04:23.793045+00:00
th04-port64-yuuka6-final-departure-v1290,pattern,th04-main,Final Stage all-clear0 and nonreturning Ending416 bypass ordinary departure,runtime-observed,ev-th04-port64-yuuka6-join-target-v1290;ev-th04-port64-yuuka6-join-departure-linux-v1290;ev-th04-port64-yuuka6-join-departure-native-windows-v1290,port64/stage_transition.cpp;port64/verify_yuuka6_departure.py;docs/PORT64.md#yuuka6-ordinary-battle-and-final-stage-departure,"MAIN13A9:ACB3 writes tone60 then adds resident graze/all-clear atclock0. Stage_id5 calls0AAF:0CC9 at416 before frame/homing/fade suffix.2,052bounded original controls match4nativehosts; keep all-clear adapter and nonreturning scope explicit. Hypothetical488 after end_game returns reaches next-stage arm, outside natural Final path. MAINE still unported.",2026-10-04T19:04:23.793045+00:00
th04-port64-yuuka6-live-frontier-v1290,recipe,th04-port64,Normal and Lunatic live routes reach final-boss all-clear and Good Ending entry,runtime-observed,ev-th04-port64-yuuka6-join-live-v1290;ev-th04-port64-yuuka6-join-component-closure-v1290;ev-th04-port64-yuuka6-join-publish-v1290,port64/view.cpp;port64/verify.py;port64/verify_windows.ps1;docs/RE_HANDOFF.md,"--stage6-screenshots traverses prior stages/dialogues with ordinary input and real shots/idle timeouts; covers0..17/254/255,cross,safety-circle,mirror,wide-laser,all-clear and416. Old28groups retain v1282 results; fresh nativeWindows checks2060images. Changed core consumers retain90702original records. Next native Ending/save,Extra,death/Bomb/HUD/audio/config; semantic only if concrete ambiguity.",2026-10-04T19:04:23.793045+00:00
th04-port64-maine-cutscene-abi-v1291,hazard,th04-maine,Ending rectangle/input/graphics semantics must come from the target,runtime-observed,ev-th04-port64-maine-cutscene-control-v1291,port64/cutscene.cpp;port64/cutscene_scene.cpp;port64/verify_cutscene.py;docs/PORT64.md#maine-ending-script-and-graphics-owner,"Original cutscene uses picture160,64,320,200 and key_det0010; standalone dispatcher candidate has left0 and shared input has a different Escape bit. Ending text draws graphics page1 without character delay; interval controls box masks. k does not publish box and @ keeps saved background. Do not inherit standalone constants, MAIN action masks or dialogue TRAM behavior.",2026-10-04T20:33:19.831179+00:00
th04-port64-maine-cutscene-ank-v1291,fact,th04-maine,Ending graph_putsa_fx preserves halfwidth WORD effect spill dots,runtime-observed,ev-th04-port64-maine-cutscene-pixels-v1291,port64/cutscene.cpp;port64/cutscene_scene.cpp;port64/verify_cutscene.py;docs/PORT64.md#maine-ending-script-and-graphics-owner,"Actual _ED000 supplies comma-four as a two-byte string. Original0CC7:058C renders two ANK glyphs, applies WORD weights to AL and ROR/little-endian stores; aligned spill dots differ from Kanji.264two-load full-frame controls cover six strings/four weights/eight alignments/colors, plus per-route controls. Use Scene string rendering and retain supplied-font provenance.",2026-10-04T20:33:19.831179+00:00
th04-port64-maine-cutscene-frontier-v1291,recipe,th04-port64,Native Ending component acceptance does not join the ordinary MAINE transfer,runtime-observed,ev-th04-port64-maine-cutscene-actual-windows-v1291,port64/cutscene.cpp;port64/cutscene_scene.cpp;port64/verify_cutscene.py;docs/PORT64.md#maine-ending-script-and-graphics-owner,"GNU/Wine/UBSan/actualWindows pass script/page/font controls; GUI remains v1290 at Good Ending416/Easy Bad Ending transfer. Next recover cumulative run counters/resident score handoff and resource lifetime, then Staff Roll/verdict/registration. Measure completion must belong to audio/no-BGM timing owner; keys are not song progress. Semantic only for concrete port ambiguities.",2026-10-04T20:33:19.831179+00:00
th04-port64-maine-join-lifetime-v1292,recipe,th04-port64,MAIN publishes HUD digits and run counters before MAINE resource lifetime,runtime-observed,ev-th04-port64-maine-join-main-control-v1292;ev-th04-port64-maine-join-natural-routes-v1292,port64/run_statistics.cpp;port64/maine_ending.cpp;docs/PORT64.md#main-to-maine-ending-integration,"Do not drain pending score or reset cumulative spawned/items/enemy/frame counters at Stage changes. Keep MAIN for273-refresh fade; publish then release, enter fresh MAINE generation/LCG. Ending now reaches Staff Roll owner; implement Staff Roll/verdict/registration next, not more general semantic work.",2026-10-04T21:51:08.875333+00:00
th04-port64-maine-palette-rgb-v1292,negative-result,th04-maine,Diagnostic PNG port-order channel swizzle misrepresents RGB palette bytes,runtime-observed,ev-th04-port64-maine-join-sound-palette-v1292,port64/verify_cutscene_pixels.py;port64/verify_maine_join.py;docs/PORT64.md#main-to-maine-ending-integration,"Original palette_show0000:19EC sends byte0 redAC/byte1 greenAA/byte2 blueAE. PI bytes are alreadyRGB; v1291 diagnostic PNG swizzle was wrong while complete indexed/palette-byte controls remain valid. Current RGB checks use raw pages/palettes, and96 retained derived PNGs are corrected separately.",2026-10-04T21:51:08.875333+00:00
th04-port64-gui-shot-fixture-v1292,hazard,th04-port64,Historical B-labelled GUI routes selectedA through a wrong menu action,runtime-observed,ev-th04-port64-maine-join-fixture-shot-negative-v1292;ev-th04-port64-maine-join-natural-routes-v1292,port64/view.cpp;port64/selection_state.cpp;port64/verify_ending_routes.py;docs/PORT64.md#main-to-maine-ending-integration,"Shot selection usesUp/Down, notLeft/Right. Four pre-v1292 Stage4/5/6 GUI fixture drivers usedRight forB and must retain A-input scope. Current matrix pressesDown and asserts resident character/shot and all eight Ending filenames; explicit-state CPU B controls retain their own scope.",2026-10-04T21:51:08.875333+00:00
th04-port64-maine-music-wait-v1292,hazard,th04-maine,Inactive audio frame fallback and active unsigned song measure are separate waits,runtime-observed,ev-th04-port64-maine-join-sound-palette-v1292;ev-th04-port64-maine-join-main-control-v1292,port64/maine_ending.cpp;port64/cutscene_contracts.cpp;port64/verify_maine_join.py,"Original0CC7:03D6 mode0 calls frame_delay(WORD fallback); modes1/2/3 poll real unsigned measure. The current native backend is inactive. Preserve its fallback, and only resume active waits from actual reported measures; held keys/time do not fabricate music progress. Translate MAIN cancel action to MAINE0010 explicitly.",2026-10-04T21:51:08.875333+00:00
th04-port64-staff-roll-hardware-v1293,hazard,th04-maine,Staff Roll page-copy destination and inclusive background restore,runtime-observed,ev-th04-port64-staff-roll-pixels-v1293;ev-th04-port64-staff-roll-copy-callers-v1293,port64/staff_roll.cpp;port64/verify_staff_roll.py;docs/PORT64.md#staff-roll-integration,"graph_copy_page(dest) copies opposite page and leaves access=dest; BGIMAGER WORD-alignsX and copiesh+1rows. LastSFF7 touchesrow400; keep visible-page versus allocation-tail scopes separate. ExistingEnding callers explicitly access1/copy0/access0, so their visible pixels remain valid; its adapter convention is not a generic hardware contract.",2026-10-04T22:53:19.592036+00:00
th04-port64-staff-roll-owner-v1293,recipe,th04-port64,Ending graphics owner transfers once to complete Staff Roll,runtime-observed,ev-th04-port64-staff-roll-routes-v1293;ev-th04-port64-staff-roll-windows-v1293,port64/staff_roll.cpp;port64/verify_staff_roll.py;docs/PORT64.md#staff-roll-integration,"Transfer both pages once then release Ending script/PI/text-box owner; Staff Roll preserves MAINE generation/resident/LCG, plays both backgrounds and three dissolves, releases bg/CDG slots then fades toverdict entry. Active measures must come from real audio; inactive uses64/160fallbacks and keys do not skip. Continue verdict/congratulations/score saving rather than broad semantic work.",2026-10-04T22:53:19.592036+00:00
th04-port64-staff-roll-oracle-v1293,recipe,th04-port64,Independent Staff Roll requests and original graphics kernels,runtime-observed,ev-th04-port64-staff-roll-requests-v1293;ev-th04-port64-staff-roll-pixels-v1293,port64/staff_roll.cpp;port64/verify_staff_roll.py;docs/PORT64.md#staff-roll-integration,Use eight original request controls plus268 CPU graphics kernels and332 full-page checkpoints; explicitGRCG andVSync/file/sound adapters and regressedPIdependency are not physical full-game capture. Retained traces/fixtures/receipts stay plain; restore archived.bin/.bmp before direct replay. Thirtycontracts and24naturalroutes perhost stopatverdict; complete port still pending.,2026-10-04T22:53:19.592036+00:00
th04-port64-verdict-integer-v1294,hazard,th04-port64,Verdict preserves distinct subtraction storage and original integer widths,runtime-observed,ev-th04-port64-verdict-requests-v1294,port64/verdict.cpp;port64/verify_verdict.py;docs/PORT64.md#verdict-calculation-and-clock,"Recovered percentage reads initialized DATA0E53:071A; BB81 toggles separate BSS3F9C, so completion is not negated in fresh MAINE. Graze doubles AX then zero-extends; frame rates push AX after DWORD/10; accumulation wraps DWORD and signed /5,/2 truncate toward zero.916 CPU controls at two loads cover all26 commentary rows; do not replace these with floating-point rates.",2026-10-04T23:47:41.851260+00:00
th04-port64-verdict-input-v1294,pattern,th04-port64,Verdict wait combines keyboard samples across a refresh,runtime-observed,ev-th04-port64-verdict-clock-v1294;ev-th04-port64-verdict-windows-v1294,port64/verdict.cpp;port64/verify_verdict.py;docs/PORT64.md#verdict-calculation-and-clock,"Original input_reset_sense before frame_delay1 and input_sense afterward OR both samples. One clear sample between held samples cannot release; wait0 never expires; a fresh press resumes in the current scheduler call. Ten original fade/wait controls at two loads agree on requests, palette tones and completion; adapters model VSync/keyboard rather than physical timing.",2026-10-04T23:47:41.851260+00:00
th04-port64-verdict-frontier-v1294,recipe,th04-port64,Verdict component needs graphics and publication before joining GUI,runtime-observed,ev-th04-port64-verdict-requests-v1294;ev-th04-port64-verdict-build-v1294,port64/verdict.cpp;port64/verify_verdict.py;docs/PORT64.md#verdict-calculation-and-clock,"Plan/Script now preserve full original scoring/request/clock semantics, but GUI stays atv1293 verdict entry and game binaries remain unchanged on GNU/UBSan. Next extract a real graphics canvas, full-string text/gaiji and UDE.PI, compare original font/pages, then join Staff->verdict with resident STD/LCG publication at calculation. Congratulations/save follow; avoid dummy script ownership and continued general semantic work.",2026-10-04T23:47:41.851260+00:00
th04-port64-verdict-canvas-v1295,pattern,th04-port64,Verdict reuses graphics ownership without a fabricated Ending script,runtime-observed,ev-th04-port64-verdict-graphics-v1295,port64/cutscene_scene.cpp;port64/verdict_scene.cpp;docs/PORT64.md#verdict-graphics-and-integration,Canvas owns graphics pages/PI/font/palette separately from Script;_UDE.TXT stays commentary only. Full strings preserve NUL andSJIS/ANK advances. graph_copy_page selects destination and copies opposite page;access1/copy0/access0 preserves all eight oldEnding visible references.,2026-10-05T00:35:47.782215+00:00
th04-port64-verdict-state-publication-v1295,hazard,th04-port64,Verdict resident STD and MAINE RNG publish after background fade,runtime-observed,ev-th04-port64-verdict-publication-v1295;ev-th04-port64-verdict-routes-v1295,port64/maine_ending.cpp;port64/cutscene_contracts.cpp;docs/PORT64.md#verdict-graphics-and-integration,Transfer/release Staff pages once without changing MAINE generation. Construction/69 scheduler calls leave STD/LCG untouched;publish STD/chance at digit requests with real reseed and conditional draw. Use nonzero resident seed fixtures because headless menu seed0 can conceal reseed errors. Held keys/repaint must not recalculate.,2026-10-05T00:35:47.782215+00:00
th04-port64-verdict-reference-restoration-v1295,recipe,th04-port64,Actual Windows graphics reference consumers require restored raw coverage,runtime-observed,ev-th04-port64-verdict-windows-v1295,port64/verify_maine_join_windows.ps1;docs/PORT64.md#verdict-graphics-and-integration,"Restore archived raw files before direct replay. Staff has499 page/palette/state and268 kernel references;filter onlybin/pal/txt to exclude retainedgz siblings, then enforce full count so missingraw cannot weaken testcoverage. Restrict Windows text normalization toCRLF;binary pixels/palettes stay raw-identical.",2026-10-05T00:35:47.782215+00:00
th04-port64-verdict-frontier-v1295,recipe,th04-port64,Native verdict reaches confirmation fade;congratulations/save are next,runtime-observed,ev-th04-port64-verdict-graphics-v1295;ev-th04-port64-verdict-publication-v1295;ev-th04-port64-verdict-routes-v1295;ev-th04-port64-verdict-publish-v1295,port64/maine_ending.cpp;port64/verdict_scene.cpp;port64/verify_verdict_pixels.py;docs/PORT64.md#verdict-graphics-and-integration,"v1295 supersedesv1294 component-only frontier. All four hosts pass complete graphics and24 natural routes;Windowsv1295 preview published. After verdict release/freshpress/fade, continue concrete congratulations and registration/save owners. Semantic expansion stays stopped unless needed for a port ambiguity;full native game still lacksdeath/Bomb/Continue/Extra/audio/config.",2026-10-05T00:35:47.782215+00:00
th04-port64-congratulations-main-order-v1296,fact,th04-port64,Post-Ending congratulations and registration ordering is route dependent,runtime-observed,ev-th04-port64-congratulations-main-v1296,port64/congratulations.cpp;port64/maine_animation.cpp;port64/verify_congratulations.py;docs/PORT64.md#congratulations-and-registration-entry,"Original whole_main fixtures distinguish Good/EasyBad picture from otherBad skip, and Extra register->congratulations->verdict. Normal songfade4/100refreshes precedes registration. Keep bounded adapters/Extra integration distinction;do not flatten routes.",2026-10-05T01:31:57.798323+00:00
th04-port64-congratulations-animation-v1296,pattern,th04-port64,MAINE palette/key clock is independent of score calculation,runtime-observed,ev-th04-port64-congratulations-graphics-v1296;ev-th04-port64-congratulations-regression-v1296,port64/congratulations.cpp;port64/maine_animation.cpp;port64/verify_congratulations.py;docs/PORT64.md#congratulations-and-registration-entry,Animation owns real Request vectors for verdict and congratulations;no synthetic Plan/script. Before/after-refresh keyOR requires two clear samples. Verdict916/10/80/527 and congratulations50clocks/20pages preserve behavior after extraction;repaint cannot advance.,2026-10-05T01:31:57.798323+00:00
th04-port64-congratulations-registration-frontier-v1296,recipe,th04-port64,Native congratulations ends at real registration entry;save is next,runtime-observed,ev-th04-port64-congratulations-routes-v1296;ev-th04-port64-congratulations-publish-v1296,port64/congratulations.cpp;port64/maine_animation.cpp;port64/verify_congratulations.py;docs/PORT64.md#congratulations-and-registration-entry,"v1296 supersedesv1295 frontier, retaininggen3/resident/continuedLCG. Start concrete score section/name menu/persistence/freshOP owner next. Extra/death/Bomb/Continue/fullHUD/audio/config still incomplete. General semantic expansion remains stopped.",2026-10-05T01:31:57.798323+00:00
th04-port64-congratulations-filesystem-abi-v1296,negative-result,th04-port64,Current GNU8.4 needs matching separate filesystem archive,compiler-observed,ev-th04-port64-congratulations-filesystem-v1296,port64/congratulations.cpp;port64/maine_animation.cpp;port64/verify_congratulations.py;docs/PORT64.md#congratulations-and-registration-entry,On currenthost newer libstdc++ filesystem symbols link but path lifetime crashesSIGSEGV. Same small probe with active libstdc++fs.a exits0; CMake GNU<9 links it. Keep this compiler/host scope;not Borland or game behavior. Archive and compiler hashes recorded.,2026-10-05T01:31:57.798323+00:00
th04-port64-score-file-recreate-v1297,hazard,th04-port64,A bad selected score checksum recreates and writes all ten sections,runtime-observed,ev-th04-port64-score-file-original-v1297;ev-th04-port64-score-file-native-v1297,port64/score_file.cpp;port64/verify_score_file.py;docs/PORT64.md#score-file-engine,"Correct the older load_for.inl comment in a future DOS semantic/build batch: original recreate opens/truncates and writes all ten sections immediately,20 LCG draws. It preserves eleven unused decoded payload bytes; do not clear the entire196-byte HI buffer.",2026-10-05T02:19:27.278024+00:00
th04-port64-score-file-save-tail-v1297,pattern,th04-port64,Score save rekeys all sections and leaves section9 encoded,runtime-observed,ev-th04-port64-score-file-original-v1297;ev-th04-port64-score-file-native-v1297,port64/score_file.cpp;port64/verify_score_file.py;docs/PORT64.md#score-file-engine,"Save consumes22 LCG draws, preserves trailing data and decoded nonselected payloads, ignores other checksum failures, and leaves workbuffer as encoded section9. Rendered editable-name state must be retained before save; host persistence is still to be implemented separately from originalHDI.",2026-10-05T02:19:27.278024+00:00
th04-port64-score-file-decode-v1297,hazard,th04-port64,Score checksum validation uses only low byte,runtime-observed,ev-th04-port64-score-file-original-v1297;ev-th04-port64-score-file-native-v1297,port64/score_file.cpp;port64/verify_score_file.py;docs/PORT64.md#score-file-engine,Full16-bit checksum is stored but validation returns AL subtracting CL. High checksum byte mutation passes. Decode reads the next stillencoded byte in ascending order; changing validation to fullWORD or reversing traversal changes observed behavior.,2026-10-05T02:19:27.278024+00:00
th04-port64-score-file-insert-v1297,pattern,th04-port64,Ranking compares signed gaiji subtraction and preserves row terminators,runtime-observed,ev-th04-port64-score-file-original-v1297;ev-th04-port64-score-file-native-v1297,port64/score_file.cpp;port64/verify_score_file.py;docs/PORT64.md#score-file-engine,"New score precedes every equal entry; storedGaiji-A0 is signedint even for malformed values. Shift only eight namebytes/eight digits/stage, retaining each row ninthterminator andclear/reserved bytes. End>=FD displaysALL.",2026-10-05T02:19:27.278024+00:00
th04-port64-registration-input-v1298,pattern,th04-port64,Registration input lock retains changed nonzero chords,runtime-observed,ev-th04-port64-registration-original-v1298;ev-th04-port64-registration-platform-v1298,port64/registration.cpp;port64/verify_registration.py;docs/PORT64.md#registration-menu-control-owner,"Reset sample ORnextsense means a one-sample release may still contain held key. Lock starts1; changed nonzero chord retains oldlock, complete release clears. BYTErepeat survives accepted repeats and wraps; even>30 unlocks. Preserve independent direction thenShot/OK thenBomb thenEsc order; Esc saves partial name.",2026-10-05T02:48:05.178457+00:00
th04-port64-registration-render-snapshot-v1298,hazard,th04-port64,Registration name rendering must keep pre-save section snapshots,runtime-observed,ev-th04-port64-registration-original-v1298;ev-th04-port64-registration-platform-v1298,port64/registration.cpp;port64/verify_registration.py;docs/PORT64.md#registration-menu-control-owner,"Other table renders before replacing sharedHI; current table renders after insertion but before clear-mask write. Editable requests carry decoded snapshots; save leaves encodedsection9. Next real scene must use cleanpage1 background and separate text reverse overlay, consume real fades/wait0, commit separate hostscore file thenfreshOP. LogicalMenu alone does not implement these effects.",2026-10-05T02:48:05.178457+00:00
th04-port64-registration-oracle-access-v1298,negative-result,th04-port64,Original menu access output must be observed once,runtime-observed,ev-th04-port64-registration-access-negative-v1298;ev-th04-port64-registration-original-v1298,port64/registration.cpp;port64/verify_registration.py;docs/PORT64.md#registration-menu-control-owner,Inherited Base.port already records real OUTA6; adding a menuinstruction observer duplicates the same event. Repaired original producer removes only duplicateobserver and executes same originalmenu/score/LCG. Keep target observations distinct from instrumentation errors.,2026-10-05T02:48:05.178457+00:00
th04-port64-registration-render-rectangle-v1299,pattern,th04-port64,Registration restore geometry differs from BGIMAGER,runtime-observed,ev-th04-port64-registration-render-original-v1299;ev-th04-port64-registration-render-platform-v1299,port64/registration_render.cpp;port64/verify_registration_render.py;docs/PORT64.md#registration-graphics-and-text-plane,"Preserve cleanHI01 page1, copy to page0 then redraw. X uses arithmetic shift3,width divides16,height exactly16; callerX+2 rounds down bytecolumn. BGIMAGER h+1 is a distinct owner.",2026-10-05T03:45:45.884490+00:00
th04-port64-registration-render-text-v1299,pattern,th04-port64,Separate text RAM and emulator-source RGB policy,corroborated,ev-th04-port64-registration-render-original-v1299;ev-th04-port64-registration-render-platform-v1299,port64/registration_render.cpp;port64/verify_registration_render.py;docs/PORT64.md#registration-graphics-and-text-plane,"Original WORDcode/attribute stores are executed; reverse glyphmask/transparentholes/brightcolor composition is pinnedDOSBox-X source corroboration, not physical video. Gaiji0/128 first0056/0057 halves take ANK; second8056/8057 halves use customfont.",2026-10-05T03:45:45.884490+00:00
th04-port64-registration-render-palette-v1299,hazard,th04-port64,Registration assets and font state are bounded inputs,runtime-observed,ev-th04-port64-registration-render-original-v1299;ev-th04-port64-registration-render-platform-v1299,port64/registration_render.cpp;port64/verify_registration_render.py;docs/PORT64.md#registration-graphics-and-text-plane,SCNUM2 andHI01 attested palettes coincide; reject unexpectedpalette/undefined numeralpattern. Inherit graphics font weight0..3. Preserve raw keyboardE1/85 andname41/45 attributes rather than flattening into indexedgraphics.,2026-10-05T03:45:45.884490+00:00
th04-port64-registration-render-return-v1299,negative-result,th04-port64,Mixed hooked text far-return control has limited ABI scope,runtime-observed,ev-th04-port64-registration-render-return-negative-v1299;ev-th04-port64-registration-render-original-v1299,port64/registration_render.cpp;port64/verify_registration_render.py;docs/PORT64.md#registration-graphics-and-text-plane,"Recorded original RETF8/10 control reports inconsistent CS:IP. Guard instruction immediates and apply ABI return after actualstores. Claim original rawTRAMwrites, not complete original returnexecution or confirmed emulatorbug.",2026-10-05T03:45:45.884490+00:00
th04-port64-registration-render-integration-v1299,open-question,th04-port64,Registration renderer is a component awaiting scene integration,inferred,ev-th04-port64-registration-render-platform-v1299;ev-th04-port64-registration-render-build-v1299,port64/registration_render.cpp;port64/verify_registration_render.py;docs/PORT64.md#registration-graphics-and-text-plane,"LogicalMenu queues requests with retained decoded snapshots; save leaves encodedsection9. Next join ordered waits/fades/audio and explicit hostkeyboard actions, commit separate hostscore file atsave boundary, thenfreshOP. CurrentGUI stops registration_pending.",2026-10-05T03:45:45.884490+00:00
th04-port64-registration-render-storage-v1299,recipe,th04-port64,Completed captures are immutable after verified deduplication,runtime-observed,ev-th04-port64-registration-render-storage-v1299,port64/registration_render.cpp;port64/verify_registration_render.py;docs/PORT64.md#registration-graphics-and-text-plane,Readback independently produced fullcaptures before sharing identical storage. Python/PS verifiers rejectexisting outputdirectory; use freshpaths. Restore90-snapshot development archive before rawreplay. Protectcurrentreference and3fastcaches.,2026-10-05T03:45:45.884490+00:00
th04-port64-registration-scene-boundaries-v1300,pattern,th04-port64,Registration startup/save boundaries now have a real scene clock,runtime-observed,ev-th04-port64-registration-scene-fades-v1300;ev-th04-port64-registration-scene-platform-v1300;ev-th04-port64-registration-scene-windows-v1300,port64/registration_scene.cpp;port64/host_score.cpp;port64/view.cpp;docs/port64/evidence/score-registration.md#registration-scene-and-host-save,Supersedesv1299 integration question. Defer keyboard/noentrysave until35refresh blackin2; retain decoded snapshots beforeencodedHI. Explicit2sample release and18refresh blackout. Atomic writerclose failure preventsfreshOP. No audio device; requestsretained.,2026-10-08T14:18:03.562896+00:00
th04-port64-host-score-short-repair-v1300,hazard,th04-port64,Host score rejects incomplete files without changing original File short reads,runtime-observed,ev-th04-port64-registration-scene-fades-v1300;ev-th04-port64-registration-scene-platform-v1300;ev-th04-port64-registration-scene-windows-v1300,port64/registration_scene.cpp;port64/host_score.cpp;port64/view.cpp;docs/port64/evidence/score-registration.md#registration-scene-and-host-save,"Original unchecked shortreads can accidentally pass zerochecksum thenundefined numeral. NativeHostStore treats <1960bytes asmissing andoriginalrecreate writes atwriterclose. Preserve larger tails. Core1288 controls unchanged; logthis ashostrepair, neveroriginalbehavior.",2026-10-08T14:18:03.562896+00:00
th04-port64-registration-live-frontier-v1300,recipe,th04-port64,Registration save fresh OP second MAIN controls pass on actual hosts,runtime-observed,ev-th04-port64-registration-scene-fades-v1300;ev-th04-port64-registration-scene-platform-v1300;ev-th04-port64-registration-scene-windows-v1300,port64/registration_scene.cpp;port64/host_score.cpp;port64/view.cpp;docs/port64/evidence/score-registration.md#registration-scene-and-host-save,"30seeded childfixtures per GNU/UBSan/actualWindows cover tenpartitions andtwoeditexits/noentry;112files agree. Gen+1/LCG1 freshOP andgen+2 realMAIN. No naturalfullgame/GUIpublication acceptance. Continue Bomb/hit/death/lives/gameover/Continue,Extra/HUD/OPaudio/config,fullroutes/performance;mute everylaunch.",2026-10-08T14:18:03.562896+00:00
th04-port64-player-hit-order-v1301,pattern,th04-port64,Player consumes retained hit before same-refresh Bomb and miss loss,runtime-observed,ev-th04-port64-player-lifecycle-original-v1301;ev-th04-port64-player-lifecycle-platform-v1301;ev-th04-port64-player-lifecycle-windows-v1301,port64/player_lifecycle.cpp;port64/verify_player_lifecycle.py;docs/port64/evidence/stage-lifecycle.md#player-hit-death-and-bomb-state-producer,Decrementinv first; hit atincominginv1isaccepted. Laserlimit33 before separateShotstick. Arm40/192/72 thenmove/shotprefix/options/Bomb/miss. Deathbomballowedmiss>32; eightopportunities. Miss32 itemspawnprecedesloss;miss0 respawns/lives orGameOver. Shottrigger freezes during72refresh respawn.,2026-10-08T14:39:49.012116+00:00
th04-port64-bomb-render-lifetime-v1301,pattern,th04-port64,Bomb state cleanup belongs to render dispatch at frame226,runtime-observed,ev-th04-port64-player-lifecycle-original-v1301;ev-th04-port64-player-lifecycle-platform-v1301;ev-th04-port64-player-lifecycle-windows-v1301,port64/player_lifecycle.cpp;port64/verify_player_lifecycle.py;docs/port64/evidence/stage-lifecycle.md#player-hit-death-and-bomb-state-producer,Begin inv255 clear192 pull1. Render0..47 BBcells;48scrolloff+palette14backup/replacement;176sound15/restore/scrollon;177hardware-scroll;226stop/tone100/color13. IncrementBYTEeven226/255. Charactergraphics requestsunimplemented; retain state/RNG atsimulationboundary whenjoined.,2026-10-08T14:39:49.012116+00:00
th04-port64-player-lifecycle-frontier-v1301,recipe,th04-port64,Validated player lifecycle component awaits graphics and blocking Game Over,runtime-observed,ev-th04-port64-player-lifecycle-original-v1301;ev-th04-port64-player-lifecycle-platform-v1301;ev-th04-port64-player-lifecycle-windows-v1301,port64/player_lifecycle.cpp;port64/verify_player_lifecycle.py;docs/port64/evidence/stage-lifecycle.md#player-hit-death-and-bomb-state-producer,"10319records agree two-loadoriginal/GNU/UBSan/actualWindows;34contracts. Do notjoinlast-life withfakecallback. Next actualBombcharactergraphics andGameOver/Continue clock/ranking,thenlivehit/stockpublication. Use payload_offset/file_offset,notanalysis_linear/address,to readtarget. Keepmute/fullgoalactive.",2026-10-08T14:39:49.012116+00:00
th04-port64-gameover-clock-v1302,pattern,th04-port64,Game Over is a blocking refresh owner with two-sample waits,runtime-observed,ev-th04-port64-gameover-scene-original-v1302;ev-th04-port64-gameover-menu-original-v1302;ev-th04-port64-gameover-platform-v1302,port64/gameover.cpp;port64/score_file.cpp;port64/verify_gameover_scene.py;port64/verify_main_score.py;docs/port64/evidence/stage-lifecycle.md#game-over-clock-and-continue-file-ownership,"Intro95; heldack cannotacceptContinue; no wait0timeout. Continue32+36. Quit ES_SCORE before songfade4 then69refreshblackout. Stage5directBAD; Extra skipsContinue onlyafterintro/ack. Join as suspended MAIN call, resume suffix once.",2026-10-08T15:30:54.031197+00:00
th04-port64-main-score-cipher-v1302,hazard,th04-port64,MAIN and MAINE score encoders and save ownership differ,runtime-observed,ev-th04-port64-main-continue-file-original-v1302;ev-th04-port64-gameover-platform-v1302,port64/gameover.cpp;port64/score_file.cpp;port64/verify_gameover_scene.py;port64/verify_main_score.py;docs/port64/evidence/stage-lifecycle.md#game-over-clock-and-continue-file-ownership,MAIN key low/high fromONE RNGword; recreate10draws; save1draw andselectedonly. MAINE two draws/key and22draw allsectionrekey. MAINchar testsASCII1 exactly. Continue loads evenwithoutturbo; onlyturbo/ranked writesCONTINUE;Extra marker1.,2026-10-08T15:30:54.031197+00:00
th04-port64-continue-reset-v1302,pattern,th04-port64,Save Continue before resetting score and player resources,runtime-observed,ev-th04-port64-gameover-menu-original-v1302;ev-th04-port64-main-continue-file-original-v1302;ev-th04-port64-gameover-windows-v1302,port64/gameover.cpp;port64/score_file.cpp;port64/verify_gameover_scene.py;port64/verify_main_score.py;docs/port64/evidence/stage-lifecycle.md#game-over-clock-and-continue-file-ownership,Save olddigits before power1/dreamItems0/lives/bombs; preserve dream_score; incrementcontinuesaliasdigit0 thenzero1..7/deltas/extends/popup. Saveexception preventsreset. ActualHostStoreconsumer/livehitlatch stillunjoined; retain fullgoal.,2026-10-08T15:30:54.031197+00:00
th04-port64-periodic-storage-v1302,recipe,th04-port64,Retire superseded outputs and deduplicate verified immutable captures,runtime-observed,ev-th04-port64-gameover-storage-v1302,port64/gameover.cpp;port64/score_file.cpp;port64/verify_gameover_scene.py;port64/verify_main_score.py;docs/port64/evidence/stage-lifecycle.md#game-over-clock-and-continue-file-ownership,User requests periodiccleanup. v1302reclaims980566016allocatedbytes withprotectedhashreadback. Keeptargets/HDI/tools/source/threeactivecaches/finalreceipts; retire failedsupersededstreams. Completed captures can shareinodes onlyafterindependentreadback. NEVERoverwriteoldcapture; replayfresh.,2026-10-08T15:30:54.031197+00:00
th04-port64-windows-replace-failure-v1302,hazard,th04-port64,One Windows host-score replacement failure remains undiagnosed,runtime-observed,ev-th04-port64-gameover-windows-save-failure-v1302;ev-th04-port64-gameover-windows-v1302,port64/gameover.cpp;port64/score_file.cpp;port64/verify_gameover_scene.py;port64/verify_main_score.py;docs/port64/evidence/stage-lifecycle.md#game-over-clock-and-continue-file-ownership,First34contractrunfailednativeatomicreplace. Threeisolated16case retries plusfullcurrentrerunPASS; originalOSerrorcode/cause unknown. Do notinferAV/Windowsbug. Preservefailurepropagation andverifyrealContinuewriter/restart whenjoined.,2026-10-08T15:30:54.031197+00:00
th04-port64-bomb-star-ring-v1303,pattern,th04-port64,Bomb stars retain byte speeds and parity respawn,runtime-observed,ev-th04-port64-bomb-original-v1303,port64/player_bomb.cpp;port64/verify_player_bomb.py;port64/verify_player_bomb_pixels.py;docs/port64/evidence/stage-lifecycle.md#character-bomb-state-and-graphics,Frame48 initializes48stars from sharedring; Reimu rejects inclusive2048..4096 Xband and divides by9; Marisa speedBYTEwrap and odd/even respawn consume retainedstream. Cache draws; repaint cannot consume RNG.,2026-10-08T16:11:37.658522+00:00
th04-port64-bomb-graphics-bands-v1303,fact,th04-port64,Bomb CDG preserves central384x274 rectangle,runtime-observed,ev-th04-port64-bomb-pixels-v1303,port64/player_bomb.cpp;port64/verify_player_bomb.py;port64/verify_player_bomb_pixels.py;docs/port64/evidence/stage-lifecycle.md#character-bomb-state-and-graphics,"Actual fill replaces94rows only:16..55/330..383. CDG at32,56; BB16cells/24x23 tiles wrapsphysical400rows. Original kernels/two-load indexedshadow agree native; no physical video acceptance.",2026-10-08T16:11:37.658522+00:00
th04-port64-bomb-grcg-caller-v1303,hazard,th04-port64,Standalone mono entry inherits caller GRCG mode,runtime-observed,ev-th04-port64-bomb-grcg-negative-v1303,port64/player_bomb.cpp;port64/verify_player_bomb.py;port64/verify_player_bomb_pixels.py;docs/port64/evidence/stage-lifecycle.md#character-bomb-state-and-graphics,Missing GRCG RMW/color setup produced pixel402 mismatch. Actual1666/1672 restores complete equality. Preserve caller hardware preconditions; do not diagnose a native sprite bug from wrong original fixture.,2026-10-08T16:11:37.658522+00:00
th04-port64-bomb-frontier-v1303,recipe,th04-port64,Bomb graphics component awaits live lifecycle dispatch,runtime-observed,ev-th04-port64-bomb-platform-v1303;ev-th04-port64-bomb-windows-v1303;ev-th04-port64-bomb-storage-v1303,port64/player_bomb.cpp;port64/verify_player_bomb.py;port64/verify_player_bomb_pixels.py;docs/port64/evidence/stage-lifecycle.md#character-bomb-state-and-graphics,"1236cases/2252states and294cases/548screens agree originaltwo-load/GNU/UBSan/actualWindows;34contracts. Next GameOverTRAM/liveMAIN suspension/Continue writer,thenExtra/HUD/OPaudio/config/fullroutes. Muted; compressedcaptures and scopedcleanup.",2026-10-08T16:11:37.658522+00:00
th04-port64-gameover-tram-playfield-v1304,fact,th04-port64,Game Over wipe and black retain both TRAM banks and margins,runtime-observed,ev-th04-port64-gameover-tram-original-v1304,port64/gameover_render.cpp;port64/registration_render.cpp;port64/verify_gameover_render.py;docs/port64/evidence/stage-lifecycle.md#game-over-tram-rendering,Rows1..23 cols4..51 write space0020 attrE1/05. Text color/reverse is independent of graphics tone; preserve raw codes/attrs and actual FAR ABI. General SJIS remains separate.,2026-10-08T16:47:04.256276+00:00
th04-port64-gameover-tram-regression-v1304,recipe,th04-port64,Shared TextPlane changes require complete registration regression,runtime-observed,ev-th04-port64-gameover-tram-platform-v1304;ev-th04-port64-gameover-tram-windows-v1304,port64/gameover_render.cpp;port64/registration_render.cpp;port64/verify_gameover_render.py;docs/port64/evidence/stage-lifecycle.md#game-over-tram-rendering,200 GameOver plus158 registration snapshots agree GNU/optimizedUBSan/actualWindows;34contracts. Dependency-bound scene reference retains earlier adapter scope. Current267-file manifest; use fresh outputs and gzip/readback compact new raw captures.,2026-10-08T16:47:04.256276+00:00
th04-port64-gameover-tram-frontier-v1304,recipe,th04-port64,Verified Game Over renderer awaits live MAIN suspension and Continue save,runtime-observed,ev-th04-port64-gameover-tram-platform-v1304;ev-th04-port64-gameover-tram-mutation-v1304;ev-th04-port64-gameover-tram-storage-v1304,port64/gameover_render.cpp;port64/registration_render.cpp;port64/verify_gameover_render.py;docs/port64/evidence/stage-lifecycle.md#game-over-tram-rendering,"Join playerLifecycle/Bomb/GameOver; save old score before reset, freeze actor/RNG/frame owners and resume suffix once. Extra/HUD/OPaudio/config/fullroutes remain. All launches muted; preserve finalrefs/threecaches.",2026-10-08T16:47:04.256276+00:00
th04-port64-main-player-pause-v1305,recipe,th04-port64,Game Over suspends the player call before the rest of its MAIN frame,runtime-observed,ev-th04-port64-main-lifecycle-join-v1305;ev-th04-port64-main-std-contact-v1305;ev-th04-port64-main-prefix-mutation-v1305,port64/main_state.cpp;port64/player_lifecycle.cpp;port64/host_score.cpp;port64/verify_lifecycle_join.py;docs/port64/evidence/stage-lifecycle.md#live-main-lifecycle-suspension-and-continue-persistence,Keep the consumed player prefix and its context. MAIN actors/STD/RNG/frame counters freeze across scene clocks; Continue resumes shots/bullets/enemies/boss/items/render/tail exactly once. Synthetic STD/contact consumer rejects repeated prefix. Foreground visuals and original joined-frame comparison remain pending.,2026-10-08T17:43:00.044592+00:00
th04-port64-main-continue-host-v1305,recipe,th04-port64,Continue host commits precede score and resource reset,runtime-observed,ev-th04-port64-main-lifecycle-join-v1305;ev-th04-port64-main-lifecycle-windows-v1305,port64/main_state.cpp;port64/player_lifecycle.cpp;port64/host_score.cpp;port64/verify_lifecycle_join.py;docs/port64/evidence/stage-lifecycle.md#live-main-lifecycle-suspension-and-continue-persistence,HostStore.save_continue replays only newly emitted MAIN File operations and returns after real writer-close commits. Missing file recreates ten sections; ranked save changes only selected section with one RNG word. Failure propagates before Continue digit/reset. Never substitute MAINE re-keying or overwrite DOS saves.,2026-10-08T17:43:00.044592+00:00
th04-port64-main-lifecycle-frontier-v1305,recipe,th04-port64,Core lifecycle is joined while frontend Game Over and death/Bomb graphics remain pending,runtime-observed,ev-th04-port64-main-lifecycle-join-v1305;ev-th04-port64-main-lifecycle-storage-v1305,port64/main_state.cpp;port64/player_lifecycle.cpp;port64/host_score.cpp;port64/verify_lifecycle_join.py;docs/port64/evidence/stage-lifecycle.md#live-main-lifecycle-suspension-and-continue-persistence,"Interactive constructors use ordinary lifecycle; retained long actor controls explicitly disable hit consumption and report their mode. Finish frozen graphics/TRAM, death/Bomb indexed rendering, Game Over keyboard ownership, Quit registration followed by verdict and fresh OP. No published GUI/full ordinary-route acceptance follows. Extra/HUD/OP/audio/config/fullroutes remain; all runs muted.",2026-10-08T17:43:00.044592+00:00
th04-port64-player-render-semantics-v1306,fact,th04-port64,Player renderer uses real miss/invincibility and retained rendering phase,runtime-observed,ev-th04-port64-player-render-original-v1306,port64/player_render.cpp;port64/main_state.cpp;port64/view.cpp;port64/verify_player_render.py;docs/port64/evidence/stage-lifecycle.md#player-death-and-invincibility-rendering,"Preserve signed16 radius and truncating half, byte angles, polar floor/wrap, clip bounds, scroll-enabled line addition and one400-row adjustment. Miss1 draws nothing; miss2..32 only clipped explosion3. Normal white uses inv!=0 and pre-increment mod4==0; option38/39 are separate tiny masks.",2026-10-08T18:08:50.043267+00:00
th04-port64-player-render-clipping-v1306,negative-result,th04-port64,Eight death explosions on every frame is a disproved test assumption,runtime-observed,ev-th04-port64-player-render-clipping-v1306,port64/player_render.cpp;port64/main_state.cpp;port64/view.cpp;port64/verify_player_render.py;docs/port64/evidence/stage-lifecycle.md#player-death-and-invincibility-rendering,"Original stationary192,320 sequence emits8/6/6/4 at miss32/16/8/2. Early all-frames-eight native test rejected correct clipping; corrected integration checks retain blank frame1 and pattern3-only death. Do not force unclipped particles to satisfy a test.",2026-10-08T18:08:50.043267+00:00
th04-port64-player-render-frontier-v1306,recipe,th04-port64,Cached player death rendering is joined while Game Over/Bomb frontend remains,runtime-observed,ev-th04-port64-player-render-platform-v1306,port64/player_render.cpp;port64/main_state.cpp;port64/view.cpp;port64/verify_player_render.py;docs/port64/evidence/stage-lifecycle.md#player-death-and-invincibility-rendering,"Core caches before clock increment; blocking GameOver and repaints retain requests. GNU/optimizedUBSan/actualWindows agree complete caller/kernel controls;105 AMD64 products bind274 files including prior lifecycle verifiers. Finish frozen GameOver TRAM/keyboard, Bomb pixels/palette and score-only MAINE routing; no published GUI/full-route/timing/audio acceptance. All runs muted; fresh output dirs and periodic cleanup.",2026-10-08T18:08:50.043267+00:00
