id,artifact,segment_identity,segment_offset,analysis_linear,payload_offset,body_size,body_span,boundary_state,origin,work_queue,accepted_state,name,map_public,map_module,map_segment,source_form,source_ref,observation,tasm_proc,tasm_distance,tasm_listing_line,ghidra_contiguous,ghidra_range_count,caller_count,callee_count,evidence_basis,notes
th04-op-boundary-00000,th04-op,mz-load-module,0x0,0x10000,0x0,0x146,0x146,corroborated,compiler,exclude,excluded,_address_0,_address_0;__setenvp__,c0.ASM,_TEXT,compiler-startup,toolchain:c0.asm,ghidra+map-public,,,,true,1,0,6,target-unpacked-ghidra+candidate-map,
th04-op-boundary-0000c,th04-op,mz-load-module,0xC,0x1000C,0xC,0x0,0x0,provisional,compiler,exclude,excluded,__AHSHIFT,__AHSHIFT,c0.ASM,_TEXT,compiler-startup,toolchain:c0.asm,map-public,,,,,,,,target-unpacked-ghidra+candidate-map,TLINK public has no corresponding Ghidra function entry.
th04-op-boundary-00146,th04-op,mz-load-module,0x146,0x10146,0x146,0x13,0x13,corroborated,compiler,exclude,excluded,__cleanup,__cleanup,c0.ASM,_TEXT,compiler-startup,toolchain:c0.asm,ghidra+map-public,,,,true,1,1,1,target-unpacked-ghidra+candidate-map,
th04-op-boundary-00159,th04-op,mz-load-module,0x159,0x10159,0x159,0x1,0x1,corroborated,compiler,exclude,excluded,__checknull,__checknull,c0.ASM,_TEXT,compiler-startup,toolchain:c0.asm,ghidra+map-public,,,,true,1,1,0,target-unpacked-ghidra+candidate-map,
th04-op-boundary-0015a,th04-op,mz-load-module,0x15A,0x1015A,0x15A,0x1E,0x1E,corroborated,compiler,exclude,excluded,__terminate,__terminate,c0.ASM,_TEXT,compiler-startup,toolchain:c0.asm,ghidra+map-public,,,,true,1,1,2,target-unpacked-ghidra+candidate-map,
th04-op-boundary-00178,th04-op,mz-load-module,0x178,0x10178,0x178,0x43,0x43,provisional,compiler,exclude,excluded,FUN_1000_0178,,c0.ASM,_TEXT,compiler-startup,toolchain:c0.asm,ghidra,,,,true,1,1,0,target-unpacked-ghidra+candidate-map,Ghidra-only boundary has no TLINK public or TASM PROC at its entry.
th04-op-boundary-001bb,th04-op,mz-load-module,0x1BB,0x101BB,0x1BB,0x2D,0x2D,corroborated,compiler,exclude,excluded,__restorezero,__restorezero,c0.ASM,_TEXT,compiler-startup,toolchain:c0.asm,ghidra+map-public,,,,true,1,1,0,target-unpacked-ghidra+candidate-map,
th04-op-boundary-001e8,th04-op,mz-load-module,0x1E8,0x101E8,0x1E8,0x44,0x44,provisional,compiler,exclude,excluded,FUN_1000_01e8,,c0.ASM,_TEXT,compiler-startup,toolchain:c0.asm,ghidra,,,,true,1,1,0,target-unpacked-ghidra+candidate-map,Ghidra-only boundary has no TLINK public or TASM PROC at its entry.
th04-op-boundary-0022c,th04-op,mz-load-module,0x22C,0x1022C,0x22C,0x41,0x41,provisional,compiler,exclude,excluded,FUN_1000_022c,,c0.ASM,_TEXT,compiler-startup,toolchain:c0.asm,ghidra,,,,true,1,1,0,target-unpacked-ghidra+candidate-map,Ghidra-only boundary has no TLINK public or TASM PROC at its entry.
th04-op-boundary-0026d,th04-op,mz-load-module,0x26D,0x1026D,0x26D,0x0,0x0,provisional,compiler,exclude,excluded,DGROUP@,DGROUP@,c0.ASM,_TEXT,compiler-startup,toolchain:c0.asm,map-public,,,,,,,,target-unpacked-ghidra+candidate-map,TLINK public has no corresponding Ghidra function entry.
th04-op-boundary-0026f,th04-op,mz-load-module,0x26F,0x1026F,0x26F,0x0,0x0,provisional,compiler,exclude,excluded,__MMODEL,__MMODEL,c0.ASM,_TEXT,compiler-startup,toolchain:c0.asm,map-public,,,,,,,,target-unpacked-ghidra+candidate-map,TLINK public has no corresponding Ghidra function entry.
th04-op-boundary-00272,th04-op,mz-load-module,0x272,0x10272,0x272,0x14,0x14,provisional,library,exclude,excluded,FUN_1000_0272,,th04_op.asm,_TEXT,master-library-aggregate,candidate:th04_op.asm,ghidra,,,,true,1,1,1,target-unpacked-ghidra+candidate-map,Ghidra-only boundary has no TLINK public or TASM PROC at its entry.
th04-op-boundary-00286,th04-op,mz-load-module,0x286,0x10286,0x286,0x12D,0x12E,provisional,library,exclude,excluded,BFNT_ENTRY_PAT,BFNT_ENTRY_PAT,th04_op.asm,_TEXT,master-library-aggregate,candidate:th04_op.asm,ghidra+map-public,,,,false,2,1,4,target-unpacked-ghidra+candidate-map,Ghidra body is noncontiguous and requires control-flow reconciliation.
th04-op-boundary-003b4,th04-op,mz-load-module,0x3B4,0x103B4,0x3B4,0x22,0x22,corroborated,library,exclude,excluded,BFNT_EXTEND_HEADER_SKIP,BFNT_EXTEND_HEADER_SKIP,th04_op.asm,_TEXT,master-library-aggregate,candidate:th04_op.asm,ghidra+map-public,,,,true,1,1,0,target-unpacked-ghidra+candidate-map,
th04-op-boundary-003d6,th04-op,mz-load-module,0x3D6,0x103D6,0x3D6,0x3B,0x3B,corroborated,library,exclude,excluded,BFNT_HEADER_READ,BFNT_HEADER_READ,th04_op.asm,_TEXT,master-library-aggregate,candidate:th04_op.asm,ghidra+map-public,,,,true,1,2,0,target-unpacked-ghidra+candidate-map,
th04-op-boundary-00412,th04-op,mz-load-module,0x412,0x10412,0x412,0x5E,0x5F,provisional,library,exclude,excluded,BFNT_EXTEND_HEADER_ANALYSIS,BFNT_EXTEND_HEADER_ANALYSIS,th04_op.asm,_TEXT,master-library-aggregate,candidate:th04_op.asm,ghidra+map-public,,,,false,2,1,2,target-unpacked-ghidra+candidate-map,Ghidra body is noncontiguous and requires control-flow reconciliation.
th04-op-boundary-00476,th04-op,mz-load-module,0x476,0x10476,0x476,0x90,0x91,provisional,library,exclude,excluded,rtc_int_set,rtc_int_set,th04_op.asm,_TEXT,master-library-aggregate,candidate:th04_op.asm,ghidra+map-public+tasm-proc,rtc_int_set,near,2596,false,2,2,2,target-unpacked-ghidra+candidate-map,Ghidra body is noncontiguous and requires control-flow reconciliation.
th04-op-boundary-00507,th04-op,mz-load-module,0x507,0x10507,0x507,0x13,0x13,corroborated,library,exclude,excluded,rtc_mod,,th04_op.asm,_TEXT,master-library-aggregate,candidate:th04_op.asm,ghidra+tasm-proc,rtc_mod,near,2704,true,1,1,0,target-unpacked-ghidra+candidate-map,
th04-op-boundary-0051a,th04-op,mz-load-module,0x51A,0x1051A,0x51A,0x0,0x0,provisional,library,exclude,excluded,RTC_INT,,th04_op.asm,_TEXT,master-library-aggregate,candidate:th04_op.asm,tasm-proc,RTC_INT,far,2725,,,,,target-unpacked-ghidra+candidate-map,TLINK public has no corresponding Ghidra function entry.
th04-op-boundary-0055e,th04-op,mz-load-module,0x55E,0x1055E,0x55E,0x18,0x18,corroborated,library,exclude,excluded,BCLOSER,BCLOSER,th04_op.asm,_TEXT,master-library-aggregate,candidate:th04_op.asm,ghidra+map-public,,,,true,1,2,1,target-unpacked-ghidra+candidate-map,
th04-op-boundary-00576,th04-op,mz-load-module,0x576,0x10576,0x576,0x3B,0x3B,corroborated,library,exclude,excluded,BFILL,BFILL,th04_op.asm,_TEXT,master-library-aggregate,candidate:th04_op.asm,ghidra+map-public,,,,true,1,1,0,target-unpacked-ghidra+candidate-map,
th04-op-boundary-005b2,th04-op,mz-load-module,0x5B2,0x105B2,0x5B2,0x40,0x40,corroborated,library,exclude,excluded,BFNT_PALETTE_SET,BFNT_PALETTE_SET,th04_op.asm,_TEXT,master-library-aggregate,candidate:th04_op.asm,ghidra+map-public,,,,true,1,1,0,target-unpacked-ghidra+candidate-map,
th04-op-boundary-005f2,th04-op,mz-load-module,0x5F2,0x105F2,0x5F2,0x17,0x30,provisional,library,exclude,excluded,BGETC,BGETC,th04_op.asm,_TEXT,master-library-aggregate,candidate:th04_op.asm,ghidra+map-public,,,,false,2,1,1,target-unpacked-ghidra+candidate-map,Ghidra body is noncontiguous and requires control-flow reconciliation.
th04-op-boundary-00622,th04-op,mz-load-module,0x622,0x10622,0x622,0x43,0x43,corroborated,library,exclude,excluded,PALETTE_BLACK_IN,PALETTE_BLACK_IN,th04_op.asm,_TEXT,master-library-aggregate,candidate:th04_op.asm,ghidra+map-public,,,,true,1,4,2,target-unpacked-ghidra+candidate-map,
th04-op-boundary-00666,th04-op,mz-load-module,0x666,0x10666,0x666,0x3E,0x3E,corroborated,library,exclude,excluded,PALETTE_BLACK_OUT,PALETTE_BLACK_OUT,th04_op.asm,_TEXT,master-library-aggregate,candidate:th04_op.asm,ghidra+map-public,,,,true,1,6,2,target-unpacked-ghidra+candidate-map,
th04-op-boundary-006a4,th04-op,mz-load-module,0x6A4,0x106A4,0x6A4,0x32,0x32,corroborated,library,exclude,excluded,BOPENR,BOPENR,th04_op.asm,_TEXT,master-library-aggregate,candidate:th04_op.asm,ghidra+map-public,,,,true,1,1,2,target-unpacked-ghidra+candidate-map,
th04-op-boundary-006f8,th04-op,mz-load-module,0x6F8,0x106F8,0x6F8,0x30,0x30,corroborated,library,exclude,excluded,BREAD,BREAD,th04_op.asm,_TEXT,master-library-aggregate,candidate:th04_op.asm,ghidra+map-public,,,,true,1,0,1,target-unpacked-ghidra+candidate-map,
th04-op-boundary-00728,th04-op,mz-load-module,0x728,0x10728,0x728,0x41,0x41,corroborated,library,exclude,excluded,BSEEK,BSEEK,th04_op.asm,_TEXT,master-library-aggregate,candidate:th04_op.asm,ghidra+map-public,,,,true,1,0,0,target-unpacked-ghidra+candidate-map,
th04-op-boundary-0076a,th04-op,mz-load-module,0x76A,0x1076A,0x76A,0x2F,0x2F,corroborated,library,exclude,excluded,BSEEK_,BSEEK_,th04_op.asm,_TEXT,master-library-aggregate,candidate:th04_op.asm,ghidra+map-public,,,,true,1,2,0,target-unpacked-ghidra+candidate-map,
th04-op-boundary-0079a,th04-op,mz-load-module,0x79A,0x1079A,0x79A,0x17,0x17,corroborated,library,exclude,excluded,DOS_AXDX,DOS_AXDX,th04_op.asm,_TEXT,master-library-aggregate,candidate:th04_op.asm,ghidra+map-public,,,,true,1,2,0,target-unpacked-ghidra+candidate-map,
th04-op-boundary-007b2,th04-op,mz-load-module,0x7B2,0x107B2,0x7B2,0x6,0x6,corroborated,library,exclude,excluded,DOS_KEYCLEAR,DOS_KEYCLEAR,th04_op.asm,_TEXT,master-library-aggregate,candidate:th04_op.asm,ghidra+map-public,,,,true,1,1,0,target-unpacked-ghidra+candidate-map,
th04-op-boundary-007b8,th04-op,mz-load-module,0x7B8,0x107B8,0x7B8,0x29,0x29,corroborated,library,exclude,excluded,DOS_PUTS2,DOS_PUTS2,th04_op.asm,_TEXT,master-library-aggregate,candidate:th04_op.asm,ghidra+map-public,,,,true,1,1,0,target-unpacked-ghidra+candidate-map,
th04-op-boundary-007e2,th04-op,mz-load-module,0x7E2,0x107E2,0x7E2,0x1A,0x1A,corroborated,library,exclude,excluded,DOS_READ,DOS_READ,th04_op.asm,_TEXT,master-library-aggregate,candidate:th04_op.asm,ghidra+map-public,,,,true,1,1,0,target-unpacked-ghidra+candidate-map,
th04-op-boundary-007fc,th04-op,mz-load-module,0x7FC,0x107FC,0x7FC,0x1C,0x1C,corroborated,library,exclude,excluded,DOS_SEEK,DOS_SEEK,th04_op.asm,_TEXT,master-library-aggregate,candidate:th04_op.asm,ghidra+map-public,,,,true,1,1,0,target-unpacked-ghidra+candidate-map,
th04-op-boundary-00818,th04-op,mz-load-module,0x818,0x10818,0x818,0x1F,0x1F,corroborated,library,exclude,excluded,DOS_SETVECT,DOS_SETVECT,th04_op.asm,_TEXT,master-library-aggregate,candidate:th04_op.asm,ghidra+map-public,,,,true,1,5,0,target-unpacked-ghidra+candidate-map,
th04-op-boundary-00838,th04-op,mz-load-module,0x838,0x10838,0x838,0x15,0x15,corroborated,library,exclude,excluded,EGC_ON,EGC_ON,th04_op.asm,_TEXT,master-library-aggregate,candidate:th04_op.asm,ghidra+map-public,,,,true,1,1,0,target-unpacked-ghidra+candidate-map,
th04-op-boundary-0084e,th04-op,mz-load-module,0x84E,0x1084E,0x84E,0x1F,0x1F,corroborated,library,exclude,excluded,EGC_OFF,EGC_OFF,th04_op.asm,_TEXT,master-library-aggregate,candidate:th04_op.asm,ghidra+map-public,,,,true,1,2,0,target-unpacked-ghidra+candidate-map,
th04-op-boundary-0086e,th04-op,mz-load-module,0x86E,0x1086E,0x86E,0x2B,0x2B,corroborated,library,exclude,excluded,EGC_START,EGC_START;EGC_END,th04_op.asm,_TEXT,master-library-aggregate,candidate:th04_op.asm,ghidra+map-public,,,,true,1,2,2,target-unpacked-ghidra+candidate-map,
th04-op-boundary-0089a,th04-op,mz-load-module,0x89A,0x1089A,0x89A,0x54,0x54,corroborated,library,exclude,excluded,FILE_APPEND,FILE_APPEND,th04_op.asm,_TEXT,master-library-aggregate,candidate:th04_op.asm,ghidra+map-public,,,,true,1,2,1,target-unpacked-ghidra+candidate-map,
th04-op-boundary-008ee,th04-op,mz-load-module,0x8EE,0x108EE,0x8EE,0x6B,0x6B,corroborated,library,exclude,excluded,FILE_FLUSH,FILE_FLUSH,th04_op.asm,_TEXT,master-library-aggregate,candidate:th04_op.asm,ghidra+map-public,,,,true,1,2,0,target-unpacked-ghidra+candidate-map,
th04-op-boundary-0095a,th04-op,mz-load-module,0x95A,0x1095A,0x95A,0xF,0xF,corroborated,library,exclude,excluded,FILE_CLOSE,FILE_CLOSE,th04_op.asm,_TEXT,master-library-aggregate,candidate:th04_op.asm,ghidra+map-public,,,,true,1,8,1,target-unpacked-ghidra+candidate-map,
th04-op-boundary-0096a,th04-op,mz-load-module,0x96A,0x1096A,0x96A,0x40,0x40,corroborated,library,exclude,excluded,FILE_CREATE,FILE_CREATE,th04_op.asm,_TEXT,master-library-aggregate,candidate:th04_op.asm,ghidra+map-public,,,,true,1,1,1,target-unpacked-ghidra+candidate-map,
th04-op-boundary-009aa,th04-op,mz-load-module,0x9AA,0x109AA,0x9AA,0x1C,0x1C,corroborated,library,exclude,excluded,FILE_EXIST,FILE_EXIST,th04_op.asm,_TEXT,master-library-aggregate,candidate:th04_op.asm,ghidra+map-public,,,,true,1,1,1,target-unpacked-ghidra+candidate-map,
th04-op-boundary-009c6,th04-op,mz-load-module,0x9C6,0x109C6,0x9C6,0xB3,0xB4,provisional,library,exclude,excluded,FILE_READ,FILE_READ,th04_op.asm,_TEXT,master-library-aggregate,candidate:th04_op.asm,ghidra+map-public,,,,false,2,6,0,target-unpacked-ghidra+candidate-map,Ghidra body is noncontiguous and requires control-flow reconciliation.
th04-op-boundary-00a7a,th04-op,mz-load-module,0xA7A,0x10A7A,0xA7A,0x3B,0x3B,corroborated,library,exclude,excluded,FILE_ROPEN,FILE_ROPEN,th04_op.asm,_TEXT,master-library-aggregate,candidate:th04_op.asm,ghidra+map-public,,,,true,1,5,1,target-unpacked-ghidra+candidate-map,
th04-op-boundary-00ab6,th04-op,mz-load-module,0xAB6,0x10AB6,0xAB6,0x34,0x34,corroborated,library,exclude,excluded,FILE_SEEK,FILE_SEEK,th04_op.asm,_TEXT,master-library-aggregate,candidate:th04_op.asm,ghidra+map-public,,,,true,1,5,1,target-unpacked-ghidra+candidate-map,
th04-op-boundary-00aea,th04-op,mz-load-module,0xAEA,0x10AEA,0xAEA,0x0,0x0,provisional,library,exclude,excluded,FILE_TELL,FILE_TELL,th04_op.asm,_TEXT,master-library-aggregate,candidate:th04_op.asm,map-public,,,,,,,,target-unpacked-ghidra+candidate-map,TLINK public has no corresponding Ghidra function entry.
th04-op-boundary-00af8,th04-op,mz-load-module,0xAF8,0x10AF8,0xAF8,0xA5,0xA6,provisional,library,exclude,excluded,FILE_WRITE,FILE_WRITE,th04_op.asm,_TEXT,master-library-aggregate,candidate:th04_op.asm,ghidra+map-public,,,,false,2,3,0,target-unpacked-ghidra+candidate-map,Ghidra body is noncontiguous and requires control-flow reconciliation.
th04-op-boundary-00b9e,th04-op,mz-load-module,0xB9E,0x10B9E,0xB9E,0x15,0x15,corroborated,library,exclude,excluded,DOS_CLOSE,DOS_CLOSE;FONTFILE_CLOSE,th04_op.asm,_TEXT,master-library-aggregate,candidate:th04_op.asm,ghidra+map-public,,,,true,1,2,0,target-unpacked-ghidra+candidate-map,
th04-op-boundary-00bb4,th04-op,mz-load-module,0xBB4,0x10BB4,0xBB4,0x1A,0x1A,corroborated,library,exclude,excluded,FONTFILE_OPEN,FONTFILE_OPEN;DOS_ROPEN,th04_op.asm,_TEXT,master-library-aggregate,candidate:th04_op.asm,ghidra+map-public,,,,true,1,7,0,target-unpacked-ghidra+candidate-map,
th04-op-boundary-00bd4,th04-op,mz-load-module,0xBD4,0x10BD4,0xBD4,0x50,0x50,provisional,library,exclude,excluded,GRCG_BOXFILL,GRCG_BOXFILL,th04_op.asm,_TEXT,master-library-aggregate,candidate:th04_op.asm,ghidra+map-public,,,,true,1,1,0,target-unpacked-ghidra+candidate-map,Ghidra body crosses its corroborating ownership region.
th04-op-boundary-00ca4,th04-op,mz-load-module,0xCA4,0x10CA4,0xCA4,0x96,0x97,provisional,library,exclude,excluded,GRCG_BYTEBOXFILL_X,GRCG_BYTEBOXFILL_X,th04_op.asm,_TEXT,master-library-aggregate,candidate:th04_op.asm,ghidra+map-public,,,,false,2,3,0,target-unpacked-ghidra+candidate-map,Ghidra body is noncontiguous and requires control-flow reconciliation.
th04-op-boundary-00d3c,th04-op,mz-load-module,0xD3C,0x10D3C,0xD3C,0x85,0x85,corroborated,library,exclude,excluded,GRCG_HLINE,GRCG_HLINE,th04_op.asm,_TEXT,master-library-aggregate,candidate:th04_op.asm,ghidra+map-public,,,,true,1,1,0,target-unpacked-ghidra+candidate-map,
th04-op-boundary-00dc2,th04-op,mz-load-module,0xDC2,0x10DC2,0xDC2,0x8B,0x8D,provisional,library,exclude,excluded,GRCG_POLYGON_C,GRCG_POLYGON_C,th04_op.asm,_TEXT,master-library-aggregate,candidate:th04_op.asm,ghidra+map-public,,,,false,3,1,0,target-unpacked-ghidra+candidate-map,Ghidra body is noncontiguous and requires control-flow reconciliation.
th04-op-boundary-00ff0,th04-op,mz-load-module,0xFF0,0x10FF0,0xFF0,0xF8,0xF8,provisional,library,exclude,excluded,GRCG_ROUND_BOXFILL,GRCG_ROUND_BOXFILL,th04_op.asm,_TEXT,master-library-aggregate,candidate:th04_op.asm,ghidra+map-public,,,,true,1,2,2,target-unpacked-ghidra+candidate-map,Ghidra body crosses its corroborating ownership region.
th04-op-boundary-01000,th04-op,mz-load-module,0x1000,0x11000,0x1000,0x0,0x0,provisional,library,exclude,excluded,__AHINCR,__AHINCR,th04_op.asm,_TEXT,master-library-aggregate,candidate:th04_op.asm,map-public,,,,,,,,target-unpacked-ghidra+candidate-map,TLINK public has no corresponding Ghidra function entry.
th04-op-boundary-010d2,th04-op,mz-load-module,0x10D2,0x110D2,0x10D2,0x29,0x29,corroborated,library,exclude,excluded,GRCG_SETCOLOR,GRCG_SETCOLOR,th04_op.asm,_TEXT,master-library-aggregate,candidate:th04_op.asm,ghidra+map-public,,,,true,1,9,0,target-unpacked-ghidra+candidate-map,
th04-op-boundary-010fc,th04-op,mz-load-module,0x10FC,0x110FC,0x10FC,0x0,0x0,provisional,library,exclude,excluded,GRCG_OFF,GRCG_OFF,th04_op.asm,_TEXT,master-library-aggregate,candidate:th04_op.asm,map-public,,,,,,,,target-unpacked-ghidra+candidate-map,TLINK public has no corresponding Ghidra function entry.
th04-op-boundary-01102,th04-op,mz-load-module,0x1102,0x11102,0x1102,0x7D,0x7D,corroborated,library,exclude,excluded,GET_MACHINE_98,GET_MACHINE_98,th04_op.asm,_TEXT,master-library-aggregate,candidate:th04_op.asm,ghidra+map-public,,,,true,1,1,2,target-unpacked-ghidra+candidate-map,
th04-op-boundary-01180,th04-op,mz-load-module,0x1180,0x11180,0x1180,0x155,0x155,corroborated,library,exclude,excluded,GET_MACHINE_AT,GET_MACHINE_AT,th04_op.asm,_TEXT,master-library-aggregate,candidate:th04_op.asm,ghidra+map-public,,,,true,1,1,2,target-unpacked-ghidra+candidate-map,
th04-op-boundary-012d6,th04-op,mz-load-module,0x12D6,0x112D6,0x12D6,0x31,0x31,corroborated,library,exclude,excluded,GET_MACHINE_DOSBOX,GET_MACHINE_DOSBOX,th04_op.asm,_TEXT,master-library-aggregate,candidate:th04_op.asm,ghidra+map-public,,,,true,1,2,0,target-unpacked-ghidra+candidate-map,
th04-op-boundary-01308,th04-op,mz-load-module,0x1308,0x11308,0x1308,0xE,0xE,corroborated,library,exclude,excluded,CHECK_MACHINE_FMR,CHECK_MACHINE_FMR,th04_op.asm,_TEXT,master-library-aggregate,candidate:th04_op.asm,ghidra+map-public,,,,true,1,3,0,target-unpacked-ghidra+candidate-map,
th04-op-boundary-01316,th04-op,mz-load-module,0x1316,0x11316,0x1316,0x1B,0x1B,corroborated,library,exclude,excluded,GET_MACHINE,GET_MACHINE,th04_op.asm,_TEXT,master-library-aggregate,candidate:th04_op.asm,ghidra+map-public,,,,true,1,1,3,target-unpacked-ghidra+candidate-map,
th04-op-boundary-01332,th04-op,mz-load-module,0x1332,0x11332,0x1332,0x24,0x24,corroborated,library,exclude,excluded,GAIJI_BACKUP,GAIJI_BACKUP,th04_op.asm,_TEXT,master-library-aggregate,candidate:th04_op.asm,ghidra+map-public,,,,true,1,1,2,target-unpacked-ghidra+candidate-map,
th04-op-boundary-01356,th04-op,mz-load-module,0x1356,0x11356,0x1356,0x1C,0x1C,corroborated,library,exclude,excluded,GAIJI_RESTORE,GAIJI_RESTORE,th04_op.asm,_TEXT,master-library-aggregate,candidate:th04_op.asm,ghidra+map-public,,,,true,1,4,2,target-unpacked-ghidra+candidate-map,
th04-op-boundary-01372,th04-op,mz-load-module,0x1372,0x11372,0x1372,0x96,0x96,corroborated,library,exclude,excluded,GAIJI_ENTRY_BFNT,GAIJI_ENTRY_BFNT,th04_op.asm,_TEXT,master-library-aggregate,candidate:th04_op.asm,ghidra+map-public,,,,true,1,1,6,target-unpacked-ghidra+candidate-map,
th04-op-boundary-01408,th04-op,mz-load-module,0x1408,0x11408,0x1408,0x21,0x21,corroborated,library,exclude,excluded,GETFONTW,,th04_op.asm,_TEXT,master-library-aggregate,candidate:th04_op.asm,ghidra+tasm-proc,GETFONTW,near,8200,true,1,1,0,target-unpacked-ghidra+candidate-map,
th04-op-boundary-0142a,th04-op,mz-load-module,0x142A,0x1142A,0x142A,0x0,0x0,provisional,library,exclude,excluded,GAIJI_READ,GAIJI_READ,th04_op.asm,_TEXT,master-library-aggregate,candidate:th04_op.asm,map-public,,,,,,,,target-unpacked-ghidra+candidate-map,TLINK public has no corresponding Ghidra function entry.
th04-op-boundary-01450,th04-op,mz-load-module,0x1450,0x11450,0x1450,0x24,0x24,corroborated,library,exclude,excluded,GAIJI_READ_ALL,GAIJI_READ_ALL,th04_op.asm,_TEXT,master-library-aggregate,candidate:th04_op.asm,ghidra+map-public,,,,true,1,1,1,target-unpacked-ghidra+candidate-map,
th04-op-boundary-01474,th04-op,mz-load-module,0x1474,0x11474,0x1474,0x21,0x21,corroborated,library,exclude,excluded,SETFONTW,,th04_op.asm,_TEXT,master-library-aggregate,candidate:th04_op.asm,ghidra+tasm-proc,SETFONTW,near,8350,true,1,1,0,target-unpacked-ghidra+candidate-map,
th04-op-boundary-01496,th04-op,mz-load-module,0x1496,0x11496,0x1496,0x0,0x0,provisional,library,exclude,excluded,GAIJI_WRITE,GAIJI_WRITE,th04_op.asm,_TEXT,master-library-aggregate,candidate:th04_op.asm,map-public,,,,,,,,target-unpacked-ghidra+candidate-map,TLINK public has no corresponding Ghidra function entry.
th04-op-boundary-014be,th04-op,mz-load-module,0x14BE,0x114BE,0x14BE,0x26,0x26,corroborated,library,exclude,excluded,GAIJI_WRITE_ALL,GAIJI_WRITE_ALL,th04_op.asm,_TEXT,master-library-aggregate,candidate:th04_op.asm,ghidra+map-public,,,,true,1,2,1,target-unpacked-ghidra+candidate-map,
th04-op-boundary-014e4,th04-op,mz-load-module,0x14E4,0x114E4,0x14E4,0x4D,0x4D,corroborated,library,exclude,excluded,GRAPH_400LINE,GRAPH_400LINE,th04_op.asm,_TEXT,master-library-aggregate,candidate:th04_op.asm,ghidra+map-public,,,,true,1,1,0,target-unpacked-ghidra+candidate-map,
th04-op-boundary-01532,th04-op,mz-load-module,0x1532,0x11532,0x1532,0x23,0x23,corroborated,library,exclude,excluded,GRAPH_CLEAR,GRAPH_CLEAR,th04_op.asm,_TEXT,master-library-aggregate,candidate:th04_op.asm,ghidra+map-public,,,,true,1,5,0,target-unpacked-ghidra+candidate-map,
th04-op-boundary-01556,th04-op,mz-load-module,0x1556,0x11556,0x1556,0x15,0x15,corroborated,library,exclude,excluded,copy_plane,,th04_op.asm,_TEXT,master-library-aggregate,candidate:th04_op.asm,ghidra+tasm-proc,copy_plane,near,8683,true,1,1,0,target-unpacked-ghidra+candidate-map,
th04-op-boundary-0156c,th04-op,mz-load-module,0x156C,0x1156C,0x156C,0x55,0x55,corroborated,library,exclude,excluded,GRAPH_COPY_PAGE,GRAPH_COPY_PAGE,th04_op.asm,_TEXT,master-library-aggregate,candidate:th04_op.asm,ghidra+map-public,,,,true,1,7,3,target-unpacked-ghidra+candidate-map,
th04-op-boundary-015c2,th04-op,mz-load-module,0x15C2,0x115C2,0x15C2,0x56,0x56,corroborated,library,exclude,excluded,GRAPH_EXTMODE,GRAPH_EXTMODE,th04_op.asm,_TEXT,master-library-aggregate,candidate:th04_op.asm,ghidra+map-public,,,,true,1,1,0,target-unpacked-ghidra+candidate-map,
th04-op-boundary-01618,th04-op,mz-load-module,0x1618,0x11618,0x1618,0x4C,0x4C,corroborated,library,exclude,excluded,GRAPH_PI_FREE,GRAPH_PI_FREE,th04_op.asm,_TEXT,master-library-aggregate,candidate:th04_op.asm,ghidra+map-public,,,,true,1,8,1,target-unpacked-ghidra+candidate-map,
th04-op-boundary-01664,th04-op,mz-load-module,0x1664,0x11664,0x1664,0xB,0xB,provisional,library,exclude,excluded,FUN_1000_1664,,th04_op.asm,_TEXT,master-library-aggregate,candidate:th04_op.asm,ghidra,,,,true,1,1,0,target-unpacked-ghidra+candidate-map,Ghidra-only boundary has no TLINK public or TASM PROC at its entry.
th04-op-boundary-01670,th04-op,mz-load-module,0x1670,0x11670,0x1670,0x4B8,0x4BB,provisional,library,exclude,excluded,GRAPH_PI_LOAD_PACK,GRAPH_PI_LOAD_PACK,th04_op.asm,_TEXT,master-library-aggregate,candidate:th04_op.asm,ghidra+map-public,,,,false,4,1,8,target-unpacked-ghidra+candidate-map,Ghidra body is noncontiguous and requires control-flow reconciliation.
th04-op-boundary-01b2c,th04-op,mz-load-module,0x1B2C,0x11B2C,0x1B2C,0xED,0xEE,provisional,library,exclude,excluded,_read_color,,th04_op.asm,_TEXT,master-library-aggregate,candidate:th04_op.asm,ghidra+tasm-proc,_read_color,near,10137,false,2,1,1,target-unpacked-ghidra+candidate-map,Ghidra body is noncontiguous and requires control-flow reconciliation.
th04-op-boundary-01c1a,th04-op,mz-load-module,0x1C1A,0x11C1A,0x1C1A,0x2C,0x2C,corroborated,library,exclude,excluded,byte_load,,th04_op.asm,_TEXT,master-library-aggregate,candidate:th04_op.asm,ghidra+tasm-proc,byte_load,near,10310,true,1,1,1,target-unpacked-ghidra+candidate-map,
th04-op-boundary-01c46,th04-op,mz-load-module,0x1C46,0x11C46,0x1C46,0x12,0x12,corroborated,library,exclude,excluded,_buffer_load,,th04_op.asm,_TEXT,master-library-aggregate,candidate:th04_op.asm,ghidra+tasm-proc,_buffer_load,near,10334,true,1,3,0,target-unpacked-ghidra+candidate-map,
th04-op-boundary-01c5e,th04-op,mz-load-module,0x1C5E,0x11C5E,0x1C5E,0xD4,0xD4,provisional,library,exclude,excluded,GRAPH_PACK_PUT_8,GRAPH_PACK_PUT_8,th04_op.asm,_TEXT,master-library-aggregate,candidate:th04_op.asm,ghidra+map-public,,,,true,1,1,0,target-unpacked-ghidra+candidate-map,Ghidra body crosses its corroborating ownership region.
th04-op-boundary-01d2c,th04-op,mz-load-module,0x1D2C,0x11D2C,0x1D2C,0x5,0x5,corroborated,library,exclude,excluded,GRAPH_SHOW,GRAPH_SHOW,th04_op.asm,_TEXT,master-library-aggregate,candidate:th04_op.asm,ghidra+map-public,,,,true,1,1,0,target-unpacked-ghidra+candidate-map,
th04-op-boundary-01d32,th04-op,mz-load-module,0x1D32,0x11D32,0x1D32,0x25,0x25,corroborated,library,exclude,excluded,GRAPH_START,GRAPH_START,th04_op.asm,_TEXT,master-library-aggregate,candidate:th04_op.asm,ghidra+map-public,,,,true,1,1,5,target-unpacked-ghidra+candidate-map,
th04-op-boundary-01d58,th04-op,mz-load-module,0x1D58,0x11D58,0x1D58,0x6,0x6,corroborated,library,exclude,excluded,JS_END,JS_END,th04_op.asm,_TEXT,master-library-aggregate,candidate:th04_op.asm,ghidra+map-public,,,,true,1,1,1,target-unpacked-ghidra+candidate-map,
th04-op-boundary-01d5e,th04-op,mz-load-module,0x1D5E,0x11D5E,0x1D5E,0xB,0xB,corroborated,library,exclude,excluded,KEY_BEEP_OFF,KEY_BEEP_OFF,th04_op.asm,_TEXT,master-library-aggregate,candidate:th04_op.asm,ghidra+map-public,,,,true,1,1,0,target-unpacked-ghidra+candidate-map,
th04-op-boundary-01d6a,th04-op,mz-load-module,0x1D6A,0x11D6A,0x1D6A,0xB,0xB,corroborated,library,exclude,excluded,KEY_BEEP_ON,KEY_BEEP_ON,th04_op.asm,_TEXT,master-library-aggregate,candidate:th04_op.asm,ghidra+map-public,,,,true,1,1,0,target-unpacked-ghidra+candidate-map,
th04-op-boundary-01d76,th04-op,mz-load-module,0x1D76,0x11D76,0x1D76,0x35,0x35,corroborated,library,exclude,excluded,make_linework,make_linework,th04_op.asm,_TEXT,master-library-aggregate,candidate:th04_op.asm,ghidra+map-public+tasm-proc,make_linework,near,10978,true,1,1,0,target-unpacked-ghidra+candidate-map,
th04-op-boundary-01dac,th04-op,mz-load-module,0x1DAC,0x11DAC,0x1DAC,0x34,0x34,corroborated,library,exclude,excluded,PALETTE_INIT,PALETTE_INIT,th04_op.asm,_TEXT,master-library-aggregate,candidate:th04_op.asm,ghidra+map-public,,,,true,1,1,1,target-unpacked-ghidra+candidate-map,
th04-op-boundary-01de0,th04-op,mz-load-module,0x1DE0,0x11DE0,0x1DE0,0x109,0x10A,provisional,library,exclude,excluded,PALETTE_SHOW,PALETTE_SHOW,th04_op.asm,_TEXT,master-library-aggregate,candidate:th04_op.asm,ghidra+map-public,,,,false,2,14,0,target-unpacked-ghidra+candidate-map,Ghidra body is noncontiguous and requires control-flow reconciliation.
th04-op-boundary-01eea,th04-op,mz-load-module,0x1EEA,0x11EEA,0x1EEA,0x1A,0x1A,corroborated,library,exclude,excluded,PFCLOSE,PFCLOSE,th04_op.asm,_TEXT,master-library-aggregate,candidate:th04_op.asm,ghidra+map-public,,,,true,1,1,2,target-unpacked-ghidra+candidate-map,
th04-op-boundary-01f04,th04-op,mz-load-module,0x1F04,0x11F04,0x1F04,0xF,0xF,corroborated,library,exclude,excluded,PFGETC,PFGETC,th04_op.asm,_TEXT,master-library-aggregate,candidate:th04_op.asm,ghidra+map-public,,,,true,1,0,0,target-unpacked-ghidra+candidate-map,
th04-op-boundary-01f14,th04-op,mz-load-module,0x1F14,0x11F14,0x1F14,0x0,0x0,provisional,library,exclude,excluded,PFGETC1,PFGETC1,th04_op.asm,_TEXT,master-library-aggregate,candidate:th04_op.asm,map-public+tasm-proc,PFGETC1,near,11510,,,,,target-unpacked-ghidra+candidate-map,TLINK public has no corresponding Ghidra function entry.
th04-op-boundary-01f62,th04-op,mz-load-module,0x1F62,0x11F62,0x1F62,0x0,0x0,provisional,library,exclude,excluded,PFGETX0,PFGETX0,th04_op.asm,_TEXT,master-library-aggregate,candidate:th04_op.asm,map-public+tasm-proc,PFGETX0,near,11546,,,,,target-unpacked-ghidra+candidate-map,TLINK public has no corresponding Ghidra function entry.
th04-op-boundary-01fa6,th04-op,mz-load-module,0x1FA6,0x11FA6,0x1FA6,0x0,0x0,provisional,library,exclude,excluded,PFGETX1,PFGETX1,th04_op.asm,_TEXT,master-library-aggregate,candidate:th04_op.asm,map-public+tasm-proc,PFGETX1,near,11586,,,,,target-unpacked-ghidra+candidate-map,TLINK public has no corresponding Ghidra function entry.
th04-op-boundary-01fb4,th04-op,mz-load-module,0x1FB4,0x11FB4,0x1FB4,0x0,0x0,provisional,library,exclude,excluded,PFREAD,PFREAD,th04_op.asm,_TEXT,master-library-aggregate,candidate:th04_op.asm,map-public,,,,,,,,target-unpacked-ghidra+candidate-map,TLINK public has no corresponding Ghidra function entry.
th04-op-boundary-01fe2,th04-op,mz-load-module,0x1FE2,0x11FE2,0x1FE2,0x3B,0x3B,corroborated,library,exclude,excluded,PFREWIND,PFREWIND,th04_op.asm,_TEXT,master-library-aggregate,candidate:th04_op.asm,ghidra+map-public,,,,true,1,0,1,target-unpacked-ghidra+candidate-map,
th04-op-boundary-0201e,th04-op,mz-load-module,0x201E,0x1201E,0x201E,0x30,0x30,corroborated,library,exclude,excluded,PFSEEK,PFSEEK,th04_op.asm,_TEXT,master-library-aggregate,candidate:th04_op.asm,ghidra+map-public,,,,true,1,0,0,target-unpacked-ghidra+candidate-map,
th04-op-boundary-0204e,th04-op,mz-load-module,0x204E,0x1204E,0x204E,0x2A,0x2A,corroborated,library,exclude,excluded,IRAND,IRAND,th04_op.asm,_TEXT,master-library-aggregate,candidate:th04_op.asm,ghidra+map-public,,,,true,1,3,0,target-unpacked-ghidra+candidate-map,
th04-op-boundary-02078,th04-op,mz-load-module,0x2078,0x12078,0x2078,0x0,0x0,provisional,library,exclude,excluded,RotTbl,RotTbl,th04_op.asm,_TEXT,master-library-aggregate,candidate:th04_op.asm,map-public,,,,,,,,target-unpacked-ghidra+candidate-map,TLINK public has no corresponding Ghidra function entry.
th04-op-boundary-02478,th04-op,mz-load-module,0x2478,0x12478,0x2478,0xF,0xF,corroborated,library,exclude,excluded,SMEM_RELEASE,SMEM_RELEASE,th04_op.asm,_TEXT,master-library-aggregate,candidate:th04_op.asm,ghidra+map-public,,,,true,1,7,0,target-unpacked-ghidra+candidate-map,
th04-op-boundary-0248e,th04-op,mz-load-module,0x248E,0x1248E,0x248E,0x3B,0x3B,provisional,library,exclude,excluded,SMEM_WGET,SMEM_WGET,th04_op.asm,_TEXT,master-library-aggregate,candidate:th04_op.asm,ghidra+map-public,,,,true,1,6,1,target-unpacked-ghidra+candidate-map,Ghidra body crosses its corroborating ownership region.
th04-op-boundary-024c4,th04-op,mz-load-module,0x24C4,0x124C4,0x24C4,0x16,0x16,corroborated,library,exclude,excluded,SOUND_O,,th04_op.asm,_TEXT,master-library-aggregate,candidate:th04_op.asm,ghidra+tasm-proc,SOUND_O,near,12319,true,1,2,0,target-unpacked-ghidra+candidate-map,
th04-op-boundary-024da,th04-op,mz-load-module,0x24DA,0x124DA,0x24DA,0x14,0x14,corroborated,library,exclude,excluded,SOUND_I,,th04_op.asm,_TEXT,master-library-aggregate,candidate:th04_op.asm,ghidra+tasm-proc,SOUND_I,near,12348,true,1,1,0,target-unpacked-ghidra+candidate-map,
th04-op-boundary-024ee,th04-op,mz-load-module,0x24EE,0x124EE,0x24EE,0x11,0x11,corroborated,library,exclude,excluded,TEXT_CLEAR,TEXT_CLEAR,th04_op.asm,_TEXT,master-library-aggregate,candidate:th04_op.asm,ghidra+map-public,,,,true,1,3,0,target-unpacked-ghidra+candidate-map,
th04-op-boundary-02500,th04-op,mz-load-module,0x2500,0x12500,0x2500,0x0,0x0,provisional,library,exclude,excluded,TEXT_HEIGHT,TEXT_HEIGHT,th04_op.asm,_TEXT,master-library-aggregate,candidate:th04_op.asm,map-public,,,,,,,,target-unpacked-ghidra+candidate-map,TLINK public has no corresponding Ghidra function entry.
th04-op-boundary-0250a,th04-op,mz-load-module,0x250A,0x1250A,0x250A,0x0,0x0,provisional,library,exclude,excluded,TEXT_SYSTEMLINE_SHOWN,TEXT_SYSTEMLINE_SHOWN,th04_op.asm,_TEXT,master-library-aggregate,candidate:th04_op.asm,map-public,,,,,,,,target-unpacked-ghidra+candidate-map,TLINK public has no corresponding Ghidra function entry.
th04-op-boundary-02514,th04-op,mz-load-module,0x2514,0x12514,0x2514,0x0,0x0,provisional,library,exclude,excluded,TEXT_25LINE,TEXT_25LINE,th04_op.asm,_TEXT,master-library-aggregate,candidate:th04_op.asm,map-public,,,,,,,,target-unpacked-ghidra+candidate-map,TLINK public has no corresponding Ghidra function entry.
th04-op-boundary-0251a,th04-op,mz-load-module,0x251A,0x1251A,0x251A,0x0,0x0,provisional,library,exclude,excluded,TEXT_20LINE,TEXT_20LINE,th04_op.asm,_TEXT,master-library-aggregate,candidate:th04_op.asm,map-public,,,,,,,,target-unpacked-ghidra+candidate-map,TLINK public has no corresponding Ghidra function entry.
th04-op-boundary-02520,th04-op,mz-load-module,0x2520,0x12520,0x2520,0x5,0x5,corroborated,library,exclude,excluded,TEXT_CURSOR_HIDE,TEXT_CURSOR_HIDE,th04_op.asm,_TEXT,master-library-aggregate,candidate:th04_op.asm,ghidra+map-public,,,,true,1,1,1,target-unpacked-ghidra+candidate-map,
th04-op-boundary-02526,th04-op,mz-load-module,0x2526,0x12526,0x2526,0x5,0x5,corroborated,library,exclude,excluded,TEXT_CURSOR_SHOW,TEXT_CURSOR_SHOW,th04_op.asm,_TEXT,master-library-aggregate,candidate:th04_op.asm,ghidra+map-public,,,,true,1,1,1,target-unpacked-ghidra+candidate-map,
th04-op-boundary-0252c,th04-op,mz-load-module,0x252C,0x1252C,0x252C,0x5,0x5,corroborated,library,exclude,excluded,TEXT_SYSTEMLINE_HIDE,TEXT_SYSTEMLINE_HIDE,th04_op.asm,_TEXT,master-library-aggregate,candidate:th04_op.asm,ghidra+map-public,,,,true,1,1,1,target-unpacked-ghidra+candidate-map,
th04-op-boundary-02532,th04-op,mz-load-module,0x2532,0x12532,0x2532,0x5,0x5,corroborated,library,exclude,excluded,TEXT_SYSTEMLINE_SHOW,TEXT_SYSTEMLINE_SHOW,th04_op.asm,_TEXT,master-library-aggregate,candidate:th04_op.asm,ghidra+map-public,,,,true,1,1,1,target-unpacked-ghidra+candidate-map,
th04-op-boundary-02538,th04-op,mz-load-module,0x2538,0x12538,0x2538,0x15,0x15,provisional,library,exclude,excluded,FUN_1000_2538,,th04_op.asm,_TEXT,master-library-aggregate,candidate:th04_op.asm,ghidra,,,,true,1,4,0,target-unpacked-ghidra+candidate-map,Ghidra-only boundary has no TLINK public or TASM PROC at its entry.
th04-op-boundary-02552,th04-op,mz-load-module,0x2552,0x12552,0x2552,0x6A,0x6A,corroborated,library,exclude,excluded,VSYNC_START,VSYNC_START,th04_op.asm,_TEXT,master-library-aggregate,candidate:th04_op.asm,ghidra+map-public,,,,true,1,1,2,target-unpacked-ghidra+candidate-map,
th04-op-boundary-025c6,th04-op,mz-load-module,0x25C6,0x125C6,0x25C6,0x0,0x0,provisional,library,exclude,excluded,VSYNC_COUNT,,th04_op.asm,_TEXT,master-library-aggregate,candidate:th04_op.asm,tasm-proc,VSYNC_COUNT,far,12803,,,,,target-unpacked-ghidra+candidate-map,TLINK public has no corresponding Ghidra function entry.
th04-op-boundary-02600,th04-op,mz-load-module,0x2600,0x12600,0x2600,0x47,0x47,corroborated,library,exclude,excluded,VSYNC_LEAVE,VSYNC_LEAVE;VSYNC_END,th04_op.asm,_TEXT,master-library-aggregate,candidate:th04_op.asm,ghidra+map-public,,,,true,1,1,1,target-unpacked-ghidra+candidate-map,
th04-op-boundary-02648,th04-op,mz-load-module,0x2648,0x12648,0x2648,0x26,0x26,corroborated,library,exclude,excluded,VSYNC_WAIT,VSYNC_WAIT,th04_op.asm,_TEXT,master-library-aggregate,candidate:th04_op.asm,ghidra+map-public,,,,true,1,3,0,target-unpacked-ghidra+candidate-map,
th04-op-boundary-0266e,th04-op,mz-load-module,0x266E,0x1266E,0x266E,0x3F,0x3F,corroborated,library,exclude,excluded,PALETTE_WHITE_IN,PALETTE_WHITE_IN,th04_op.asm,_TEXT,master-library-aggregate,candidate:th04_op.asm,ghidra+map-public,,,,true,1,1,2,target-unpacked-ghidra+candidate-map,
th04-op-boundary-026ae,th04-op,mz-load-module,0x26AE,0x126AE,0x26AE,0x34,0x34,corroborated,library,exclude,excluded,HMEM_LALLOCATE,HMEM_LALLOCATE,th04_op.asm,_TEXT,master-library-aggregate,candidate:th04_op.asm,ghidra+map-public,,,,true,1,1,1,target-unpacked-ghidra+candidate-map,
th04-op-boundary-026e2,th04-op,mz-load-module,0x26E2,0x126E2,0x26E2,0x21,0x21,corroborated,library,exclude,excluded,MEM_ASSIGN_DOS,MEM_ASSIGN_DOS,th04_op.asm,_TEXT,master-library-aggregate,candidate:th04_op.asm,ghidra+map-public,,,,true,1,1,1,target-unpacked-ghidra+candidate-map,
th04-op-boundary-02704,th04-op,mz-load-module,0x2704,0x12704,0x2704,0x26,0x26,corroborated,library,exclude,excluded,MEM_ASSIGN,MEM_ASSIGN,th04_op.asm,_TEXT,master-library-aggregate,candidate:th04_op.asm,ghidra+map-public,,,,true,1,2,0,target-unpacked-ghidra+candidate-map,
th04-op-boundary-0272a,th04-op,mz-load-module,0x272A,0x1272A,0x272A,0x27,0x27,corroborated,library,exclude,excluded,MEM_ASSIGN_ALL,MEM_ASSIGN_ALL,th04_op.asm,_TEXT,master-library-aggregate,candidate:th04_op.asm,ghidra+map-public,,,,true,1,2,1,target-unpacked-ghidra+candidate-map,
th04-op-boundary-02752,th04-op,mz-load-module,0x2752,0x12752,0x2752,0x14,0x14,corroborated,library,exclude,excluded,HMEM_ALLOCBYTE,HMEM_ALLOCBYTE,th04_op.asm,_TEXT,master-library-aggregate,candidate:th04_op.asm,ghidra+map-public,,,,true,1,9,0,target-unpacked-ghidra+candidate-map,
th04-op-boundary-02766,th04-op,mz-load-module,0x2766,0x12766,0x2766,0xCE,0xCE,corroborated,library,exclude,excluded,HMEM_ALLOC,HMEM_ALLOC,th04_op.asm,_TEXT,master-library-aggregate,candidate:th04_op.asm,ghidra+map-public,,,,true,1,3,1,target-unpacked-ghidra+candidate-map,
th04-op-boundary-02834,th04-op,mz-load-module,0x2834,0x12834,0x2834,0x22,0x22,provisional,library,exclude,excluded,FUN_1000_2834,,th04_op.asm,_TEXT,master-library-aggregate,candidate:th04_op.asm,ghidra,,,,true,1,1,0,target-unpacked-ghidra+candidate-map,Ghidra-only boundary has no TLINK public or TASM PROC at its entry.
th04-op-boundary-02856,th04-op,mz-load-module,0x2856,0x12856,0x2856,0xA7,0xA8,provisional,library,exclude,excluded,HMEM_FREE,HMEM_FREE,th04_op.asm,_TEXT,master-library-aggregate,candidate:th04_op.asm,ghidra+map-public,,,,false,2,17,0,target-unpacked-ghidra+candidate-map,Ghidra body is noncontiguous and requires control-flow reconciliation.
th04-op-boundary-028fe,th04-op,mz-load-module,0x28FE,0x128FE,0x28FE,0x1F,0x1F,corroborated,library,exclude,excluded,MEM_UNASSIGN,MEM_UNASSIGN,th04_op.asm,_TEXT,master-library-aggregate,candidate:th04_op.asm,ghidra+map-public,,,,true,1,1,0,target-unpacked-ghidra+candidate-map,
th04-op-boundary-02922,th04-op,mz-load-module,0x2922,0x12922,0x2922,0x30,0x30,corroborated,library,exclude,excluded,SUPER_FREE,SUPER_FREE,th04_op.asm,_TEXT,master-library-aggregate,candidate:th04_op.asm,ghidra+map-public,,,,true,1,3,2,target-unpacked-ghidra+candidate-map,
th04-op-boundary-02966,th04-op,mz-load-module,0x2966,0x12966,0x2966,0xBD,0xBF,provisional,library,exclude,excluded,SUPER_ENTRY_PAT,SUPER_ENTRY_PAT,th04_op.asm,_TEXT,master-library-aggregate,candidate:th04_op.asm,ghidra+map-public,,,,false,3,1,3,target-unpacked-ghidra+candidate-map,Ghidra body is noncontiguous and requires control-flow reconciliation.
th04-op-boundary-02a12,th04-op,mz-load-module,0x2A12,0x12A12,0x2A12,0x74,0x74,corroborated,library,exclude,excluded,SUPER_ENTRY_AT,SUPER_ENTRY_AT,th04_op.asm,_TEXT,master-library-aggregate,candidate:th04_op.asm,ghidra+map-public,,,,true,1,1,2,target-unpacked-ghidra+candidate-map,
th04-op-boundary-02a86,th04-op,mz-load-module,0x2A86,0x12A86,0x2A86,0x89,0x89,corroborated,library,exclude,excluded,SUPER_ENTRY_BFNT,SUPER_ENTRY_BFNT,th04_op.asm,_TEXT,master-library-aggregate,candidate:th04_op.asm,ghidra+map-public,,,,true,1,3,6,target-unpacked-ghidra+candidate-map,
th04-op-boundary-02b10,th04-op,mz-load-module,0x2B10,0x12B10,0x2B10,0x4E,0x4F,provisional,library,exclude,excluded,SUPER_CANCEL_PAT,SUPER_CANCEL_PAT,th04_op.asm,_TEXT,master-library-aggregate,candidate:th04_op.asm,ghidra+map-public,,,,false,2,1,1,target-unpacked-ghidra+candidate-map,Ghidra body is noncontiguous and requires control-flow reconciliation.
th04-op-boundary-02b66,th04-op,mz-load-module,0x2B66,0x12B66,0x2B66,0x144,0x144,provisional,library,exclude,excluded,SUPER_PUT_RECT,SUPER_PUT_RECT,th04_op.asm,_TEXT,master-library-aggregate,candidate:th04_op.asm,ghidra+map-public,,,,true,1,1,2,target-unpacked-ghidra+candidate-map,Ghidra body crosses its corroborating ownership region.
th04-op-boundary-02ca4,th04-op,mz-load-module,0x2CA4,0x12CA4,0x2CA4,0x46,0x46,corroborated,library,exclude,excluded,superptr_draw_shift,,th04_op.asm,_TEXT,master-library-aggregate,candidate:th04_op.asm,ghidra+tasm-proc,superptr_draw_shift,near,14920,true,1,1,0,target-unpacked-ghidra+candidate-map,
th04-op-boundary-02cea,th04-op,mz-load-module,0x2CEA,0x12CEA,0x2CEA,0x30,0x30,corroborated,library,exclude,excluded,superptr_draw_noshift,,th04_op.asm,_TEXT,master-library-aggregate,candidate:th04_op.asm,ghidra+tasm-proc,superptr_draw_noshift,near,14992,true,1,1,0,target-unpacked-ghidra+candidate-map,
th04-op-boundary-02d1a,th04-op,mz-load-module,0x2D1A,0x12D1A,0x2D1A,0x3F,0x3F,corroborated,library,exclude,excluded,superptr_draw,,th04_op.asm,_TEXT,master-library-aggregate,candidate:th04_op.asm,ghidra+tasm-proc,superptr_draw,near,15042,true,1,1,2,target-unpacked-ghidra+candidate-map,
th04-op-boundary-02d5a,th04-op,mz-load-module,0x2D5A,0x12D5A,0x2D5A,0xF0,0xF0,corroborated,library,exclude,excluded,SUPER_PUT,SUPER_PUT,th04_op.asm,_TEXT,master-library-aggregate,candidate:th04_op.asm,ghidra+map-public,,,,true,1,7,1,target-unpacked-ghidra+candidate-map,
th04-op-boundary-02e4a,th04-op,mz-load-module,0x2E4A,0x12E4A,0x2E4A,0x23,0x23,corroborated,library,exclude,excluded,SUPERPUT_DISP1,,th04_op.asm,_TEXT,master-library-aggregate,candidate:th04_op.asm,ghidra+tasm-proc,SUPERPUT_DISP1,near,15302,true,1,1,0,target-unpacked-ghidra+candidate-map,
th04-op-boundary-02e6e,th04-op,mz-load-module,0x2E6E,0x12E6E,0x2E6E,0x0,0x0,provisional,library,exclude,excluded,SUPERPUT_DISP2,,th04_op.asm,_TEXT,master-library-aggregate,candidate:th04_op.asm,tasm-proc,SUPERPUT_DISP2,near,15337,,,,,target-unpacked-ghidra+candidate-map,TLINK public has no corresponding Ghidra function entry.
th04-op-boundary-02e9c,th04-op,mz-load-module,0x2E9C,0x12E9C,0x2E9C,0x0,0x0,provisional,library,exclude,excluded,SUPERPUT_DISP3,,th04_op.asm,_TEXT,master-library-aggregate,candidate:th04_op.asm,tasm-proc,SUPERPUT_DISP3,near,15378,,,,,target-unpacked-ghidra+candidate-map,TLINK public has no corresponding Ghidra function entry.
th04-op-boundary-02ed2,th04-op,mz-load-module,0x2ED2,0x12ED2,0x2ED2,0x0,0x0,provisional,library,exclude,excluded,SUPERPUT_DISP4,,th04_op.asm,_TEXT,master-library-aggregate,candidate:th04_op.asm,tasm-proc,SUPERPUT_DISP4,near,15430,,,,,target-unpacked-ghidra+candidate-map,TLINK public has no corresponding Ghidra function entry.
th04-op-boundary-02f04,th04-op,mz-load-module,0x2F04,0x12F04,0x2F04,0x8,0x8,corroborated,library,exclude,excluded,SUPERPUT_DISP,,th04_op.asm,_TEXT,master-library-aggregate,candidate:th04_op.asm,ghidra+tasm-proc,SUPERPUT_DISP,near,15473,true,1,1,1,target-unpacked-ghidra+candidate-map,
th04-op-boundary-02f0c,th04-op,mz-load-module,0x2F0C,0x12F0C,0x2F0C,0x3C,0x3C,corroborated,library,exclude,excluded,RESPAL_EXIST,RESPAL_EXIST,th04_op.asm,_TEXT,master-library-aggregate,candidate:th04_op.asm,ghidra+map-public,,,,true,1,2,0,target-unpacked-ghidra+candidate-map,
th04-op-boundary-02f48,th04-op,mz-load-module,0x2F48,0x12F48,0x2F48,0x75,0x75,corroborated,library,exclude,excluded,RESPAL_CREATE,RESPAL_CREATE,th04_op.asm,_TEXT,master-library-aggregate,candidate:th04_op.asm,ghidra+map-public,,,,true,1,1,1,target-unpacked-ghidra+candidate-map,
th04-op-boundary-02fbe,th04-op,mz-load-module,0x2FBE,0x12FBE,0x2FBE,0x1D,0x1D,corroborated,library,exclude,excluded,RESPAL_FREE,RESPAL_FREE,th04_op.asm,_TEXT,master-library-aggregate,candidate:th04_op.asm,ghidra+map-public,,,,true,1,1,1,target-unpacked-ghidra+candidate-map,
th04-op-boundary-02fe2,th04-op,mz-load-module,0x2FE2,0x12FE2,0x2FE2,0xBC,0xBC,corroborated,library,exclude,excluded,PFSTART,PFSTART,th04_op.asm,_TEXT,master-library-aggregate,candidate:th04_op.asm,ghidra+map-public,,,,true,1,1,5,target-unpacked-ghidra+candidate-map,
th04-op-boundary-0309e,th04-op,mz-load-module,0x309E,0x1309E,0x309E,0x38,0x38,corroborated,library,exclude,excluded,PFEND,PFEND,th04_op.asm,_TEXT,master-library-aggregate,candidate:th04_op.asm,ghidra+map-public,,,,true,1,1,2,target-unpacked-ghidra+candidate-map,
th04-op-boundary-030d6,th04-op,mz-load-module,0x30D6,0x130D6,0x30D6,0x0,0x0,provisional,library,exclude,excluded,pfint21,,th04_op.asm,_TEXT,master-library-aggregate,candidate:th04_op.asm,tasm-proc,pfint21,far,16052,,,,,target-unpacked-ghidra+candidate-map,TLINK public has no corresponding Ghidra function entry.
th04-op-boundary-0323a,th04-op,mz-load-module,0x323A,0x1323A,0x323A,0x29,0x29,corroborated,library,exclude,excluded,JS_START,JS_START,th04_op.asm,_TEXT,master-library-aggregate,candidate:th04_op.asm,ghidra+map-public,,,,true,1,1,2,target-unpacked-ghidra+candidate-map,
th04-op-boundary-03264,th04-op,mz-load-module,0x3264,0x13264,0x3264,0xD2,0xD2,corroborated,library,exclude,excluded,draw_trapezoid,draw_trapezoid,th04_op.asm,_TEXT,master-library-aggregate,candidate:th04_op.asm,ghidra+map-public+tasm-proc,draw_trapezoid,near,16556,true,1,0,0,target-unpacked-ghidra+candidate-map,
th04-op-boundary-03336,th04-op,mz-load-module,0x3336,0x13336,0x3336,0x119,0x119,corroborated,library,exclude,excluded,PFOPEN,PFOPEN,th04_op.asm,_TEXT,master-library-aggregate,candidate:th04_op.asm,ghidra+map-public,,,,true,1,0,6,target-unpacked-ghidra+candidate-map,
th04-op-boundary-03450,th04-op,mz-load-module,0x3450,0x13450,0x3450,0x38,0x38,corroborated,library,exclude,excluded,STR_IEQ,,th04_op.asm,_TEXT,master-library-aggregate,candidate:th04_op.asm,ghidra+tasm-proc,STR_IEQ,near,17001,true,1,1,0,target-unpacked-ghidra+candidate-map,
th04-op-boundary-03488,th04-op,mz-load-module,0x3488,0x13488,0x3488,0x11,0x11,corroborated,library,exclude,excluded,SOUND_JOY,,th04_op.asm,_TEXT,master-library-aggregate,candidate:th04_op.asm,ghidra+tasm-proc,SOUND_JOY,near,17118,true,1,1,1,target-unpacked-ghidra+candidate-map,
th04-op-boundary-0349a,th04-op,mz-load-module,0x349A,0x1349A,0x349A,0xC,0xC,corroborated,library,exclude,excluded,JS_SENSE,JS_SENSE,th04_op.asm,_TEXT,master-library-aggregate,candidate:th04_op.asm,ghidra+map-public,,,,true,1,1,1,target-unpacked-ghidra+candidate-map,
th04-op-boundary-034a6,th04-op,mz-load-module,0x34A6,0x134A6,0x34A6,0x0,0x0,provisional,library,exclude,excluded,SAJOUT,,th04_op.asm,_TEXT,master-library-aggregate,candidate:th04_op.asm,tasm-proc,SAJOUT,near,17176,,,,,target-unpacked-ghidra+candidate-map,TLINK public has no corresponding Ghidra function entry.
th04-op-boundary-034b0,th04-op,mz-load-module,0x34B0,0x134B0,0x34B0,0x2F,0x2F,corroborated,library,exclude,excluded,_BGM_BELL_ORG,_BGM_BELL_ORG,th04_op.asm,_TEXT,master-library-aggregate,candidate:th04_op.asm,ghidra+map-public,,,,true,1,3,0,target-unpacked-ghidra+candidate-map,
th04-op-boundary-034e0,th04-op,mz-load-module,0x34E0,0x134E0,0x34E0,0x27,0x27,provisional,library,exclude,excluded,FUN_1000_34e0,,th04_op.asm,_TEXT,master-library-aggregate,candidate:th04_op.asm,ghidra,,,,true,1,1,0,target-unpacked-ghidra+candidate-map,Ghidra-only boundary has no TLINK public or TASM PROC at its entry.
th04-op-boundary-03508,th04-op,mz-load-module,0x3508,0x13508,0x3508,0x170,0x1D91,provisional,library,exclude,excluded,_BGM_MGET,_BGM_MGET,th04_op.asm,_TEXT,master-library-aggregate,candidate:th04_op.asm,ghidra+map-public,,,,false,7,1,4,target-unpacked-ghidra+candidate-map,Ghidra body is noncontiguous and requires control-flow reconciliation.
th04-op-boundary-03632,th04-op,mz-load-module,0x3632,0x13632,0x3632,0x140,0x140,corroborated,library,exclude,excluded,BGM_READ_SDATA,BGM_READ_SDATA,th04_op.asm,_TEXT,master-library-aggregate,candidate:th04_op.asm,ghidra+map-public,,,,true,1,1,6,target-unpacked-ghidra+candidate-map,
th04-op-boundary-03772,th04-op,mz-load-module,0x3772,0x13772,0x3772,0x44,0x44,corroborated,library,exclude,excluded,_BGM_TIMER_INIT,_BGM_TIMER_INIT,th04_op.asm,_TEXT,master-library-aggregate,candidate:th04_op.asm,ghidra+map-public,,,,true,1,1,2,target-unpacked-ghidra+candidate-map,
th04-op-boundary-037b6,th04-op,mz-load-module,0x37B6,0x137B6,0x37B6,0x29,0x29,corroborated,library,exclude,excluded,_BGM_TIMER_FINISH,_BGM_TIMER_FINISH,th04_op.asm,_TEXT,master-library-aggregate,candidate:th04_op.asm,ghidra+map-public,,,,true,1,1,2,target-unpacked-ghidra+candidate-map,
th04-op-boundary-037e0,th04-op,mz-load-module,0x37E0,0x137E0,0x37E0,0x3E,0x3E,corroborated,library,exclude,excluded,_BGM_PINIT,_BGM_PINIT,th04_op.asm,_TEXT,master-library-aggregate,candidate:th04_op.asm,ghidra+map-public,,,,true,1,1,0,target-unpacked-ghidra+candidate-map,
th04-op-boundary-0381e,th04-op,mz-load-module,0x381E,0x1381E,0x381E,0x0,0x0,provisional,library,exclude,excluded,_BGM_TIMERHOOK,_BGM_TIMERHOOK,th04_op.asm,_TEXT,master-library-aggregate,candidate:th04_op.asm,map-public+tasm-proc,_BGM_TIMERHOOK,far,18130,,,,,target-unpacked-ghidra+candidate-map,TLINK public has no corresponding Ghidra function entry.
th04-op-boundary-038ce,th04-op,mz-load-module,0x38CE,0x138CE,0x38CE,0x66,0x67,provisional,library,exclude,excluded,FUN_1000_38ce,,th04_op.asm,_TEXT,master-library-aggregate,candidate:th04_op.asm,ghidra,,,,false,2,1,0,target-unpacked-ghidra+candidate-map,Ghidra-only boundary has no TLINK public or TASM PROC at its entry.
th04-op-boundary-03936,th04-op,mz-load-module,0x3936,0x13936,0x3936,0x12B,0x12E,provisional,library,exclude,excluded,_BGM_PLAY,_BGM_PLAY,th04_op.asm,_TEXT,master-library-aggregate,candidate:th04_op.asm,ghidra+map-public,,,,false,4,0,3,target-unpacked-ghidra+candidate-map,Ghidra body is noncontiguous and requires control-flow reconciliation.
th04-op-boundary-03a64,th04-op,mz-load-module,0x3A64,0x13A64,0x3A64,0x49,0x49,corroborated,library,exclude,excluded,BGM_SOUND,BGM_SOUND,th04_op.asm,_TEXT,master-library-aggregate,candidate:th04_op.asm,ghidra+map-public,,,,true,1,1,1,target-unpacked-ghidra+candidate-map,
th04-op-boundary-03aae,th04-op,mz-load-module,0x3AAE,0x13AAE,0x3AAE,0x0,0x0,provisional,library,exclude,excluded,_BGM_EFFECT_SOUND,_BGM_EFFECT_SOUND,th04_op.asm,_TEXT,master-library-aggregate,candidate:th04_op.asm,map-public,,,,,,,,target-unpacked-ghidra+candidate-map,TLINK public has no corresponding Ghidra function entry.
th04-op-boundary-03b26,th04-op,mz-load-module,0x3B26,0x13B26,0x3B26,0x19,0x1A,provisional,library,exclude,excluded,BGM_STOP_PLAY,BGM_STOP_PLAY,th04_op.asm,_TEXT,master-library-aggregate,candidate:th04_op.asm,ghidra+map-public,,,,false,2,1,1,target-unpacked-ghidra+candidate-map,Ghidra body is noncontiguous and requires control-flow reconciliation.
th04-op-boundary-03b40,th04-op,mz-load-module,0x3B40,0x13B40,0x3B40,0x2E,0x2E,corroborated,library,exclude,excluded,BGM_SET_TEMPO,BGM_SET_TEMPO,th04_op.asm,_TEXT,master-library-aggregate,candidate:th04_op.asm,ghidra+map-public,,,,true,1,2,0,target-unpacked-ghidra+candidate-map,
th04-op-boundary-03b6e,th04-op,mz-load-module,0x3B6E,0x13B6E,0x3B6E,0x1A2,0x1A3,provisional,library,exclude,excluded,BGM_INIT,BGM_INIT,th04_op.asm,_TEXT,master-library-aggregate,candidate:th04_op.asm,ghidra+map-public,,,,false,2,1,5,target-unpacked-ghidra+candidate-map,Ghidra body is noncontiguous and requires control-flow reconciliation.
th04-op-boundary-03d12,th04-op,mz-load-module,0x3D12,0x13D12,0x3D12,0x5D,0x5D,corroborated,library,exclude,excluded,BGM_FINISH,BGM_FINISH,th04_op.asm,_TEXT,master-library-aggregate,candidate:th04_op.asm,ghidra+map-public,,,,true,1,1,4,target-unpacked-ghidra+candidate-map,
th04-op-boundary-03d70,th04-op,mz-load-module,0x3D70,0x13D70,0x3D70,0x19,0x1A,provisional,library,exclude,excluded,BGM_STOP_SOUND,BGM_STOP_SOUND,th04_op.asm,_TEXT,master-library-aggregate,candidate:th04_op.asm,ghidra+map-public,,,,false,2,1,1,target-unpacked-ghidra+candidate-map,Ghidra body is noncontiguous and requires control-flow reconciliation.
th04-op-boundary-03d8a,th04-op,mz-load-module,0x3D8A,0x13D8A,0x3D8A,0xA9,0xA9,corroborated,library,exclude,excluded,GRAPH_GAIJI_PUTS,GRAPH_GAIJI_PUTS,th04_op.asm,_TEXT,master-library-aggregate,candidate:th04_op.asm,ghidra+map-public,,,,true,1,1,0,target-unpacked-ghidra+candidate-map,
th04-op-boundary-03e34,th04-op,mz-load-module,0x3E34,0x13E34,0x3E34,0x93,0x93,corroborated,library,exclude,excluded,GRAPH_GAIJI_PUTC,GRAPH_GAIJI_PUTC,th04_op.asm,_TEXT,master-library-aggregate,candidate:th04_op.asm,ghidra+map-public,,,,true,1,1,0,target-unpacked-ghidra+candidate-map,
th04-op-boundary-03ec8,th04-op,mz-load-module,0x3EC8,0x13EC8,0x3EC8,0x1B,0x1B,corroborated,library,exclude,excluded,__abort,__abort,_abort,_TEXT,linked-library,toolchain-or-library:_abort,ghidra+map-public,,,,true,1,3,2,target-unpacked-ghidra+candidate-map,
th04-op-boundary-03ee3,th04-op,mz-load-module,0x3EE3,0x13EE3,0x3EE3,0x3D,0x3D,corroborated,library,exclude,excluded,__stpcpy,__stpcpy,_stpcpy,_TEXT,linked-library,toolchain-or-library:_stpcpy,ghidra+map-public,,,,true,1,2,2,target-unpacked-ghidra+candidate-map,
th04-op-boundary-03f20,th04-op,mz-load-module,0x3F20,0x13F20,0x3F20,0x14,0x14,corroborated,library,exclude,excluded,_abort,_abort,abort,_TEXT,linked-library,toolchain-or-library:abort,ghidra+map-public,,,,true,1,3,2,target-unpacked-ghidra+candidate-map,
th04-op-boundary-03f34,th04-op,mz-load-module,0x3F34,0x13F34,0x3F34,0x31,0x31,corroborated,library,exclude,excluded,_atexit,_atexit,atexit,_TEXT,linked-library,toolchain-or-library:atexit,ghidra+map-public,,,,true,1,0,0,target-unpacked-ghidra+candidate-map,
th04-op-boundary-03f65,th04-op,mz-load-module,0x3F65,0x13F65,0x3F65,0x16,0x16,corroborated,library,exclude,excluded,operator delete(void far*),operator delete(void far*),del,_TEXT,linked-library,toolchain-or-library:del,ghidra+map-public,,,,true,1,10,1,target-unpacked-ghidra+candidate-map,
th04-op-boundary-03f7b,th04-op,mz-load-module,0x3F7B,0x13F7B,0x3F7B,0x16,0x16,corroborated,library,exclude,excluded,operator delete[](void far*),operator delete[](void far*),delarray,_TEXT,linked-library,toolchain-or-library:delarray,ghidra+map-public,,,,true,1,1,1,target-unpacked-ghidra+candidate-map,
th04-op-boundary-03f91,th04-op,mz-load-module,0x3F91,0x13F91,0x3F91,0x16D,0x16D,corroborated,library,exclude,excluded,__DOSENV,__DOSENV,dosenv,_TEXT,linked-library,toolchain-or-library:dosenv,ghidra+map-public,,,,true,1,1,3,target-unpacked-ghidra+candidate-map,
th04-op-boundary-040fe,th04-op,mz-load-module,0x40FE,0x140FE,0x40FE,0x16,0x16,corroborated,library,exclude,excluded,__dos_getdrive,__dos_getdrive,dosgdriv,_TEXT,linked-library,toolchain-or-library:dosgdriv,ghidra+map-public,,,,true,1,1,0,target-unpacked-ghidra+candidate-map,
th04-op-boundary-04114,th04-op,mz-load-module,0x4114,0x14114,0x4114,0x1A,0x1A,corroborated,library,exclude,excluded,__dos_setdrive,__dos_setdrive,dosgdriv,_TEXT,linked-library,toolchain-or-library:dosgdriv,ghidra+map-public,,,,true,1,0,0,target-unpacked-ghidra+candidate-map,
th04-op-boundary-0412e,th04-op,mz-load-module,0x412E,0x1412E,0x412E,0x2A,0x2A,corroborated,library,exclude,excluded,___ErrorMessage,___ErrorMessage,errormsg,_TEXT,linked-library,toolchain-or-library:errormsg,ghidra+map-public,,,,true,1,2,2,target-unpacked-ghidra+candidate-map,
th04-op-boundary-04158,th04-op,mz-load-module,0x4158,0x14158,0x4158,0x5,0x5,provisional,library,exclude,excluded,FUN_1000_4158,,exit,_TEXT,linked-library,toolchain-or-library:exit,ghidra,,,,true,1,2,0,target-unpacked-ghidra+candidate-map,Ghidra-only boundary has no TLINK public or TASM PROC at its entry.
th04-op-boundary-0415d,th04-op,mz-load-module,0x415D,0x1415D,0x415D,0x5A,0x5A,provisional,library,exclude,excluded,FUN_1000_415d,,exit,_TEXT,linked-library,toolchain-or-library:exit,ghidra,,,,true,1,2,5,target-unpacked-ghidra+candidate-map,Ghidra-only boundary has no TLINK public or TASM PROC at its entry.
th04-op-boundary-041b7,th04-op,mz-load-module,0x41B7,0x141B7,0x41B7,0x13,0x13,corroborated,library,exclude,excluded,_exit,_exit,exit,_TEXT,linked-library,toolchain-or-library:exit,ghidra+map-public,,,,true,1,1,1,target-unpacked-ghidra+candidate-map,
th04-op-boundary-041ca,th04-op,mz-load-module,0x41CA,0x141CA,0x41CA,0x16,0x16,corroborated,library,exclude,excluded,__exit,__exit,exit,_TEXT,linked-library,toolchain-or-library:exit,ghidra+map-public,,,,true,1,4,1,target-unpacked-ghidra+candidate-map,
th04-op-boundary-041e0,th04-op,mz-load-module,0x41E0,0x141E0,0x41E0,0x0,0x0,provisional,library,exclude,excluded,__cexit,__cexit,exit,_TEXT,linked-library,toolchain-or-library:exit,map-public,,,,,,,,target-unpacked-ghidra+candidate-map,TLINK public has no corresponding Ghidra function entry.
th04-op-boundary-041f2,th04-op,mz-load-module,0x41F2,0x141F2,0x41F2,0x0,0x0,provisional,library,exclude,excluded,__c_exit,__c_exit,exit,_TEXT,linked-library,toolchain-or-library:exit,map-public,,,,,,,,target-unpacked-ghidra+candidate-map,TLINK public has no corresponding Ghidra function entry.
th04-op-boundary-04202,th04-op,mz-load-module,0x4202,0x14202,0x4202,0x1C,0x1C,corroborated,library,exclude,excluded,F_SCOPY@,F_SCOPY@;SCOPY@,f_scopy,_TEXT,linked-library,toolchain-or-library:f_scopy,ghidra+map-public,,,,true,1,1,0,target-unpacked-ghidra+candidate-map,
th04-op-boundary-0421e,th04-op,mz-load-module,0x421E,0x1421E,0x421E,0x13,0x13,corroborated,library,exclude,excluded,_getvect,_getvect,getvect,_TEXT,linked-library,toolchain-or-library:getvect,ghidra+map-public,,,,true,1,1,0,target-unpacked-ghidra+candidate-map,
th04-op-boundary-04231,th04-op,mz-load-module,0x4231,0x14231,0x4231,0x15,0x15,corroborated,library,exclude,excluded,_setvect,_setvect,getvect,_TEXT,linked-library,toolchain-or-library:getvect,ghidra+map-public,,,,true,1,2,0,target-unpacked-ghidra+candidate-map,
th04-op-boundary-04246,th04-op,mz-load-module,0x4246,0x14246,0x4246,0x0,0x0,provisional,library,exclude,excluded,N_LDIV@,N_LDIV@,h_ldiv,_TEXT,linked-library,toolchain-or-library:h_ldiv,map-public,,,,,,,,target-unpacked-ghidra+candidate-map,TLINK public has no corresponding Ghidra function entry.
th04-op-boundary-04249,th04-op,mz-load-module,0x4249,0x14249,0x4249,0x0,0x0,provisional,library,exclude,excluded,LDIV@,LDIV@;F_LDIV@,h_ldiv,_TEXT,linked-library,toolchain-or-library:h_ldiv,map-public,,,,,,,,target-unpacked-ghidra+candidate-map,TLINK public has no corresponding Ghidra function entry.
th04-op-boundary-0424d,th04-op,mz-load-module,0x424D,0x1424D,0x424D,0x99,0xA7,provisional,library,exclude,excluded,N_LUDIV@,N_LUDIV@,h_ldiv,_TEXT,linked-library,toolchain-or-library:h_ldiv,ghidra+map-public,,,,false,2,1,0,target-unpacked-ghidra+candidate-map,Ghidra body is noncontiguous and requires control-flow reconciliation.
th04-op-boundary-04250,th04-op,mz-load-module,0x4250,0x14250,0x4250,0x0,0x0,provisional,library,exclude,excluded,F_LUDIV@,F_LUDIV@;LUDIV@,h_ldiv,_TEXT,linked-library,toolchain-or-library:h_ldiv,map-public,,,,,,,,target-unpacked-ghidra+candidate-map,TLINK public has no corresponding Ghidra function entry.
th04-op-boundary-04255,th04-op,mz-load-module,0x4255,0x14255,0x4255,0x0,0x0,provisional,library,exclude,excluded,N_LMOD@,N_LMOD@,h_ldiv,_TEXT,linked-library,toolchain-or-library:h_ldiv,map-public,,,,,,,,target-unpacked-ghidra+candidate-map,TLINK public has no corresponding Ghidra function entry.
th04-op-boundary-04258,th04-op,mz-load-module,0x4258,0x14258,0x4258,0x0,0x0,provisional,library,exclude,excluded,F_LMOD@,F_LMOD@;LMOD@,h_ldiv,_TEXT,linked-library,toolchain-or-library:h_ldiv,map-public,,,,,,,,target-unpacked-ghidra+candidate-map,TLINK public has no corresponding Ghidra function entry.
th04-op-boundary-0425d,th04-op,mz-load-module,0x425D,0x1425D,0x425D,0x0,0x0,provisional,library,exclude,excluded,N_LUMOD@,N_LUMOD@,h_ldiv,_TEXT,linked-library,toolchain-or-library:h_ldiv,map-public,,,,,,,,target-unpacked-ghidra+candidate-map,TLINK public has no corresponding Ghidra function entry.
th04-op-boundary-04260,th04-op,mz-load-module,0x4260,0x14260,0x4260,0x0,0x0,provisional,library,exclude,excluded,F_LUMOD@,F_LUMOD@;LUMOD@,h_ldiv,_TEXT,linked-library,toolchain-or-library:h_ldiv,map-public,,,,,,,,target-unpacked-ghidra+candidate-map,TLINK public has no corresponding Ghidra function entry.
th04-op-boundary-042f4,th04-op,mz-load-module,0x42F4,0x142F4,0x42F4,0x21,0x21,corroborated,library,exclude,excluded,N_LXLSH@,N_LXLSH@,h_llsh,_TEXT,linked-library,toolchain-or-library:h_llsh,ghidra+map-public,,,,true,1,1,0,target-unpacked-ghidra+candidate-map,
th04-op-boundary-042f7,th04-op,mz-load-module,0x42F7,0x142F7,0x42F7,0x0,0x0,provisional,library,exclude,excluded,LXLSH@,LXLSH@;F_LXLSH@,h_llsh,_TEXT,linked-library,toolchain-or-library:h_llsh,map-public,,,,,,,,target-unpacked-ghidra+candidate-map,TLINK public has no corresponding Ghidra function entry.
th04-op-boundary-04315,th04-op,mz-load-module,0x4315,0x14315,0x4315,0x4D,0x60,provisional,library,exclude,excluded,N_PADD@,N_PADD@,h_padd,_TEXT,linked-library,toolchain-or-library:h_padd,ghidra+map-public,,,,false,2,1,0,target-unpacked-ghidra+candidate-map,Ghidra body is noncontiguous and requires control-flow reconciliation.
th04-op-boundary-04318,th04-op,mz-load-module,0x4318,0x14318,0x4318,0x0,0x0,provisional,library,exclude,excluded,F_PADD@,F_PADD@;PADD@,h_padd,_TEXT,linked-library,toolchain-or-library:h_padd,map-public,,,,,,,,target-unpacked-ghidra+candidate-map,TLINK public has no corresponding Ghidra function entry.
th04-op-boundary-04344,th04-op,mz-load-module,0x4344,0x14344,0x4344,0x0,0x0,provisional,library,exclude,excluded,N_PSUB@,N_PSUB@,h_padd,_TEXT,linked-library,toolchain-or-library:h_padd,map-public,,,,,,,,target-unpacked-ghidra+candidate-map,TLINK public has no corresponding Ghidra function entry.
th04-op-boundary-04347,th04-op,mz-load-module,0x4347,0x14347,0x4347,0x0,0x0,provisional,library,exclude,excluded,PSUB@,PSUB@;F_PSUB@,h_padd,_TEXT,linked-library,toolchain-or-library:h_padd,map-public,,,,,,,,target-unpacked-ghidra+candidate-map,TLINK public has no corresponding Ghidra function entry.
th04-op-boundary-04375,th04-op,mz-load-module,0x4375,0x14375,0x4375,0x3E,0x3E,corroborated,library,exclude,excluded,__IOERROR,__IOERROR,ioerror,_TEXT,linked-library,toolchain-or-library:ioerror,ghidra+map-public,,,,true,1,6,0,target-unpacked-ghidra+candidate-map,
th04-op-boundary-043b3,th04-op,mz-load-module,0x43B3,0x143B3,0x43B3,0x14,0x14,corroborated,library,exclude,excluded,__DOSERROR,__DOSERROR,ioerror,_TEXT,linked-library,toolchain-or-library:ioerror,ghidra+map-public,,,,true,1,0,1,target-unpacked-ghidra+candidate-map,
th04-op-boundary-043c7,th04-op,mz-load-module,0x43C7,0x143C7,0x43C7,0x15,0x15,corroborated,library,exclude,excluded,_isatty,_isatty,isatty,_TEXT,linked-library,toolchain-or-library:isatty,ghidra+map-public,,,,true,1,0,0,target-unpacked-ghidra+candidate-map,
th04-op-boundary-043dc,th04-op,mz-load-module,0x43DC,0x143DC,0x43DC,0x2D,0x2D,corroborated,library,exclude,excluded,_lseek,_lseek,lseek,_TEXT,linked-library,toolchain-or-library:lseek,ghidra+map-public,,,,true,1,3,1,target-unpacked-ghidra+candidate-map,
th04-op-boundary-04425,th04-op,mz-load-module,0x4425,0x14425,0x4425,0x6B,0x6B,corroborated,library,exclude,excluded,xnew_handler(),xnew_handler(),new,_TEXT,linked-library,toolchain-or-library:new,ghidra+map-public,,,,true,1,1,4,target-unpacked-ghidra+candidate-map,
th04-op-boundary-04490,th04-op,mz-load-module,0x4490,0x14490,0x4490,0x2E,0x2E,corroborated,library,exclude,excluded,set_new_handler(void(far*)()),set_new_handler(void(far*)()),new,_TEXT,linked-library,toolchain-or-library:new,ghidra+map-public,,,,true,1,0,0,target-unpacked-ghidra+candidate-map,
th04-op-boundary-044be,th04-op,mz-load-module,0x44BE,0x144BE,0x44BE,0x51,0x51,corroborated,library,exclude,excluded,operator new(unsigned int),operator new(unsigned int),new,_TEXT,linked-library,toolchain-or-library:new,ghidra+map-public,,,,true,1,7,2,target-unpacked-ghidra+candidate-map,
th04-op-boundary-0450f,th04-op,mz-load-module,0x450F,0x1450F,0x450F,0x43,0x43,provisional,library,exclude,excluded,FUN_1000_450f,,new,_TEXT,linked-library,toolchain-or-library:new,ghidra,,,,true,1,0,2,target-unpacked-ghidra+candidate-map,Ghidra-only boundary has no TLINK public or TASM PROC at its entry.
th04-op-boundary-046fb,th04-op,mz-load-module,0x46FB,0x146FB,0x46FB,0x17,0x17,corroborated,library,exclude,excluded,N_LXMUL@,N_LXMUL@,n_lxmul,_TEXT,linked-library,toolchain-or-library:n_lxmul,ghidra+map-public,,,,true,1,1,0,target-unpacked-ghidra+candidate-map,
th04-op-boundary-04712,th04-op,mz-load-module,0x4712,0x14712,0x4712,0x21,0x21,corroborated,library,exclude,excluded,N_PCMP@,N_PCMP@,n_pcmp,_TEXT,linked-library,toolchain-or-library:n_pcmp,ghidra+map-public,,,,true,1,3,0,target-unpacked-ghidra+candidate-map,
th04-op-boundary-04733,th04-op,mz-load-module,0x4733,0x14733,0x4733,0x0,0x0,provisional,library,exclude,excluded,__setupio,__setupio,setupio,_TEXT,linked-library,toolchain-or-library:setupio,map-public,,,,,,,,target-unpacked-ghidra+candidate-map,TLINK public has no corresponding Ghidra function entry.
th04-op-boundary-047d7,th04-op,mz-load-module,0x47D7,0x147D7,0x47D7,0x30,0x30,corroborated,library,exclude,excluded,_toupper,_toupper,toupper,_TEXT,linked-library,toolchain-or-library:toupper,ghidra+map-public,,,,true,1,1,0,target-unpacked-ghidra+candidate-map,
th04-op-boundary-04807,th04-op,mz-load-module,0x4807,0x14807,0x4807,0x6,0x6,corroborated,library,exclude,excluded,__refdestructorcount(),__refdestructorcount(),xxas,_TEXT,linked-library,toolchain-or-library:xxas,ghidra+map-public,,,,true,1,23,0,target-unpacked-ghidra+candidate-map,
th04-op-boundary-0480d,th04-op,mz-load-module,0x480D,0x1480D,0x480D,0x6,0x6,corroborated,library,exclude,excluded,__refexceptionlist(),__refexceptionlist(),xxas,_TEXT,linked-library,toolchain-or-library:xxas,ghidra+map-public,,,,true,1,2,0,target-unpacked-ghidra+candidate-map,
th04-op-boundary-04813,th04-op,mz-load-module,0x4813,0x14813,0x4813,0x6F,0x6F,corroborated,library,exclude,excluded,___InitExceptBlocks,___InitExceptBlocks,xxas,_TEXT,linked-library,toolchain-or-library:xxas,ghidra+map-public,,,,true,1,20,2,target-unpacked-ghidra+candidate-map,
th04-op-boundary-04882,th04-op,mz-load-module,0x4882,0x14882,0x4882,0x14,0x14,corroborated,library,exclude,excluded,___ExitExceptBlocks,___ExitExceptBlocks,xxas,_TEXT,linked-library,toolchain-or-library:xxas,ghidra+map-public,,,,true,1,18,1,target-unpacked-ghidra+candidate-map,
th04-op-boundary-04896,th04-op,mz-load-module,0x4896,0x14896,0x4896,0x0,0x0,provisional,library,exclude,excluded,terminate(),terminate(),xxv,_TEXT,linked-library,toolchain-or-library:xxv,map-public,,,,,,,,target-unpacked-ghidra+candidate-map,TLINK public has no corresponding Ghidra function entry.
th04-op-boundary-048a0,th04-op,mz-load-module,0x48A0,0x148A0,0x48A0,0x42,0x42,corroborated,library,exclude,excluded,set_terminate(void(far*)()),set_terminate(void(far*)()),xxv,_TEXT,linked-library,toolchain-or-library:xxv,ghidra+map-public,,,,true,1,0,0,target-unpacked-ghidra+candidate-map,
th04-op-boundary-0490c,th04-op,mz-load-module,0x490C,0x1490C,0x490C,0x77,0x7F,provisional,library,exclude,excluded,___call_terminate,___call_terminate,xxv,_TEXT,linked-library,toolchain-or-library:xxv,ghidra+map-public,,,,false,2,2,4,target-unpacked-ghidra+candidate-map,Ghidra body is noncontiguous and requires control-flow reconciliation.
th04-op-boundary-0498b,th04-op,mz-load-module,0x498B,0x1498B,0x498B,0x0,0x0,provisional,library,exclude,excluded,unexpected(),unexpected(),xxv,_TEXT,linked-library,toolchain-or-library:xxv,map-public,,,,,,,,target-unpacked-ghidra+candidate-map,TLINK public has no corresponding Ghidra function entry.
th04-op-boundary-04994,th04-op,mz-load-module,0x4994,0x14994,0x4994,0x42,0x42,corroborated,library,exclude,excluded,set_unexpected(void(far*)()),set_unexpected(void(far*)()),xxv,_TEXT,linked-library,toolchain-or-library:xxv,ghidra+map-public,,,,true,1,0,0,target-unpacked-ghidra+candidate-map,
th04-op-boundary-049d6,th04-op,mz-load-module,0x49D6,0x149D6,0x49D6,0x4F,0x4F,corroborated,library,exclude,excluded,___call_unexpected,___call_unexpected,xxv,_TEXT,linked-library,toolchain-or-library:xxv,ghidra+map-public,,,,true,1,0,1,target-unpacked-ghidra+candidate-map,
th04-op-boundary-04a25,th04-op,mz-load-module,0x4A25,0x14A25,0x4A25,0x54,0x54,corroborated,library,exclude,excluded,"__getpolymorphicdtc(void far*,unsigned int)","__getpolymorphicdtc(void far*,unsigned int)",xxv,_TEXT,linked-library,toolchain-or-library:xxv,ghidra+map-public,,,,true,1,0,0,target-unpacked-ghidra+candidate-map,
th04-op-boundary-04a79,th04-op,mz-load-module,0x4A79,0x14A79,0x4A79,0x58,0x58,corroborated,library,exclude,excluded,"__getpolymorphicdtcfar(void far*,unsigned int)","__getpolymorphicdtcfar(void far*,unsigned int)",xxv,_TEXT,linked-library,toolchain-or-library:xxv,ghidra+map-public,,,,true,1,0,0,target-unpacked-ghidra+candidate-map,
th04-op-boundary-04ad1,th04-op,mz-load-module,0x4AD1,0x14AD1,0x4AD1,0x4E,0x4E,corroborated,library,exclude,excluded,__ExceptInit,__ExceptInit,xxv,_TEXT,linked-library,toolchain-or-library:xxv,ghidra+map-public,,,,true,1,1,0,target-unpacked-ghidra+candidate-map,
th04-op-boundary-04b7b,th04-op,mz-load-module,0x4B7B,0x14B7B,0x4B7B,0x0,0x0,provisional,library,exclude,excluded,___first,___first,farheap,_TEXT,linked-library,toolchain-or-library:farheap,map-public,,,,,,,,target-unpacked-ghidra+candidate-map,TLINK public has no corresponding Ghidra function entry.
th04-op-boundary-04b7d,th04-op,mz-load-module,0x4B7D,0x14B7D,0x4B7D,0x0,0x0,provisional,library,exclude,excluded,___last,___last,farheap,_TEXT,linked-library,toolchain-or-library:farheap,map-public,,,,,,,,target-unpacked-ghidra+candidate-map,TLINK public has no corresponding Ghidra function entry.
th04-op-boundary-04b7f,th04-op,mz-load-module,0x4B7F,0x14B7F,0x4B7F,0x0,0x0,provisional,library,exclude,excluded,___rover,___rover,farheap,_TEXT,linked-library,toolchain-or-library:farheap,map-public,,,,,,,,target-unpacked-ghidra+candidate-map,TLINK public has no corresponding Ghidra function entry.
th04-op-boundary-04b87,th04-op,mz-load-module,0x4B87,0x14B87,0x4B87,0x63,0x63,provisional,library,exclude,excluded,FUN_1000_4b87,,farheap,_TEXT,linked-library,toolchain-or-library:farheap,ghidra,,,,true,1,1,2,target-unpacked-ghidra+candidate-map,Ghidra-only boundary has no TLINK public or TASM PROC at its entry.
th04-op-boundary-04bea,th04-op,mz-load-module,0x4BEA,0x14BEA,0x4BEA,0x71,0x71,provisional,library,exclude,excluded,FUN_1000_4bea,,farheap,_TEXT,linked-library,toolchain-or-library:farheap,ghidra,,,,true,1,1,1,target-unpacked-ghidra+candidate-map,Ghidra-only boundary has no TLINK public or TASM PROC at its entry.
th04-op-boundary-04c5b,th04-op,mz-load-module,0x4C5B,0x14C5B,0x4C5B,0x29,0x29,provisional,library,exclude,excluded,FUN_1000_4c5b,,farheap,_TEXT,linked-library,toolchain-or-library:farheap,ghidra,,,,true,1,2,0,target-unpacked-ghidra+candidate-map,Ghidra-only boundary has no TLINK public or TASM PROC at its entry.
th04-op-boundary-04c84,th04-op,mz-load-module,0x4C84,0x14C84,0x4C84,0x37,0x37,provisional,library,exclude,excluded,FUN_1000_4c84,,farheap,_TEXT,linked-library,toolchain-or-library:farheap,ghidra,,,,true,1,1,0,target-unpacked-ghidra+candidate-map,Ghidra-only boundary has no TLINK public or TASM PROC at its entry.
th04-op-boundary-04cbb,th04-op,mz-load-module,0x4CBB,0x14CBB,0x4CBB,0x29,0x29,corroborated,library,exclude,excluded,_free,_free;_farfree,farheap,_TEXT,linked-library,toolchain-or-library:farheap,ghidra+map-public,,,,true,1,11,2,target-unpacked-ghidra+candidate-map,
th04-op-boundary-04ce4,th04-op,mz-load-module,0x4CE4,0x14CE4,0x4CE4,0x64,0x64,provisional,library,exclude,excluded,FUN_1000_4ce4,,farheap,_TEXT,linked-library,toolchain-or-library:farheap,ghidra,,,,true,1,1,1,target-unpacked-ghidra+candidate-map,Ghidra-only boundary has no TLINK public or TASM PROC at its entry.
th04-op-boundary-04d48,th04-op,mz-load-module,0x4D48,0x14D48,0x4D48,0x83,0x83,provisional,library,exclude,excluded,FUN_1000_4d48,,farheap,_TEXT,linked-library,toolchain-or-library:farheap,ghidra,,,,true,1,1,1,target-unpacked-ghidra+candidate-map,Ghidra-only boundary has no TLINK public or TASM PROC at its entry.
th04-op-boundary-04dcb,th04-op,mz-load-module,0x4DCB,0x14DCB,0x4DCB,0x23,0x23,provisional,library,exclude,excluded,FUN_1000_4dcb,,farheap,_TEXT,linked-library,toolchain-or-library:farheap,ghidra,,,,true,1,1,0,target-unpacked-ghidra+candidate-map,Ghidra-only boundary has no TLINK public or TASM PROC at its entry.
th04-op-boundary-04dee,th04-op,mz-load-module,0x4DEE,0x14DEE,0x4DEE,0xA,0xA,corroborated,library,exclude,excluded,_malloc,_malloc,farheap,_TEXT,linked-library,toolchain-or-library:farheap,ghidra+map-public,,,,true,1,9,0,target-unpacked-ghidra+candidate-map,
th04-op-boundary-04df8,th04-op,mz-load-module,0x4DF8,0x14DF8,0x4DF8,0x7D,0x7D,corroborated,library,exclude,excluded,_farmalloc,_farmalloc,farheap,_TEXT,linked-library,toolchain-or-library:farheap,ghidra+map-public,,,,true,1,2,4,target-unpacked-ghidra+candidate-map,
th04-op-boundary-04e75,th04-op,mz-load-module,0x4E75,0x14E75,0x4E75,0x7C,0x7C,provisional,library,exclude,excluded,FUN_1000_4e75,,farheap,_TEXT,linked-library,toolchain-or-library:farheap,ghidra,,,,true,1,1,2,target-unpacked-ghidra+candidate-map,Ghidra-only boundary has no TLINK public or TASM PROC at its entry.
th04-op-boundary-04ef1,th04-op,mz-load-module,0x4EF1,0x14EF1,0x4EF1,0x64,0x64,provisional,library,exclude,excluded,FUN_1000_4ef1,,farheap,_TEXT,linked-library,toolchain-or-library:farheap,ghidra,,,,true,1,1,2,target-unpacked-ghidra+candidate-map,Ghidra-only boundary has no TLINK public or TASM PROC at its entry.
th04-op-boundary-04f55,th04-op,mz-load-module,0x4F55,0x14F55,0x4F55,0x7B,0x81,provisional,library,exclude,excluded,_realloc,_realloc,farheap,_TEXT,linked-library,toolchain-or-library:farheap,ghidra+map-public,,,,false,2,4,4,target-unpacked-ghidra+candidate-map,Ghidra body is noncontiguous and requires control-flow reconciliation.
th04-op-boundary-04f5c,th04-op,mz-load-module,0x4F5C,0x14F5C,0x4F5C,0x0,0x0,provisional,library,exclude,excluded,_farrealloc,_farrealloc,farheap,_TEXT,linked-library,toolchain-or-library:farheap,map-public,,,,,,,,target-unpacked-ghidra+candidate-map,TLINK public has no corresponding Ghidra function entry.
th04-op-boundary-04fd6,th04-op,mz-load-module,0x4FD6,0x14FD6,0x4FD6,0x8E,0x8E,provisional,library,exclude,excluded,FUN_1000_4fd6,,fbrk,_TEXT,linked-library,toolchain-or-library:fbrk,ghidra,,,,true,1,2,1,target-unpacked-ghidra+candidate-map,Ghidra-only boundary has no TLINK public or TASM PROC at its entry.
th04-op-boundary-05064,th04-op,mz-load-module,0x5064,0x15064,0x5064,0x43,0x43,corroborated,library,exclude,excluded,__brk,__brk,fbrk,_TEXT,linked-library,toolchain-or-library:fbrk,ghidra+map-public,,,,true,1,2,2,target-unpacked-ghidra+candidate-map,
th04-op-boundary-050a7,th04-op,mz-load-module,0x50A7,0x150A7,0x50A7,0x8F,0x8F,corroborated,library,exclude,excluded,__sbrk,__sbrk,fbrk,_TEXT,linked-library,toolchain-or-library:fbrk,ghidra+map-public,,,,true,1,2,4,target-unpacked-ghidra+candidate-map,
th04-op-boundary-05299,th04-op,mz-load-module,0x5299,0x15299,0x5299,0x25,0x25,provisional,library,exclude,excluded,FUN_1000_5299,,signal,_TEXT,linked-library,toolchain-or-library:signal,ghidra,,,,true,1,2,0,target-unpacked-ghidra+candidate-map,Ghidra-only boundary has no TLINK public or TASM PROC at its entry.
th04-op-boundary-052be,th04-op,mz-load-module,0x52BE,0x152BE,0x52BE,0xE2,0xE2,corroborated,library,exclude,excluded,_signal,_signal,signal,_TEXT,linked-library,toolchain-or-library:signal,ghidra+map-public,,,,true,1,0,3,target-unpacked-ghidra+candidate-map,
th04-op-boundary-053a0,th04-op,mz-load-module,0x53A0,0x153A0,0x53A0,0x97,0x97,corroborated,library,exclude,excluded,_raise,_raise,signal,_TEXT,linked-library,toolchain-or-library:signal,ghidra+map-public,,,,true,1,1,3,target-unpacked-ghidra+candidate-map,
th04-op-boundary-05437,th04-op,mz-load-module,0x5437,0x15437,0x5437,0x3B,0x3B,corroborated,library,exclude,excluded,__access,__access,_access,_TEXT,linked-library,toolchain-or-library:_access,ghidra+map-public,,,,true,1,2,1,target-unpacked-ghidra+candidate-map,
th04-op-boundary-054bb,th04-op,mz-load-module,0x54BB,0x154BB,0x54BB,0x25,0x25,corroborated,library,exclude,excluded,___path_isdbcsleadbyte,___path_isdbcsleadbyte,_pathops,_TEXT,linked-library,toolchain-or-library:_pathops,ghidra+map-public,,,,true,1,3,0,target-unpacked-ghidra+candidate-map,
th04-op-boundary-054e0,th04-op,mz-load-module,0x54E0,0x154E0,0x54E0,0x62,0x62,corroborated,library,exclude,excluded,___path_issbcs,___path_issbcs,_pathops,_TEXT,linked-library,toolchain-or-library:_pathops,ghidra+map-public,,,,true,1,3,1,target-unpacked-ghidra+candidate-map,
th04-op-boundary-05542,th04-op,mz-load-module,0x5542,0x15542,0x5542,0x21,0x21,corroborated,library,exclude,excluded,__rtl_chmod,__rtl_chmod,chmoda,_TEXT,linked-library,toolchain-or-library:chmoda,ghidra+map-public,,,,true,1,1,1,target-unpacked-ghidra+candidate-map,
th04-op-boundary-05563,th04-op,mz-load-module,0x5563,0x15563,0x5563,0xD1,0xD1,corroborated,library,exclude,excluded,_fflush,_fflush,fflush,_TEXT,linked-library,toolchain-or-library:fflush,ghidra+map-public,,,,true,1,3,2,target-unpacked-ghidra+candidate-map,
th04-op-boundary-05634,th04-op,mz-load-module,0x5634,0x15634,0x5634,0x4C,0x4C,corroborated,library,exclude,excluded,_flushall,_flushall,flushall,_TEXT,linked-library,toolchain-or-library:flushall,ghidra+map-public,,,,true,1,2,1,target-unpacked-ghidra+candidate-map,
th04-op-boundary-05680,th04-op,mz-load-module,0x5680,0x15680,0x5680,0x89,0x89,provisional,library,exclude,excluded,FUN_1000_5680,,fseek,_TEXT,linked-library,toolchain-or-library:fseek,ghidra,,,,true,1,2,0,target-unpacked-ghidra+candidate-map,Ghidra-only boundary has no TLINK public or TASM PROC at its entry.
th04-op-boundary-05709,th04-op,mz-load-module,0x5709,0x15709,0x5709,0x82,0x82,corroborated,library,exclude,excluded,_fseek,_fseek,fseek,_TEXT,linked-library,toolchain-or-library:fseek,ghidra+map-public,,,,true,1,1,3,target-unpacked-ghidra+candidate-map,
th04-op-boundary-0578b,th04-op,mz-load-module,0x578B,0x1578B,0x578B,0xE1,0xE1,corroborated,library,exclude,excluded,_ftell,_ftell,fseek,_TEXT,linked-library,toolchain-or-library:fseek,ghidra+map-public,,,,true,1,0,2,target-unpacked-ghidra+candidate-map,
th04-op-boundary-0586c,th04-op,mz-load-module,0x586C,0x1586C,0x586C,0x1F,0x1F,provisional,library,exclude,excluded,FUN_1000_586c,,fullpath,_TEXT,linked-library,toolchain-or-library:fullpath,ghidra,,,,true,1,2,0,target-unpacked-ghidra+candidate-map,Ghidra-only boundary has no TLINK public or TASM PROC at its entry.
th04-op-boundary-0588b,th04-op,mz-load-module,0x588B,0x1588B,0x588B,0x3A,0x3A,provisional,library,exclude,excluded,FUN_1000_588b,,fullpath,_TEXT,linked-library,toolchain-or-library:fullpath,ghidra,,,,true,1,1,2,target-unpacked-ghidra+candidate-map,Ghidra-only boundary has no TLINK public or TASM PROC at its entry.
th04-op-boundary-058c5,th04-op,mz-load-module,0x58C5,0x158C5,0x58C5,0x2E9,0x2E9,corroborated,library,exclude,excluded,__fullpath,__fullpath,fullpath,_TEXT,linked-library,toolchain-or-library:fullpath,ghidra+map-public,,,,true,1,1,12,target-unpacked-ghidra+candidate-map,
th04-op-boundary-05bae,th04-op,mz-load-module,0x5BAE,0x15BAE,0x5BAE,0x9D,0x9D,corroborated,library,exclude,excluded,__getdcwd,__getdcwd,getdcwd,_TEXT,linked-library,toolchain-or-library:getdcwd,ghidra+map-public,,,,true,1,2,3,target-unpacked-ghidra+candidate-map,
th04-op-boundary-05c4b,th04-op,mz-load-module,0x5C4B,0x15C4B,0x5C4B,0x70,0x70,corroborated,library,exclude,excluded,_getenv,_getenv,getenv,_TEXT,linked-library,toolchain-or-library:getenv,ghidra+map-public,,,,true,1,2,0,target-unpacked-ghidra+candidate-map,
th04-op-boundary-05cbb,th04-op,mz-load-module,0x5CBB,0x15CBB,0x5CBB,0x28,0x28,corroborated,library,exclude,excluded,_memcmp,_memcmp,memcmp,_TEXT,linked-library,toolchain-or-library:memcmp,ghidra+map-public,,,,true,1,1,0,target-unpacked-ghidra+candidate-map,
th04-op-boundary-05ce3,th04-op,mz-load-module,0x5CE3,0x15CE3,0x5CE3,0x24,0x24,corroborated,library,exclude,excluded,_memcpy,_memcpy,memcpy,_TEXT,linked-library,toolchain-or-library:memcpy,ghidra+map-public,,,,true,1,7,0,target-unpacked-ghidra+candidate-map,
th04-op-boundary-05d07,th04-op,mz-load-module,0x5D07,0x15D07,0x5D07,0x26,0x26,corroborated,library,exclude,excluded,_setmem,_setmem,memset,_TEXT,linked-library,toolchain-or-library:memset,ghidra+map-public,,,,true,1,1,0,target-unpacked-ghidra+candidate-map,
th04-op-boundary-05d2d,th04-op,mz-load-module,0x5D2D,0x15D2D,0x5D2D,0x22,0x22,corroborated,library,exclude,excluded,_memset,_memset,memset,_TEXT,linked-library,toolchain-or-library:memset,ghidra+map-public,,,,true,1,2,1,target-unpacked-ghidra+candidate-map,
th04-op-boundary-05d4f,th04-op,mz-load-module,0x5D4F,0x15D4F,0x5D4F,0x52,0x52,corroborated,library,exclude,excluded,_movmem,_movmem,movmem,_TEXT,linked-library,toolchain-or-library:movmem,ghidra+map-public,,,,true,1,1,1,target-unpacked-ghidra+candidate-map,
th04-op-boundary-05da1,th04-op,mz-load-module,0x5DA1,0x15DA1,0x5DA1,0x25,0x25,corroborated,library,exclude,excluded,_memmove,_memmove,movmem,_TEXT,linked-library,toolchain-or-library:movmem,ghidra+map-public,,,,true,1,1,1,target-unpacked-ghidra+candidate-map,
th04-op-boundary-05dc6,th04-op,mz-load-module,0x5DC6,0x15DC6,0x5DC6,0x47,0x47,corroborated,library,exclude,excluded,__searchenv,__searchenv,srchenv,_TEXT,linked-library,toolchain-or-library:srchenv,ghidra+map-public,,,,true,1,1,2,target-unpacked-ghidra+candidate-map,
th04-op-boundary-05e0d,th04-op,mz-load-module,0x5E0D,0x15E0D,0x5E0D,0x142,0x142,corroborated,library,exclude,excluded,__searchstr,__searchstr,srchstr,_TEXT,linked-library,toolchain-or-library:srchstr,ghidra+map-public,,,,true,1,1,8,target-unpacked-ghidra+candidate-map,
th04-op-boundary-05f4f,th04-op,mz-load-module,0x5F4F,0x15F4F,0x5F4F,0x121,0x121,corroborated,library,exclude,excluded,_setvbuf,_setvbuf,setvbuf,_TEXT,linked-library,toolchain-or-library:setvbuf,ghidra+map-public,,,,true,1,0,3,target-unpacked-ghidra+candidate-map,
th04-op-boundary-06070,th04-op,mz-load-module,0x6070,0x16070,0x6070,0x3F,0x3F,corroborated,library,exclude,excluded,_strcat,_strcat,strcat,_TEXT,linked-library,toolchain-or-library:strcat,ghidra+map-public,,,,true,1,2,0,target-unpacked-ghidra+candidate-map,
th04-op-boundary-060af,th04-op,mz-load-module,0x60AF,0x160AF,0x60AF,0x30,0x30,corroborated,library,exclude,excluded,_strcmp,_strcmp,strcmp,_TEXT,linked-library,toolchain-or-library:strcmp,ghidra+map-public,,,,true,1,1,0,target-unpacked-ghidra+candidate-map,
th04-op-boundary-060df,th04-op,mz-load-module,0x60DF,0x160DF,0x60DF,0x29,0x29,corroborated,library,exclude,excluded,_strcpy,_strcpy,strcpy,_TEXT,linked-library,toolchain-or-library:strcpy,ghidra+map-public,,,,true,1,4,0,target-unpacked-ghidra+candidate-map,
th04-op-boundary-06108,th04-op,mz-load-module,0x6108,0x16108,0x6108,0x41,0x41,corroborated,library,exclude,excluded,_stricmp,_stricmp,stricmp,_TEXT,linked-library,toolchain-or-library:stricmp,ghidra+map-public,,,,true,1,1,0,target-unpacked-ghidra+candidate-map,
th04-op-boundary-06149,th04-op,mz-load-module,0x6149,0x16149,0x6149,0x21,0x21,corroborated,library,exclude,excluded,_strlen,_strlen,strlen,_TEXT,linked-library,toolchain-or-library:strlen,ghidra+map-public,,,,true,1,12,0,target-unpacked-ghidra+candidate-map,
th04-op-boundary-0616a,th04-op,mz-load-module,0x616A,0x1616A,0x616A,0x4D,0x4D,corroborated,library,exclude,excluded,_strrchr,_strrchr,strrchr,_TEXT,linked-library,toolchain-or-library:strrchr,ghidra+map-public,,,,true,1,1,1,target-unpacked-ghidra+candidate-map,
th04-op-boundary-061b7,th04-op,mz-load-module,0x61B7,0x161B7,0x61B7,0x166,0x166,corroborated,library,exclude,excluded,___write,___write,write,_TEXT,linked-library,toolchain-or-library:write,ghidra+map-public,,,,true,1,1,3,target-unpacked-ghidra+candidate-map,
th04-op-boundary-0631d,th04-op,mz-load-module,0x631D,0x1631D,0x631D,0x3F,0x3F,corroborated,library,exclude,excluded,__rtl_write,__rtl_write,writea,_TEXT,linked-library,toolchain-or-library:writea,ghidra+map-public,,,,true,1,3,1,target-unpacked-ghidra+candidate-map,
th04-op-boundary-0635c,th04-op,mz-load-module,0x635C,0x1635C,0x635C,0x1C,0x1C,corroborated,library,exclude,excluded,__write,__write,writea,_TEXT,linked-library,toolchain-or-library:writea,ghidra+map-public,,,,true,1,0,1,target-unpacked-ghidra+candidate-map,
th04-op-boundary-06378,th04-op,mz-load-module,0x6378,0x16378,0x6378,0x3F,0x3F,corroborated,library,exclude,excluded,__xfflush,__xfflush,xfflush,_TEXT,linked-library,toolchain-or-library:xfflush,ghidra+map-public,,,,true,1,0,1,target-unpacked-ghidra+candidate-map,
th04-op-boundary-063b7,th04-op,mz-load-module,0x63B7,0x163B7,0x63B7,0x5B,0x5B,corroborated,library,exclude,excluded,"xalloc::xalloc(const string far&,unsigned int)","xalloc::xalloc(const string far&,unsigned int)",xalloc,_TEXT,linked-library,toolchain-or-library:xalloc,ghidra+map-public,,,,true,1,0,3,target-unpacked-ghidra+candidate-map,
th04-op-boundary-06436,th04-op,mz-load-module,0x6436,0x16436,0x6436,0x78,0x78,corroborated,library,exclude,excluded,xalloc::raise(),xalloc::raise(),xalloc,_TEXT,linked-library,toolchain-or-library:xalloc,ghidra+map-public,,,,true,1,3,4,target-unpacked-ghidra+candidate-map,
th04-op-boundary-064ae,th04-op,mz-load-module,0x64AE,0x164AE,0x64AE,0x43,0x43,provisional,library,exclude,excluded,FUN_1000_64ae,,xalloc,_TEXT,linked-library,toolchain-or-library:xalloc,ghidra,,,,true,1,0,2,target-unpacked-ghidra+candidate-map,Ghidra-only boundary has no TLINK public or TASM PROC at its entry.
th04-op-boundary-065dc,th04-op,mz-load-module,0x65DC,0x165DC,0x65DC,0xA7,0xA7,corroborated,library,exclude,excluded,xmsg::xmsg(const string far&),xmsg::xmsg(const string far&),xmsg,_TEXT,linked-library,toolchain-or-library:xmsg,ghidra+map-public,,,,true,1,4,5,target-unpacked-ghidra+candidate-map,
th04-op-boundary-066a7,th04-op,mz-load-module,0x66A7,0x166A7,0x66A7,0xAB,0xAB,corroborated,library,exclude,excluded,xmsg::xmsg(const xmsg far&),xmsg::xmsg(const xmsg far&),xmsg,_TEXT,linked-library,toolchain-or-library:xmsg,ghidra+map-public,,,,true,1,4,5,target-unpacked-ghidra+candidate-map,
th04-op-boundary-06752,th04-op,mz-load-module,0x6752,0x16752,0x6752,0x5E,0x5E,corroborated,library,exclude,excluded,xmsg::~xmsg(),xmsg::~xmsg(),xmsg,_TEXT,linked-library,toolchain-or-library:xmsg,ghidra+map-public,,,,true,1,4,3,target-unpacked-ghidra+candidate-map,
th04-op-boundary-067be,th04-op,mz-load-module,0x67BE,0x167BE,0x67BE,0x0,0x0,provisional,library,exclude,excluded,xmsg::raise(),xmsg::raise(),xmsg,_TEXT,linked-library,toolchain-or-library:xmsg,map-public,,,,,,,,target-unpacked-ghidra+candidate-map,TLINK public has no corresponding Ghidra function entry.
th04-op-boundary-06835,th04-op,mz-load-module,0x6835,0x16835,0x6835,0x0,0x0,provisional,library,exclude,excluded,xmsg::operator =(const xmsg far&),xmsg::operator =(const xmsg far&),xmsg,_TEXT,linked-library,toolchain-or-library:xmsg,map-public,,,,,,,,target-unpacked-ghidra+candidate-map,TLINK public has no corresponding Ghidra function entry.
th04-op-boundary-06973,th04-op,mz-load-module,0x6973,0x16973,0x6973,0x0,0x0,provisional,library,exclude,excluded,___JumpToCatch__,___JumpToCatch__,xx,_TEXT,linked-library,toolchain-or-library:xx,map-public,,,,,,,,target-unpacked-ghidra+candidate-map,TLINK public has no corresponding Ghidra function entry.
th04-op-boundary-0697f,th04-op,mz-load-module,0x697F,0x1697F,0x697F,0x25,0x25,provisional,library,exclude,excluded,FUN_1000_697f,,xx,_TEXT,linked-library,toolchain-or-library:xx,ghidra,,,,true,1,1,0,target-unpacked-ghidra+candidate-map,Ghidra-only boundary has no TLINK public or TASM PROC at its entry.
th04-op-boundary-069a4,th04-op,mz-load-module,0x69A4,0x169A4,0x69A4,0x9D,0x9D,provisional,library,exclude,excluded,FUN_1000_69a4,,xx,_TEXT,linked-library,toolchain-or-library:xx,ghidra,,,,true,1,7,0,target-unpacked-ghidra+candidate-map,Ghidra-only boundary has no TLINK public or TASM PROC at its entry.
th04-op-boundary-06a41,th04-op,mz-load-module,0x6A41,0x16A41,0x6A41,0x153,0x153,provisional,library,exclude,excluded,FUN_1000_6a41,,xx,_TEXT,linked-library,toolchain-or-library:xx,ghidra,,,,true,1,2,2,target-unpacked-ghidra+candidate-map,Ghidra-only boundary has no TLINK public or TASM PROC at its entry.
th04-op-boundary-06b94,th04-op,mz-load-module,0x6B94,0x16B94,0x6B94,0x174,0x174,provisional,library,exclude,excluded,FUN_1000_6b94,,xx,_TEXT,linked-library,toolchain-or-library:xx,ghidra,,,,true,1,1,2,target-unpacked-ghidra+candidate-map,Ghidra-only boundary has no TLINK public or TASM PROC at its entry.
th04-op-boundary-06d08,th04-op,mz-load-module,0x6D08,0x16D08,0x6D08,0x5C,0x5C,provisional,library,exclude,excluded,FUN_1000_6d08,,xx,_TEXT,linked-library,toolchain-or-library:xx,ghidra,,,,true,1,1,2,target-unpacked-ghidra+candidate-map,Ghidra-only boundary has no TLINK public or TASM PROC at its entry.
th04-op-boundary-06d64,th04-op,mz-load-module,0x6D64,0x16D64,0x6D64,0x39,0x39,provisional,library,exclude,excluded,FUN_1000_6d64,,xx,_TEXT,linked-library,toolchain-or-library:xx,ghidra,,,,true,1,0,1,target-unpacked-ghidra+candidate-map,Ghidra-only boundary has no TLINK public or TASM PROC at its entry.
th04-op-boundary-06d9d,th04-op,mz-load-module,0x6D9D,0x16D9D,0x6D9D,0x105,0x105,provisional,library,exclude,excluded,FUN_1000_6d9d,,xx,_TEXT,linked-library,toolchain-or-library:xx,ghidra,,,,true,1,1,1,target-unpacked-ghidra+candidate-map,Ghidra-only boundary has no TLINK public or TASM PROC at its entry.
th04-op-boundary-06ea2,th04-op,mz-load-module,0x6EA2,0x16EA2,0x6EA2,0x2EE,0x2EE,provisional,library,exclude,excluded,FUN_1000_6ea2,,xx,_TEXT,linked-library,toolchain-or-library:xx,ghidra,,,,true,1,2,0,target-unpacked-ghidra+candidate-map,Ghidra-only boundary has no TLINK public or TASM PROC at its entry.
th04-op-boundary-071f0,th04-op,mz-load-module,0x71F0,0x171F0,0x71F0,0x188,0x188,provisional,library,exclude,excluded,FUN_1000_71f0,,xx,_TEXT,linked-library,toolchain-or-library:xx,ghidra,,,,true,1,3,0,target-unpacked-ghidra+candidate-map,Ghidra-only boundary has no TLINK public or TASM PROC at its entry.
th04-op-boundary-073a8,th04-op,mz-load-module,0x73A8,0x173A8,0x73A8,0xB9,0xB9,provisional,library,exclude,excluded,FUN_1000_73a8,,xx,_TEXT,linked-library,toolchain-or-library:xx,ghidra,,,,true,1,1,0,target-unpacked-ghidra+candidate-map,Ghidra-only boundary has no TLINK public or TASM PROC at its entry.
th04-op-boundary-074c7,th04-op,mz-load-module,0x74C7,0x174C7,0x74C7,0x31B,0x32F,provisional,library,exclude,excluded,FUN_1000_74c7,,xx,_TEXT,linked-library,toolchain-or-library:xx,ghidra,,,,false,3,2,8,target-unpacked-ghidra+candidate-map,Ghidra-only boundary has no TLINK public or TASM PROC at its entry.
th04-op-boundary-077f6,th04-op,mz-load-module,0x77F6,0x177F6,0x77F6,0x59,0x59,corroborated,library,exclude,excluded,"_throwexception(void far*,void far*,void far*,void far*,unsigned int,unsigned int,unsigned int,unsigned char far*)","_throwexception(void far*,void far*,void far*,void far*,unsigned int,unsigned int,unsigned int,unsigned char far*)",xx,_TEXT,linked-library,toolchain-or-library:xx,ghidra+map-public,,,,true,1,7,1,target-unpacked-ghidra+candidate-map,
th04-op-boundary-0784f,th04-op,mz-load-module,0x784F,0x1784F,0x784F,0xAA,0xAA,corroborated,library,exclude,excluded,"_rethrowexception(unsigned int,unsigned char far*)","_rethrowexception(unsigned int,unsigned char far*)",xx,_TEXT,linked-library,toolchain-or-library:xx,ghidra+map-public,,,,true,1,0,2,target-unpacked-ghidra+candidate-map,
th04-op-boundary-078f9,th04-op,mz-load-module,0x78F9,0x178F9,0x78F9,0x5,0x5,provisional,library,exclude,excluded,FUN_1000_78f9,,xx,_TEXT,linked-library,toolchain-or-library:xx,ghidra,,,,true,1,1,0,target-unpacked-ghidra+candidate-map,Ghidra-only boundary has no TLINK public or TASM PROC at its entry.
th04-op-boundary-078fe,th04-op,mz-load-module,0x78FE,0x178FE,0x78FE,0x8C,0x8C,provisional,library,exclude,excluded,FUN_1000_78fe,,xx,_TEXT,linked-library,toolchain-or-library:xx,ghidra,,,,true,1,2,1,target-unpacked-ghidra+candidate-map,Ghidra-only boundary has no TLINK public or TASM PROC at its entry.
th04-op-boundary-0798a,th04-op,mz-load-module,0x798A,0x1798A,0x798A,0x47,0x47,corroborated,library,exclude,excluded,__Global_unwind,__Global_unwind,xx,_TEXT,linked-library,toolchain-or-library:xx,ghidra+map-public,,,,true,1,0,1,target-unpacked-ghidra+candidate-map,
th04-op-boundary-079d1,th04-op,mz-load-module,0x79D1,0x179D1,0x79D1,0x5,0x5,provisional,library,exclude,excluded,FUN_1000_79d1,,xx,_TEXT,linked-library,toolchain-or-library:xx,ghidra,,,,true,1,1,0,target-unpacked-ghidra+candidate-map,Ghidra-only boundary has no TLINK public or TASM PROC at its entry.
th04-op-boundary-079d6,th04-op,mz-load-module,0x79D6,0x179D6,0x79D6,0x47A,0x47F,provisional,library,exclude,excluded,_RaiseException,_RaiseException,xx,_TEXT,linked-library,toolchain-or-library:xx,ghidra+map-public,,,,false,3,1,4,target-unpacked-ghidra+candidate-map,Ghidra body is noncontiguous and requires control-flow reconciliation.
th04-op-boundary-07e7f,th04-op,mz-load-module,0x7E7F,0x17E7F,0x7E7F,0x46,0x50,provisional,library,exclude,excluded,FUN_1000_7e7f,,xx,_TEXT,linked-library,toolchain-or-library:xx,ghidra,,,,false,2,2,3,target-unpacked-ghidra+candidate-map,Ghidra-only boundary has no TLINK public or TASM PROC at its entry.
th04-op-boundary-07ecf,th04-op,mz-load-module,0x7ECF,0x17ECF,0x7ECF,0xD8,0xD8,provisional,library,exclude,excluded,FUN_1000_7ecf,,xx,_TEXT,linked-library,toolchain-or-library:xx,ghidra,,,,true,1,1,2,target-unpacked-ghidra+candidate-map,Ghidra-only boundary has no TLINK public or TASM PROC at its entry.
th04-op-boundary-07fa7,th04-op,mz-load-module,0x7FA7,0x17FA7,0x7FA7,0x57,0x57,corroborated,library,exclude,excluded,_catchcleanup(),_catchcleanup(),xx,_TEXT,linked-library,toolchain-or-library:xx,ghidra+map-public,,,,true,1,0,0,target-unpacked-ghidra+candidate-map,
th04-op-boundary-08024,th04-op,mz-load-module,0x8024,0x18024,0x8024,0xCC,0xCC,provisional,library,exclude,excluded,FUN_1000_8024,,xx,_TEXT,linked-library,toolchain-or-library:xx,ghidra,,,,true,1,2,2,target-unpacked-ghidra+candidate-map,Ghidra-only boundary has no TLINK public or TASM PROC at its entry.
th04-op-boundary-080f0,th04-op,mz-load-module,0x80F0,0x180F0,0x80F0,0x83,0x83,provisional,library,exclude,excluded,FUN_1000_80f0,,xx,_TEXT,linked-library,toolchain-or-library:xx,ghidra,,,,true,1,1,1,target-unpacked-ghidra+candidate-map,Ghidra-only boundary has no TLINK public or TASM PROC at its entry.
th04-op-boundary-08173,th04-op,mz-load-module,0x8173,0x18173,0x8173,0xA3,0xA3,provisional,library,exclude,excluded,FUN_1000_8173,,xx,_TEXT,linked-library,toolchain-or-library:xx,ghidra,,,,true,1,0,0,target-unpacked-ghidra+candidate-map,Ghidra-only boundary has no TLINK public or TASM PROC at its entry.
th04-op-boundary-08216,th04-op,mz-load-module,0x8216,0x18216,0x8216,0x203,0x203,excluded,library,exclude,excluded,switchD_1000:af4c::caseD_0,,xx,_TEXT,linked-library,toolchain-or-library:xx,ghidra,,,,true,1,0,6,target-unpacked-ghidra+candidate-map,"Ghidra entry is a switch/data/non-code artifact, not an accepted function boundary."
th04-op-boundary-08419,th04-op,mz-load-module,0x8419,0x18419,0x8419,0x1BF,0x1BF,provisional,library,exclude,excluded,FUN_1000_8419,,xx,_TEXT,linked-library,toolchain-or-library:xx,ghidra,,,,true,1,1,2,target-unpacked-ghidra+candidate-map,Ghidra-only boundary has no TLINK public or TASM PROC at its entry.
th04-op-boundary-085e4,th04-op,mz-load-module,0x85E4,0x185E4,0x85E4,0x0,0x0,provisional,library,exclude,excluded,__Local_unwind,__Local_unwind,xx,_TEXT,linked-library,toolchain-or-library:xx,map-public,,,,,,,,target-unpacked-ghidra+candidate-map,TLINK public has no corresponding Ghidra function entry.
th04-op-boundary-08604,th04-op,mz-load-module,0x8604,0x18604,0x8604,0x2A,0x2A,corroborated,library,exclude,excluded,__Return_unwind,__Return_unwind,xx,_TEXT,linked-library,toolchain-or-library:xx,ghidra+map-public,,,,true,1,0,1,target-unpacked-ghidra+candidate-map,
th04-op-boundary-0862e,th04-op,mz-load-module,0x862E,0x1862E,0x862E,0x84,0x84,provisional,library,exclude,excluded,FUN_1000_862e,,xx,_TEXT,linked-library,toolchain-or-library:xx,ghidra,,,,true,1,0,1,target-unpacked-ghidra+candidate-map,Ghidra-only boundary has no TLINK public or TASM PROC at its entry.
th04-op-boundary-086ba,th04-op,mz-load-module,0x86BA,0x186BA,0x86BA,0x0,0x0,provisional,library,exclude,excluded,__ExceptionHandler,__ExceptionHandler,xx,_TEXT,linked-library,toolchain-or-library:xx,map-public,,,,,,,,target-unpacked-ghidra+candidate-map,TLINK public has no corresponding Ghidra function entry.
th04-op-boundary-08a84,th04-op,mz-load-module,0x8A84,0x18A84,0x8A84,0x5A,0x6C,provisional,library,exclude,excluded,FUN_1000_8a84,,xx,_TEXT,linked-library,toolchain-or-library:xx,ghidra,,,,false,3,1,3,target-unpacked-ghidra+candidate-map,Ghidra-only boundary has no TLINK public or TASM PROC at its entry.
th04-op-boundary-08af0,th04-op,mz-load-module,0x8AF0,0x18AF0,0x8AF0,0x81,0x81,provisional,library,exclude,excluded,FUN_1000_8af0,,xx,_TEXT,linked-library,toolchain-or-library:xx,ghidra,,,,true,1,1,1,target-unpacked-ghidra+candidate-map,Ghidra-only boundary has no TLINK public or TASM PROC at its entry.
th04-op-boundary-08b71,th04-op,mz-load-module,0x8B71,0x18B71,0x8B71,0x2CB,0x2CB,provisional,library,exclude,excluded,FUN_1000_8b71,,xx,_TEXT,linked-library,toolchain-or-library:xx,ghidra,,,,true,1,4,4,target-unpacked-ghidra+candidate-map,Ghidra-only boundary has no TLINK public or TASM PROC at its entry.
th04-op-boundary-08e3c,th04-op,mz-load-module,0x8E3C,0x18E3C,0x8E3C,0x102,0x102,provisional,library,exclude,excluded,FUN_1000_8e3c,,xx,_TEXT,linked-library,toolchain-or-library:xx,ghidra,,,,true,1,2,3,target-unpacked-ghidra+candidate-map,Ghidra-only boundary has no TLINK public or TASM PROC at its entry.
th04-op-boundary-08f3e,th04-op,mz-load-module,0x8F3E,0x18F3E,0x8F3E,0xB1,0xB1,provisional,library,exclude,excluded,FUN_1000_8f3e,,xx,_TEXT,linked-library,toolchain-or-library:xx,ghidra,,,,true,1,1,0,target-unpacked-ghidra+candidate-map,Ghidra-only boundary has no TLINK public or TASM PROC at its entry.
th04-op-boundary-08fef,th04-op,mz-load-module,0x8FEF,0x18FEF,0x8FEF,0x40B,0x40B,provisional,library,exclude,excluded,FUN_1000_8fef,,xx,_TEXT,linked-library,toolchain-or-library:xx,ghidra,,,,true,1,1,7,target-unpacked-ghidra+candidate-map,Ghidra-only boundary has no TLINK public or TASM PROC at its entry.
th04-op-boundary-093fa,th04-op,mz-load-module,0x93FA,0x193FA,0x93FA,0x55,0x55,corroborated,library,exclude,excluded,__CurrExcContext,__CurrExcContext,xx,_TEXT,linked-library,toolchain-or-library:xx,ghidra+map-public,,,,true,1,0,1,target-unpacked-ghidra+candidate-map,
th04-op-boundary-0944f,th04-op,mz-load-module,0x944F,0x1944F,0x944F,0x0,0x0,provisional,library,exclude,excluded,__throwfilename(),__throwfilename(),xx,_TEXT,linked-library,toolchain-or-library:xx,map-public,,,,,,,,target-unpacked-ghidra+candidate-map,TLINK public has no corresponding Ghidra function entry.
th04-op-boundary-09461,th04-op,mz-load-module,0x9461,0x19461,0x9461,0x0,0x0,provisional,library,exclude,excluded,__throwlinenumber(),__throwlinenumber(),xx,_TEXT,linked-library,toolchain-or-library:xx,map-public,,,,,,,,target-unpacked-ghidra+candidate-map,TLINK public has no corresponding Ghidra function entry.
th04-op-boundary-0946f,th04-op,mz-load-module,0x946F,0x1946F,0x946F,0x0,0x0,provisional,library,exclude,excluded,__throwexceptionname(),__throwexceptionname(),xx,_TEXT,linked-library,toolchain-or-library:xx,map-public,,,,,,,,target-unpacked-ghidra+candidate-map,TLINK public has no corresponding Ghidra function entry.
th04-op-boundary-09481,th04-op,mz-load-module,0x9481,0x19481,0x9481,0x6E,0x6E,corroborated,library,exclude,excluded,typeinfo::typeinfo(const typeinfo far&),typeinfo::typeinfo(const typeinfo far&),xx,_TEXT,linked-library,toolchain-or-library:xx,ghidra+map-public,,,,true,1,0,2,target-unpacked-ghidra+candidate-map,
th04-op-boundary-094ef,th04-op,mz-load-module,0x94EF,0x194EF,0x94EF,0xF,0xF,corroborated,library,exclude,excluded,typeinfo::operator =(const typeinfo far&),typeinfo::operator =(const typeinfo far&),xx,_TEXT,linked-library,toolchain-or-library:xx,ghidra+map-public,,,,true,1,0,0,target-unpacked-ghidra+candidate-map,
th04-op-boundary-094fe,th04-op,mz-load-module,0x94FE,0x194FE,0x94FE,0x34,0x34,corroborated,library,exclude,excluded,typeinfo::~typeinfo(),typeinfo::~typeinfo(),xx,_TEXT,linked-library,toolchain-or-library:xx,ghidra+map-public,,,,true,1,0,1,target-unpacked-ghidra+candidate-map,
th04-op-boundary-09532,th04-op,mz-load-module,0x9532,0x19532,0x9532,0x26,0x26,corroborated,library,exclude,excluded,typeinfo::operator ==(const typeinfo far&) const,typeinfo::operator ==(const typeinfo far&) const,xx,_TEXT,linked-library,toolchain-or-library:xx,ghidra+map-public,,,,true,1,1,1,target-unpacked-ghidra+candidate-map,
th04-op-boundary-09558,th04-op,mz-load-module,0x9558,0x19558,0x9558,0x21,0x21,corroborated,library,exclude,excluded,typeinfo::operator !=(const typeinfo far&) const,typeinfo::operator !=(const typeinfo far&) const,xx,_TEXT,linked-library,toolchain-or-library:xx,ghidra+map-public,,,,true,1,0,1,target-unpacked-ghidra+candidate-map,
th04-op-boundary-09579,th04-op,mz-load-module,0x9579,0x19579,0x9579,0x78,0x78,corroborated,library,exclude,excluded,typeinfo::before(const typeinfo far&) const,typeinfo::before(const typeinfo far&) const,xx,_TEXT,linked-library,toolchain-or-library:xx,ghidra+map-public,,,,true,1,0,1,target-unpacked-ghidra+candidate-map,
th04-op-boundary-095f1,th04-op,mz-load-module,0x95F1,0x195F1,0x95F1,0x1A,0x1A,corroborated,library,exclude,excluded,typeinfo::name() const,typeinfo::name() const,xx,_TEXT,linked-library,toolchain-or-library:xx,ghidra+map-public,,,,true,1,0,1,target-unpacked-ghidra+candidate-map,
th04-op-boundary-0960b,th04-op,mz-load-module,0x960B,0x1960B,0x960B,0x83,0x83,corroborated,library,exclude,excluded,"__gettypeinfo(void far*,void far*,void far*,void far*)","__gettypeinfo(void far*,void far*,void far*,void far*)",xx,_TEXT,linked-library,toolchain-or-library:xx,ghidra+map-public,,,,true,1,0,1,target-unpacked-ghidra+candidate-map,
th04-op-boundary-0968e,th04-op,mz-load-module,0x968E,0x1968E,0x968E,0x246,0x246,provisional,library,exclude,excluded,FUN_1000_968e,,xx,_TEXT,linked-library,toolchain-or-library:xx,ghidra,,,,true,1,2,2,target-unpacked-ghidra+candidate-map,Ghidra-only boundary has no TLINK public or TASM PROC at its entry.
th04-op-boundary-098d4,th04-op,mz-load-module,0x98D4,0x198D4,0x98D4,0x165,0x165,corroborated,library,exclude,excluded,"__dynamiccast(void far*,void far*,void far*,void far*,int)","__dynamiccast(void far*,void far*,void far*,void far*,int)",xx,_TEXT,linked-library,toolchain-or-library:xx,ghidra+map-public,,,,true,1,0,3,target-unpacked-ghidra+candidate-map,
th04-op-boundary-09ac1,th04-op,mz-load-module,0x9AC1,0x19AC1,0x9AC1,0x137,0x137,corroborated,library,exclude,excluded,__DOSCMD,__DOSCMD,doscmd,_TEXT,linked-library,toolchain-or-library:doscmd,ghidra+map-public,,,,true,1,1,3,target-unpacked-ghidra+candidate-map,
th04-op-boundary-09d5f,th04-op,mz-load-module,0x9D5F,0x19D5F,0x9D5F,0x0,0x0,provisional,library,exclude,excluded,__exec,__exec,exec,_TEXT,linked-library,toolchain-or-library:exec,map-public,,,,,,,,target-unpacked-ghidra+candidate-map,TLINK public has no corresponding Ghidra function entry.
th04-op-boundary-09f9d,th04-op,mz-load-module,0x9F9D,0x19F9D,0x9F9D,0x23,0x23,corroborated,library,exclude,excluded,_execl,_execl,execl,_TEXT,linked-library,toolchain-or-library:execl,ghidra+map-public,,,,true,1,3,1,target-unpacked-ghidra+candidate-map,
th04-op-boundary-09fc0,th04-op,mz-load-module,0x9FC0,0x19FC0,0x9FC0,0x20,0x20,corroborated,library,exclude,excluded,_setblock,_setblock,setblock,_TEXT,linked-library,toolchain-or-library:setblock,ghidra+map-public,,,,true,1,1,1,target-unpacked-ghidra+candidate-map,
th04-op-boundary-0a11a,th04-op,mz-load-module,0xA11A,0x1A11A,0xA11A,0x4D,0x4D,provisional,library,exclude,excluded,FUN_1000_a11a,,ctor3,_TEXT,linked-library,toolchain-or-library:ctor3,ghidra,,,,true,1,0,3,target-unpacked-ghidra+candidate-map,Ghidra-only boundary has no TLINK public or TASM PROC at its entry.
th04-op-boundary-0a2cb,th04-op,mz-load-module,0xA2CB,0x1A2CB,0xA2CB,0x4D,0x4D,provisional,library,exclude,excluded,FUN_1000_a2cb,,strings,_TEXT,linked-library,toolchain-or-library:strings,ghidra,,,,true,1,0,3,target-unpacked-ghidra+candidate-map,Ghidra-only boundary has no TLINK public or TASM PROC at its entry.
th04-op-boundary-0a318,th04-op,mz-load-module,0xA318,0x1A318,0xA318,0x4D,0x4D,provisional,library,exclude,excluded,FUN_1000_a318,,strings,_TEXT,linked-library,toolchain-or-library:strings,ghidra,,,,true,1,0,3,target-unpacked-ghidra+candidate-map,Ghidra-only boundary has no TLINK public or TASM PROC at its entry.
th04-op-boundary-0a365,th04-op,mz-load-module,0xA365,0x1A365,0xA365,0x4D,0x4D,provisional,library,exclude,excluded,FUN_1000_a365,,strings,_TEXT,linked-library,toolchain-or-library:strings,ghidra,,,,true,1,0,3,target-unpacked-ghidra+candidate-map,Ghidra-only boundary has no TLINK public or TASM PROC at its entry.
th04-op-boundary-0a3b2,th04-op,mz-load-module,0xA3B2,0x1A3B2,0xA3B2,0x1D,0x1D,corroborated,library,exclude,excluded,_getch,_getch,getch,_TEXT,linked-library,toolchain-or-library:getch,ghidra+map-public,,,,true,1,1,0,target-unpacked-ghidra+candidate-map,
th04-op-boundary-0a3cf,th04-op,mz-load-module,0xA3CF,0x1A3CF,0xA3CF,0x0,0x0,provisional,library,exclude,excluded,_kbhit,_kbhit,kbhit,_TEXT,linked-library,toolchain-or-library:kbhit,map-public,,,,,,,,target-unpacked-ghidra+candidate-map,TLINK public has no corresponding Ghidra function entry.
th04-op-boundary-0a3e5,th04-op,mz-load-module,0xA3E5,0x1A3E5,0xA3E5,0x84,0x84,provisional,library,exclude,excluded,FUN_1000_a3e5,,loadprog,_TEXT,linked-library,toolchain-or-library:loadprog,ghidra,,,,true,1,1,1,target-unpacked-ghidra+candidate-map,Ghidra-only boundary has no TLINK public or TASM PROC at its entry.
th04-op-boundary-0a469,th04-op,mz-load-module,0xA469,0x1A469,0xA469,0x89,0x89,provisional,library,exclude,excluded,FUN_1000_a469,,loadprog,_TEXT,linked-library,toolchain-or-library:loadprog,ghidra,,,,true,1,1,4,target-unpacked-ghidra+candidate-map,Ghidra-only boundary has no TLINK public or TASM PROC at its entry.
th04-op-boundary-0a4f2,th04-op,mz-load-module,0xA4F2,0x1A4F2,0xA4F2,0x25A,0x25A,corroborated,library,exclude,excluded,__LoadProg,__LoadProg,loadprog,_TEXT,linked-library,toolchain-or-library:loadprog,ghidra+map-public,,,,true,1,1,10,target-unpacked-ghidra+candidate-map,
th04-op-boundary-0a74c,th04-op,mz-load-module,0xA74C,0x1A74C,0xA74C,0xA4,0xA4,corroborated,authored,reconstruct,unreviewed,cfg_load(),cfg_load(),th04/op_main.cpp,OP_MAIN_TEXT,candidate-cpp,candidate:th04/op_main.cpp,ghidra+map-public,,,,true,1,1,3,target-unpacked-ghidra+candidate-map,
th04-op-boundary-0a7f0,th04-op,mz-load-module,0xA7F0,0x1A7F0,0xA7F0,0x83,0x83,corroborated,authored,reconstruct,unreviewed,cfg_save(),cfg_save(),th04/op_main.cpp,OP_MAIN_TEXT,candidate-cpp,candidate:th04/op_main.cpp,ghidra+map-public,,,,true,1,3,4,target-unpacked-ghidra+candidate-map,
th04-op-boundary-0a873,th04-op,mz-load-module,0xA873,0x1A873,0xA873,0x7E,0x7E,corroborated,authored,reconstruct,unreviewed,cfg_save_exit(),cfg_save_exit(),th04/op_main.cpp,OP_MAIN_TEXT,candidate-cpp,candidate:th04/op_main.cpp,ghidra+map-public,,,,true,1,1,5,target-unpacked-ghidra+candidate-map,
th04-op-boundary-0a8f1,th04-op,mz-load-module,0xA8F1,0x1A8F1,0xA8F1,0x7B,0x7B,corroborated,authored,reconstruct,unreviewed,start_game(),start_game(),th04/op_main.cpp,OP_MAIN_TEXT,candidate-cpp,candidate:th04/op_main.cpp,ghidra+map-public,,,,true,1,0,7,target-unpacked-ghidra+candidate-map,
th04-op-boundary-0a96c,th04-op,mz-load-module,0xA96C,0x1A96C,0xA96C,0x5D,0x5D,corroborated,authored,reconstruct,unreviewed,start_extra(),start_extra(),th04/op_main.cpp,OP_MAIN_TEXT,candidate-cpp,candidate:th04/op_main.cpp,ghidra+map-public,,,,true,1,0,7,target-unpacked-ghidra+candidate-map,
th04-op-boundary-0a9c9,th04-op,mz-load-module,0xA9C9,0x1A9C9,0xA9C9,0x202,0x4AB7,provisional,authored,reconstruct,unreviewed,start_demo(),start_demo(),th04/op_main.cpp,OP_MAIN_TEXT,candidate-cpp,candidate:th04/op_main.cpp,ghidra+map-public,,,,false,4,1,9,target-unpacked-ghidra+candidate-map,Ghidra body is noncontiguous and requires control-flow reconciliation.
th04-op-boundary-0aab5,th04-op,mz-load-module,0xAAB5,0x1AAB5,0xAAB5,0xAF,0x115,provisional,authored,reconstruct,unreviewed,"main_unput_and_put(int,unsigned int)","main_unput_and_put(int,unsigned int)",th04/op_main.cpp,OP_MAIN_TEXT,candidate-cpp,candidate:th04/op_main.cpp,ghidra+map-public,,,,false,2,1,5,target-unpacked-ghidra+candidate-map,Ghidra body is noncontiguous and requires control-flow reconciliation.
th04-op-boundary-0abd7,th04-op,mz-load-module,0xABD7,0x1ABD7,0xABD7,0x101,0x1EBD,provisional,authored,reconstruct,unreviewed,"option_unput_and_put(int,unsigned int)","option_unput_and_put(int,unsigned int)",th04/op_main.cpp,OP_MAIN_TEXT,candidate-cpp,candidate:th04/op_main.cpp,ghidra+map-public,,,,false,3,1,7,target-unpacked-ghidra+candidate-map,Ghidra body is noncontiguous and requires control-flow reconciliation.
th04-op-boundary-0ae28,th04-op,mz-load-module,0xAE28,0x1AE28,0xAE28,0x6E,0x6E,corroborated,authored,reconstruct,unreviewed,"menu_sel_update_and_render(char,char)","menu_sel_update_and_render(char,char)",th04/op_main.cpp,OP_MAIN_TEXT,candidate-cpp,candidate:th04/op_main.cpp,ghidra+map-public,,,,true,1,2,3,target-unpacked-ghidra+candidate-map,
th04-op-boundary-0ae96,th04-op,mz-load-module,0xAE96,0x1AE96,0xAE96,0x11A,0xAA45,provisional,authored,reconstruct,unreviewed,main_update_and_render(),main_update_and_render(),th04/op_main.cpp,OP_MAIN_TEXT,candidate-cpp,candidate:th04/op_main.cpp,ghidra+map-public,,,,false,5,1,7,target-unpacked-ghidra+candidate-map,Ghidra body is noncontiguous and requires control-flow reconciliation.
th04-op-boundary-0b052,th04-op,mz-load-module,0xB052,0x1B052,0xB052,0x263,0x4D3F,provisional,authored,reconstruct,unreviewed,option_update_and_render(),option_update_and_render(),th04/op_main.cpp,OP_MAIN_TEXT,candidate-cpp,candidate:th04/op_main.cpp,ghidra+map-public,,,,false,6,1,9,target-unpacked-ghidra+candidate-map,Ghidra body is noncontiguous and requires control-flow reconciliation.
th04-op-boundary-0b377,th04-op,mz-load-module,0xB377,0x1B377,0xB377,0x128,0x128,corroborated,authored,reconstruct,unreviewed,_main,_main,th04/op_main.cpp,OP_MAIN_TEXT,candidate-cpp,candidate:th04/op_main.cpp,ghidra+map-public,,,,true,1,1,26,target-unpacked-ghidra+candidate-map,
th04-op-boundary-0b49f,th04-op,mz-load-module,0xB49F,0x1B49F,0xB49F,0x7A,0x7A,corroborated,authored,reconstruct,unreviewed,"window_dropdown_put(int,int)","window_dropdown_put(int,int)",th04/op_setup.cpp,OP_SETUP_TEXT,candidate-cpp,candidate:th04/op_setup.cpp,ghidra+map-public,,,,true,1,1,2,target-unpacked-ghidra+candidate-map,
th04-op-boundary-0b519,th04-op,mz-load-module,0xB519,0x1B519,0xB519,0x59,0x59,corroborated,authored,reconstruct,unreviewed,"window_rollup_put(int,int)","window_rollup_put(int,int)",th04/op_setup.cpp,OP_SETUP_TEXT,candidate-cpp,candidate:th04/op_setup.cpp,ghidra+map-public,,,,true,1,1,2,target-unpacked-ghidra+candidate-map,
th04-op-boundary-0b572,th04-op,mz-load-module,0xB572,0x1B572,0xB572,0x70,0x70,corroborated,authored,reconstruct,unreviewed,"dropdown(int,int)","dropdown(int,int)",th04/op_setup.cpp,OP_SETUP_TEXT,candidate-cpp,candidate:th04/op_setup.cpp,ghidra+map-public,,,,true,1,2,3,target-unpacked-ghidra+candidate-map,
th04-op-boundary-0b5e2,th04-op,mz-load-module,0xB5E2,0x1B5E2,0xB5E2,0x7A,0x7A,corroborated,authored,reconstruct,unreviewed,"singleline(int,int)","singleline(int,int)",th04/op_setup.cpp,OP_SETUP_TEXT,candidate-cpp,candidate:th04/op_setup.cpp,ghidra+map-public,,,,true,1,2,2,target-unpacked-ghidra+candidate-map,
th04-op-boundary-0b65c,th04-op,mz-load-module,0xB65C,0x1B65C,0xB65C,0x3C,0x3C,corroborated,authored,reconstruct,unreviewed,"rollup(int,int)","rollup(int,int)",th04/op_setup.cpp,OP_SETUP_TEXT,candidate-cpp,candidate:th04/op_setup.cpp,ghidra+map-public,,,,true,1,2,2,target-unpacked-ghidra+candidate-map,
th04-op-boundary-0b698,th04-op,mz-load-module,0xB698,0x1B698,0xB698,0x4F,0x4F,corroborated,authored,reconstruct,unreviewed,"bgm_choice_put(int,unsigned int)","bgm_choice_put(int,unsigned int)",th04/op_setup.cpp,OP_SETUP_TEXT,candidate-cpp,candidate:th04/op_setup.cpp,ghidra+map-public,,,,true,1,1,1,target-unpacked-ghidra+candidate-map,
th04-op-boundary-0b6e7,th04-op,mz-load-module,0xB6E7,0x1B6E7,0xB6E7,0x51,0x51,corroborated,authored,reconstruct,unreviewed,"se_choice_put(int,unsigned int)","se_choice_put(int,unsigned int)",th04/op_setup.cpp,OP_SETUP_TEXT,candidate-cpp,candidate:th04/op_setup.cpp,ghidra+map-public,,,,true,1,1,1,target-unpacked-ghidra+candidate-map,
th04-op-boundary-0b738,th04-op,mz-load-module,0xB738,0x1B738,0xB738,0x2E,0x2E,corroborated,authored,reconstruct,unreviewed,bgm_help_put(),bgm_help_put(),th04/op_setup.cpp,OP_SETUP_TEXT,candidate-cpp,candidate:th04/op_setup.cpp,ghidra+map-public,,,,true,1,1,1,target-unpacked-ghidra+candidate-map,
th04-op-boundary-0b766,th04-op,mz-load-module,0xB766,0x1B766,0xB766,0x2E,0x2E,corroborated,authored,reconstruct,unreviewed,se_help_put(),se_help_put(),th04/op_setup.cpp,OP_SETUP_TEXT,candidate-cpp,candidate:th04/op_setup.cpp,ghidra+map-public,,,,true,1,1,1,target-unpacked-ghidra+candidate-map,
th04-op-boundary-0b794,th04-op,mz-load-module,0xB794,0x1B794,0xB794,0x11D,0x11D,corroborated,authored,reconstruct,unreviewed,setup_bgm_menu(),setup_bgm_menu(),th04/op_setup.cpp,OP_SETUP_TEXT,candidate-cpp,candidate:th04/op_setup.cpp,ghidra+map-public,,,,true,1,1,8,target-unpacked-ghidra+candidate-map,
th04-op-boundary-0b8b1,th04-op,mz-load-module,0xB8B1,0x1B8B1,0xB8B1,0x11D,0x11D,corroborated,authored,reconstruct,unreviewed,setup_se_menu(),setup_se_menu(),th04/op_setup.cpp,OP_SETUP_TEXT,candidate-cpp,candidate:th04/op_setup.cpp,ghidra+map-public,,,,true,1,1,8,target-unpacked-ghidra+candidate-map,
th04-op-boundary-0b9ce,th04-op,mz-load-module,0xB9CE,0x1B9CE,0xB9CE,0x77,0x77,corroborated,authored,reconstruct,unreviewed,setup_menu(),setup_menu(),th04/op_setup.cpp,OP_SETUP_TEXT,candidate-cpp,candidate:th04/op_setup.cpp,ghidra+map-public,,,,true,1,1,13,target-unpacked-ghidra+candidate-map,
th04-op-boundary-0ba45,th04-op,mz-load-module,0xBA45,0x1BA45,0xBA45,0x84,0x84,corroborated,authored,reconstruct,unreviewed,ZUNSOFT_PYRO_NEW,ZUNSOFT_PYRO_NEW,th04_op.asm,OP_MUSIC_TEXT,target-derived-asm,candidate:th04_op.asm,ghidra+map-public,,,,true,1,0,1,target-unpacked-ghidra+candidate-map,
th04-op-boundary-0bac9,th04-op,mz-load-module,0xBAC9,0x1BAC9,0xBAC9,0x12B,0x12B,corroborated,authored,reconstruct,unreviewed,ZUNSOFT_UPDATE_AND_RENDER,ZUNSOFT_UPDATE_AND_RENDER,th04_op.asm,OP_MUSIC_TEXT,target-derived-asm,candidate:th04_op.asm,ghidra+map-public,,,,true,1,1,3,target-unpacked-ghidra+candidate-map,
th04-op-boundary-0bbf4,th04-op,mz-load-module,0xBBF4,0x1BBF4,0xBBF4,0x41,0x41,corroborated,authored,reconstruct,unreviewed,ZUNSOFT_PALETTE_UPDATE_AND_SHOW,ZUNSOFT_PALETTE_UPDATE_AND_SHOW,th04_op.asm,OP_MUSIC_TEXT,target-derived-asm,candidate:th04_op.asm,ghidra+map-public+tasm-proc,zunsoft_palette_update_and_show,near,20007,true,1,1,1,target-unpacked-ghidra+candidate-map,
th04-op-boundary-0bc35,th04-op,mz-load-module,0xBC35,0x1BC35,0xBC35,0x20A,0x26F,provisional,authored,reconstruct,unreviewed,zunsoft_animate(),zunsoft_animate(),th04_op.asm,OP_MUSIC_TEXT,target-derived-asm,candidate:th04_op.asm,ghidra+map-public+tasm-proc,@zunsoft_animate$qv,near,20052,false,2,1,21,target-unpacked-ghidra+candidate-map,Ghidra body is noncontiguous and requires control-flow reconciliation.
th04-op-boundary-0bed5,th04-op,mz-load-module,0xBED5,0x1BED5,0xBED5,0x6C,0x6C,corroborated,authored,reconstruct,unreviewed,"track_put_both(unsigned char,unsigned char)","track_put_both(unsigned char,unsigned char)",th04/op_music.cpp,OP_MUSIC_TEXT,candidate-cpp,candidate:th04/op_music.cpp,ghidra+map-public,,,,true,1,2,1,target-unpacked-ghidra+candidate-map,
th04-op-boundary-0bf41,th04-op,mz-load-module,0xBF41,0x1BF41,0xBF41,0x27,0x27,corroborated,authored,reconstruct,unreviewed,tracklist_put_both(unsigned char),tracklist_put_both(unsigned char),th04/op_music.cpp,OP_MUSIC_TEXT,candidate-cpp,candidate:th04/op_music.cpp,ghidra+map-public,,,,true,1,1,1,target-unpacked-ghidra+candidate-map,
th04-op-boundary-0bf68,th04-op,mz-load-module,0xBF68,0x1BF68,0xBF68,0x31,0x31,corroborated,authored,reconstruct,unreviewed,nopoly_b_snap(),nopoly_b_snap(),th04/op_music.cpp,OP_MUSIC_TEXT,candidate-cpp,candidate:th04/op_music.cpp,ghidra+map-public,,,,true,1,1,1,target-unpacked-ghidra+candidate-map,
th04-op-boundary-0bf99,th04-op,mz-load-module,0xBF99,0x1BF99,0xBF99,0xE,0xE,corroborated,authored,reconstruct,unreviewed,nopoly_b_free(),nopoly_b_free(),th04/op_music.cpp,OP_MUSIC_TEXT,candidate-cpp,candidate:th04/op_music.cpp,ghidra+map-public,,,,true,1,1,1,target-unpacked-ghidra+candidate-map,
th04-op-boundary-0bfa7,th04-op,mz-load-module,0xBFA7,0x1BFA7,0xBFA7,0x1E,0x1E,corroborated,authored,reconstruct,unreviewed,nopoly_b_put(),nopoly_b_put(),th04/op_music.cpp,OP_MUSIC_TEXT,candidate-cpp,candidate:th04/op_music.cpp,ghidra+map-public,,,,true,1,2,0,target-unpacked-ghidra+candidate-map,
th04-op-boundary-0bfc5,th04-op,mz-load-module,0xBFC5,0x1BFC5,0xBFC5,0x89,0x89,corroborated,authored,reconstruct,unreviewed,"polygon_build(screen_point_t near*,int,space_changing_pixel_t,int,int,unsigned char)","polygon_build(screen_point_t near*,int,space_changing_pixel_t,int,int,unsigned char)",th04/op_music.cpp,OP_MUSIC_TEXT,candidate-cpp,candidate:th04/op_music.cpp,ghidra+map-public,,,,true,1,1,1,target-unpacked-ghidra+candidate-map,
th04-op-boundary-0c04e,th04-op,mz-load-module,0xC04E,0x1C04E,0xC04E,0x18D,0x1F6,provisional,authored,reconstruct,unreviewed,polygons_update_and_render(),polygons_update_and_render(),th04/op_music.cpp,OP_MUSIC_TEXT,candidate-cpp,candidate:th04/op_music.cpp,ghidra+map-public,,,,false,2,1,3,target-unpacked-ghidra+candidate-map,Ghidra body is noncontiguous and requires control-flow reconciliation.
th04-op-boundary-0c244,th04-op,mz-load-module,0xC244,0x1C244,0xC244,0x37,0x37,corroborated,authored,reconstruct,unreviewed,music_update_render_and_flip(),music_update_render_and_flip(),th04/op_music.cpp,OP_MUSIC_TEXT,candidate-cpp,candidate:th04/op_music.cpp,ghidra+map-public,,,,true,1,4,4,target-unpacked-ghidra+candidate-map,
th04-op-boundary-0c27b,th04-op,mz-load-module,0xC27B,0x1C27B,0xC27B,0x49,0x49,corroborated,authored,reconstruct,unreviewed,cmt_load(int),cmt_load(int),th04/op_music.cpp,OP_MUSIC_TEXT,candidate-cpp,candidate:th04/op_music.cpp,ghidra+map-public,,,,true,1,1,4,target-unpacked-ghidra+candidate-map,
th04-op-boundary-0c2c4,th04-op,mz-load-module,0xC2C4,0x1C2C4,0xC2C4,0x4A,0x4A,corroborated,authored,reconstruct,unreviewed,cmt_put(),cmt_put(),th04/op_music.cpp,OP_MUSIC_TEXT,candidate-cpp,candidate:th04/op_music.cpp,ghidra+map-public,,,,true,1,2,1,target-unpacked-ghidra+candidate-map,
th04-op-boundary-0c30e,th04-op,mz-load-module,0xC30E,0x1C30E,0xC30E,0x31,0x31,corroborated,authored,reconstruct,unreviewed,cmt_fadein_both_animate(),cmt_fadein_both_animate(),th04/op_music.cpp,OP_MUSIC_TEXT,candidate-cpp,candidate:th04/op_music.cpp,ghidra+map-public,,,,true,1,1,2,target-unpacked-ghidra+candidate-map,
th04-op-boundary-0c33f,th04-op,mz-load-module,0xC33F,0x1C33F,0xC33F,0x30,0x30,corroborated,authored,reconstruct,unreviewed,cmt_unput_both_animate(),cmt_unput_both_animate(),th04/op_music.cpp,OP_MUSIC_TEXT,candidate-cpp,candidate:th04/op_music.cpp,ghidra+map-public,,,,true,1,1,2,target-unpacked-ghidra+candidate-map,
th04-op-boundary-0c36f,th04-op,mz-load-module,0xC36F,0x1C36F,0xC36F,0x48,0x48,corroborated,authored,reconstruct,unreviewed,cmt_load_unput_and_put_both_anim(int),cmt_load_unput_and_put_both_anim(int),th04/op_music.cpp,OP_MUSIC_TEXT,candidate-cpp,candidate:th04/op_music.cpp,ghidra+map-public,,,,true,1,1,7,target-unpacked-ghidra+candidate-map,
th04-op-boundary-0c3b7,th04-op,mz-load-module,0xC3B7,0x1C3B7,0xC3B7,0x1C3,0x1C3,corroborated,authored,reconstruct,unreviewed,musicroom_menu(),musicroom_menu(),th04/op_music.cpp,OP_MUSIC_TEXT,candidate-cpp,candidate:th04/op_music.cpp,ghidra+map-public,,,,true,1,0,21,target-unpacked-ghidra+candidate-map,
th04-op-boundary-0c57a,th04-op,mz-load-module,0xC57A,0x1C57A,0xC57A,0xAD,0xAD,corroborated,authored,reconstruct,unreviewed,scoredat_decode(),scoredat_decode(),th04/score_db.cpp,SCORE_TEXT,candidate-cpp,candidate:th04/score_db.cpp,ghidra+map-public,,,,true,1,2,0,target-unpacked-ghidra+candidate-map,
th04-op-boundary-0c627,th04-op,mz-load-module,0xC627,0x1C627,0xC627,0x65,0x65,corroborated,authored,reconstruct,unreviewed,scoredat_encode(),scoredat_encode(),th04/score_e.cpp,SCORE_TEXT,candidate-cpp,candidate:th04/score_e.cpp,ghidra+map-public,,,,true,1,1,1,target-unpacked-ghidra+candidate-map,
th04-op-boundary-0c68c,th04-op,mz-load-module,0xC68C,0x1C68C,0xC68C,0xA7,0xA7,corroborated,authored,reconstruct,unreviewed,scoredat_recreate(),scoredat_recreate(),th04/hi_view.cpp,SCORE_TEXT,candidate-cpp,candidate:th04/hi_view.cpp,ghidra+map-public,,,,true,1,1,5,target-unpacked-ghidra+candidate-map,
th04-op-boundary-0c733,th04-op,mz-load-module,0xC733,0x1C733,0xC733,0x6B,0x6B,corroborated,authored,reconstruct,unreviewed,hiscore_scoredat_load_both(),hiscore_scoredat_load_both(),th04/hi_view.cpp,SCORE_TEXT,candidate-cpp,candidate:th04/hi_view.cpp,ghidra+map-public,,,,true,1,2,7,target-unpacked-ghidra+candidate-map,
th04-op-boundary-0c79e,th04-op,mz-load-module,0xC79E,0x1C79E,0xC79E,0x107,0x107,corroborated,authored,reconstruct,unreviewed,"scores_put(int,int)","scores_put(int,int)",th04/hi_view.cpp,SCORE_TEXT,candidate-cpp,candidate:th04/hi_view.cpp,ghidra+map-public,,,,true,1,1,1,target-unpacked-ghidra+candidate-map,
th04-op-boundary-0c8a5,th04-op,mz-load-module,0xC8A5,0x1C8A5,0xC8A5,0x50,0x50,corroborated,authored,reconstruct,unreviewed,"stage_put(int,int,int)","stage_put(int,int,int)",th04/hi_view.cpp,SCORE_TEXT,candidate-cpp,candidate:th04/hi_view.cpp,ghidra+map-public,,,,true,1,1,1,target-unpacked-ghidra+candidate-map,
th04-op-boundary-0c8f5,th04-op,mz-load-module,0xC8F5,0x1C8F5,0xC8F5,0x125,0x125,corroborated,authored,reconstruct,unreviewed,place_put(int),place_put(int),th04/hi_view.cpp,SCORE_TEXT,candidate-cpp,candidate:th04/hi_view.cpp,ghidra+map-public,,,,true,1,2,3,target-unpacked-ghidra+candidate-map,
th04-op-boundary-0ca1a,th04-op,mz-load-module,0xCA1A,0x1CA1A,0xCA1A,0x3C,0x3C,corroborated,authored,reconstruct,unreviewed,rank_render(),rank_render(),th04/hi_view.cpp,SCORE_TEXT,candidate-cpp,candidate:th04/hi_view.cpp,ghidra+map-public,,,,true,1,1,3,target-unpacked-ghidra+candidate-map,
th04-op-boundary-0ca94,th04-op,mz-load-module,0xCA94,0x1CA94,0xCA94,0x14F,0x14F,corroborated,authored,reconstruct,unreviewed,regist_view_menu(),regist_view_menu(),th04/hi_view.cpp,SCORE_TEXT,candidate-cpp,candidate:th04/hi_view.cpp,ghidra+map-public,,,,true,1,0,14,target-unpacked-ghidra+candidate-map,
th04-op-boundary-0cbe3,th04-op,mz-load-module,0xCBE3,0x1CBE3,0xCBE3,0xB4,0xB4,corroborated,authored,reconstruct,unreviewed,cleardata_and_regist_view_sprite(),cleardata_and_regist_view_sprite(),th04/hi_view.cpp,SCORE_TEXT,candidate-cpp,candidate:th04/hi_view.cpp,ghidra+map-public,,,,true,1,1,2,target-unpacked-ghidra+candidate-map,
th04-op-boundary-0cc97,th04-op,mz-load-module,0xCC97,0x1CC97,0xCC97,0x31,0x31,corroborated,authored,reconstruct,unreviewed,main_cdg_load(),main_cdg_load(),th04/op_title.cpp,OP_TITLE_TEXT,candidate-cpp,candidate:th04/op_title.cpp,ghidra+map-public,,,,true,1,1,2,target-unpacked-ghidra+candidate-map,
th04-op-boundary-0ccc8,th04-op,mz-load-module,0xCCC8,0x1CCC8,0xCCC8,0xA,0xA,corroborated,authored,reconstruct,unreviewed,main_cdg_free(),main_cdg_free(),th04/op_title.cpp,OP_TITLE_TEXT,candidate-cpp,candidate:th04/op_title.cpp,ghidra+map-public,,,,true,1,4,1,target-unpacked-ghidra+candidate-map,
th04-op-boundary-0ccd2,th04-op,mz-load-module,0xCCD2,0x1CCD2,0xCCD2,0x28C,0x28C,corroborated,authored,reconstruct,unreviewed,op_animate(),op_animate(),th04/op_title.cpp,OP_TITLE_TEXT,candidate-cpp,candidate:th04/op_title.cpp,ghidra+map-public,,,,true,1,1,12,target-unpacked-ghidra+candidate-map,
th04-op-boundary-0cf5e,th04-op,mz-load-module,0xCF5E,0x1CF5E,0xCF5E,0x1A1,0x1A1,corroborated,authored,reconstruct,unreviewed,raise_bg_allocate_and_snap(),raise_bg_allocate_and_snap(),th04/m_char.cpp,OP_01_TEXT,candidate-cpp,candidate:th04/m_char.cpp,ghidra+map-public,,,,true,1,1,1,target-unpacked-ghidra+candidate-map,
th04-op-boundary-0d0ff,th04-op,mz-load-module,0xD0FF,0x1D0FF,0xD0FF,0xF4,0xF4,corroborated,authored,reconstruct,unreviewed,raise_bg_put(playchar_t),raise_bg_put(playchar_t),th04/m_char.cpp,OP_01_TEXT,candidate-cpp,candidate:th04/m_char.cpp,ghidra+map-public,,,,true,1,1,0,target-unpacked-ghidra+candidate-map,
th04-op-boundary-0d1f3,th04-op,mz-load-module,0xD1F3,0x1D1F3,0xD1F3,0x17,0x17,corroborated,authored,reconstruct,unreviewed,raise_bg_free(),raise_bg_free(),th04/m_char.cpp,OP_01_TEXT,candidate-cpp,candidate:th04/m_char.cpp,ghidra+map-public,,,,true,1,1,1,target-unpacked-ghidra+candidate-map,
th04-op-boundary-0d20a,th04-op,mz-load-module,0xD20A,0x1D20A,0xD20A,0x7B,0x7B,corroborated,authored,reconstruct,unreviewed,pic_darken(playchar_t),pic_darken(playchar_t),th04/m_char.cpp,OP_01_TEXT,candidate-cpp,candidate:th04/m_char.cpp,ghidra+map-public,,,,true,1,1,1,target-unpacked-ghidra+candidate-map,
th04-op-boundary-0d285,th04-op,mz-load-module,0xD285,0x1D285,0xD285,0xB3,0xB3,corroborated,authored,reconstruct,unreviewed,playchar_titles_put(int),playchar_titles_put(int),th04/m_char.cpp,OP_01_TEXT,candidate-cpp,candidate:th04/m_char.cpp,ghidra+map-public,,,,true,1,1,1,target-unpacked-ghidra+candidate-map,
th04-op-boundary-0d338,th04-op,mz-load-module,0xD338,0x1D338,0xD338,0x6A,0x6A,corroborated,authored,reconstruct,unreviewed,playchar_title_box_put(int),playchar_title_box_put(int),th04/m_char.cpp,OP_01_TEXT,candidate-cpp,candidate:th04/m_char.cpp,ghidra+map-public,,,,true,1,1,2,target-unpacked-ghidra+candidate-map,
th04-op-boundary-0d3a2,th04-op,mz-load-module,0xD3A2,0x1D3A2,0xD3A2,0xC3,0xC3,corroborated,authored,reconstruct,unreviewed,pic_put(),pic_put(),th04/m_char.cpp,OP_01_TEXT,candidate-cpp,candidate:th04/m_char.cpp,ghidra+map-public,,,,true,1,2,6,target-unpacked-ghidra+candidate-map,
th04-op-boundary-0d465,th04-op,mz-load-module,0xD465,0x1D465,0xD465,0x130,0x130,corroborated,authored,reconstruct,unreviewed,shottype_titles_put(int),shottype_titles_put(int),th04/m_char.cpp,OP_01_TEXT,candidate-cpp,candidate:th04/m_char.cpp,ghidra+map-public,,,,true,1,2,1,target-unpacked-ghidra+candidate-map,
th04-op-boundary-0d595,th04-op,mz-load-module,0xD595,0x1D595,0xD595,0xBB,0xBB,corroborated,authored,reconstruct,unreviewed,shottype_title_box_put(),shottype_title_box_put(),th04/m_char.cpp,OP_01_TEXT,candidate-cpp,candidate:th04/m_char.cpp,ghidra+map-public,,,,true,1,1,3,target-unpacked-ghidra+candidate-map,
th04-op-boundary-0d650,th04-op,mz-load-module,0xD650,0x1D650,0xD650,0x62,0x62,corroborated,authored,reconstruct,unreviewed,shottype_menu_put_initial(),shottype_menu_put_initial(),th04/m_char.cpp,OP_01_TEXT,candidate-cpp,candidate:th04/m_char.cpp,ghidra+map-public,,,,true,1,1,5,target-unpacked-ghidra+candidate-map,
th04-op-boundary-0d6b2,th04-op,mz-load-module,0xD6B2,0x1D6B2,0xD6B2,0x56,0x56,corroborated,authored,reconstruct,unreviewed,playchar_menu_put_initial(),playchar_menu_put_initial(),th04/m_char.cpp,OP_01_TEXT,candidate-cpp,candidate:th04/m_char.cpp,ghidra+map-public,,,,true,1,1,9,target-unpacked-ghidra+candidate-map,
th04-op-boundary-0d708,th04-op,mz-load-module,0xD708,0x1D708,0xD708,0x309,0x309,corroborated,authored,reconstruct,unreviewed,playchar_menu(),playchar_menu(),th04/m_char.cpp,OP_01_TEXT,candidate-cpp,candidate:th04/m_char.cpp,ghidra+map-public,,,,true,1,2,16,target-unpacked-ghidra+candidate-map,
th04-op-boundary-0da12,th04-op,mz-load-module,0xDA12,0x1DA12,0xDA12,0x29,0x29,corroborated,authored,reconstruct,unreviewed,vram_planes_set(),vram_planes_set(),th01/vplanset.cpp,SHARED,cross-game-candidate-cpp,candidate:th01/vplanset.cpp,ghidra+map-public,,,,true,1,1,0,target-unpacked-ghidra+candidate-map,
th04-op-boundary-0da3b,th04-op,mz-load-module,0xDA3B,0x1DA3B,0xDA3B,0x15,0x15,corroborated,authored,reconstruct,unreviewed,frame_delay(int),frame_delay(int),th02/frmdely1.cpp,SHARED,cross-game-candidate-cpp,candidate:th02/frmdely1.cpp,ghidra+map-public,,,,true,1,11,0,target-unpacked-ghidra+candidate-map,
th04-op-boundary-0da50,th04-op,mz-load-module,0xDA50,0x1DA50,0xDA50,0x25,0x25,corroborated,authored,reconstruct,unreviewed,pi_palette_apply(int),pi_palette_apply(int),th03/pi_put.cpp,SHARED,cross-game-candidate-cpp,candidate:th03/pi_put.cpp,ghidra+map-public,,,,true,1,7,2,target-unpacked-ghidra+candidate-map,
th04-op-boundary-0da75,th04-op,mz-load-module,0xDA75,0x1DA75,0xDA75,0x88,0x88,corroborated,authored,reconstruct,unreviewed,"pi_put_8(int,int,int)","pi_put_8(int,int,int)",th03/pi_put.cpp,SHARED,cross-game-candidate-cpp,candidate:th03/pi_put.cpp,ghidra+map-public,,,,true,1,8,1,target-unpacked-ghidra+candidate-map,
th04-op-boundary-0dafd,th04-op,mz-load-module,0xDAFD,0x1DAFD,0xDAFD,0x46,0x46,corroborated,authored,reconstruct,unreviewed,"pi_load(int,const char far*)","pi_load(int,const char far*)",th03/pi_load.cpp,SHARED,cross-game-candidate-cpp,candidate:th03/pi_load.cpp,ghidra+map-public,,,,true,1,6,2,target-unpacked-ghidra+candidate-map,
th04-op-boundary-0db44,th04-op,mz-load-module,0xDB44,0x1DB44,0xDB44,0x0,0x0,provisional,original-asm,attest-asm,unreviewed,_hflip_lut_generate,_hflip_lut_generate,th03/hfliplut.asm,SHARED,candidate-asm,candidate:th03/hfliplut.asm,map-public,,,,,,,,target-unpacked-ghidra+candidate-map,TLINK public has no corresponding Ghidra function entry.
th04-op-boundary-0db62,th04-op,mz-load-module,0xDB62,0x1DB62,0xDB62,0x56,0x56,corroborated,authored,reconstruct,unreviewed,input_wait_for_change(int),input_wait_for_change(int),th04/input_w.cpp,SHARED,candidate-cpp,candidate:th04/input_w.cpp,ghidra+map-public,,,,true,1,2,3,target-unpacked-ghidra+candidate-map,
th04-op-boundary-0dbb8,th04-op,mz-load-module,0xDBB8,0x1DBB8,0xDBB8,0x1C,0x1C,corroborated,authored,reconstruct,unreviewed,"polar(int,int,int)","polar(int,int,int)",th04/vector.cpp,SHARED,candidate-cpp,candidate:th04/vector.cpp,ghidra+map-public,,,,true,1,2,0,target-unpacked-ghidra+candidate-map,
th04-op-boundary-0dbd4,th04-op,mz-load-module,0xDBD4,0x1DBD4,0xDBD4,0x42,0x42,corroborated,authored,reconstruct,unreviewed,VECTOR2_AT,VECTOR2_AT,th04/vector.cpp,SHARED,candidate-cpp,candidate:th04/vector.cpp,ghidra+map-public,,,,true,1,0,0,target-unpacked-ghidra+candidate-map,
th04-op-boundary-0dc16,th04-op,mz-load-module,0xDC16,0x1DC16,0xDC16,0x2E,0x2E,corroborated,authored,reconstruct,unreviewed,_snd_pmd_resident,_snd_pmd_resident,th04/snd_pmdr.c,SHARED,candidate-c,candidate:th04/snd_pmdr.c,ghidra+map-public,,,,true,1,1,0,target-unpacked-ghidra+candidate-map,
th04-op-boundary-0dc44,th04-op,mz-load-module,0xDC44,0x1DC44,0xDC44,0x2F,0x2F,corroborated,authored,reconstruct,unreviewed,_snd_mmd_resident,_snd_mmd_resident,th04/snd_mmdr.c,SHARED,candidate-c,candidate:th04/snd_mmdr.c,ghidra+map-public,,,,true,1,1,0,target-unpacked-ghidra+candidate-map,
th04-op-boundary-0dc74,th04-op,mz-load-module,0xDC74,0x1DC74,0xDC74,0x1E,0x1E,corroborated,authored,reconstruct,unreviewed,SND_KAJA_INTERRUPT,SND_KAJA_INTERRUPT,th04/snd_kaja.cpp,SHARED,candidate-cpp,candidate:th04/snd_kaja.cpp,ghidra+map-public,,,,true,1,9,0,target-unpacked-ghidra+candidate-map,
th04-op-boundary-0dc92,th04-op,mz-load-module,0xDC92,0x1DC92,0xDC92,0x51,0x51,corroborated,original-asm,attest-asm,unreviewed,CDG_PUT_NOCOLORS_8,CDG_PUT_NOCOLORS_8,th04/cdg_p_nc.asm,SHARED,candidate-asm,candidate:th04/cdg_p_nc.asm,ghidra+map-public,,,,true,1,0,0,target-unpacked-ghidra+candidate-map,
th04-op-boundary-0dce4,th04-op,mz-load-module,0xDCE4,0x1DCE4,0xDCE4,0x9C,0x9C,corroborated,authored,reconstruct,unreviewed,SND_DETERMINE_MODES,SND_DETERMINE_MODES,th04/snd_mode.cpp,SHARED,candidate-cpp,candidate:th04/snd_mode.cpp,ghidra+map-public,,,,true,1,2,2,target-unpacked-ghidra+candidate-map,
th04-op-boundary-0dd80,th04-op,mz-load-module,0xDD80,0x1DD80,0xDD80,0x31,0x31,corroborated,authored,reconstruct,unreviewed,SND_DELAY_UNTIL_MEASURE,SND_DELAY_UNTIL_MEASURE,th04/snd_dlym.cpp,SHARED,candidate-cpp,candidate:th04/snd_dlym.cpp,ghidra+map-public,,,,true,1,1,1,target-unpacked-ghidra+candidate-map,
th04-op-boundary-0ddb1,th04-op,mz-load-module,0xDDB1,0x1DDB1,0xDDB1,0x19,0x19,corroborated,authored,reconstruct,unreviewed,game_exit_to_dos(),game_exit_to_dos(),th02/exit_dos.cpp,SHARED,cross-game-candidate-cpp,candidate:th02/exit_dos.cpp,ghidra+map-public,,,,true,1,1,4,target-unpacked-ghidra+candidate-map,
th04-op-boundary-0ddca,th04-op,mz-load-module,0xDDCA,0x1DDCA,0xDDCA,0xEA,0xEA,corroborated,authored,reconstruct,unreviewed,SND_LOAD,SND_LOAD,th04/snd_load.cpp,SHARED,candidate-cpp,candidate:th04/snd_load.cpp,ghidra+map-public,,,,true,1,6,2,target-unpacked-ghidra+candidate-map,
th04-op-boundary-0deb4,th04-op,mz-load-module,0xDEB4,0x1DEB4,0xDEB4,0x12B,0x12B,corroborated,original-asm,attest-asm,unreviewed,GRAPH_PUTSA_FX,GRAPH_PUTSA_FX,th04/grppsafx.asm,SHARED,candidate-asm,candidate:th04/grppsafx.asm,ghidra+map-public,,,,true,1,13,1,target-unpacked-ghidra+candidate-map,
th04-op-boundary-0dfed,th04-op,mz-load-module,0xDFED,0x1DFED,0xDFED,0x11,0x11,provisional,original-asm,attest-asm,unreviewed,FUN_1da1_05dd,,th04/grppsafx.asm,SHARED,candidate-asm,candidate:th04/grppsafx.asm,ghidra,,,,true,1,1,0,target-unpacked-ghidra+candidate-map,Ghidra-only boundary has no TLINK public or TASM PROC at its entry.
th04-op-boundary-0e00e,th04-op,mz-load-module,0xE00E,0x1E00E,0xE00E,0x9D,0x9D,corroborated,original-asm,attest-asm,unreviewed,CDG_PUT_8,CDG_PUT_8,th04/cdg_put.asm,SHARED,candidate-asm,candidate:th04/cdg_put.asm,ghidra+map-public,,,,true,1,2,0,target-unpacked-ghidra+candidate-map,
th04-op-boundary-0e0ac,th04-op,mz-load-module,0xE0AC,0x1E0AC,0xE0AC,0x48,0x48,corroborated,authored,reconstruct,unreviewed,game_exit(),game_exit(),th04/exit.cpp,SHARED,candidate-cpp,candidate:th04/exit.cpp,ghidra+map-public,,,,true,1,4,8,target-unpacked-ghidra+candidate-map,
th04-op-boundary-0e0f4,th04-op,mz-load-module,0xE0F4,0x1E0F4,0xE0F4,0x81,0x81,corroborated,authored,reconstruct,unreviewed,game_init_op(const unsigned char far*),game_init_op(const unsigned char far*),th04/initop.cpp,SHARED,candidate-cpp,candidate:th04/initop.cpp,ghidra+map-public,,,,true,1,1,12,target-unpacked-ghidra+candidate-map,
th04-op-boundary-0e176,th04-op,mz-load-module,0xE176,0x1E176,0xE176,0x65,0x65,corroborated,authored,reconstruct,unreviewed,CDG_PUT_NOALPHA_8,CDG_PUT_NOALPHA_8,th04/cdg_p_na.cpp,SHARED,candidate-cpp,candidate:th04/cdg_p_na.cpp,ghidra+map-public,,,,true,1,2,0,target-unpacked-ghidra+candidate-map,
th04-op-boundary-0e1dc,th04-op,mz-load-module,0xE1DC,0x1E1DC,0xE1DC,0x8,0x8,corroborated,original-asm,attest-asm,unreviewed,input_reset_sense(),input_reset_sense(),th04/input_s.asm,SHARED,candidate-asm,candidate:th04/input_s.asm,ghidra+map-public,,,,true,1,6,0,target-unpacked-ghidra+candidate-map,
th04-op-boundary-0e1e4,th04-op,mz-load-module,0xE1E4,0x1E1E4,0xE1E4,0x101,0x101,corroborated,original-asm,attest-asm,unreviewed,input_sense(),input_sense(),th04/input_s.asm,SHARED,candidate-asm,candidate:th04/input_s.asm,ghidra+map-public,,,,true,1,2,1,target-unpacked-ghidra+candidate-map,
th04-op-boundary-0e2e6,th04-op,mz-load-module,0xE2E6,0x1E2E6,0xE2E6,0xB,0xB,corroborated,authored,reconstruct,unreviewed,_snd_se_reset,_snd_se_reset,th02/snd_se_r.cpp,SHARED,cross-game-candidate-cpp,candidate:th02/snd_se_r.cpp,ghidra+map-public,,,,true,1,4,0,target-unpacked-ghidra+candidate-map,
th04-op-boundary-0e2f2,th04-op,mz-load-module,0xE2F2,0x1E2F2,0xE2F2,0x39,0x39,corroborated,authored,reconstruct,unreviewed,SND_SE_PLAY,SND_SE_PLAY,th04/snd_se.cpp,SHARED,candidate-cpp,candidate:th04/snd_se.cpp,ghidra+map-public,,,,true,1,5,0,target-unpacked-ghidra+candidate-map,
th04-op-boundary-0e32c,th04-op,mz-load-module,0xE32C,0x1E32C,0xE32C,0x4C,0x4C,corroborated,authored,reconstruct,unreviewed,_snd_se_update,_snd_se_update,th04/snd_se.cpp,SHARED,candidate-cpp,candidate:th04/snd_se.cpp,ghidra+map-public,,,,true,1,5,1,target-unpacked-ghidra+candidate-map,
th04-op-boundary-0e378,th04-op,mz-load-module,0xE378,0x1E378,0xE378,0x6F,0x6F,corroborated,authored,reconstruct,unreviewed,"egc_copy_rect_1_to_0_16(int,int,int,int)","egc_copy_rect_1_to_0_16(int,int,int,int)",th04/egcrect.cpp,SHARED,candidate-cpp,candidate:th04/egcrect.cpp,ghidra+map-public,,,,true,1,7,2,target-unpacked-ghidra+candidate-map,
th04-op-boundary-0e3e8,th04-op,mz-load-module,0xE3E8,0x1E3E8,0xE3E8,0x3F,0x3F,provisional,authored,reconstruct,unreviewed,FUN_1da1_09d8,,th04/egcrect.cpp,SHARED,candidate-cpp,candidate:th04/egcrect.cpp,ghidra,,,,true,1,1,0,target-unpacked-ghidra+candidate-map,Ghidra-only boundary has no TLINK public or TASM PROC at its entry.
th04-op-boundary-0e428,th04-op,mz-load-module,0xE428,0x1E428,0xE428,0x68,0x68,corroborated,authored,reconstruct,unreviewed,_bgimage_snap,_bgimage_snap,th04/bgimage.cpp,SHARED,candidate-cpp,candidate:th04/bgimage.cpp,ghidra+map-public,,,,true,1,2,1,target-unpacked-ghidra+candidate-map,
th04-op-boundary-0e490,th04-op,mz-load-module,0xE490,0x1E490,0xE490,0x35,0x35,corroborated,authored,reconstruct,unreviewed,_bgimage_put,_bgimage_put,th04/bgimage.cpp,SHARED,candidate-cpp,candidate:th04/bgimage.cpp,ghidra+map-public,,,,true,1,1,0,target-unpacked-ghidra+candidate-map,
th04-op-boundary-0e4c6,th04-op,mz-load-module,0xE4C6,0x1E4C6,0xE4C6,0x32,0x32,corroborated,authored,reconstruct,unreviewed,_bgimage_free,_bgimage_free,th04/bgimage.cpp,SHARED,candidate-cpp,candidate:th04/bgimage.cpp,ghidra+map-public,,,,true,1,2,1,target-unpacked-ghidra+candidate-map,
th04-op-boundary-0e4f8,th04-op,mz-load-module,0xE4F8,0x1E4F8,0xE4F8,0x81,0x81,corroborated,original-asm,attest-asm,unreviewed,BGIMAGE_PUT_RECT_16,BGIMAGE_PUT_RECT_16,th04/bgimager.asm,SHARED,candidate-asm,candidate:th04/bgimager.asm,ghidra+map-public,,,,true,1,2,0,target-unpacked-ghidra+candidate-map,
th04-op-boundary-0e57a,th04-op,mz-load-module,0xE57A,0x1E57A,0xE57A,0x0,0x0,provisional,original-asm,attest-asm,unreviewed,CDG_LOAD_SINGLE_NOALPHA,CDG_LOAD_SINGLE_NOALPHA,th04/cdg_load.asm,SHARED,candidate-asm,candidate:th04/cdg_load.asm,map-public,,,,,,,,target-unpacked-ghidra+candidate-map,TLINK public has no corresponding Ghidra function entry.
th04-op-boundary-0e580,th04-op,mz-load-module,0xE580,0x1E580,0xE580,0x0,0x0,provisional,original-asm,attest-asm,unreviewed,CDG_LOAD_SINGLE,CDG_LOAD_SINGLE,th04/cdg_load.asm,SHARED,candidate-asm,candidate:th04/cdg_load.asm,map-public,,,,,,,,target-unpacked-ghidra+candidate-map,TLINK public has no corresponding Ghidra function entry.
th04-op-boundary-0e5e0,th04-op,mz-load-module,0xE5E0,0x1E5E0,0xE5E0,0x58,0x58,provisional,original-asm,attest-asm,unreviewed,FUN_1da1_0bd0,,th04/cdg_load.asm,SHARED,candidate-asm,candidate:th04/cdg_load.asm,ghidra,,,,true,1,1,3,target-unpacked-ghidra+candidate-map,Ghidra-only boundary has no TLINK public or TASM PROC at its entry.
th04-op-boundary-0e638,th04-op,mz-load-module,0xE638,0x1E638,0xE638,0x6,0x6,corroborated,original-asm,attest-asm,unreviewed,CDG_LOAD_ALL_NOALPHA,CDG_LOAD_ALL_NOALPHA,th04/cdg_load.asm,SHARED,candidate-asm,candidate:th04/cdg_load.asm,ghidra+map-public,,,,true,1,1,0,target-unpacked-ghidra+candidate-map,
th04-op-boundary-0e63e,th04-op,mz-load-module,0xE63E,0x1E63E,0xE63E,0x5C,0x5C,corroborated,original-asm,attest-asm,unreviewed,CDG_LOAD_ALL,CDG_LOAD_ALL,th04/cdg_load.asm,SHARED,candidate-asm,candidate:th04/cdg_load.asm,ghidra+map-public,,,,true,1,1,5,target-unpacked-ghidra+candidate-map,
th04-op-boundary-0e69a,th04-op,mz-load-module,0xE69A,0x1E69A,0xE69A,0x35,0x35,corroborated,original-asm,attest-asm,unreviewed,CDG_FREE,CDG_FREE,th04/cdg_load.asm,SHARED,candidate-asm,candidate:th04/cdg_load.asm,ghidra+map-public,,,,true,1,2,1,target-unpacked-ghidra+candidate-map,
th04-op-boundary-0e6d0,th04-op,mz-load-module,0xE6D0,0x1E6D0,0xE6D0,0xE,0xE,corroborated,original-asm,attest-asm,unreviewed,CDG_FREE_ALL,CDG_FREE_ALL,th04/cdg_load.asm,SHARED,candidate-asm,candidate:th04/cdg_load.asm,ghidra+map-public,,,,true,1,2,1,target-unpacked-ghidra+candidate-map,
th04-op-boundary-0e6de,th04-op,mz-load-module,0xE6DE,0x1E6DE,0xE6DE,0x15,0x15,corroborated,authored,reconstruct,unreviewed,frame_delay_2(int),frame_delay_2(int),th02/frmdely2.cpp,SHARED,cross-game-candidate-cpp,candidate:th02/frmdely2.cpp,ghidra+map-public,,,,true,1,1,0,target-unpacked-ghidra+candidate-map,
th04-op-boundary-0e6f3,th04-op,mz-load-module,0xE6F3,0x1E6F3,0xE6F3,0x6F,0x6F,corroborated,library,exclude,excluded,string::string(const string far&),string::string(const string far&),ctor2,_TEXTC,linked-library,toolchain-or-library:ctor2,ghidra+map-public,,,,true,1,2,4,target-unpacked-ghidra+candidate-map,
th04-op-boundary-0e7dc,th04-op,mz-load-module,0xE7DC,0x1E7DC,0xE7DC,0xC9,0xC9,corroborated,library,exclude,excluded,string::string(const char far*),string::string(const char far*),ctor3,_TEXTC,linked-library,toolchain-or-library:ctor3,ghidra+map-public,,,,true,1,3,6,target-unpacked-ghidra+candidate-map,
th04-op-boundary-0e9f8,th04-op,mz-load-module,0xE9F8,0x1E9F8,0xE9F8,0x86,0x86,corroborated,library,exclude,excluded,string::~string(),string::~string(),strings,_TEXTC,linked-library,toolchain-or-library:strings,ghidra+map-public,,,,true,1,4,5,target-unpacked-ghidra+candidate-map,
th04-op-boundary-0ea7e,th04-op,mz-load-module,0xEA7E,0x1EA7E,0xEA7E,0x92,0xBE,provisional,library,exclude,excluded,string::assert_element(unsigned int) const,string::assert_element(unsigned int) const,strings,_TEXTC,linked-library,toolchain-or-library:strings,ghidra+map-public,,,,false,2,0,5,target-unpacked-ghidra+candidate-map,Ghidra body is noncontiguous and requires control-flow reconciliation.
th04-op-boundary-0eb3c,th04-op,mz-load-module,0xEB3C,0x1EB3C,0xEB3C,0xBE,0xBE,corroborated,library,exclude,excluded,string::assert_index(unsigned int) const,string::assert_index(unsigned int) const,strings,_TEXTC,linked-library,toolchain-or-library:strings,ghidra+map-public,,,,true,1,0,7,target-unpacked-ghidra+candidate-map,
th04-op-boundary-0ebfa,th04-op,mz-load-module,0xEBFA,0x1EBFA,0xEBFA,0xBB,0xBB,corroborated,library,exclude,excluded,tsubstring::assert_element(unsigned int) const,tsubstring::assert_element(unsigned int) const,strings,_TEXTC,linked-library,toolchain-or-library:strings,ghidra+map-public,,,,true,1,0,7,target-unpacked-ghidra+candidate-map,
th04-op-boundary-0ecb5,th04-op,mz-load-module,0xECB5,0x1ECB5,0xECB5,0xE6,0xE6,corroborated,library,exclude,excluded,"tstringref::tstringref(const char far*,unsigned int,const char far*,unsigned int,unsigned int)","tstringref::tstringref(const char far*,unsigned int,const char far*,unsigned int,unsigned int)",strings,_TEXTC,linked-library,toolchain-or-library:strings,ghidra+map-public,,,,true,1,1,6,target-unpacked-ghidra+candidate-map,
th04-op-boundary-0ed9b,th04-op,mz-load-module,0xED9B,0x1ED9B,0xED9B,0x60,0x60,corroborated,library,exclude,excluded,tstringref::~tstringref(),tstringref::~tstringref(),strings,_TEXTC,linked-library,toolchain-or-library:strings,ghidra+map-public,,,,true,1,1,5,target-unpacked-ghidra+candidate-map,
th04-op-boundary-0edfb,th04-op,mz-load-module,0xEDFB,0x1EDFB,0xEDFB,0x6E,0x6E,corroborated,library,exclude,excluded,tstringref::reserve(unsigned int),tstringref::reserve(unsigned int),strings,_TEXTC,linked-library,toolchain-or-library:strings,ghidra+map-public,,,,true,1,0,4,target-unpacked-ghidra+candidate-map,
th04-op-boundary-0ee69,th04-op,mz-load-module,0xEE69,0x1EE69,0xEE69,0x68,0x68,corroborated,library,exclude,excluded,tstringref::check_freeboard(),tstringref::check_freeboard(),strings,_TEXTC,linked-library,toolchain-or-library:strings,ghidra+map-public,,,,true,1,0,4,target-unpacked-ghidra+candidate-map,
th04-op-boundary-0eed1,th04-op,mz-load-module,0xEED1,0x1EED1,0xEED1,0x62,0x62,corroborated,library,exclude,excluded,tstringref::grow_to(unsigned int),tstringref::grow_to(unsigned int),strings,_TEXTC,linked-library,toolchain-or-library:strings,ghidra+map-public,,,,true,1,1,4,target-unpacked-ghidra+candidate-map,
th04-op-boundary-0ef33,th04-op,mz-load-module,0xEF33,0x1EF33,0xEF33,0x3F,0x3F,corroborated,library,exclude,excluded,tstringref::round_capacity(unsigned int),tstringref::round_capacity(unsigned int),strings,_TEXTC,linked-library,toolchain-or-library:strings,ghidra+map-public,,,,true,1,4,2,target-unpacked-ghidra+candidate-map,
th04-op-boundary-0ef72,th04-op,mz-load-module,0xEF72,0x1EF72,0xEF72,0x1BE,0x1BE,corroborated,library,exclude,excluded,"tstringref::splice(unsigned int,unsigned int,const char far*,unsigned int)","tstringref::splice(unsigned int,unsigned int,const char far*,unsigned int)",strings,_TEXTC,linked-library,toolchain-or-library:strings,ghidra+map-public,,,,true,1,0,10,target-unpacked-ghidra+candidate-map,
th04-op-boundary-0f130,th04-op,mz-load-module,0xF130,0x1F130,0xF130,0x1D,0x1D,corroborated,library,exclude,excluded,string::set_case_sensitive(int),string::set_case_sensitive(int),strings,_TEXTC,linked-library,toolchain-or-library:strings,ghidra+map-public,,,,true,1,0,0,target-unpacked-ghidra+candidate-map,
th04-op-boundary-0f14d,th04-op,mz-load-module,0xF14D,0x1F14D,0xF14D,0x1D,0x1D,corroborated,library,exclude,excluded,string::set_paranoid_check(int),string::set_paranoid_check(int),strings,_TEXTC,linked-library,toolchain-or-library:strings,ghidra+map-public,,,,true,1,0,0,target-unpacked-ghidra+candidate-map,
th04-op-boundary-0f16a,th04-op,mz-load-module,0xF16A,0x1F16A,0xF16A,0x1D,0x1D,corroborated,library,exclude,excluded,string::skip_whitespace(int),string::skip_whitespace(int),strings,_TEXTC,linked-library,toolchain-or-library:strings,ghidra+map-public,,,,true,1,0,0,target-unpacked-ghidra+candidate-map,
th04-op-boundary-0f187,th04-op,mz-load-module,0xF187,0x1F187,0xF187,0x1D,0x1D,corroborated,library,exclude,excluded,string::initial_capacity(unsigned int),string::initial_capacity(unsigned int),strings,_TEXTC,linked-library,toolchain-or-library:strings,ghidra+map-public,,,,true,1,0,0,target-unpacked-ghidra+candidate-map,
th04-op-boundary-0f1a4,th04-op,mz-load-module,0xF1A4,0x1F1A4,0xF1A4,0x2A,0x2A,corroborated,library,exclude,excluded,string::resize_increment(unsigned int),string::resize_increment(unsigned int),strings,_TEXTC,linked-library,toolchain-or-library:strings,ghidra+map-public,,,,true,1,0,0,target-unpacked-ghidra+candidate-map,
th04-op-boundary-0f1ce,th04-op,mz-load-module,0xF1CE,0x1F1CE,0xF1CE,0x1D,0x1D,corroborated,library,exclude,excluded,string::max_waste(unsigned int),string::max_waste(unsigned int),strings,_TEXTC,linked-library,toolchain-or-library:strings,ghidra+map-public,,,,true,1,0,0,target-unpacked-ghidra+candidate-map,
th04-op-boundary-0f923,th04-op,mz-load-module,0xF923,0x1F923,0xF923,0xEA,0xEA,excluded,data,exclude,excluded,switchD_1000:b187::caseD_0,,,,non-code,target:non-code,ghidra,,,,true,1,0,0,target-ghidra,"Ghidra entry is a switch/data/non-code artifact, not an accepted function boundary."
th04-main-boundary-00000,th04-main,mz-load-module,0x0,0x10000,0x0,0x146,0x146,corroborated,compiler,exclude,excluded,_address_0,_address_0;__setenvp__,c0.ASM,_TEXT,compiler-startup,toolchain:c0.asm,ghidra+map-public,,,,true,1,0,6,target-ghidra+candidate-map,
th04-main-boundary-0000c,th04-main,mz-load-module,0xC,0x1000C,0xC,0x0,0x0,provisional,compiler,exclude,excluded,__AHSHIFT,__AHSHIFT,c0.ASM,_TEXT,compiler-startup,toolchain:c0.asm,map-public,,,,,,,,target-ghidra+candidate-map,TLINK public has no corresponding Ghidra function entry.
th04-main-boundary-00146,th04-main,mz-load-module,0x146,0x10146,0x146,0x13,0x13,corroborated,compiler,exclude,excluded,__cleanup,__cleanup,c0.ASM,_TEXT,compiler-startup,toolchain:c0.asm,ghidra+map-public,,,,true,1,1,1,target-ghidra+candidate-map,
th04-main-boundary-00159,th04-main,mz-load-module,0x159,0x10159,0x159,0x1,0x1,corroborated,compiler,exclude,excluded,__checknull,__checknull,c0.ASM,_TEXT,compiler-startup,toolchain:c0.asm,ghidra+map-public,,,,true,1,1,0,target-ghidra+candidate-map,
th04-main-boundary-0015a,th04-main,mz-load-module,0x15A,0x1015A,0x15A,0x1E,0x1E,corroborated,compiler,exclude,excluded,__terminate,__terminate,c0.ASM,_TEXT,compiler-startup,toolchain:c0.asm,ghidra+map-public,,,,true,1,1,2,target-ghidra+candidate-map,
th04-main-boundary-00178,th04-main,mz-load-module,0x178,0x10178,0x178,0x43,0x43,provisional,compiler,exclude,excluded,FUN_1000_0178,,c0.ASM,_TEXT,compiler-startup,toolchain:c0.asm,ghidra,,,,true,1,1,0,target-ghidra+candidate-map,Ghidra-only boundary has no TLINK public or TASM PROC at its entry.
th04-main-boundary-001bb,th04-main,mz-load-module,0x1BB,0x101BB,0x1BB,0x2D,0x2D,corroborated,compiler,exclude,excluded,__restorezero,__restorezero,c0.ASM,_TEXT,compiler-startup,toolchain:c0.asm,ghidra+map-public,,,,true,1,1,0,target-ghidra+candidate-map,
th04-main-boundary-001e8,th04-main,mz-load-module,0x1E8,0x101E8,0x1E8,0x22,0x22,provisional,compiler,exclude,excluded,FUN_1000_01e8,,c0.ASM,_TEXT,compiler-startup,toolchain:c0.asm,ghidra,,,,true,1,2,0,target-ghidra+candidate-map,Ghidra-only boundary has no TLINK public or TASM PROC at its entry.
th04-main-boundary-0020a,th04-main,mz-load-module,0x20A,0x1020A,0x20A,0x22,0x22,provisional,compiler,exclude,excluded,FUN_1000_020a,,c0.ASM,_TEXT,compiler-startup,toolchain:c0.asm,ghidra,,,,true,1,1,1,target-ghidra+candidate-map,Ghidra-only boundary has no TLINK public or TASM PROC at its entry.
th04-main-boundary-0022c,th04-main,mz-load-module,0x22C,0x1022C,0x22C,0x41,0x41,provisional,compiler,exclude,excluded,FUN_1000_022c,,c0.ASM,_TEXT,compiler-startup,toolchain:c0.asm,ghidra,,,,true,1,1,0,target-ghidra+candidate-map,Ghidra-only boundary has no TLINK public or TASM PROC at its entry.
th04-main-boundary-0026d,th04-main,mz-load-module,0x26D,0x1026D,0x26D,0x0,0x0,provisional,compiler,exclude,excluded,DGROUP@,DGROUP@,c0.ASM,_TEXT,compiler-startup,toolchain:c0.asm,map-public,,,,,,,,target-ghidra+candidate-map,TLINK public has no corresponding Ghidra function entry.
th04-main-boundary-0026f,th04-main,mz-load-module,0x26F,0x1026F,0x26F,0x0,0x0,provisional,compiler,exclude,excluded,__MMODEL,__MMODEL,c0.ASM,_TEXT,compiler-startup,toolchain:c0.asm,map-public,,,,,,,,target-ghidra+candidate-map,TLINK public has no corresponding Ghidra function entry.
th04-main-boundary-00272,th04-main,mz-load-module,0x272,0x10272,0x272,0x14,0x14,provisional,library,exclude,excluded,FUN_1000_0272,,th04_main.asm,_TEXT,master-library-aggregate,candidate:th04_main.asm,ghidra,,,,true,1,1,1,target-ghidra+candidate-map,Ghidra-only boundary has no TLINK public or TASM PROC at its entry.
th04-main-boundary-00286,th04-main,mz-load-module,0x286,0x10286,0x286,0x12D,0x12E,provisional,library,exclude,excluded,BFNT_ENTRY_PAT,BFNT_ENTRY_PAT,th04_main.asm,_TEXT,master-library-aggregate,candidate:th04_main.asm,ghidra+map-public,,,,false,2,1,4,target-ghidra+candidate-map,Ghidra body is noncontiguous and requires control-flow reconciliation.
th04-main-boundary-003b4,th04-main,mz-load-module,0x3B4,0x103B4,0x3B4,0x22,0x22,corroborated,library,exclude,excluded,BFNT_EXTEND_HEADER_SKIP,BFNT_EXTEND_HEADER_SKIP,th04_main.asm,_TEXT,master-library-aggregate,candidate:th04_main.asm,ghidra+map-public,,,,true,1,1,0,target-ghidra+candidate-map,
th04-main-boundary-003d6,th04-main,mz-load-module,0x3D6,0x103D6,0x3D6,0x3B,0x3B,excluded,library,exclude,excluded,BFNT_HEADER_READ,BFNT_HEADER_READ,th04_main.asm,_TEXT,master-library-aggregate,candidate:th04_main.asm,ghidra+map-public,,,,true,1,2,0,target-ghidra+candidate-map,"Ghidra entry is a switch/data/non-code artifact, not an accepted function boundary."
th04-main-boundary-00412,th04-main,mz-load-module,0x412,0x10412,0x412,0x31,0x32,provisional,library,exclude,excluded,BFNT_EXTEND_HEADER_ANALYSIS,BFNT_EXTEND_HEADER_ANALYSIS,th04_main.asm,_TEXT,master-library-aggregate,candidate:th04_main.asm,ghidra+map-public,,,,false,2,1,1,target-ghidra+candidate-map,Ghidra body is noncontiguous and requires control-flow reconciliation.
th04-main-boundary-00444,th04-main,mz-load-module,0x444,0x10444,0x444,0x2C,0x2D,provisional,library,exclude,excluded,FUN_1000_0444,,th04_main.asm,_TEXT,master-library-aggregate,candidate:th04_main.asm,ghidra,,,,false,2,1,1,target-ghidra+candidate-map,Ghidra-only boundary has no TLINK public or TASM PROC at its entry.
th04-main-boundary-00476,th04-main,mz-load-module,0x476,0x10476,0x476,0x88,0x91,provisional,library,exclude,excluded,rtc_int_set,rtc_int_set,th04_main.asm,_TEXT,master-library-aggregate,candidate:th04_main.asm,ghidra+map-public+tasm-proc,rtc_int_set,near,3257,false,2,2,2,target-ghidra+candidate-map,Ghidra body is noncontiguous and requires control-flow reconciliation.
th04-main-boundary-004b6,th04-main,mz-load-module,0x4B6,0x104B6,0x4B6,0x7,0x7,provisional,library,exclude,excluded,FUN_1000_04b6,,th04_main.asm,_TEXT,master-library-aggregate,candidate:th04_main.asm,ghidra,,,,true,1,1,0,target-ghidra+candidate-map,Ghidra-only boundary has no TLINK public or TASM PROC at its entry.
th04-main-boundary-00507,th04-main,mz-load-module,0x507,0x10507,0x507,0x13,0x13,corroborated,library,exclude,excluded,rtc_mod,,th04_main.asm,_TEXT,master-library-aggregate,candidate:th04_main.asm,ghidra+tasm-proc,rtc_mod,near,3371,true,1,1,0,target-ghidra+candidate-map,
th04-main-boundary-0051a,th04-main,mz-load-module,0x51A,0x1051A,0x51A,0x0,0x0,provisional,library,exclude,excluded,RTC_INT,,th04_main.asm,_TEXT,master-library-aggregate,candidate:th04_main.asm,tasm-proc,RTC_INT,far,3386,,,,,target-ghidra+candidate-map,TLINK public has no corresponding Ghidra function entry.
th04-main-boundary-00552,th04-main,mz-load-module,0x552,0x10552,0x552,0xC,0xC,provisional,library,exclude,excluded,FUN_1000_0552,,th04_main.asm,_TEXT,master-library-aggregate,candidate:th04_main.asm,ghidra,,,,true,1,1,0,target-ghidra+candidate-map,Ghidra-only boundary has no TLINK public or TASM PROC at its entry.
th04-main-boundary-0055e,th04-main,mz-load-module,0x55E,0x1055E,0x55E,0x18,0x18,corroborated,library,exclude,excluded,BCLOSER,BCLOSER,th04_main.asm,_TEXT,master-library-aggregate,candidate:th04_main.asm,ghidra+map-public,,,,true,1,2,1,target-ghidra+candidate-map,
th04-main-boundary-00576,th04-main,mz-load-module,0x576,0x10576,0x576,0x3B,0x3B,corroborated,library,exclude,excluded,BFILL,BFILL,th04_main.asm,_TEXT,master-library-aggregate,candidate:th04_main.asm,ghidra+map-public,,,,true,1,1,0,target-ghidra+candidate-map,
th04-main-boundary-005b2,th04-main,mz-load-module,0x5B2,0x105B2,0x5B2,0x40,0x40,corroborated,library,exclude,excluded,BFNT_PALETTE_SET,BFNT_PALETTE_SET,th04_main.asm,_TEXT,master-library-aggregate,candidate:th04_main.asm,ghidra+map-public,,,,true,1,1,0,target-ghidra+candidate-map,
th04-main-boundary-005f2,th04-main,mz-load-module,0x5F2,0x105F2,0x5F2,0x30,0x30,corroborated,library,exclude,excluded,BGETC,BGETC,th04_main.asm,_TEXT,master-library-aggregate,candidate:th04_main.asm,ghidra+map-public,,,,true,1,1,1,target-ghidra+candidate-map,
th04-main-boundary-00622,th04-main,mz-load-module,0x622,0x10622,0x622,0x43,0x43,corroborated,library,exclude,excluded,PALETTE_BLACK_IN,PALETTE_BLACK_IN,th04_main.asm,_TEXT,master-library-aggregate,candidate:th04_main.asm,ghidra+map-public,,,,true,1,1,2,target-ghidra+candidate-map,
th04-main-boundary-00666,th04-main,mz-load-module,0x666,0x10666,0x666,0x3E,0x3E,corroborated,library,exclude,excluded,PALETTE_BLACK_OUT,PALETTE_BLACK_OUT,th04_main.asm,_TEXT,master-library-aggregate,candidate:th04_main.asm,ghidra+map-public,,,,true,1,6,2,target-ghidra+candidate-map,
th04-main-boundary-006a4,th04-main,mz-load-module,0x6A4,0x106A4,0x6A4,0x3F,0x53,provisional,library,exclude,excluded,BOPENR,BOPENR,th04_main.asm,_TEXT,master-library-aggregate,candidate:th04_main.asm,ghidra+map-public,,,,false,2,1,3,target-ghidra+candidate-map,Ghidra body is noncontiguous and requires control-flow reconciliation.
th04-main-boundary-006f8,th04-main,mz-load-module,0x6F8,0x106F8,0x6F8,0x1B,0x1B,corroborated,library,exclude,excluded,BREAD,BREAD,th04_main.asm,_TEXT,master-library-aggregate,candidate:th04_main.asm,ghidra+map-public,,,,true,1,0,1,target-ghidra+candidate-map,
th04-main-boundary-00713,th04-main,mz-load-module,0x713,0x10713,0x713,0x15,0x15,provisional,library,exclude,excluded,FUN_1000_0713,,th04_main.asm,_TEXT,master-library-aggregate,candidate:th04_main.asm,ghidra,,,,true,1,1,0,target-ghidra+candidate-map,Ghidra-only boundary has no TLINK public or TASM PROC at its entry.
th04-main-boundary-00728,th04-main,mz-load-module,0x728,0x10728,0x728,0x41,0x41,corroborated,library,exclude,excluded,BSEEK,BSEEK,th04_main.asm,_TEXT,master-library-aggregate,candidate:th04_main.asm,ghidra+map-public,,,,true,1,0,0,target-ghidra+candidate-map,
th04-main-boundary-0076a,th04-main,mz-load-module,0x76A,0x1076A,0x76A,0x2F,0x2F,corroborated,library,exclude,excluded,BSEEK_,BSEEK_,th04_main.asm,_TEXT,master-library-aggregate,candidate:th04_main.asm,ghidra+map-public,,,,true,1,2,0,target-ghidra+candidate-map,
th04-main-boundary-0079a,th04-main,mz-load-module,0x79A,0x1079A,0x79A,0x6F,0x73,provisional,library,exclude,excluded,cutline,cutline,th04_main.asm,_TEXT,master-library-aggregate,candidate:th04_main.asm,ghidra+map-public+tasm-proc,cutline,near,4548,false,5,1,0,target-ghidra+candidate-map,Ghidra body is noncontiguous and requires control-flow reconciliation.
th04-main-boundary-0080e,th04-main,mz-load-module,0x80E,0x1080E,0x80E,0x17,0x17,corroborated,library,exclude,excluded,DOS_AXDX,DOS_AXDX,th04_main.asm,_TEXT,master-library-aggregate,candidate:th04_main.asm,ghidra+map-public,,,,true,1,2,0,target-ghidra+candidate-map,
th04-main-boundary-00826,th04-main,mz-load-module,0x826,0x10826,0x826,0x37,0x37,corroborated,library,exclude,excluded,DOS_FILESIZE,DOS_FILESIZE,th04_main.asm,_TEXT,master-library-aggregate,candidate:th04_main.asm,ghidra+map-public,,,,true,1,1,0,target-ghidra+candidate-map,
th04-main-boundary-0085e,th04-main,mz-load-module,0x85E,0x1085E,0x85E,0x6,0x6,corroborated,library,exclude,excluded,DOS_KEYCLEAR,DOS_KEYCLEAR,th04_main.asm,_TEXT,master-library-aggregate,candidate:th04_main.asm,ghidra+map-public,,,,true,1,1,0,target-ghidra+candidate-map,
th04-main-boundary-00864,th04-main,mz-load-module,0x864,0x10864,0x864,0x1A,0x1A,corroborated,library,exclude,excluded,DOS_READ,DOS_READ,th04_main.asm,_TEXT,master-library-aggregate,candidate:th04_main.asm,ghidra+map-public,,,,true,1,1,0,target-ghidra+candidate-map,
th04-main-boundary-0087e,th04-main,mz-load-module,0x87E,0x1087E,0x87E,0x1C,0x1C,corroborated,library,exclude,excluded,DOS_SEEK,DOS_SEEK,th04_main.asm,_TEXT,master-library-aggregate,candidate:th04_main.asm,ghidra+map-public,,,,true,1,1,0,target-ghidra+candidate-map,
th04-main-boundary-0089a,th04-main,mz-load-module,0x89A,0x1089A,0x89A,0x1F,0x1F,corroborated,library,exclude,excluded,DOS_SETVECT,DOS_SETVECT,th04_main.asm,_TEXT,master-library-aggregate,candidate:th04_main.asm,ghidra+map-public,,,,true,1,5,0,target-ghidra+candidate-map,
th04-main-boundary-008ba,th04-main,mz-load-module,0x8BA,0x108BA,0x8BA,0x15,0x15,corroborated,library,exclude,excluded,EGC_ON,EGC_ON,th04_main.asm,_TEXT,master-library-aggregate,candidate:th04_main.asm,ghidra+map-public,,,,true,1,1,0,target-ghidra+candidate-map,
th04-main-boundary-008d0,th04-main,mz-load-module,0x8D0,0x108D0,0x8D0,0x1F,0x1F,corroborated,library,exclude,excluded,EGC_OFF,EGC_OFF,th04_main.asm,_TEXT,master-library-aggregate,candidate:th04_main.asm,ghidra+map-public,,,,true,1,6,0,target-ghidra+candidate-map,
th04-main-boundary-008f0,th04-main,mz-load-module,0x8F0,0x108F0,0x8F0,0x2B,0x2B,corroborated,library,exclude,excluded,EGC_END,EGC_END;EGC_START,th04_main.asm,_TEXT,master-library-aggregate,candidate:th04_main.asm,ghidra+map-public,,,,true,1,2,2,target-ghidra+candidate-map,
th04-main-boundary-0091c,th04-main,mz-load-module,0x91C,0x1091C,0x91C,0x105,0x106,provisional,library,exclude,excluded,EGC_SHIFT_DOWN,EGC_SHIFT_DOWN,th04_main.asm,_TEXT,master-library-aggregate,candidate:th04_main.asm,ghidra+map-public,,,,false,2,1,0,target-ghidra+candidate-map,Ghidra body is noncontiguous and requires control-flow reconciliation.
th04-main-boundary-00a22,th04-main,mz-load-module,0xA22,0x10A22,0xA22,0x9C,0x9C,corroborated,library,exclude,excluded,EGC_SHIFT_LEFT,EGC_SHIFT_LEFT,th04_main.asm,_TEXT,master-library-aggregate,candidate:th04_main.asm,ghidra+map-public,,,,true,1,1,0,target-ghidra+candidate-map,
th04-main-boundary-00abf,th04-main,mz-load-module,0xABF,0x10ABF,0xABF,0x5,0x5,provisional,library,exclude,excluded,FUN_1000_0abf,,th04_main.asm,_TEXT,master-library-aggregate,candidate:th04_main.asm,ghidra,,,,true,1,1,0,target-ghidra+candidate-map,Ghidra-only boundary has no TLINK public or TASM PROC at its entry.
th04-main-boundary-00b24,th04-main,mz-load-module,0xB24,0x10B24,0xB24,0xD8,0xD9,provisional,library,exclude,excluded,EGC_SHIFT_RIGHT,EGC_SHIFT_RIGHT,th04_main.asm,_TEXT,master-library-aggregate,candidate:th04_main.asm,ghidra+map-public,,,,false,2,1,0,target-ghidra+candidate-map,Ghidra body is noncontiguous and requires control-flow reconciliation.
th04-main-boundary-00bfd,th04-main,mz-load-module,0xBFD,0x10BFD,0xBFD,0x37,0x37,provisional,library,exclude,excluded,FUN_1000_0bfd,,th04_main.asm,_TEXT,master-library-aggregate,candidate:th04_main.asm,ghidra,,,,true,1,1,0,target-ghidra+candidate-map,Ghidra-only boundary has no TLINK public or TASM PROC at its entry.
th04-main-boundary-00c34,th04-main,mz-load-module,0xC34,0x10C34,0xC34,0xFE,0xFF,provisional,library,exclude,excluded,EGC_SHIFT_UP,EGC_SHIFT_UP,th04_main.asm,_TEXT,master-library-aggregate,candidate:th04_main.asm,ghidra+map-public,,,,false,2,1,0,target-ghidra+candidate-map,Ghidra body is noncontiguous and requires control-flow reconciliation.
th04-main-boundary-00d34,th04-main,mz-load-module,0xD34,0x10D34,0xD34,0x16,0x16,corroborated,library,exclude,excluded,FILE_APPEND,FILE_APPEND,th04_main.asm,_TEXT,master-library-aggregate,candidate:th04_main.asm,ghidra+map-public,,,,true,1,1,0,target-ghidra+candidate-map,
th04-main-boundary-00d4b,th04-main,mz-load-module,0xD4B,0x10D4B,0xD4B,0x3C,0x3D,provisional,library,exclude,excluded,FUN_1000_0d4b,,th04_main.asm,_TEXT,master-library-aggregate,candidate:th04_main.asm,ghidra,,,,false,2,5,1,target-ghidra+candidate-map,Ghidra-only boundary has no TLINK public or TASM PROC at its entry.
th04-main-boundary-00d88,th04-main,mz-load-module,0xD88,0x10D88,0xD88,0x6B,0x6B,corroborated,library,exclude,excluded,FILE_FLUSH,FILE_FLUSH,th04_main.asm,_TEXT,master-library-aggregate,candidate:th04_main.asm,ghidra+map-public,,,,true,1,2,0,target-ghidra+candidate-map,
th04-main-boundary-00df4,th04-main,mz-load-module,0xDF4,0x10DF4,0xDF4,0xF,0xF,corroborated,library,exclude,excluded,FILE_CLOSE,FILE_CLOSE,th04_main.asm,_TEXT,master-library-aggregate,candidate:th04_main.asm,ghidra+map-public,,,,true,1,15,1,target-ghidra+candidate-map,
th04-main-boundary-00e04,th04-main,mz-load-module,0xE04,0x10E04,0xE04,0x40,0x40,corroborated,library,exclude,excluded,FILE_CREATE,FILE_CREATE,th04_main.asm,_TEXT,master-library-aggregate,candidate:th04_main.asm,ghidra+map-public,,,,true,1,1,1,target-ghidra+candidate-map,
th04-main-boundary-00e44,th04-main,mz-load-module,0xE44,0x10E44,0xE44,0x1C,0x1C,corroborated,library,exclude,excluded,FILE_EXIST,FILE_EXIST,th04_main.asm,_TEXT,master-library-aggregate,candidate:th04_main.asm,ghidra+map-public,,,,true,1,1,1,target-ghidra+candidate-map,
th04-main-boundary-00e60,th04-main,mz-load-module,0xE60,0x10E60,0xE60,0xB2,0xB4,provisional,library,exclude,excluded,FILE_READ,FILE_READ,th04_main.asm,_TEXT,master-library-aggregate,candidate:th04_main.asm,ghidra+map-public,,,,false,3,14,0,target-ghidra+candidate-map,Ghidra body is noncontiguous and requires control-flow reconciliation.
th04-main-boundary-00f14,th04-main,mz-load-module,0xF14,0x10F14,0xF14,0x3B,0x3B,corroborated,library,exclude,excluded,FILE_ROPEN,FILE_ROPEN,th04_main.asm,_TEXT,master-library-aggregate,candidate:th04_main.asm,ghidra+map-public,,,,true,1,13,1,target-ghidra+candidate-map,
th04-main-boundary-00f50,th04-main,mz-load-module,0xF50,0x10F50,0xF50,0x34,0x34,corroborated,library,exclude,excluded,FILE_SEEK,FILE_SEEK,th04_main.asm,_TEXT,master-library-aggregate,candidate:th04_main.asm,ghidra+map-public,,,,true,1,4,1,target-ghidra+candidate-map,
th04-main-boundary-00f84,th04-main,mz-load-module,0xF84,0x10F84,0xF84,0x0,0x0,provisional,library,exclude,excluded,FILE_TELL,FILE_TELL,th04_main.asm,_TEXT,master-library-aggregate,candidate:th04_main.asm,map-public,,,,,,,,target-ghidra+candidate-map,TLINK public has no corresponding Ghidra function entry.
th04-main-boundary-00f92,th04-main,mz-load-module,0xF92,0x10F92,0xF92,0xE,0xE,corroborated,library,exclude,excluded,FILE_SIZE,FILE_SIZE,th04_main.asm,_TEXT,master-library-aggregate,candidate:th04_main.asm,ghidra+map-public,,,,true,1,1,1,target-ghidra+candidate-map,
th04-main-boundary-00fa0,th04-main,mz-load-module,0xFA0,0x10FA0,0xFA0,0xA5,0xA6,provisional,library,exclude,excluded,FILE_WRITE,FILE_WRITE,th04_main.asm,_TEXT,master-library-aggregate,candidate:th04_main.asm,ghidra+map-public,,,,false,2,2,0,target-ghidra+candidate-map,Ghidra body is noncontiguous and requires control-flow reconciliation.
th04-main-boundary-01000,th04-main,mz-load-module,0x1000,0x11000,0x1000,0x0,0x0,provisional,library,exclude,excluded,__AHINCR,__AHINCR,th04_main.asm,_TEXT,master-library-aggregate,candidate:th04_main.asm,map-public,,,,,,,,target-ghidra+candidate-map,TLINK public has no corresponding Ghidra function entry.
th04-main-boundary-01046,th04-main,mz-load-module,0x1046,0x11046,0x1046,0x15,0x15,corroborated,library,exclude,excluded,FONTFILE_CLOSE,FONTFILE_CLOSE;DOS_CLOSE,th04_main.asm,_TEXT,master-library-aggregate,candidate:th04_main.asm,ghidra+map-public,,,,true,1,2,0,target-ghidra+candidate-map,
th04-main-boundary-0105c,th04-main,mz-load-module,0x105C,0x1105C,0x105C,0x1A,0x1A,corroborated,library,exclude,excluded,DOS_ROPEN,DOS_ROPEN;FONTFILE_OPEN,th04_main.asm,_TEXT,master-library-aggregate,candidate:th04_main.asm,ghidra+map-public,,,,true,1,7,0,target-ghidra+candidate-map,
th04-main-boundary-0107c,th04-main,mz-load-module,0x107C,0x1107C,0x107C,0xD4,0xD5,provisional,library,exclude,excluded,GRCG_BOXFILL,GRCG_BOXFILL,th04_main.asm,_TEXT,master-library-aggregate,candidate:th04_main.asm,ghidra+map-public,,,,false,2,2,0,target-ghidra+candidate-map,Ghidra body is noncontiguous and requires control-flow reconciliation.
th04-main-boundary-0114c,th04-main,mz-load-module,0x114C,0x1114C,0x114C,0x96,0x96,corroborated,library,exclude,excluded,GRCG_CIRCLEFILL,GRCG_CIRCLEFILL,th04_main.asm,_TEXT,master-library-aggregate,candidate:th04_main.asm,ghidra+map-public,,,,true,1,3,2,target-ghidra+candidate-map,
th04-main-boundary-011ec,th04-main,mz-load-module,0x11EC,0x111EC,0x11EC,0xA1,0xA1,provisional,library,exclude,excluded,GRCG_CIRCLE,GRCG_CIRCLE,th04_main.asm,_TEXT,master-library-aggregate,candidate:th04_main.asm,ghidra+map-public,,,,true,1,3,2,target-ghidra+candidate-map,Ghidra body crosses its corroborating ownership region.
th04-main-boundary-01284,th04-main,mz-load-module,0x1284,0x11284,0x1284,0x0,0x0,provisional,library,exclude,excluded,GC_CIRCL_PSET4Q,,th04_main.asm,_TEXT,master-library-aggregate,candidate:th04_main.asm,tasm-proc,GC_CIRCL_PSET4Q,near,7915,,,,,target-ghidra+candidate-map,TLINK public has no corresponding Ghidra function entry.
th04-main-boundary-01286,th04-main,mz-load-module,0x1286,0x11286,0x1286,0xD4,0xD5,provisional,library,exclude,excluded,GC_CIRCL_PSET4,,th04_main.asm,_TEXT,master-library-aggregate,candidate:th04_main.asm,ghidra+tasm-proc,GC_CIRCL_PSET4,near,7920,false,2,1,0,target-ghidra+candidate-map,Ghidra body is noncontiguous and requires control-flow reconciliation.
th04-main-boundary-0135a,th04-main,mz-load-module,0x135A,0x1135A,0x135A,0xED,0xEF,provisional,library,exclude,excluded,GRCG_CIRCLE_X,GRCG_CIRCLE_X,th04_main.asm,_TEXT,master-library-aggregate,candidate:th04_main.asm,ghidra+map-public,,,,false,3,1,0,target-ghidra+candidate-map,Ghidra body is noncontiguous and requires control-flow reconciliation.
th04-main-boundary-0144a,th04-main,mz-load-module,0x144A,0x1144A,0x144A,0x92,0x92,corroborated,library,exclude,excluded,GRC_SETCLIP,GRC_SETCLIP,th04_main.asm,_TEXT,master-library-aggregate,candidate:th04_main.asm,ghidra+map-public,,,,true,1,0,0,target-ghidra+candidate-map,
th04-main-boundary-014dc,th04-main,mz-load-module,0x14DC,0x114DC,0x14DC,0x75,0x75,corroborated,library,exclude,excluded,GRCG_HLINE,GRCG_HLINE,th04_main.asm,_TEXT,master-library-aggregate,candidate:th04_main.asm,ghidra+map-public,,,,true,1,1,0,target-ghidra+candidate-map,
th04-main-boundary-01551,th04-main,mz-load-module,0x1551,0x11551,0x1551,0x10,0x10,provisional,library,exclude,excluded,FUN_1000_1551,,th04_main.asm,_TEXT,master-library-aggregate,candidate:th04_main.asm,ghidra,,,,true,1,1,0,target-ghidra+candidate-map,Ghidra-only boundary has no TLINK public or TASM PROC at its entry.
th04-main-boundary-01562,th04-main,mz-load-module,0x1562,0x11562,0x1562,0x39,0x39,corroborated,library,exclude,excluded,GRCG_LINE,GRCG_LINE,th04_main.asm,_TEXT,master-library-aggregate,candidate:th04_main.asm,ghidra+map-public,,,,true,1,2,0,target-ghidra+candidate-map,
th04-main-boundary-0159b,th04-main,mz-load-module,0x159B,0x1159B,0x159B,0x122,0x164,provisional,library,exclude,excluded,FUN_1000_159b,,th04_main.asm,_TEXT,master-library-aggregate,candidate:th04_main.asm,ghidra,,,,false,3,1,1,target-ghidra+candidate-map,Ghidra-only boundary has no TLINK public or TASM PROC at its entry.
th04-main-boundary-01692,th04-main,mz-load-module,0x1692,0x11692,0x1692,0x2E,0x30,provisional,library,exclude,excluded,FUN_1000_1692,,th04_main.asm,_TEXT,master-library-aggregate,candidate:th04_main.asm,ghidra,,,,false,3,3,0,target-ghidra+candidate-map,Ghidra-only boundary has no TLINK public or TASM PROC at its entry.
th04-main-boundary-016c4,th04-main,mz-load-module,0x16C4,0x116C4,0x16C4,0xD,0xD,provisional,library,exclude,excluded,FUN_1000_16c4,,th04_main.asm,_TEXT,master-library-aggregate,candidate:th04_main.asm,ghidra,,,,true,1,1,0,target-ghidra+candidate-map,Ghidra-only boundary has no TLINK public or TASM PROC at its entry.
th04-main-boundary-01700,th04-main,mz-load-module,0x1700,0x11700,0x1700,0x43,0x43,corroborated,library,exclude,excluded,GRCG_PSET,GRCG_PSET,th04_main.asm,_TEXT,master-library-aggregate,candidate:th04_main.asm,ghidra+map-public,,,,true,1,1,0,target-ghidra+candidate-map,
th04-main-boundary-01744,th04-main,mz-load-module,0x1744,0x11744,0x1744,0x29,0x29,corroborated,library,exclude,excluded,GRCG_SETCOLOR,GRCG_SETCOLOR,th04_main.asm,_TEXT,master-library-aggregate,candidate:th04_main.asm,ghidra+map-public,,,,true,1,4,0,target-ghidra+candidate-map,
th04-main-boundary-0176e,th04-main,mz-load-module,0x176E,0x1176E,0x176E,0x5,0x5,corroborated,library,exclude,excluded,GRCG_OFF,GRCG_OFF,th04_main.asm,_TEXT,master-library-aggregate,candidate:th04_main.asm,ghidra+map-public,,,,true,1,1,0,target-ghidra+candidate-map,
th04-main-boundary-01774,th04-main,mz-load-module,0x1774,0x11774,0x1774,0x85,0x85,corroborated,library,exclude,excluded,GRCG_VLINE,GRCG_VLINE,th04_main.asm,_TEXT,master-library-aggregate,candidate:th04_main.asm,ghidra+map-public,,,,true,1,2,0,target-ghidra+candidate-map,
th04-main-boundary-017fa,th04-main,mz-load-module,0x17FA,0x117FA,0x17FA,0xB,0xB,corroborated,library,exclude,excluded,gdc_outpw,gdc_outpw,th04_main.asm,_TEXT,master-library-aggregate,candidate:th04_main.asm,ghidra+map-public+tasm-proc,gdc_outpw,near,9457,true,1,2,0,target-ghidra+candidate-map,
th04-main-boundary-01806,th04-main,mz-load-module,0x1806,0x11806,0x1806,0x7D,0x7D,corroborated,library,exclude,excluded,GET_MACHINE_98,GET_MACHINE_98,th04_main.asm,_TEXT,master-library-aggregate,candidate:th04_main.asm,ghidra+map-public,,,,true,1,1,2,target-ghidra+candidate-map,
th04-main-boundary-01884,th04-main,mz-load-module,0x1884,0x11884,0x1884,0x155,0x155,corroborated,library,exclude,excluded,GET_MACHINE_AT,GET_MACHINE_AT,th04_main.asm,_TEXT,master-library-aggregate,candidate:th04_main.asm,ghidra+map-public,,,,true,1,1,2,target-ghidra+candidate-map,
th04-main-boundary-019da,th04-main,mz-load-module,0x19DA,0x119DA,0x19DA,0x31,0x31,corroborated,library,exclude,excluded,GET_MACHINE_DOSBOX,GET_MACHINE_DOSBOX,th04_main.asm,_TEXT,master-library-aggregate,candidate:th04_main.asm,ghidra+map-public,,,,true,1,2,0,target-ghidra+candidate-map,
th04-main-boundary-01a0c,th04-main,mz-load-module,0x1A0C,0x11A0C,0x1A0C,0xE,0xE,corroborated,library,exclude,excluded,CHECK_MACHINE_FMR,CHECK_MACHINE_FMR,th04_main.asm,_TEXT,master-library-aggregate,candidate:th04_main.asm,ghidra+map-public,,,,true,1,3,0,target-ghidra+candidate-map,
th04-main-boundary-01a1a,th04-main,mz-load-module,0x1A1A,0x11A1A,0x1A1A,0x1B,0x1B,corroborated,library,exclude,excluded,GET_MACHINE,GET_MACHINE,th04_main.asm,_TEXT,master-library-aggregate,candidate:th04_main.asm,ghidra+map-public,,,,true,1,1,3,target-ghidra+candidate-map,
th04-main-boundary-01a36,th04-main,mz-load-module,0x1A36,0x11A36,0x1A36,0x24,0x24,corroborated,library,exclude,excluded,GAIJI_BACKUP,GAIJI_BACKUP,th04_main.asm,_TEXT,master-library-aggregate,candidate:th04_main.asm,ghidra+map-public,,,,true,1,1,2,target-ghidra+candidate-map,
th04-main-boundary-01a5a,th04-main,mz-load-module,0x1A5A,0x11A5A,0x1A5A,0x1C,0x1C,corroborated,library,exclude,excluded,GAIJI_RESTORE,GAIJI_RESTORE,th04_main.asm,_TEXT,master-library-aggregate,candidate:th04_main.asm,ghidra+map-public,,,,true,1,1,2,target-ghidra+candidate-map,
th04-main-boundary-01a76,th04-main,mz-load-module,0x1A76,0x11A76,0x1A76,0x95,0x96,provisional,library,exclude,excluded,GAIJI_ENTRY_BFNT,GAIJI_ENTRY_BFNT,th04_main.asm,_TEXT,master-library-aggregate,candidate:th04_main.asm,ghidra+map-public,,,,false,2,1,6,target-ghidra+candidate-map,Ghidra body is noncontiguous and requires control-flow reconciliation.
th04-main-boundary-01b0c,th04-main,mz-load-module,0x1B0C,0x11B0C,0x1B0C,0x43,0x43,corroborated,library,exclude,excluded,GAIJI_PUTCA,GAIJI_PUTCA,th04_main.asm,_TEXT,master-library-aggregate,candidate:th04_main.asm,ghidra+map-public,,,,true,1,10,0,target-ghidra+candidate-map,
th04-main-boundary-01b50,th04-main,mz-load-module,0x1B50,0x11B50,0x1B50,0x56,0x56,corroborated,library,exclude,excluded,GAIJI_PUTSA,GAIJI_PUTSA,th04_main.asm,_TEXT,master-library-aggregate,candidate:th04_main.asm,ghidra+map-public,,,,true,1,14,0,target-ghidra+candidate-map,
th04-main-boundary-01ba6,th04-main,mz-load-module,0x1BA6,0x11BA6,0x1BA6,0x21,0x21,corroborated,library,exclude,excluded,GETFONTW,,th04_main.asm,_TEXT,master-library-aggregate,candidate:th04_main.asm,ghidra+tasm-proc,GETFONTW,near,10849,true,1,1,0,target-ghidra+candidate-map,
th04-main-boundary-01bc8,th04-main,mz-load-module,0x1BC8,0x11BC8,0x1BC8,0x0,0x0,provisional,library,exclude,excluded,GAIJI_READ,GAIJI_READ,th04_main.asm,_TEXT,master-library-aggregate,candidate:th04_main.asm,map-public,,,,,,,,target-ghidra+candidate-map,TLINK public has no corresponding Ghidra function entry.
th04-main-boundary-01bee,th04-main,mz-load-module,0x1BEE,0x11BEE,0x1BEE,0x24,0x24,corroborated,library,exclude,excluded,GAIJI_READ_ALL,GAIJI_READ_ALL,th04_main.asm,_TEXT,master-library-aggregate,candidate:th04_main.asm,ghidra+map-public,,,,true,1,1,1,target-ghidra+candidate-map,
th04-main-boundary-01c12,th04-main,mz-load-module,0x1C12,0x11C12,0x1C12,0x21,0x21,corroborated,library,exclude,excluded,SETFONTW,,th04_main.asm,_TEXT,master-library-aggregate,candidate:th04_main.asm,ghidra+tasm-proc,SETFONTW,near,10999,true,1,1,0,target-ghidra+candidate-map,
th04-main-boundary-01c34,th04-main,mz-load-module,0x1C34,0x11C34,0x1C34,0x0,0x0,provisional,library,exclude,excluded,GAIJI_WRITE,GAIJI_WRITE,th04_main.asm,_TEXT,master-library-aggregate,candidate:th04_main.asm,map-public,,,,,,,,target-ghidra+candidate-map,TLINK public has no corresponding Ghidra function entry.
th04-main-boundary-01c5c,th04-main,mz-load-module,0x1C5C,0x11C5C,0x1C5C,0x26,0x26,corroborated,library,exclude,excluded,GAIJI_WRITE_ALL,GAIJI_WRITE_ALL,th04_main.asm,_TEXT,master-library-aggregate,candidate:th04_main.asm,ghidra+map-public,,,,true,1,2,1,target-ghidra+candidate-map,
th04-main-boundary-01c82,th04-main,mz-load-module,0x1C82,0x11C82,0x1C82,0x4D,0x4D,corroborated,library,exclude,excluded,GRAPH_400LINE,GRAPH_400LINE,th04_main.asm,_TEXT,master-library-aggregate,candidate:th04_main.asm,ghidra+map-public,,,,true,1,1,0,target-ghidra+candidate-map,
th04-main-boundary-01cd0,th04-main,mz-load-module,0x1CD0,0x11CD0,0x1CD0,0x23,0x23,corroborated,library,exclude,excluded,GRAPH_CLEAR,GRAPH_CLEAR,th04_main.asm,_TEXT,master-library-aggregate,candidate:th04_main.asm,ghidra+map-public,,,,true,1,1,0,target-ghidra+candidate-map,
th04-main-boundary-01cf4,th04-main,mz-load-module,0x1CF4,0x11CF4,0x1CF4,0x56,0x56,corroborated,library,exclude,excluded,GRAPH_EXTMODE,GRAPH_EXTMODE,th04_main.asm,_TEXT,master-library-aggregate,candidate:th04_main.asm,ghidra+map-public,,,,true,1,1,0,target-ghidra+candidate-map,
th04-main-boundary-01d4a,th04-main,mz-load-module,0x1D4A,0x11D4A,0x1D4A,0x5,0x5,corroborated,library,exclude,excluded,GRAPH_HIDE,GRAPH_HIDE,th04_main.asm,_TEXT,master-library-aggregate,candidate:th04_main.asm,ghidra+map-public,,,,true,1,1,0,target-ghidra+candidate-map,
th04-main-boundary-01d50,th04-main,mz-load-module,0x1D50,0x11D50,0x1D50,0x46,0x46,corroborated,library,exclude,excluded,GRAPH_SCROLLUP,GRAPH_SCROLLUP,th04_main.asm,_TEXT,master-library-aggregate,candidate:th04_main.asm,ghidra+map-public,,,,true,1,1,1,target-ghidra+candidate-map,
th04-main-boundary-01d96,th04-main,mz-load-module,0x1D96,0x11D96,0x1D96,0x12,0x12,provisional,library,exclude,excluded,FUN_1000_1d96,,th04_main.asm,_TEXT,master-library-aggregate,candidate:th04_main.asm,ghidra,,,,true,1,30,1,target-ghidra+candidate-map,Ghidra-only boundary has no TLINK public or TASM PROC at its entry.
th04-main-boundary-01da8,th04-main,mz-load-module,0x1DA8,0x11DA8,0x1DA8,0x50,0x54,provisional,library,exclude,excluded,IATAN2,IATAN2,th04_main.asm,_TEXT,master-library-aggregate,candidate:th04_main.asm,ghidra+map-public,,,,false,4,21,1,target-ghidra+candidate-map,Ghidra body is noncontiguous and requires control-flow reconciliation.
th04-main-boundary-01de6,th04-main,mz-load-module,0x1DE6,0x11DE6,0x1DE6,0x2,0x2,provisional,library,exclude,excluded,thunk_FUN_1000_1dfc,,th04_main.asm,_TEXT,master-library-aggregate,candidate:th04_main.asm,ghidra,,,,true,1,2,0,target-ghidra+candidate-map,Ghidra-only boundary has no TLINK public or TASM PROC at its entry.
th04-main-boundary-01dfc,th04-main,mz-load-module,0x1DFC,0x11DFC,0x1DFC,0x17,0x17,provisional,library,exclude,excluded,FUN_1000_1dfc,,th04_main.asm,_TEXT,master-library-aggregate,candidate:th04_main.asm,ghidra,,,,true,1,1,0,target-ghidra+candidate-map,Ghidra-only boundary has no TLINK public or TASM PROC at its entry.
th04-main-boundary-01e14,th04-main,mz-load-module,0x1E14,0x11E14,0x1E14,0x6,0x6,corroborated,library,exclude,excluded,JS_END,JS_END,th04_main.asm,_TEXT,master-library-aggregate,candidate:th04_main.asm,ghidra+map-public,,,,true,1,1,1,target-ghidra+candidate-map,
th04-main-boundary-01e1a,th04-main,mz-load-module,0x1E1A,0x11E1A,0x1E1A,0x0,0x0,provisional,library,exclude,excluded,LARGE_BYTE,LARGE_BYTE,th04_main.asm,_TEXT,master-library-aggregate,candidate:th04_main.asm,map-public,,,,,,,,target-ghidra+candidate-map,TLINK public has no corresponding Ghidra function entry.
th04-main-boundary-01e2a,th04-main,mz-load-module,0x1E2A,0x11E2A,0x1E2A,0x94,0x94,corroborated,library,exclude,excluded,SUPER_LARGE_PUT,SUPER_LARGE_PUT,th04_main.asm,_TEXT,master-library-aggregate,candidate:th04_main.asm,ghidra+map-public,,,,true,1,4,1,target-ghidra+candidate-map,
th04-main-boundary-01ebe,th04-main,mz-load-module,0x1EBE,0x11EBE,0x1EBE,0xC,0xC,corroborated,library,exclude,excluded,LARGEPUT_DISP8,,th04_main.asm,_TEXT,master-library-aggregate,candidate:th04_main.asm,ghidra+tasm-proc,LARGEPUT_DISP8,near,11912,true,1,1,0,target-ghidra+candidate-map,
th04-main-boundary-01ecb,th04-main,mz-load-module,0x1ECB,0x11ECB,0x1ECB,0x38,0x38,provisional,library,exclude,excluded,FUN_1000_1ecb,,th04_main.asm,_TEXT,master-library-aggregate,candidate:th04_main.asm,ghidra,,,,true,1,1,1,target-ghidra+candidate-map,Ghidra-only boundary has no TLINK public or TASM PROC at its entry.
th04-main-boundary-01f04,th04-main,mz-load-module,0x1F04,0x11F04,0x1F04,0x91,0x92,provisional,library,exclude,excluded,PALETTE_SHOW,PALETTE_SHOW,th04_main.asm,_TEXT,master-library-aggregate,candidate:th04_main.asm,ghidra+map-public,,,,false,2,10,0,target-ghidra+candidate-map,Ghidra body is noncontiguous and requires control-flow reconciliation.
th04-main-boundary-01f96,th04-main,mz-load-module,0x1F96,0x11F96,0x1F96,0x77,0x78,provisional,library,exclude,excluded,FUN_1000_1f96,,th04_main.asm,_TEXT,master-library-aggregate,candidate:th04_main.asm,ghidra,,,,false,2,1,0,target-ghidra+candidate-map,Ghidra-only boundary has no TLINK public or TASM PROC at its entry.
th04-main-boundary-0200e,th04-main,mz-load-module,0x200E,0x1200E,0x200E,0x16,0x16,corroborated,library,exclude,excluded,PFCLOSE,PFCLOSE,th04_main.asm,_TEXT,master-library-aggregate,candidate:th04_main.asm,ghidra+map-public,,,,true,1,1,2,target-ghidra+candidate-map,
th04-main-boundary-02024,th04-main,mz-load-module,0x2024,0x12024,0x2024,0x4,0x4,provisional,library,exclude,excluded,FUN_1000_2024,,th04_main.asm,_TEXT,master-library-aggregate,candidate:th04_main.asm,ghidra,,,,true,1,1,0,target-ghidra+candidate-map,Ghidra-only boundary has no TLINK public or TASM PROC at its entry.
th04-main-boundary-02028,th04-main,mz-load-module,0x2028,0x12028,0x2028,0xF,0xF,corroborated,library,exclude,excluded,PFGETC,PFGETC,th04_main.asm,_TEXT,master-library-aggregate,candidate:th04_main.asm,ghidra+map-public,,,,true,1,0,0,target-ghidra+candidate-map,
th04-main-boundary-02038,th04-main,mz-load-module,0x2038,0x12038,0x2038,0x0,0x0,provisional,library,exclude,excluded,PFGETC1,PFGETC1,th04_main.asm,_TEXT,master-library-aggregate,candidate:th04_main.asm,map-public+tasm-proc,PFGETC1,near,12369,,,,,target-ghidra+candidate-map,TLINK public has no corresponding Ghidra function entry.
th04-main-boundary-02086,th04-main,mz-load-module,0x2086,0x12086,0x2086,0x0,0x0,provisional,library,exclude,excluded,PFGETX0,PFGETX0,th04_main.asm,_TEXT,master-library-aggregate,candidate:th04_main.asm,map-public+tasm-proc,PFGETX0,near,12411,,,,,target-ghidra+candidate-map,TLINK public has no corresponding Ghidra function entry.
th04-main-boundary-020ca,th04-main,mz-load-module,0x20CA,0x120CA,0x20CA,0x0,0x0,provisional,library,exclude,excluded,PFGETX1,PFGETX1,th04_main.asm,_TEXT,master-library-aggregate,candidate:th04_main.asm,map-public+tasm-proc,PFGETX1,near,12445,,,,,target-ghidra+candidate-map,TLINK public has no corresponding Ghidra function entry.
th04-main-boundary-020d8,th04-main,mz-load-module,0x20D8,0x120D8,0x20D8,0x0,0x0,provisional,library,exclude,excluded,PFREAD,PFREAD,th04_main.asm,_TEXT,master-library-aggregate,candidate:th04_main.asm,map-public,,,,,,,,target-ghidra+candidate-map,TLINK public has no corresponding Ghidra function entry.
th04-main-boundary-02106,th04-main,mz-load-module,0x2106,0x12106,0x2106,0x3B,0x3B,corroborated,library,exclude,excluded,PFREWIND,PFREWIND,th04_main.asm,_TEXT,master-library-aggregate,candidate:th04_main.asm,ghidra+map-public,,,,true,1,0,1,target-ghidra+candidate-map,
th04-main-boundary-02142,th04-main,mz-load-module,0x2142,0x12142,0x2142,0x30,0x30,corroborated,library,exclude,excluded,PFSEEK,PFSEEK,th04_main.asm,_TEXT,master-library-aggregate,candidate:th04_main.asm,ghidra+map-public,,,,true,1,0,0,target-ghidra+candidate-map,
th04-main-boundary-02172,th04-main,mz-load-module,0x2172,0x12172,0x2172,0x2A,0x2A,corroborated,library,exclude,excluded,IRAND,IRAND,th04_main.asm,_TEXT,master-library-aggregate,candidate:th04_main.asm,ghidra+map-public,,,,true,1,3,0,target-ghidra+candidate-map,
th04-main-boundary-0219c,th04-main,mz-load-module,0x219C,0x1219C,0x219C,0x42,0x42,corroborated,library,exclude,excluded,PALETTE_ENTRY_RGB,PALETTE_ENTRY_RGB,th04_main.asm,_TEXT,master-library-aggregate,candidate:th04_main.asm,ghidra+map-public,,,,true,1,1,1,target-ghidra+candidate-map,
th04-main-boundary-021de,th04-main,mz-load-module,0x21DE,0x121DE,0x21DE,0xF,0xF,corroborated,library,exclude,excluded,SMEM_RELEASE,SMEM_RELEASE,th04_main.asm,_TEXT,master-library-aggregate,candidate:th04_main.asm,ghidra+map-public,,,,true,1,5,0,target-ghidra+candidate-map,
th04-main-boundary-021f4,th04-main,mz-load-module,0x21F4,0x121F4,0x21F4,0x3B,0x3B,provisional,library,exclude,excluded,SMEM_WGET,SMEM_WGET,th04_main.asm,_TEXT,master-library-aggregate,candidate:th04_main.asm,ghidra+map-public,,,,true,1,4,1,target-ghidra+candidate-map,Ghidra body crosses its corroborating ownership region.
th04-main-boundary-0222a,th04-main,mz-load-module,0x222A,0x1222A,0x222A,0x16,0x16,corroborated,library,exclude,excluded,SOUND_O,,th04_main.asm,_TEXT,master-library-aggregate,candidate:th04_main.asm,ghidra+tasm-proc,SOUND_O,near,13140,true,1,2,0,target-ghidra+candidate-map,
th04-main-boundary-02240,th04-main,mz-load-module,0x2240,0x12240,0x2240,0x14,0x14,corroborated,library,exclude,excluded,SOUND_I,,th04_main.asm,_TEXT,master-library-aggregate,candidate:th04_main.asm,ghidra+tasm-proc,SOUND_I,near,13163,true,1,1,0,target-ghidra+candidate-map,
th04-main-boundary-02254,th04-main,mz-load-module,0x2254,0x12254,0x2254,0x11,0x11,corroborated,library,exclude,excluded,TEXT_CLEAR,TEXT_CLEAR,th04_main.asm,_TEXT,master-library-aggregate,candidate:th04_main.asm,ghidra+map-public,,,,true,1,3,0,target-ghidra+candidate-map,
th04-main-boundary-02266,th04-main,mz-load-module,0x2266,0x12266,0x2266,0x37,0x37,corroborated,library,exclude,excluded,TEXT_FILLCA,TEXT_FILLCA,th04_main.asm,_TEXT,master-library-aggregate,candidate:th04_main.asm,ghidra+map-public,,,,true,1,1,0,target-ghidra+candidate-map,
th04-main-boundary-0229e,th04-main,mz-load-module,0x229E,0x1229E,0x229E,0x57,0x57,corroborated,library,exclude,excluded,TEXT_PUTCA,TEXT_PUTCA,th04_main.asm,_TEXT,master-library-aggregate,candidate:th04_main.asm,ghidra+map-public,,,,true,1,4,0,target-ghidra+candidate-map,
th04-main-boundary-022f6,th04-main,mz-load-module,0x22F6,0x122F6,0x22F6,0x72,0x72,corroborated,library,exclude,excluded,TEXT_PUTSA,TEXT_PUTSA,th04_main.asm,_TEXT,master-library-aggregate,candidate:th04_main.asm,ghidra+map-public,,,,true,1,10,0,target-ghidra+candidate-map,
th04-main-boundary-0236c,th04-main,mz-load-module,0x236C,0x1236C,0x236C,0x6A,0x6A,corroborated,library,exclude,excluded,VSYNC_START,VSYNC_START,th04_main.asm,_TEXT,master-library-aggregate,candidate:th04_main.asm,ghidra+map-public,,,,true,1,1,2,target-ghidra+candidate-map,
th04-main-boundary-023e0,th04-main,mz-load-module,0x23E0,0x123E0,0x23E0,0x0,0x0,provisional,library,exclude,excluded,VSYNC_COUNT,,th04_main.asm,_TEXT,master-library-aggregate,candidate:th04_main.asm,tasm-proc,VSYNC_COUNT,far,13766,,,,,target-ghidra+candidate-map,TLINK public has no corresponding Ghidra function entry.
th04-main-boundary-0241a,th04-main,mz-load-module,0x241A,0x1241A,0x241A,0x47,0x47,corroborated,library,exclude,excluded,VSYNC_END,VSYNC_END;VSYNC_LEAVE,th04_main.asm,_TEXT,master-library-aggregate,candidate:th04_main.asm,ghidra+map-public,,,,true,1,1,1,target-ghidra+candidate-map,
th04-main-boundary-02462,th04-main,mz-load-module,0x2462,0x12462,0x2462,0x26,0x26,corroborated,library,exclude,excluded,VSYNC_WAIT,VSYNC_WAIT,th04_main.asm,_TEXT,master-library-aggregate,candidate:th04_main.asm,ghidra+map-public,,,,true,1,2,0,target-ghidra+candidate-map,
th04-main-boundary-02488,th04-main,mz-load-module,0x2488,0x12488,0x2488,0x0,0x0,provisional,library,exclude,excluded,PALETTE_WHITE_IN,PALETTE_WHITE_IN,th04_main.asm,_TEXT,master-library-aggregate,candidate:th04_main.asm,map-public,,,,,,,,target-ghidra+candidate-map,TLINK public has no corresponding Ghidra function entry.
th04-main-boundary-024c8,th04-main,mz-load-module,0x24C8,0x124C8,0x24C8,0x0,0x0,provisional,library,exclude,excluded,PALETTE_WHITE_OUT,PALETTE_WHITE_OUT,th04_main.asm,_TEXT,master-library-aggregate,candidate:th04_main.asm,map-public,,,,,,,,target-ghidra+candidate-map,TLINK public has no corresponding Ghidra function entry.
th04-main-boundary-02508,th04-main,mz-load-module,0x2508,0x12508,0x2508,0x21,0x21,corroborated,library,exclude,excluded,MEM_ASSIGN_DOS,MEM_ASSIGN_DOS,th04_main.asm,_TEXT,master-library-aggregate,candidate:th04_main.asm,ghidra+map-public,,,,true,1,1,1,target-ghidra+candidate-map,
th04-main-boundary-0252a,th04-main,mz-load-module,0x252A,0x1252A,0x252A,0x26,0x26,corroborated,library,exclude,excluded,MEM_ASSIGN,MEM_ASSIGN,th04_main.asm,_TEXT,master-library-aggregate,candidate:th04_main.asm,ghidra+map-public,,,,true,1,2,0,target-ghidra+candidate-map,
th04-main-boundary-02550,th04-main,mz-load-module,0x2550,0x12550,0x2550,0x27,0x27,corroborated,library,exclude,excluded,MEM_ASSIGN_ALL,MEM_ASSIGN_ALL,th04_main.asm,_TEXT,master-library-aggregate,candidate:th04_main.asm,ghidra+map-public,,,,true,1,2,1,target-ghidra+candidate-map,
th04-main-boundary-02578,th04-main,mz-load-module,0x2578,0x12578,0x2578,0x14,0x14,corroborated,library,exclude,excluded,HMEM_ALLOCBYTE,HMEM_ALLOCBYTE,th04_main.asm,_TEXT,master-library-aggregate,candidate:th04_main.asm,ghidra+map-public,,,,true,1,17,0,target-ghidra+candidate-map,
th04-main-boundary-0258c,th04-main,mz-load-module,0x258C,0x1258C,0x258C,0xF0,0xF0,corroborated,library,exclude,excluded,HMEM_ALLOC,HMEM_ALLOC,th04_main.asm,_TEXT,master-library-aggregate,candidate:th04_main.asm,ghidra+map-public,,,,true,1,2,1,target-ghidra+candidate-map,
th04-main-boundary-0267c,th04-main,mz-load-module,0x267C,0x1267C,0x267C,0xA7,0xA8,provisional,library,exclude,excluded,HMEM_FREE,HMEM_FREE,th04_main.asm,_TEXT,master-library-aggregate,candidate:th04_main.asm,ghidra+map-public,,,,false,2,23,0,target-ghidra+candidate-map,Ghidra body is noncontiguous and requires control-flow reconciliation.
th04-main-boundary-02724,th04-main,mz-load-module,0x2724,0x12724,0x2724,0x1F,0x1F,corroborated,library,exclude,excluded,MEM_UNASSIGN,MEM_UNASSIGN,th04_main.asm,_TEXT,master-library-aggregate,candidate:th04_main.asm,ghidra+map-public,,,,true,1,1,0,target-ghidra+candidate-map,
th04-main-boundary-02748,th04-main,mz-load-module,0x2748,0x12748,0x2748,0x30,0x30,corroborated,library,exclude,excluded,SUPER_FREE,SUPER_FREE,th04_main.asm,_TEXT,master-library-aggregate,candidate:th04_main.asm,ghidra+map-public,,,,true,1,1,2,target-ghidra+candidate-map,
th04-main-boundary-0278c,th04-main,mz-load-module,0x278C,0x1278C,0x278C,0xBD,0xBF,provisional,library,exclude,excluded,SUPER_ENTRY_PAT,SUPER_ENTRY_PAT,th04_main.asm,_TEXT,master-library-aggregate,candidate:th04_main.asm,ghidra+map-public,,,,false,3,1,3,target-ghidra+candidate-map,Ghidra body is noncontiguous and requires control-flow reconciliation.
th04-main-boundary-02838,th04-main,mz-load-module,0x2838,0x12838,0x2838,0x1C8,0x1C8,corroborated,library,exclude,excluded,SUPER_PUT_1PLANE,SUPER_PUT_1PLANE,th04_main.asm,_TEXT,master-library-aggregate,candidate:th04_main.asm,ghidra+map-public,,,,true,1,8,0,target-ghidra+candidate-map,
th04-main-boundary-02a00,th04-main,mz-load-module,0x2A00,0x12A00,0x2A00,0x74,0x74,corroborated,library,exclude,excluded,SUPER_ENTRY_AT,SUPER_ENTRY_AT,th04_main.asm,_TEXT,master-library-aggregate,candidate:th04_main.asm,ghidra+map-public,,,,true,1,1,2,target-ghidra+candidate-map,
th04-main-boundary-02a74,th04-main,mz-load-module,0x2A74,0x12A74,0x2A74,0x89,0x89,corroborated,library,exclude,excluded,SUPER_ENTRY_BFNT,SUPER_ENTRY_BFNT,th04_main.asm,_TEXT,master-library-aggregate,candidate:th04_main.asm,ghidra+map-public,,,,true,1,5,6,target-ghidra+candidate-map,
th04-main-boundary-02afe,th04-main,mz-load-module,0x2AFE,0x12AFE,0x2AFE,0x4E,0x4F,provisional,library,exclude,excluded,SUPER_CANCEL_PAT,SUPER_CANCEL_PAT,th04_main.asm,_TEXT,master-library-aggregate,candidate:th04_main.asm,ghidra+map-public,,,,false,2,2,1,target-ghidra+candidate-map,Ghidra body is noncontiguous and requires control-flow reconciliation.
th04-main-boundary-02b4e,th04-main,mz-load-module,0x2B4E,0x12B4E,0x2B4E,0x2A,0x2A,corroborated,library,exclude,excluded,SUPER_CLEAN,SUPER_CLEAN,th04_main.asm,_TEXT,master-library-aggregate,candidate:th04_main.asm,ghidra+map-public,,,,true,1,2,1,target-ghidra+candidate-map,
th04-main-boundary-02b78,th04-main,mz-load-module,0x2B78,0x12B78,0x2B78,0x128,0x128,corroborated,library,exclude,excluded,SUPER_ROLL_PUT_1PLANE,SUPER_ROLL_PUT_1PLANE,th04_main.asm,_TEXT,master-library-aggregate,candidate:th04_main.asm,ghidra+map-public,,,,true,1,7,1,target-ghidra+candidate-map,
th04-main-boundary-02ca0,th04-main,mz-load-module,0x2CA0,0x12CA0,0x2CA0,0x15,0x15,provisional,library,exclude,excluded,FUN_1000_2ca0,,th04_main.asm,_TEXT,master-library-aggregate,candidate:th04_main.asm,ghidra,,,,true,1,1,0,target-ghidra+candidate-map,Ghidra-only boundary has no TLINK public or TASM PROC at its entry.
th04-main-boundary-02cb5,th04-main,mz-load-module,0x2CB5,0x12CB5,0x2CB5,0x12,0x12,provisional,library,exclude,excluded,FUN_1000_2cb5,,th04_main.asm,_TEXT,master-library-aggregate,candidate:th04_main.asm,ghidra,,,,true,1,1,0,target-ghidra+candidate-map,Ghidra-only boundary has no TLINK public or TASM PROC at its entry.
th04-main-boundary-02cc7,th04-main,mz-load-module,0x2CC7,0x12CC7,0x2CC7,0x1B,0x1B,provisional,library,exclude,excluded,FUN_1000_2cc7,,th04_main.asm,_TEXT,master-library-aggregate,candidate:th04_main.asm,ghidra,,,,true,1,1,1,target-ghidra+candidate-map,Ghidra-only boundary has no TLINK public or TASM PROC at its entry.
th04-main-boundary-02ce5,th04-main,mz-load-module,0x2CE5,0x12CE5,0x2CE5,0x4C,0x4C,provisional,library,exclude,excluded,FUN_1000_2ce5,,th04_main.asm,_TEXT,master-library-aggregate,candidate:th04_main.asm,ghidra,,,,true,1,1,0,target-ghidra+candidate-map,Ghidra-only boundary has no TLINK public or TASM PROC at its entry.
th04-main-boundary-02d32,th04-main,mz-load-module,0x2D32,0x12D32,0x2D32,0xB,0xB,provisional,library,exclude,excluded,FUN_1000_2d32,,th04_main.asm,_TEXT,master-library-aggregate,candidate:th04_main.asm,ghidra,,,,true,1,1,0,target-ghidra+candidate-map,Ghidra-only boundary has no TLINK public or TASM PROC at its entry.
th04-main-boundary-02d3e,th04-main,mz-load-module,0x2D3E,0x12D3E,0x2D3E,0xCA,0xCC,provisional,library,exclude,excluded,SUPER_ROLL_PUT,SUPER_ROLL_PUT,th04_main.asm,_TEXT,master-library-aggregate,candidate:th04_main.asm,ghidra+map-public,,,,false,2,10,1,target-ghidra+candidate-map,Ghidra body is noncontiguous and requires control-flow reconciliation.
th04-main-boundary-02df0,th04-main,mz-load-module,0x2DF0,0x12DF0,0x2DF0,0x2,0x2,provisional,library,exclude,excluded,thunk_FUN_1000_2e0a,,th04_main.asm,_TEXT,master-library-aggregate,candidate:th04_main.asm,ghidra,,,,true,1,1,0,target-ghidra+candidate-map,Ghidra-only boundary has no TLINK public or TASM PROC at its entry.
th04-main-boundary-02e0a,th04-main,mz-load-module,0x2E0A,0x12E0A,0x2E0A,0x50,0x50,provisional,library,exclude,excluded,FUN_1000_2e0a,,th04_main.asm,_TEXT,master-library-aggregate,candidate:th04_main.asm,ghidra,,,,true,1,1,1,target-ghidra+candidate-map,Ghidra-only boundary has no TLINK public or TASM PROC at its entry.
th04-main-boundary-02e5a,th04-main,mz-load-module,0x2E5A,0x12E5A,0x2E5A,0xE,0xE,provisional,library,exclude,excluded,FUN_1000_2e5a,,th04_main.asm,_TEXT,master-library-aggregate,candidate:th04_main.asm,ghidra,,,,true,1,1,0,target-ghidra+candidate-map,Ghidra-only boundary has no TLINK public or TASM PROC at its entry.
th04-main-boundary-02f54,th04-main,mz-load-module,0x2F54,0x12F54,0x2F54,0xF0,0xF0,corroborated,library,exclude,excluded,SUPER_PUT,SUPER_PUT,th04_main.asm,_TEXT,master-library-aggregate,candidate:th04_main.asm,ghidra+map-public,,,,true,1,9,1,target-ghidra+candidate-map,
th04-main-boundary-03044,th04-main,mz-load-module,0x3044,0x13044,0x3044,0x23,0x23,corroborated,library,exclude,excluded,SUPERPUT_DISP1,,th04_main.asm,_TEXT,master-library-aggregate,candidate:th04_main.asm,ghidra+tasm-proc,SUPERPUT_DISP1,near,16975,true,1,1,0,target-ghidra+candidate-map,
th04-main-boundary-03068,th04-main,mz-load-module,0x3068,0x13068,0x3068,0x0,0x0,provisional,library,exclude,excluded,SUPERPUT_DISP2,,th04_main.asm,_TEXT,master-library-aggregate,candidate:th04_main.asm,tasm-proc,SUPERPUT_DISP2,near,17004,,,,,target-ghidra+candidate-map,TLINK public has no corresponding Ghidra function entry.
th04-main-boundary-03096,th04-main,mz-load-module,0x3096,0x13096,0x3096,0x0,0x0,provisional,library,exclude,excluded,SUPERPUT_DISP3,,th04_main.asm,_TEXT,master-library-aggregate,candidate:th04_main.asm,tasm-proc,SUPERPUT_DISP3,near,17045,,,,,target-ghidra+candidate-map,TLINK public has no corresponding Ghidra function entry.
th04-main-boundary-030cc,th04-main,mz-load-module,0x30CC,0x130CC,0x30CC,0x0,0x0,provisional,library,exclude,excluded,SUPERPUT_DISP4,,th04_main.asm,_TEXT,master-library-aggregate,candidate:th04_main.asm,tasm-proc,SUPERPUT_DISP4,near,17097,,,,,target-ghidra+candidate-map,TLINK public has no corresponding Ghidra function entry.
th04-main-boundary-030fe,th04-main,mz-load-module,0x30FE,0x130FE,0x30FE,0x8,0x8,corroborated,library,exclude,excluded,SUPERPUT_DISP,,th04_main.asm,_TEXT,master-library-aggregate,candidate:th04_main.asm,ghidra+tasm-proc,SUPERPUT_DISP,near,17140,true,1,1,1,target-ghidra+candidate-map,
th04-main-boundary-03106,th04-main,mz-load-module,0x3106,0x13106,0x3106,0x9B,0x9B,corroborated,library,exclude,excluded,SUPER_CONVERT_TINY,SUPER_CONVERT_TINY,th04_main.asm,_TEXT,master-library-aggregate,candidate:th04_main.asm,ghidra+map-public,,,,true,1,1,0,target-ghidra+candidate-map,
th04-main-boundary-031a2,th04-main,mz-load-module,0x31A2,0x131A2,0x31A2,0xDA,0xDB,provisional,library,exclude,excluded,SUPER_ZOOM,SUPER_ZOOM,th04_main.asm,_TEXT,master-library-aggregate,candidate:th04_main.asm,ghidra+map-public,,,,false,2,2,3,target-ghidra+candidate-map,Ghidra body is noncontiguous and requires control-flow reconciliation.
th04-main-boundary-03284,th04-main,mz-load-module,0x3284,0x13284,0x3284,0xBC,0xBC,corroborated,library,exclude,excluded,PFSTART,PFSTART,th04_main.asm,_TEXT,master-library-aggregate,candidate:th04_main.asm,ghidra+map-public,,,,true,1,1,5,target-ghidra+candidate-map,
th04-main-boundary-03340,th04-main,mz-load-module,0x3340,0x13340,0x3340,0x38,0x38,corroborated,library,exclude,excluded,PFEND,PFEND,th04_main.asm,_TEXT,master-library-aggregate,candidate:th04_main.asm,ghidra+map-public,,,,true,1,1,2,target-ghidra+candidate-map,
th04-main-boundary-03378,th04-main,mz-load-module,0x3378,0x13378,0x3378,0x0,0x0,provisional,library,exclude,excluded,pfint21,,th04_main.asm,_TEXT,master-library-aggregate,candidate:th04_main.asm,tasm-proc,pfint21,far,17833,,,,,target-ghidra+candidate-map,TLINK public has no corresponding Ghidra function entry.
th04-main-boundary-034dc,th04-main,mz-load-module,0x34DC,0x134DC,0x34DC,0x29,0x29,corroborated,library,exclude,excluded,JS_START,JS_START,th04_main.asm,_TEXT,master-library-aggregate,candidate:th04_main.asm,ghidra+map-public,,,,true,1,1,2,target-ghidra+candidate-map,
th04-main-boundary-03506,th04-main,mz-load-module,0x3506,0x13506,0x3506,0x119,0x119,corroborated,library,exclude,excluded,PFOPEN,PFOPEN,th04_main.asm,_TEXT,master-library-aggregate,candidate:th04_main.asm,ghidra+map-public,,,,true,1,0,6,target-ghidra+candidate-map,
th04-main-boundary-03620,th04-main,mz-load-module,0x3620,0x13620,0x3620,0x38,0x38,corroborated,library,exclude,excluded,STR_IEQ,,th04_main.asm,_TEXT,master-library-aggregate,candidate:th04_main.asm,ghidra+tasm-proc,STR_IEQ,near,18548,true,1,1,0,target-ghidra+candidate-map,
th04-main-boundary-03658,th04-main,mz-load-module,0x3658,0x13658,0x3658,0x11,0x11,corroborated,library,exclude,excluded,SOUND_JOY,,th04_main.asm,_TEXT,master-library-aggregate,candidate:th04_main.asm,ghidra+tasm-proc,SOUND_JOY,near,18665,true,1,1,1,target-ghidra+candidate-map,
th04-main-boundary-0366a,th04-main,mz-load-module,0x366A,0x1366A,0x366A,0xC,0xC,corroborated,library,exclude,excluded,JS_SENSE,JS_SENSE,th04_main.asm,_TEXT,master-library-aggregate,candidate:th04_main.asm,ghidra+map-public,,,,true,1,1,1,target-ghidra+candidate-map,
th04-main-boundary-03676,th04-main,mz-load-module,0x3676,0x13676,0x3676,0x0,0x0,provisional,library,exclude,excluded,SAJOUT,,th04_main.asm,_TEXT,master-library-aggregate,candidate:th04_main.asm,tasm-proc,SAJOUT,near,18723,,,,,target-ghidra+candidate-map,TLINK public has no corresponding Ghidra function entry.
th04-main-boundary-03680,th04-main,mz-load-module,0x3680,0x13680,0x3680,0x75,0x75,corroborated,authored,reconstruct,unreviewed,sub_3680,,th04_main.asm,_TEXT,target-derived-asm,candidate:th04_main.asm,ghidra+tasm-proc,sub_3680,far,18744,true,1,1,0,target-ghidra+candidate-map,Game-owned MPN renderer embedded between MASTER.LIB includes; TASM PROC and target Ghidra close the same 0x75-byte extent.
th04-main-boundary-036f6,th04-main,mz-load-module,0x36F6,0x136F6,0x36F6,0x2F,0x2F,corroborated,library,exclude,excluded,_BGM_BELL_ORG,_BGM_BELL_ORG,th04_main.asm,_TEXT,master-library-aggregate,candidate:th04_main.asm,ghidra+map-public,,,,true,1,3,0,target-ghidra+candidate-map,
th04-main-boundary-03726,th04-main,mz-load-module,0x3726,0x13726,0x3726,0x27,0x27,provisional,library,exclude,excluded,FUN_1000_3726,,th04_main.asm,_TEXT,master-library-aggregate,candidate:th04_main.asm,ghidra,,,,true,1,1,0,target-ghidra+candidate-map,Ghidra-only boundary has no TLINK public or TASM PROC at its entry.
th04-main-boundary-0374e,th04-main,mz-load-module,0x374E,0x1374E,0x374E,0x1A8,0x674A,provisional,library,exclude,excluded,_BGM_MGET,_BGM_MGET,th04_main.asm,_TEXT,master-library-aggregate,candidate:th04_main.asm,ghidra+map-public,,,,false,9,1,3,target-ghidra+candidate-map,Ghidra body is noncontiguous and requires control-flow reconciliation.
th04-main-boundary-03878,th04-main,mz-load-module,0x3878,0x13878,0x3878,0x140,0x140,corroborated,library,exclude,excluded,BGM_READ_SDATA,BGM_READ_SDATA,th04_main.asm,_TEXT,master-library-aggregate,candidate:th04_main.asm,ghidra+map-public,,,,true,1,1,6,target-ghidra+candidate-map,
th04-main-boundary-039b8,th04-main,mz-load-module,0x39B8,0x139B8,0x39B8,0x44,0x44,corroborated,library,exclude,excluded,_BGM_TIMER_INIT,_BGM_TIMER_INIT,th04_main.asm,_TEXT,master-library-aggregate,candidate:th04_main.asm,ghidra+map-public,,,,true,1,1,2,target-ghidra+candidate-map,
th04-main-boundary-039fc,th04-main,mz-load-module,0x39FC,0x139FC,0x39FC,0x29,0x29,corroborated,library,exclude,excluded,_BGM_TIMER_FINISH,_BGM_TIMER_FINISH,th04_main.asm,_TEXT,master-library-aggregate,candidate:th04_main.asm,ghidra+map-public,,,,true,1,1,2,target-ghidra+candidate-map,
th04-main-boundary-03a26,th04-main,mz-load-module,0x3A26,0x13A26,0x3A26,0x3E,0x3E,corroborated,library,exclude,excluded,_BGM_PINIT,_BGM_PINIT,th04_main.asm,_TEXT,master-library-aggregate,candidate:th04_main.asm,ghidra+map-public,,,,true,1,1,0,target-ghidra+candidate-map,
th04-main-boundary-03a64,th04-main,mz-load-module,0x3A64,0x13A64,0x3A64,0x0,0x0,provisional,library,exclude,excluded,_BGM_TIMERHOOK,_BGM_TIMERHOOK,th04_main.asm,_TEXT,master-library-aggregate,candidate:th04_main.asm,map-public+tasm-proc,_BGM_TIMERHOOK,far,19757,,,,,target-ghidra+candidate-map,TLINK public has no corresponding Ghidra function entry.
th04-main-boundary-03b14,th04-main,mz-load-module,0x3B14,0x13B14,0x3B14,0x66,0x67,provisional,library,exclude,excluded,FUN_1000_3b14,,th04_main.asm,_TEXT,master-library-aggregate,candidate:th04_main.asm,ghidra,,,,false,2,1,0,target-ghidra+candidate-map,Ghidra-only boundary has no TLINK public or TASM PROC at its entry.
th04-main-boundary-03b7c,th04-main,mz-load-module,0x3B7C,0x13B7C,0x3B7C,0x12B,0x12E,provisional,library,exclude,excluded,_BGM_PLAY,_BGM_PLAY,th04_main.asm,_TEXT,master-library-aggregate,candidate:th04_main.asm,ghidra+map-public,,,,false,4,0,3,target-ghidra+candidate-map,Ghidra body is noncontiguous and requires control-flow reconciliation.
th04-main-boundary-03caa,th04-main,mz-load-module,0x3CAA,0x13CAA,0x3CAA,0x49,0x49,corroborated,library,exclude,excluded,BGM_SOUND,BGM_SOUND,th04_main.asm,_TEXT,master-library-aggregate,candidate:th04_main.asm,ghidra+map-public,,,,true,1,1,1,target-ghidra+candidate-map,
th04-main-boundary-03cf4,th04-main,mz-load-module,0x3CF4,0x13CF4,0x3CF4,0x0,0x0,provisional,library,exclude,excluded,_BGM_EFFECT_SOUND,_BGM_EFFECT_SOUND,th04_main.asm,_TEXT,master-library-aggregate,candidate:th04_main.asm,map-public,,,,,,,,target-ghidra+candidate-map,TLINK public has no corresponding Ghidra function entry.
th04-main-boundary-03d6c,th04-main,mz-load-module,0x3D6C,0x13D6C,0x3D6C,0x19,0x1A,provisional,library,exclude,excluded,BGM_STOP_PLAY,BGM_STOP_PLAY,th04_main.asm,_TEXT,master-library-aggregate,candidate:th04_main.asm,ghidra+map-public,,,,false,2,1,1,target-ghidra+candidate-map,Ghidra body is noncontiguous and requires control-flow reconciliation.
th04-main-boundary-03d86,th04-main,mz-load-module,0x3D86,0x13D86,0x3D86,0x2E,0x2E,corroborated,library,exclude,excluded,BGM_SET_TEMPO,BGM_SET_TEMPO,th04_main.asm,_TEXT,master-library-aggregate,candidate:th04_main.asm,ghidra+map-public,,,,true,1,2,0,target-ghidra+candidate-map,
th04-main-boundary-03db4,th04-main,mz-load-module,0x3DB4,0x13DB4,0x3DB4,0x1A2,0x1A3,provisional,library,exclude,excluded,BGM_INIT,BGM_INIT,th04_main.asm,_TEXT,master-library-aggregate,candidate:th04_main.asm,ghidra+map-public,,,,false,2,1,5,target-ghidra+candidate-map,Ghidra body is noncontiguous and requires control-flow reconciliation.
th04-main-boundary-03f58,th04-main,mz-load-module,0x3F58,0x13F58,0x3F58,0x5D,0x5D,corroborated,library,exclude,excluded,BGM_FINISH,BGM_FINISH,th04_main.asm,_TEXT,master-library-aggregate,candidate:th04_main.asm,ghidra+map-public,,,,true,1,1,4,target-ghidra+candidate-map,
th04-main-boundary-03fb6,th04-main,mz-load-module,0x3FB6,0x13FB6,0x3FB6,0x19,0x1A,provisional,library,exclude,excluded,BGM_STOP_SOUND,BGM_STOP_SOUND,th04_main.asm,_TEXT,master-library-aggregate,candidate:th04_main.asm,ghidra+map-public,,,,false,2,1,1,target-ghidra+candidate-map,Ghidra body is noncontiguous and requires control-flow reconciliation.
th04-main-boundary-03fd0,th04-main,mz-load-module,0x3FD0,0x13FD0,0x3FD0,0x0,0x0,provisional,library,exclude,excluded,SUPER_WAVE_PUT,SUPER_WAVE_PUT,th04_main.asm,_TEXT,master-library-aggregate,candidate:th04_main.asm,map-public,,,,,,,,target-ghidra+candidate-map,TLINK public has no corresponding Ghidra function entry.
th04-main-boundary-040aa,th04-main,mz-load-module,0x40AA,0x140AA,0x40AA,0x0,0x0,provisional,library,exclude,excluded,superwav_disp,,th04_main.asm,_TEXT,master-library-aggregate,candidate:th04_main.asm,tasm-proc,superwav_disp,near,21250,,,,,target-ghidra+candidate-map,TLINK public has no corresponding Ghidra function entry.
th04-main-boundary-040f4,th04-main,mz-load-module,0x40F4,0x140F4,0x40F4,0x62,0x62,corroborated,library,exclude,excluded,EMS_READ,EMS_READ,th04_main.asm,_TEXT,master-library-aggregate,candidate:th04_main.asm,ghidra+map-public,,,,true,1,3,2,target-ghidra+candidate-map,
th04-main-boundary-04156,th04-main,mz-load-module,0x4156,0x14156,0x4156,0x26,0x26,corroborated,library,exclude,excluded,EMS_ALLOCATE,EMS_ALLOCATE,th04_main.asm,_TEXT,master-library-aggregate,candidate:th04_main.asm,ghidra+map-public,,,,true,1,1,0,target-ghidra+candidate-map,
th04-main-boundary-0417c,th04-main,mz-load-module,0x417C,0x1417C,0x417C,0xE,0xE,corroborated,library,exclude,excluded,EMS_ENABLEPAGEFRAME,EMS_ENABLEPAGEFRAME,th04_main.asm,_TEXT,master-library-aggregate,candidate:th04_main.asm,ghidra+map-public,,,,true,1,2,0,target-ghidra+candidate-map,
th04-main-boundary-0418a,th04-main,mz-load-module,0x418A,0x1418A,0x418A,0x22,0x22,corroborated,library,exclude,excluded,EMS_EXIST,EMS_EXIST,th04_main.asm,_TEXT,master-library-aggregate,candidate:th04_main.asm,ghidra+map-public,,,,true,1,1,0,target-ghidra+candidate-map,
th04-main-boundary-041b4,th04-main,mz-load-module,0x41B4,0x141B4,0x41B4,0x11,0x11,corroborated,library,exclude,excluded,EMS_FREE,EMS_FREE,th04_main.asm,_TEXT,master-library-aggregate,candidate:th04_main.asm,ghidra+map-public,,,,true,1,1,0,target-ghidra+candidate-map,
th04-main-boundary-041c6,th04-main,mz-load-module,0x41C6,0x141C6,0x41C6,0x16,0x16,corroborated,library,exclude,excluded,EMS_MOVEMEMORYREGION,EMS_MOVEMEMORYREGION,th04_main.asm,_TEXT,master-library-aggregate,candidate:th04_main.asm,ghidra+map-public,,,,true,1,2,0,target-ghidra+candidate-map,
th04-main-boundary-041dc,th04-main,mz-load-module,0x41DC,0x141DC,0x41DC,0x1A,0x1A,corroborated,library,exclude,excluded,EMS_SETNAME,EMS_SETNAME,th04_main.asm,_TEXT,master-library-aggregate,candidate:th04_main.asm,ghidra+map-public,,,,true,1,1,0,target-ghidra+candidate-map,
th04-main-boundary-041f6,th04-main,mz-load-module,0x41F6,0x141F6,0x41F6,0x62,0x62,corroborated,library,exclude,excluded,EMS_WRITE,EMS_WRITE,th04_main.asm,_TEXT,master-library-aggregate,candidate:th04_main.asm,ghidra+map-public,,,,true,1,2,2,target-ghidra+candidate-map,
th04-main-boundary-04258,th04-main,mz-load-module,0x4258,0x14258,0x4258,0x18,0x18,corroborated,library,exclude,excluded,EMS_SPACE,EMS_SPACE,th04_main.asm,_TEXT,master-library-aggregate,candidate:th04_main.asm,ghidra+map-public,,,,true,1,1,0,target-ghidra+candidate-map,
th04-main-boundary-04270,th04-main,mz-load-module,0x4270,0x14270,0x4270,0x1B,0x1B,corroborated,library,exclude,excluded,__abort,__abort,_abort,_TEXT,linked-library,toolchain-or-library:_abort,ghidra+map-public,,,,true,1,3,2,target-ghidra+candidate-map,
th04-main-boundary-0428b,th04-main,mz-load-module,0x428B,0x1428B,0x428B,0x3D,0x3D,corroborated,library,exclude,excluded,__stpcpy,__stpcpy,_stpcpy,_TEXT,linked-library,toolchain-or-library:_stpcpy,ghidra+map-public,,,,true,1,2,2,target-ghidra+candidate-map,
th04-main-boundary-042c8,th04-main,mz-load-module,0x42C8,0x142C8,0x42C8,0x14,0x14,corroborated,library,exclude,excluded,_abort,_abort,abort,_TEXT,linked-library,toolchain-or-library:abort,ghidra+map-public,,,,true,1,3,2,target-ghidra+candidate-map,
th04-main-boundary-042dc,th04-main,mz-load-module,0x42DC,0x142DC,0x42DC,0x31,0x31,corroborated,library,exclude,excluded,_atexit,_atexit,atexit,_TEXT,linked-library,toolchain-or-library:atexit,ghidra+map-public,,,,true,1,0,0,target-ghidra+candidate-map,
th04-main-boundary-0430d,th04-main,mz-load-module,0x430D,0x1430D,0x430D,0x16,0x16,corroborated,library,exclude,excluded,operator delete(void far*),operator delete(void far*),del,_TEXT,linked-library,toolchain-or-library:del,ghidra+map-public,,,,true,1,10,1,target-ghidra+candidate-map,
th04-main-boundary-04323,th04-main,mz-load-module,0x4323,0x14323,0x4323,0x16,0x16,corroborated,library,exclude,excluded,operator delete[](void far*),operator delete[](void far*),delarray,_TEXT,linked-library,toolchain-or-library:delarray,ghidra+map-public,,,,true,1,1,1,target-ghidra+candidate-map,
th04-main-boundary-04339,th04-main,mz-load-module,0x4339,0x14339,0x4339,0x16D,0x16D,corroborated,library,exclude,excluded,__DOSENV,__DOSENV,dosenv,_TEXT,linked-library,toolchain-or-library:dosenv,ghidra+map-public,,,,true,1,1,3,target-ghidra+candidate-map,
th04-main-boundary-044a6,th04-main,mz-load-module,0x44A6,0x144A6,0x44A6,0x16,0x16,corroborated,library,exclude,excluded,__dos_getdrive,__dos_getdrive,dosgdriv,_TEXT,linked-library,toolchain-or-library:dosgdriv,ghidra+map-public,,,,true,1,1,0,target-ghidra+candidate-map,
th04-main-boundary-044bc,th04-main,mz-load-module,0x44BC,0x144BC,0x44BC,0x1A,0x1A,corroborated,library,exclude,excluded,__dos_setdrive,__dos_setdrive,dosgdriv,_TEXT,linked-library,toolchain-or-library:dosgdriv,ghidra+map-public,,,,true,1,0,0,target-ghidra+candidate-map,
th04-main-boundary-044d6,th04-main,mz-load-module,0x44D6,0x144D6,0x44D6,0x2A,0x2A,corroborated,library,exclude,excluded,___ErrorMessage,___ErrorMessage,errormsg,_TEXT,linked-library,toolchain-or-library:errormsg,ghidra+map-public,,,,true,1,2,2,target-ghidra+candidate-map,
th04-main-boundary-04500,th04-main,mz-load-module,0x4500,0x14500,0x4500,0x5,0x5,provisional,library,exclude,excluded,FUN_1000_4500,,exit,_TEXT,linked-library,toolchain-or-library:exit,ghidra,,,,true,1,2,0,target-ghidra+candidate-map,Ghidra-only boundary has no TLINK public or TASM PROC at its entry.
th04-main-boundary-04505,th04-main,mz-load-module,0x4505,0x14505,0x4505,0x5A,0x5A,provisional,library,exclude,excluded,FUN_1000_4505,,exit,_TEXT,linked-library,toolchain-or-library:exit,ghidra,,,,true,1,3,5,target-ghidra+candidate-map,Ghidra-only boundary has no TLINK public or TASM PROC at its entry.
th04-main-boundary-0455f,th04-main,mz-load-module,0x455F,0x1455F,0x455F,0x13,0x13,corroborated,library,exclude,excluded,_exit,_exit,exit,_TEXT,linked-library,toolchain-or-library:exit,ghidra+map-public,,,,true,1,1,1,target-ghidra+candidate-map,
th04-main-boundary-04572,th04-main,mz-load-module,0x4572,0x14572,0x4572,0x16,0x16,corroborated,library,exclude,excluded,__exit,__exit,exit,_TEXT,linked-library,toolchain-or-library:exit,ghidra+map-public,,,,true,1,3,1,target-ghidra+candidate-map,
th04-main-boundary-04588,th04-main,mz-load-module,0x4588,0x14588,0x4588,0x12,0x12,corroborated,library,exclude,excluded,__cexit,__cexit,exit,_TEXT,linked-library,toolchain-or-library:exit,ghidra+map-public,,,,true,1,1,1,target-ghidra+candidate-map,
th04-main-boundary-0459a,th04-main,mz-load-module,0x459A,0x1459A,0x459A,0x0,0x0,provisional,library,exclude,excluded,__c_exit,__c_exit,exit,_TEXT,linked-library,toolchain-or-library:exit,map-public,,,,,,,,target-ghidra+candidate-map,TLINK public has no corresponding Ghidra function entry.
th04-main-boundary-045aa,th04-main,mz-load-module,0x45AA,0x145AA,0x45AA,0x1C,0x1C,corroborated,library,exclude,excluded,F_SCOPY@,F_SCOPY@;SCOPY@,f_scopy,_TEXT,linked-library,toolchain-or-library:f_scopy,ghidra+map-public,,,,true,1,2,0,target-ghidra+candidate-map,
th04-main-boundary-045c6,th04-main,mz-load-module,0x45C6,0x145C6,0x45C6,0x13,0x13,corroborated,library,exclude,excluded,_getvect,_getvect,getvect,_TEXT,linked-library,toolchain-or-library:getvect,ghidra+map-public,,,,true,1,1,0,target-ghidra+candidate-map,
th04-main-boundary-045d9,th04-main,mz-load-module,0x45D9,0x145D9,0x45D9,0x15,0x15,corroborated,library,exclude,excluded,_setvect,_setvect,getvect,_TEXT,linked-library,toolchain-or-library:getvect,ghidra+map-public,,,,true,1,2,0,target-ghidra+candidate-map,
th04-main-boundary-045ee,th04-main,mz-load-module,0x45EE,0x145EE,0x45EE,0x0,0x0,provisional,library,exclude,excluded,N_LDIV@,N_LDIV@,h_ldiv,_TEXT,linked-library,toolchain-or-library:h_ldiv,map-public,,,,,,,,target-ghidra+candidate-map,TLINK public has no corresponding Ghidra function entry.
th04-main-boundary-045f1,th04-main,mz-load-module,0x45F1,0x145F1,0x45F1,0x0,0x0,provisional,library,exclude,excluded,LDIV@,LDIV@;F_LDIV@,h_ldiv,_TEXT,linked-library,toolchain-or-library:h_ldiv,map-public,,,,,,,,target-ghidra+candidate-map,TLINK public has no corresponding Ghidra function entry.
th04-main-boundary-045f5,th04-main,mz-load-module,0x45F5,0x145F5,0x45F5,0x99,0xA7,provisional,library,exclude,excluded,N_LUDIV@,N_LUDIV@,h_ldiv,_TEXT,linked-library,toolchain-or-library:h_ldiv,ghidra+map-public,,,,false,2,1,0,target-ghidra+candidate-map,Ghidra body is noncontiguous and requires control-flow reconciliation.
th04-main-boundary-045f8,th04-main,mz-load-module,0x45F8,0x145F8,0x45F8,0x0,0x0,provisional,library,exclude,excluded,LUDIV@,LUDIV@;F_LUDIV@,h_ldiv,_TEXT,linked-library,toolchain-or-library:h_ldiv,map-public,,,,,,,,target-ghidra+candidate-map,TLINK public has no corresponding Ghidra function entry.
th04-main-boundary-045fd,th04-main,mz-load-module,0x45FD,0x145FD,0x45FD,0x0,0x0,provisional,library,exclude,excluded,N_LMOD@,N_LMOD@,h_ldiv,_TEXT,linked-library,toolchain-or-library:h_ldiv,map-public,,,,,,,,target-ghidra+candidate-map,TLINK public has no corresponding Ghidra function entry.
th04-main-boundary-04600,th04-main,mz-load-module,0x4600,0x14600,0x4600,0x0,0x0,provisional,library,exclude,excluded,LMOD@,LMOD@;F_LMOD@,h_ldiv,_TEXT,linked-library,toolchain-or-library:h_ldiv,map-public,,,,,,,,target-ghidra+candidate-map,TLINK public has no corresponding Ghidra function entry.
th04-main-boundary-04605,th04-main,mz-load-module,0x4605,0x14605,0x4605,0x0,0x0,provisional,library,exclude,excluded,N_LUMOD@,N_LUMOD@,h_ldiv,_TEXT,linked-library,toolchain-or-library:h_ldiv,map-public,,,,,,,,target-ghidra+candidate-map,TLINK public has no corresponding Ghidra function entry.
th04-main-boundary-04608,th04-main,mz-load-module,0x4608,0x14608,0x4608,0x0,0x0,provisional,library,exclude,excluded,F_LUMOD@,F_LUMOD@;LUMOD@,h_ldiv,_TEXT,linked-library,toolchain-or-library:h_ldiv,map-public,,,,,,,,target-ghidra+candidate-map,TLINK public has no corresponding Ghidra function entry.
th04-main-boundary-0469c,th04-main,mz-load-module,0x469C,0x1469C,0x469C,0x21,0x21,corroborated,library,exclude,excluded,N_LXLSH@,N_LXLSH@,h_llsh,_TEXT,linked-library,toolchain-or-library:h_llsh,ghidra+map-public,,,,true,1,1,0,target-ghidra+candidate-map,
th04-main-boundary-0469f,th04-main,mz-load-module,0x469F,0x1469F,0x469F,0x0,0x0,provisional,library,exclude,excluded,LXLSH@,LXLSH@;F_LXLSH@,h_llsh,_TEXT,linked-library,toolchain-or-library:h_llsh,map-public,,,,,,,,target-ghidra+candidate-map,TLINK public has no corresponding Ghidra function entry.
th04-main-boundary-046bd,th04-main,mz-load-module,0x46BD,0x146BD,0x46BD,0x4D,0x60,provisional,library,exclude,excluded,N_PADD@,N_PADD@,h_padd,_TEXT,linked-library,toolchain-or-library:h_padd,ghidra+map-public,,,,false,2,1,0,target-ghidra+candidate-map,Ghidra body is noncontiguous and requires control-flow reconciliation.
th04-main-boundary-046c0,th04-main,mz-load-module,0x46C0,0x146C0,0x46C0,0x0,0x0,provisional,library,exclude,excluded,F_PADD@,F_PADD@;PADD@,h_padd,_TEXT,linked-library,toolchain-or-library:h_padd,map-public,,,,,,,,target-ghidra+candidate-map,TLINK public has no corresponding Ghidra function entry.
th04-main-boundary-046ec,th04-main,mz-load-module,0x46EC,0x146EC,0x46EC,0x0,0x0,provisional,library,exclude,excluded,N_PSUB@,N_PSUB@,h_padd,_TEXT,linked-library,toolchain-or-library:h_padd,map-public,,,,,,,,target-ghidra+candidate-map,TLINK public has no corresponding Ghidra function entry.
th04-main-boundary-046ef,th04-main,mz-load-module,0x46EF,0x146EF,0x46EF,0x0,0x0,provisional,library,exclude,excluded,F_PSUB@,F_PSUB@;PSUB@,h_padd,_TEXT,linked-library,toolchain-or-library:h_padd,map-public,,,,,,,,target-ghidra+candidate-map,TLINK public has no corresponding Ghidra function entry.
th04-main-boundary-0471d,th04-main,mz-load-module,0x471D,0x1471D,0x471D,0x3E,0x3E,corroborated,library,exclude,excluded,__IOERROR,__IOERROR,ioerror,_TEXT,linked-library,toolchain-or-library:ioerror,ghidra+map-public,,,,true,1,7,0,target-ghidra+candidate-map,
th04-main-boundary-0475b,th04-main,mz-load-module,0x475B,0x1475B,0x475B,0x14,0x14,corroborated,library,exclude,excluded,__DOSERROR,__DOSERROR,ioerror,_TEXT,linked-library,toolchain-or-library:ioerror,ghidra+map-public,,,,true,1,0,1,target-ghidra+candidate-map,
th04-main-boundary-0476f,th04-main,mz-load-module,0x476F,0x1476F,0x476F,0x15,0x15,corroborated,library,exclude,excluded,_isatty,_isatty,isatty,_TEXT,linked-library,toolchain-or-library:isatty,ghidra+map-public,,,,true,1,0,0,target-ghidra+candidate-map,
th04-main-boundary-04784,th04-main,mz-load-module,0x4784,0x14784,0x4784,0x2D,0x2D,corroborated,library,exclude,excluded,_lseek,_lseek,lseek,_TEXT,linked-library,toolchain-or-library:lseek,ghidra+map-public,,,,true,1,3,1,target-ghidra+candidate-map,
th04-main-boundary-047cd,th04-main,mz-load-module,0x47CD,0x147CD,0x47CD,0x6B,0x6B,corroborated,library,exclude,excluded,xnew_handler(),xnew_handler(),new,_TEXT,linked-library,toolchain-or-library:new,ghidra+map-public,,,,true,1,1,4,target-ghidra+candidate-map,
th04-main-boundary-04838,th04-main,mz-load-module,0x4838,0x14838,0x4838,0x2E,0x2E,corroborated,library,exclude,excluded,set_new_handler(void(far*)()),set_new_handler(void(far*)()),new,_TEXT,linked-library,toolchain-or-library:new,ghidra+map-public,,,,true,1,0,0,target-ghidra+candidate-map,
th04-main-boundary-04866,th04-main,mz-load-module,0x4866,0x14866,0x4866,0x51,0x51,corroborated,library,exclude,excluded,operator new(unsigned int),operator new(unsigned int),new,_TEXT,linked-library,toolchain-or-library:new,ghidra+map-public,,,,true,1,7,2,target-ghidra+candidate-map,
th04-main-boundary-048b7,th04-main,mz-load-module,0x48B7,0x148B7,0x48B7,0x43,0x43,provisional,library,exclude,excluded,FUN_1000_48b7,,new,_TEXT,linked-library,toolchain-or-library:new,ghidra,,,,true,1,0,2,target-ghidra+candidate-map,Ghidra-only boundary has no TLINK public or TASM PROC at its entry.
th04-main-boundary-04aa3,th04-main,mz-load-module,0x4AA3,0x14AA3,0x4AA3,0x17,0x17,corroborated,library,exclude,excluded,N_LXMUL@,N_LXMUL@,n_lxmul,_TEXT,linked-library,toolchain-or-library:n_lxmul,ghidra+map-public,,,,true,1,1,0,target-ghidra+candidate-map,
th04-main-boundary-04aba,th04-main,mz-load-module,0x4ABA,0x14ABA,0x4ABA,0x21,0x21,corroborated,library,exclude,excluded,N_PCMP@,N_PCMP@,n_pcmp,_TEXT,linked-library,toolchain-or-library:n_pcmp,ghidra+map-public,,,,true,1,3,0,target-ghidra+candidate-map,
th04-main-boundary-04adb,th04-main,mz-load-module,0x4ADB,0x14ADB,0x4ADB,0x0,0x0,provisional,library,exclude,excluded,__setupio,__setupio,setupio,_TEXT,linked-library,toolchain-or-library:setupio,map-public,,,,,,,,target-ghidra+candidate-map,TLINK public has no corresponding Ghidra function entry.
th04-main-boundary-04b7f,th04-main,mz-load-module,0x4B7F,0x14B7F,0x4B7F,0x30,0x30,corroborated,library,exclude,excluded,_tolower,_tolower,tolower,_TEXT,linked-library,toolchain-or-library:tolower,ghidra+map-public,,,,true,1,1,0,target-ghidra+candidate-map,
th04-main-boundary-04baf,th04-main,mz-load-module,0x4BAF,0x14BAF,0x4BAF,0x30,0x30,corroborated,library,exclude,excluded,_toupper,_toupper,toupper,_TEXT,linked-library,toolchain-or-library:toupper,ghidra+map-public,,,,true,1,1,0,target-ghidra+candidate-map,
th04-main-boundary-04bdf,th04-main,mz-load-module,0x4BDF,0x14BDF,0x4BDF,0x6,0x6,corroborated,library,exclude,excluded,__refdestructorcount(),__refdestructorcount(),xxas,_TEXT,linked-library,toolchain-or-library:xxas,ghidra+map-public,,,,true,1,24,0,target-ghidra+candidate-map,
th04-main-boundary-04be5,th04-main,mz-load-module,0x4BE5,0x14BE5,0x4BE5,0x6,0x6,corroborated,library,exclude,excluded,__refexceptionlist(),__refexceptionlist(),xxas,_TEXT,linked-library,toolchain-or-library:xxas,ghidra+map-public,,,,true,1,2,0,target-ghidra+candidate-map,
th04-main-boundary-04beb,th04-main,mz-load-module,0x4BEB,0x14BEB,0x4BEB,0x6F,0x6F,corroborated,library,exclude,excluded,___InitExceptBlocks,___InitExceptBlocks,xxas,_TEXT,linked-library,toolchain-or-library:xxas,ghidra+map-public,,,,true,1,20,2,target-ghidra+candidate-map,
th04-main-boundary-04c5a,th04-main,mz-load-module,0x4C5A,0x14C5A,0x4C5A,0x14,0x14,corroborated,library,exclude,excluded,___ExitExceptBlocks,___ExitExceptBlocks,xxas,_TEXT,linked-library,toolchain-or-library:xxas,ghidra+map-public,,,,true,1,18,1,target-ghidra+candidate-map,
th04-main-boundary-04c6e,th04-main,mz-load-module,0x4C6E,0x14C6E,0x4C6E,0x0,0x0,provisional,library,exclude,excluded,terminate(),terminate(),xxv,_TEXT,linked-library,toolchain-or-library:xxv,map-public,,,,,,,,target-ghidra+candidate-map,TLINK public has no corresponding Ghidra function entry.
th04-main-boundary-04c78,th04-main,mz-load-module,0x4C78,0x14C78,0x4C78,0x42,0x42,corroborated,library,exclude,excluded,set_terminate(void(far*)()),set_terminate(void(far*)()),xxv,_TEXT,linked-library,toolchain-or-library:xxv,ghidra+map-public,,,,true,1,0,0,target-ghidra+candidate-map,
th04-main-boundary-04ce4,th04-main,mz-load-module,0x4CE4,0x14CE4,0x4CE4,0x77,0x7F,provisional,library,exclude,excluded,___call_terminate,___call_terminate,xxv,_TEXT,linked-library,toolchain-or-library:xxv,ghidra+map-public,,,,false,2,2,4,target-ghidra+candidate-map,Ghidra body is noncontiguous and requires control-flow reconciliation.
th04-main-boundary-04d63,th04-main,mz-load-module,0x4D63,0x14D63,0x4D63,0x0,0x0,provisional,library,exclude,excluded,unexpected(),unexpected(),xxv,_TEXT,linked-library,toolchain-or-library:xxv,map-public,,,,,,,,target-ghidra+candidate-map,TLINK public has no corresponding Ghidra function entry.
th04-main-boundary-04d6c,th04-main,mz-load-module,0x4D6C,0x14D6C,0x4D6C,0x42,0x42,corroborated,library,exclude,excluded,set_unexpected(void(far*)()),set_unexpected(void(far*)()),xxv,_TEXT,linked-library,toolchain-or-library:xxv,ghidra+map-public,,,,true,1,0,0,target-ghidra+candidate-map,
th04-main-boundary-04dae,th04-main,mz-load-module,0x4DAE,0x14DAE,0x4DAE,0x4F,0x4F,corroborated,library,exclude,excluded,___call_unexpected,___call_unexpected,xxv,_TEXT,linked-library,toolchain-or-library:xxv,ghidra+map-public,,,,true,1,1,1,target-ghidra+candidate-map,
th04-main-boundary-04dfd,th04-main,mz-load-module,0x4DFD,0x14DFD,0x4DFD,0x54,0x54,corroborated,library,exclude,excluded,"__getpolymorphicdtc(void far*,unsigned int)","__getpolymorphicdtc(void far*,unsigned int)",xxv,_TEXT,linked-library,toolchain-or-library:xxv,ghidra+map-public,,,,true,1,0,0,target-ghidra+candidate-map,
th04-main-boundary-04e51,th04-main,mz-load-module,0x4E51,0x14E51,0x4E51,0x58,0x58,corroborated,library,exclude,excluded,"__getpolymorphicdtcfar(void far*,unsigned int)","__getpolymorphicdtcfar(void far*,unsigned int)",xxv,_TEXT,linked-library,toolchain-or-library:xxv,ghidra+map-public,,,,true,1,0,0,target-ghidra+candidate-map,
th04-main-boundary-04ea9,th04-main,mz-load-module,0x4EA9,0x14EA9,0x4EA9,0x4E,0x4E,corroborated,library,exclude,excluded,__ExceptInit,__ExceptInit,xxv,_TEXT,linked-library,toolchain-or-library:xxv,ghidra+map-public,,,,true,1,1,0,target-ghidra+candidate-map,
th04-main-boundary-04f53,th04-main,mz-load-module,0x4F53,0x14F53,0x4F53,0x0,0x0,provisional,library,exclude,excluded,___first,___first,farheap,_TEXT,linked-library,toolchain-or-library:farheap,map-public,,,,,,,,target-ghidra+candidate-map,TLINK public has no corresponding Ghidra function entry.
th04-main-boundary-04f55,th04-main,mz-load-module,0x4F55,0x14F55,0x4F55,0x0,0x0,provisional,library,exclude,excluded,___last,___last,farheap,_TEXT,linked-library,toolchain-or-library:farheap,map-public,,,,,,,,target-ghidra+candidate-map,TLINK public has no corresponding Ghidra function entry.
th04-main-boundary-04f57,th04-main,mz-load-module,0x4F57,0x14F57,0x4F57,0x0,0x0,provisional,library,exclude,excluded,___rover,___rover,farheap,_TEXT,linked-library,toolchain-or-library:farheap,map-public,,,,,,,,target-ghidra+candidate-map,TLINK public has no corresponding Ghidra function entry.
th04-main-boundary-04f5f,th04-main,mz-load-module,0x4F5F,0x14F5F,0x4F5F,0x63,0x63,provisional,library,exclude,excluded,FUN_1000_4f5f,,farheap,_TEXT,linked-library,toolchain-or-library:farheap,ghidra,,,,true,1,1,2,target-ghidra+candidate-map,Ghidra-only boundary has no TLINK public or TASM PROC at its entry.
th04-main-boundary-04fc2,th04-main,mz-load-module,0x4FC2,0x14FC2,0x4FC2,0x71,0x71,provisional,library,exclude,excluded,FUN_1000_4fc2,,farheap,_TEXT,linked-library,toolchain-or-library:farheap,ghidra,,,,true,1,1,1,target-ghidra+candidate-map,Ghidra-only boundary has no TLINK public or TASM PROC at its entry.
th04-main-boundary-05033,th04-main,mz-load-module,0x5033,0x15033,0x5033,0x29,0x29,provisional,library,exclude,excluded,FUN_1000_5033,,farheap,_TEXT,linked-library,toolchain-or-library:farheap,ghidra,,,,true,1,2,0,target-ghidra+candidate-map,Ghidra-only boundary has no TLINK public or TASM PROC at its entry.
th04-main-boundary-0505c,th04-main,mz-load-module,0x505C,0x1505C,0x505C,0x37,0x37,provisional,library,exclude,excluded,FUN_1000_505c,,farheap,_TEXT,linked-library,toolchain-or-library:farheap,ghidra,,,,true,1,1,0,target-ghidra+candidate-map,Ghidra-only boundary has no TLINK public or TASM PROC at its entry.
th04-main-boundary-05093,th04-main,mz-load-module,0x5093,0x15093,0x5093,0x29,0x29,corroborated,library,exclude,excluded,_free,_free;_farfree,farheap,_TEXT,linked-library,toolchain-or-library:farheap,ghidra+map-public,,,,true,1,11,2,target-ghidra+candidate-map,
th04-main-boundary-050bc,th04-main,mz-load-module,0x50BC,0x150BC,0x50BC,0x64,0x64,provisional,library,exclude,excluded,FUN_1000_50bc,,farheap,_TEXT,linked-library,toolchain-or-library:farheap,ghidra,,,,true,1,1,1,target-ghidra+candidate-map,Ghidra-only boundary has no TLINK public or TASM PROC at its entry.
th04-main-boundary-05120,th04-main,mz-load-module,0x5120,0x15120,0x5120,0x83,0x83,provisional,library,exclude,excluded,FUN_1000_5120,,farheap,_TEXT,linked-library,toolchain-or-library:farheap,ghidra,,,,true,1,1,1,target-ghidra+candidate-map,Ghidra-only boundary has no TLINK public or TASM PROC at its entry.
th04-main-boundary-051a3,th04-main,mz-load-module,0x51A3,0x151A3,0x51A3,0x23,0x23,provisional,library,exclude,excluded,FUN_1000_51a3,,farheap,_TEXT,linked-library,toolchain-or-library:farheap,ghidra,,,,true,1,1,0,target-ghidra+candidate-map,Ghidra-only boundary has no TLINK public or TASM PROC at its entry.
th04-main-boundary-051c6,th04-main,mz-load-module,0x51C6,0x151C6,0x51C6,0xA,0xA,corroborated,library,exclude,excluded,_malloc,_malloc,farheap,_TEXT,linked-library,toolchain-or-library:farheap,ghidra+map-public,,,,true,1,9,0,target-ghidra+candidate-map,
th04-main-boundary-051d0,th04-main,mz-load-module,0x51D0,0x151D0,0x51D0,0x7D,0x7D,corroborated,library,exclude,excluded,_farmalloc,_farmalloc,farheap,_TEXT,linked-library,toolchain-or-library:farheap,ghidra+map-public,,,,true,1,2,4,target-ghidra+candidate-map,
th04-main-boundary-0524d,th04-main,mz-load-module,0x524D,0x1524D,0x524D,0x7C,0x7C,provisional,library,exclude,excluded,FUN_1000_524d,,farheap,_TEXT,linked-library,toolchain-or-library:farheap,ghidra,,,,true,1,1,2,target-ghidra+candidate-map,Ghidra-only boundary has no TLINK public or TASM PROC at its entry.
th04-main-boundary-052c9,th04-main,mz-load-module,0x52C9,0x152C9,0x52C9,0x64,0x64,provisional,library,exclude,excluded,FUN_1000_52c9,,farheap,_TEXT,linked-library,toolchain-or-library:farheap,ghidra,,,,true,1,1,2,target-ghidra+candidate-map,Ghidra-only boundary has no TLINK public or TASM PROC at its entry.
th04-main-boundary-0532d,th04-main,mz-load-module,0x532D,0x1532D,0x532D,0x7B,0x81,provisional,library,exclude,excluded,_realloc,_realloc,farheap,_TEXT,linked-library,toolchain-or-library:farheap,ghidra+map-public,,,,false,2,4,4,target-ghidra+candidate-map,Ghidra body is noncontiguous and requires control-flow reconciliation.
th04-main-boundary-05334,th04-main,mz-load-module,0x5334,0x15334,0x5334,0x0,0x0,provisional,library,exclude,excluded,_farrealloc,_farrealloc,farheap,_TEXT,linked-library,toolchain-or-library:farheap,map-public,,,,,,,,target-ghidra+candidate-map,TLINK public has no corresponding Ghidra function entry.
th04-main-boundary-053ae,th04-main,mz-load-module,0x53AE,0x153AE,0x53AE,0x8E,0x8E,provisional,library,exclude,excluded,FUN_1000_53ae,,fbrk,_TEXT,linked-library,toolchain-or-library:fbrk,ghidra,,,,true,1,2,1,target-ghidra+candidate-map,Ghidra-only boundary has no TLINK public or TASM PROC at its entry.
th04-main-boundary-0543c,th04-main,mz-load-module,0x543C,0x1543C,0x543C,0x43,0x43,corroborated,library,exclude,excluded,__brk,__brk,fbrk,_TEXT,linked-library,toolchain-or-library:fbrk,ghidra+map-public,,,,true,1,2,2,target-ghidra+candidate-map,
th04-main-boundary-0547f,th04-main,mz-load-module,0x547F,0x1547F,0x547F,0x8F,0x8F,corroborated,library,exclude,excluded,__sbrk,__sbrk,fbrk,_TEXT,linked-library,toolchain-or-library:fbrk,ghidra+map-public,,,,true,1,2,4,target-ghidra+candidate-map,
th04-main-boundary-05671,th04-main,mz-load-module,0x5671,0x15671,0x5671,0x25,0x25,provisional,library,exclude,excluded,FUN_1000_5671,,signal,_TEXT,linked-library,toolchain-or-library:signal,ghidra,,,,true,1,2,0,target-ghidra+candidate-map,Ghidra-only boundary has no TLINK public or TASM PROC at its entry.
th04-main-boundary-05696,th04-main,mz-load-module,0x5696,0x15696,0x5696,0xE2,0xE2,corroborated,library,exclude,excluded,_signal,_signal,signal,_TEXT,linked-library,toolchain-or-library:signal,ghidra+map-public,,,,true,1,0,3,target-ghidra+candidate-map,
th04-main-boundary-05778,th04-main,mz-load-module,0x5778,0x15778,0x5778,0x97,0x97,corroborated,library,exclude,excluded,_raise,_raise,signal,_TEXT,linked-library,toolchain-or-library:signal,ghidra+map-public,,,,true,1,1,3,target-ghidra+candidate-map,
th04-main-boundary-0580f,th04-main,mz-load-module,0x580F,0x1580F,0x580F,0x3B,0x3B,corroborated,library,exclude,excluded,__access,__access,_access,_TEXT,linked-library,toolchain-or-library:_access,ghidra+map-public,,,,true,1,2,1,target-ghidra+candidate-map,
th04-main-boundary-05893,th04-main,mz-load-module,0x5893,0x15893,0x5893,0x25,0x25,corroborated,library,exclude,excluded,___path_isdbcsleadbyte,___path_isdbcsleadbyte,_pathops,_TEXT,linked-library,toolchain-or-library:_pathops,ghidra+map-public,,,,true,1,3,0,target-ghidra+candidate-map,
th04-main-boundary-058b8,th04-main,mz-load-module,0x58B8,0x158B8,0x58B8,0x62,0x62,corroborated,library,exclude,excluded,___path_issbcs,___path_issbcs,_pathops,_TEXT,linked-library,toolchain-or-library:_pathops,ghidra+map-public,,,,true,1,3,1,target-ghidra+candidate-map,
th04-main-boundary-0591a,th04-main,mz-load-module,0x591A,0x1591A,0x591A,0x21,0x21,corroborated,library,exclude,excluded,__rtl_chmod,__rtl_chmod,chmoda,_TEXT,linked-library,toolchain-or-library:chmoda,ghidra+map-public,,,,true,1,1,1,target-ghidra+candidate-map,
th04-main-boundary-0593b,th04-main,mz-load-module,0x593B,0x1593B,0x593B,0xD1,0xD1,corroborated,library,exclude,excluded,_fflush,_fflush,fflush,_TEXT,linked-library,toolchain-or-library:fflush,ghidra+map-public,,,,true,1,3,2,target-ghidra+candidate-map,
th04-main-boundary-05a0c,th04-main,mz-load-module,0x5A0C,0x15A0C,0x5A0C,0x4C,0x4C,corroborated,library,exclude,excluded,_flushall,_flushall,flushall,_TEXT,linked-library,toolchain-or-library:flushall,ghidra+map-public,,,,true,1,2,1,target-ghidra+candidate-map,
th04-main-boundary-05a58,th04-main,mz-load-module,0x5A58,0x15A58,0x5A58,0x89,0x89,provisional,library,exclude,excluded,FUN_1000_5a58,,fseek,_TEXT,linked-library,toolchain-or-library:fseek,ghidra,,,,true,1,2,0,target-ghidra+candidate-map,Ghidra-only boundary has no TLINK public or TASM PROC at its entry.
th04-main-boundary-05ae1,th04-main,mz-load-module,0x5AE1,0x15AE1,0x5AE1,0x82,0x82,corroborated,library,exclude,excluded,_fseek,_fseek,fseek,_TEXT,linked-library,toolchain-or-library:fseek,ghidra+map-public,,,,true,1,1,3,target-ghidra+candidate-map,
th04-main-boundary-05b63,th04-main,mz-load-module,0x5B63,0x15B63,0x5B63,0xE1,0xE1,corroborated,library,exclude,excluded,_ftell,_ftell,fseek,_TEXT,linked-library,toolchain-or-library:fseek,ghidra+map-public,,,,true,1,0,2,target-ghidra+candidate-map,
th04-main-boundary-05c44,th04-main,mz-load-module,0x5C44,0x15C44,0x5C44,0x1F,0x1F,provisional,library,exclude,excluded,FUN_1000_5c44,,fullpath,_TEXT,linked-library,toolchain-or-library:fullpath,ghidra,,,,true,1,2,0,target-ghidra+candidate-map,Ghidra-only boundary has no TLINK public or TASM PROC at its entry.
th04-main-boundary-05c63,th04-main,mz-load-module,0x5C63,0x15C63,0x5C63,0x3A,0x3A,provisional,library,exclude,excluded,FUN_1000_5c63,,fullpath,_TEXT,linked-library,toolchain-or-library:fullpath,ghidra,,,,true,1,1,2,target-ghidra+candidate-map,Ghidra-only boundary has no TLINK public or TASM PROC at its entry.
th04-main-boundary-05c9d,th04-main,mz-load-module,0x5C9D,0x15C9D,0x5C9D,0x2E9,0x2E9,corroborated,library,exclude,excluded,__fullpath,__fullpath,fullpath,_TEXT,linked-library,toolchain-or-library:fullpath,ghidra+map-public,,,,true,1,1,12,target-ghidra+candidate-map,
th04-main-boundary-05f86,th04-main,mz-load-module,0x5F86,0x15F86,0x5F86,0x9D,0x9D,corroborated,library,exclude,excluded,__getdcwd,__getdcwd,getdcwd,_TEXT,linked-library,toolchain-or-library:getdcwd,ghidra+map-public,,,,true,1,2,3,target-ghidra+candidate-map,
th04-main-boundary-06023,th04-main,mz-load-module,0x6023,0x16023,0x6023,0x70,0x70,corroborated,library,exclude,excluded,_getenv,_getenv,getenv,_TEXT,linked-library,toolchain-or-library:getenv,ghidra+map-public,,,,true,1,2,0,target-ghidra+candidate-map,
th04-main-boundary-06093,th04-main,mz-load-module,0x6093,0x16093,0x6093,0x28,0x28,corroborated,library,exclude,excluded,_memcmp,_memcmp,memcmp,_TEXT,linked-library,toolchain-or-library:memcmp,ghidra+map-public,,,,true,1,1,0,target-ghidra+candidate-map,
th04-main-boundary-060bb,th04-main,mz-load-module,0x60BB,0x160BB,0x60BB,0x24,0x24,corroborated,library,exclude,excluded,_memcpy,_memcpy,memcpy,_TEXT,linked-library,toolchain-or-library:memcpy,ghidra+map-public,,,,true,1,7,0,target-ghidra+candidate-map,
th04-main-boundary-060df,th04-main,mz-load-module,0x60DF,0x160DF,0x60DF,0x26,0x26,corroborated,library,exclude,excluded,_setmem,_setmem,memset,_TEXT,linked-library,toolchain-or-library:memset,ghidra+map-public,,,,true,1,1,0,target-ghidra+candidate-map,
th04-main-boundary-06105,th04-main,mz-load-module,0x6105,0x16105,0x6105,0x22,0x22,corroborated,library,exclude,excluded,_memset,_memset,memset,_TEXT,linked-library,toolchain-or-library:memset,ghidra+map-public,,,,true,1,2,1,target-ghidra+candidate-map,
th04-main-boundary-06127,th04-main,mz-load-module,0x6127,0x16127,0x6127,0x52,0x52,corroborated,library,exclude,excluded,_movmem,_movmem,movmem,_TEXT,linked-library,toolchain-or-library:movmem,ghidra+map-public,,,,true,1,1,1,target-ghidra+candidate-map,
th04-main-boundary-06179,th04-main,mz-load-module,0x6179,0x16179,0x6179,0x25,0x25,corroborated,library,exclude,excluded,_memmove,_memmove,movmem,_TEXT,linked-library,toolchain-or-library:movmem,ghidra+map-public,,,,true,1,1,1,target-ghidra+candidate-map,
th04-main-boundary-0619e,th04-main,mz-load-module,0x619E,0x1619E,0x619E,0x47,0x47,corroborated,library,exclude,excluded,__searchenv,__searchenv,srchenv,_TEXT,linked-library,toolchain-or-library:srchenv,ghidra+map-public,,,,true,1,1,2,target-ghidra+candidate-map,
th04-main-boundary-061e5,th04-main,mz-load-module,0x61E5,0x161E5,0x61E5,0x142,0x142,corroborated,library,exclude,excluded,__searchstr,__searchstr,srchstr,_TEXT,linked-library,toolchain-or-library:srchstr,ghidra+map-public,,,,true,1,1,8,target-ghidra+candidate-map,
th04-main-boundary-06327,th04-main,mz-load-module,0x6327,0x16327,0x6327,0x121,0x121,corroborated,library,exclude,excluded,_setvbuf,_setvbuf,setvbuf,_TEXT,linked-library,toolchain-or-library:setvbuf,ghidra+map-public,,,,true,1,0,3,target-ghidra+candidate-map,
th04-main-boundary-06448,th04-main,mz-load-module,0x6448,0x16448,0x6448,0x3F,0x3F,corroborated,library,exclude,excluded,_strcat,_strcat,strcat,_TEXT,linked-library,toolchain-or-library:strcat,ghidra+map-public,,,,true,1,2,0,target-ghidra+candidate-map,
th04-main-boundary-06487,th04-main,mz-load-module,0x6487,0x16487,0x6487,0x30,0x30,corroborated,library,exclude,excluded,_strcmp,_strcmp,strcmp,_TEXT,linked-library,toolchain-or-library:strcmp,ghidra+map-public,,,,true,1,1,0,target-ghidra+candidate-map,
th04-main-boundary-064b7,th04-main,mz-load-module,0x64B7,0x164B7,0x64B7,0x29,0x29,corroborated,library,exclude,excluded,_strcpy,_strcpy,strcpy,_TEXT,linked-library,toolchain-or-library:strcpy,ghidra+map-public,,,,true,1,4,0,target-ghidra+candidate-map,
th04-main-boundary-064e0,th04-main,mz-load-module,0x64E0,0x164E0,0x64E0,0x41,0x41,corroborated,library,exclude,excluded,_stricmp,_stricmp,stricmp,_TEXT,linked-library,toolchain-or-library:stricmp,ghidra+map-public,,,,true,1,1,0,target-ghidra+candidate-map,
th04-main-boundary-06521,th04-main,mz-load-module,0x6521,0x16521,0x6521,0x21,0x21,corroborated,library,exclude,excluded,_strlen,_strlen,strlen,_TEXT,linked-library,toolchain-or-library:strlen,ghidra+map-public,,,,true,1,13,0,target-ghidra+candidate-map,
th04-main-boundary-06542,th04-main,mz-load-module,0x6542,0x16542,0x6542,0x4D,0x4D,corroborated,library,exclude,excluded,_strrchr,_strrchr,strrchr,_TEXT,linked-library,toolchain-or-library:strrchr,ghidra+map-public,,,,true,1,1,1,target-ghidra+candidate-map,
th04-main-boundary-0658f,th04-main,mz-load-module,0x658F,0x1658F,0x658F,0x166,0x166,corroborated,library,exclude,excluded,___write,___write,write,_TEXT,linked-library,toolchain-or-library:write,ghidra+map-public,,,,true,1,1,3,target-ghidra+candidate-map,
th04-main-boundary-066f5,th04-main,mz-load-module,0x66F5,0x166F5,0x66F5,0x3F,0x3F,corroborated,library,exclude,excluded,__rtl_write,__rtl_write,writea,_TEXT,linked-library,toolchain-or-library:writea,ghidra+map-public,,,,true,1,3,1,target-ghidra+candidate-map,
th04-main-boundary-06734,th04-main,mz-load-module,0x6734,0x16734,0x6734,0x1C,0x1C,corroborated,library,exclude,excluded,__write,__write,writea,_TEXT,linked-library,toolchain-or-library:writea,ghidra+map-public,,,,true,1,0,1,target-ghidra+candidate-map,
th04-main-boundary-06750,th04-main,mz-load-module,0x6750,0x16750,0x6750,0x3F,0x3F,corroborated,library,exclude,excluded,__xfflush,__xfflush,xfflush,_TEXT,linked-library,toolchain-or-library:xfflush,ghidra+map-public,,,,true,1,0,1,target-ghidra+candidate-map,
th04-main-boundary-0678f,th04-main,mz-load-module,0x678F,0x1678F,0x678F,0x5B,0x5B,corroborated,library,exclude,excluded,"xalloc::xalloc(const string far&,unsigned int)","xalloc::xalloc(const string far&,unsigned int)",xalloc,_TEXT,linked-library,toolchain-or-library:xalloc,ghidra+map-public,,,,true,1,0,3,target-ghidra+candidate-map,
th04-main-boundary-0680e,th04-main,mz-load-module,0x680E,0x1680E,0x680E,0x78,0x78,corroborated,library,exclude,excluded,xalloc::raise(),xalloc::raise(),xalloc,_TEXT,linked-library,toolchain-or-library:xalloc,ghidra+map-public,,,,true,1,3,4,target-ghidra+candidate-map,
th04-main-boundary-06886,th04-main,mz-load-module,0x6886,0x16886,0x6886,0x43,0x43,provisional,library,exclude,excluded,FUN_1000_6886,,xalloc,_TEXT,linked-library,toolchain-or-library:xalloc,ghidra,,,,true,1,0,2,target-ghidra+candidate-map,Ghidra-only boundary has no TLINK public or TASM PROC at its entry.
th04-main-boundary-069b4,th04-main,mz-load-module,0x69B4,0x169B4,0x69B4,0xA7,0xA7,corroborated,library,exclude,excluded,xmsg::xmsg(const string far&),xmsg::xmsg(const string far&),xmsg,_TEXT,linked-library,toolchain-or-library:xmsg,ghidra+map-public,,,,true,1,4,5,target-ghidra+candidate-map,
th04-main-boundary-06a7f,th04-main,mz-load-module,0x6A7F,0x16A7F,0x6A7F,0xAB,0xAB,corroborated,library,exclude,excluded,xmsg::xmsg(const xmsg far&),xmsg::xmsg(const xmsg far&),xmsg,_TEXT,linked-library,toolchain-or-library:xmsg,ghidra+map-public,,,,true,1,4,5,target-ghidra+candidate-map,
th04-main-boundary-06b2a,th04-main,mz-load-module,0x6B2A,0x16B2A,0x6B2A,0x5E,0x5E,corroborated,library,exclude,excluded,xmsg::~xmsg(),xmsg::~xmsg(),xmsg,_TEXT,linked-library,toolchain-or-library:xmsg,ghidra+map-public,,,,true,1,4,3,target-ghidra+candidate-map,
th04-main-boundary-06b96,th04-main,mz-load-module,0x6B96,0x16B96,0x6B96,0x0,0x0,provisional,library,exclude,excluded,xmsg::raise(),xmsg::raise(),xmsg,_TEXT,linked-library,toolchain-or-library:xmsg,map-public,,,,,,,,target-ghidra+candidate-map,TLINK public has no corresponding Ghidra function entry.
th04-main-boundary-06c0d,th04-main,mz-load-module,0x6C0D,0x16C0D,0x6C0D,0x0,0x0,provisional,library,exclude,excluded,xmsg::operator =(const xmsg far&),xmsg::operator =(const xmsg far&),xmsg,_TEXT,linked-library,toolchain-or-library:xmsg,map-public,,,,,,,,target-ghidra+candidate-map,TLINK public has no corresponding Ghidra function entry.
th04-main-boundary-06d4b,th04-main,mz-load-module,0x6D4B,0x16D4B,0x6D4B,0x9,0x9,corroborated,library,exclude,excluded,___JumpToCatch__,___JumpToCatch__,xx,_TEXT,linked-library,toolchain-or-library:xx,ghidra+map-public,,,,true,1,1,0,target-ghidra+candidate-map,
th04-main-boundary-06d57,th04-main,mz-load-module,0x6D57,0x16D57,0x6D57,0x25,0x25,provisional,library,exclude,excluded,FUN_1000_6d57,,xx,_TEXT,linked-library,toolchain-or-library:xx,ghidra,,,,true,1,1,0,target-ghidra+candidate-map,Ghidra-only boundary has no TLINK public or TASM PROC at its entry.
th04-main-boundary-06d7c,th04-main,mz-load-module,0x6D7C,0x16D7C,0x6D7C,0x9D,0x9D,provisional,library,exclude,excluded,FUN_1000_6d7c,,xx,_TEXT,linked-library,toolchain-or-library:xx,ghidra,,,,true,1,7,0,target-ghidra+candidate-map,Ghidra-only boundary has no TLINK public or TASM PROC at its entry.
th04-main-boundary-06e19,th04-main,mz-load-module,0x6E19,0x16E19,0x6E19,0x153,0x153,provisional,library,exclude,excluded,FUN_1000_6e19,,xx,_TEXT,linked-library,toolchain-or-library:xx,ghidra,,,,true,1,2,2,target-ghidra+candidate-map,Ghidra-only boundary has no TLINK public or TASM PROC at its entry.
th04-main-boundary-06f6c,th04-main,mz-load-module,0x6F6C,0x16F6C,0x6F6C,0x174,0x174,provisional,library,exclude,excluded,FUN_1000_6f6c,,xx,_TEXT,linked-library,toolchain-or-library:xx,ghidra,,,,true,1,1,2,target-ghidra+candidate-map,Ghidra-only boundary has no TLINK public or TASM PROC at its entry.
th04-main-boundary-070e0,th04-main,mz-load-module,0x70E0,0x170E0,0x70E0,0x5C,0x5C,provisional,library,exclude,excluded,FUN_1000_70e0,,xx,_TEXT,linked-library,toolchain-or-library:xx,ghidra,,,,true,1,1,2,target-ghidra+candidate-map,Ghidra-only boundary has no TLINK public or TASM PROC at its entry.
th04-main-boundary-0713c,th04-main,mz-load-module,0x713C,0x1713C,0x713C,0x39,0x39,provisional,library,exclude,excluded,FUN_1000_713c,,xx,_TEXT,linked-library,toolchain-or-library:xx,ghidra,,,,true,1,0,1,target-ghidra+candidate-map,Ghidra-only boundary has no TLINK public or TASM PROC at its entry.
th04-main-boundary-07175,th04-main,mz-load-module,0x7175,0x17175,0x7175,0x105,0x105,provisional,library,exclude,excluded,FUN_1000_7175,,xx,_TEXT,linked-library,toolchain-or-library:xx,ghidra,,,,true,1,2,1,target-ghidra+candidate-map,Ghidra-only boundary has no TLINK public or TASM PROC at its entry.
th04-main-boundary-0727a,th04-main,mz-load-module,0x727A,0x1727A,0x727A,0x2EE,0x2EE,provisional,library,exclude,excluded,FUN_1000_727a,,xx,_TEXT,linked-library,toolchain-or-library:xx,ghidra,,,,true,1,2,0,target-ghidra+candidate-map,Ghidra-only boundary has no TLINK public or TASM PROC at its entry.
th04-main-boundary-075c8,th04-main,mz-load-module,0x75C8,0x175C8,0x75C8,0x188,0x188,provisional,library,exclude,excluded,FUN_1000_75c8,,xx,_TEXT,linked-library,toolchain-or-library:xx,ghidra,,,,true,1,3,0,target-ghidra+candidate-map,Ghidra-only boundary has no TLINK public or TASM PROC at its entry.
th04-main-boundary-07780,th04-main,mz-load-module,0x7780,0x17780,0x7780,0xB9,0xB9,provisional,library,exclude,excluded,FUN_1000_7780,,xx,_TEXT,linked-library,toolchain-or-library:xx,ghidra,,,,true,1,1,0,target-ghidra+candidate-map,Ghidra-only boundary has no TLINK public or TASM PROC at its entry.
th04-main-boundary-0789f,th04-main,mz-load-module,0x789F,0x1789F,0x789F,0x31B,0x32F,provisional,library,exclude,excluded,FUN_1000_789f,,xx,_TEXT,linked-library,toolchain-or-library:xx,ghidra,,,,false,3,2,8,target-ghidra+candidate-map,Ghidra-only boundary has no TLINK public or TASM PROC at its entry.
th04-main-boundary-07bce,th04-main,mz-load-module,0x7BCE,0x17BCE,0x7BCE,0x59,0x59,corroborated,library,exclude,excluded,"_throwexception(void far*,void far*,void far*,void far*,unsigned int,unsigned int,unsigned int,unsigned char far*)","_throwexception(void far*,void far*,void far*,void far*,unsigned int,unsigned int,unsigned int,unsigned char far*)",xx,_TEXT,linked-library,toolchain-or-library:xx,ghidra+map-public,,,,true,1,8,1,target-ghidra+candidate-map,
th04-main-boundary-07c27,th04-main,mz-load-module,0x7C27,0x17C27,0x7C27,0xAA,0xAA,corroborated,library,exclude,excluded,"_rethrowexception(unsigned int,unsigned char far*)","_rethrowexception(unsigned int,unsigned char far*)",xx,_TEXT,linked-library,toolchain-or-library:xx,ghidra+map-public,,,,true,1,0,2,target-ghidra+candidate-map,
th04-main-boundary-07cd1,th04-main,mz-load-module,0x7CD1,0x17CD1,0x7CD1,0x5,0x5,provisional,library,exclude,excluded,FUN_1000_7cd1,,xx,_TEXT,linked-library,toolchain-or-library:xx,ghidra,,,,true,1,1,0,target-ghidra+candidate-map,Ghidra-only boundary has no TLINK public or TASM PROC at its entry.
th04-main-boundary-07cd6,th04-main,mz-load-module,0x7CD6,0x17CD6,0x7CD6,0x8C,0x8C,provisional,library,exclude,excluded,FUN_1000_7cd6,,xx,_TEXT,linked-library,toolchain-or-library:xx,ghidra,,,,true,1,2,1,target-ghidra+candidate-map,Ghidra-only boundary has no TLINK public or TASM PROC at its entry.
th04-main-boundary-07d62,th04-main,mz-load-module,0x7D62,0x17D62,0x7D62,0x47,0x47,corroborated,library,exclude,excluded,__Global_unwind,__Global_unwind,xx,_TEXT,linked-library,toolchain-or-library:xx,ghidra+map-public,,,,true,1,1,1,target-ghidra+candidate-map,
th04-main-boundary-07da9,th04-main,mz-load-module,0x7DA9,0x17DA9,0x7DA9,0x5,0x5,provisional,library,exclude,excluded,FUN_1000_7da9,,xx,_TEXT,linked-library,toolchain-or-library:xx,ghidra,,,,true,1,1,0,target-ghidra+candidate-map,Ghidra-only boundary has no TLINK public or TASM PROC at its entry.
th04-main-boundary-07dae,th04-main,mz-load-module,0x7DAE,0x17DAE,0x7DAE,0x47A,0x47F,provisional,library,exclude,excluded,_RaiseException,_RaiseException,xx,_TEXT,linked-library,toolchain-or-library:xx,ghidra+map-public,,,,false,3,1,4,target-ghidra+candidate-map,Ghidra body is noncontiguous and requires control-flow reconciliation.
th04-main-boundary-08257,th04-main,mz-load-module,0x8257,0x18257,0x8257,0x46,0x50,provisional,library,exclude,excluded,FUN_1000_8257,,xx,_TEXT,linked-library,toolchain-or-library:xx,ghidra,,,,false,2,2,3,target-ghidra+candidate-map,Ghidra-only boundary has no TLINK public or TASM PROC at its entry.
th04-main-boundary-082a7,th04-main,mz-load-module,0x82A7,0x182A7,0x82A7,0xD8,0xD8,provisional,library,exclude,excluded,FUN_1000_82a7,,xx,_TEXT,linked-library,toolchain-or-library:xx,ghidra,,,,true,1,2,2,target-ghidra+candidate-map,Ghidra-only boundary has no TLINK public or TASM PROC at its entry.
th04-main-boundary-0837f,th04-main,mz-load-module,0x837F,0x1837F,0x837F,0x7D,0x7D,corroborated,library,exclude,excluded,_catchcleanup(),_catchcleanup(),xx,_TEXT,linked-library,toolchain-or-library:xx,ghidra+map-public,,,,true,1,0,1,target-ghidra+candidate-map,
th04-main-boundary-083fc,th04-main,mz-load-module,0x83FC,0x183FC,0x83FC,0xCC,0xCC,provisional,library,exclude,excluded,FUN_1000_83fc,,xx,_TEXT,linked-library,toolchain-or-library:xx,ghidra,,,,true,1,2,2,target-ghidra+candidate-map,Ghidra-only boundary has no TLINK public or TASM PROC at its entry.
th04-main-boundary-084c8,th04-main,mz-load-module,0x84C8,0x184C8,0x84C8,0x83,0x83,provisional,library,exclude,excluded,FUN_1000_84c8,,xx,_TEXT,linked-library,toolchain-or-library:xx,ghidra,,,,true,1,1,1,target-ghidra+candidate-map,Ghidra-only boundary has no TLINK public or TASM PROC at its entry.
th04-main-boundary-0854b,th04-main,mz-load-module,0x854B,0x1854B,0x854B,0x2A6,0x2A6,provisional,library,exclude,excluded,FUN_1000_854b,,xx,_TEXT,linked-library,toolchain-or-library:xx,ghidra,,,,true,1,1,6,target-ghidra+candidate-map,Ghidra-only boundary has no TLINK public or TASM PROC at its entry.
th04-main-boundary-087f1,th04-main,mz-load-module,0x87F1,0x187F1,0x87F1,0x1BF,0x1BF,provisional,library,exclude,excluded,FUN_1000_87f1,,xx,_TEXT,linked-library,toolchain-or-library:xx,ghidra,,,,true,1,2,2,target-ghidra+candidate-map,Ghidra-only boundary has no TLINK public or TASM PROC at its entry.
th04-main-boundary-089bc,th04-main,mz-load-module,0x89BC,0x189BC,0x89BC,0x0,0x0,provisional,library,exclude,excluded,__Local_unwind,__Local_unwind,xx,_TEXT,linked-library,toolchain-or-library:xx,map-public,,,,,,,,target-ghidra+candidate-map,TLINK public has no corresponding Ghidra function entry.
th04-main-boundary-089dc,th04-main,mz-load-module,0x89DC,0x189DC,0x89DC,0x2A,0x2A,corroborated,library,exclude,excluded,__Return_unwind,__Return_unwind,xx,_TEXT,linked-library,toolchain-or-library:xx,ghidra+map-public,,,,true,1,0,1,target-ghidra+candidate-map,
th04-main-boundary-08a06,th04-main,mz-load-module,0x8A06,0x18A06,0x8A06,0x84,0x84,provisional,library,exclude,excluded,FUN_1000_8a06,,xx,_TEXT,linked-library,toolchain-or-library:xx,ghidra,,,,true,1,1,1,target-ghidra+candidate-map,Ghidra-only boundary has no TLINK public or TASM PROC at its entry.
th04-main-boundary-08a92,th04-main,mz-load-module,0x8A92,0x18A92,0x8A92,0x0,0x0,provisional,library,exclude,excluded,__ExceptionHandler,__ExceptionHandler,xx,_TEXT,linked-library,toolchain-or-library:xx,map-public,,,,,,,,target-ghidra+candidate-map,TLINK public has no corresponding Ghidra function entry.
th04-main-boundary-08e5c,th04-main,mz-load-module,0x8E5C,0x18E5C,0x8E5C,0x5A,0x6C,provisional,library,exclude,excluded,FUN_1000_8e5c,,xx,_TEXT,linked-library,toolchain-or-library:xx,ghidra,,,,false,3,1,3,target-ghidra+candidate-map,Ghidra-only boundary has no TLINK public or TASM PROC at its entry.
th04-main-boundary-08ec8,th04-main,mz-load-module,0x8EC8,0x18EC8,0x8EC8,0x81,0x81,provisional,library,exclude,excluded,FUN_1000_8ec8,,xx,_TEXT,linked-library,toolchain-or-library:xx,ghidra,,,,true,1,1,1,target-ghidra+candidate-map,Ghidra-only boundary has no TLINK public or TASM PROC at its entry.
th04-main-boundary-08f49,th04-main,mz-load-module,0x8F49,0x18F49,0x8F49,0x2CB,0x2CB,provisional,library,exclude,excluded,FUN_1000_8f49,,xx,_TEXT,linked-library,toolchain-or-library:xx,ghidra,,,,true,1,4,4,target-ghidra+candidate-map,Ghidra-only boundary has no TLINK public or TASM PROC at its entry.
th04-main-boundary-09214,th04-main,mz-load-module,0x9214,0x19214,0x9214,0x102,0x102,provisional,library,exclude,excluded,FUN_1000_9214,,xx,_TEXT,linked-library,toolchain-or-library:xx,ghidra,,,,true,1,2,3,target-ghidra+candidate-map,Ghidra-only boundary has no TLINK public or TASM PROC at its entry.
th04-main-boundary-09316,th04-main,mz-load-module,0x9316,0x19316,0x9316,0xB1,0xB1,provisional,library,exclude,excluded,FUN_1000_9316,,xx,_TEXT,linked-library,toolchain-or-library:xx,ghidra,,,,true,1,1,0,target-ghidra+candidate-map,Ghidra-only boundary has no TLINK public or TASM PROC at its entry.
th04-main-boundary-093c7,th04-main,mz-load-module,0x93C7,0x193C7,0x93C7,0x40B,0x40B,provisional,library,exclude,excluded,FUN_1000_93c7,,xx,_TEXT,linked-library,toolchain-or-library:xx,ghidra,,,,true,1,1,7,target-ghidra+candidate-map,Ghidra-only boundary has no TLINK public or TASM PROC at its entry.
th04-main-boundary-097d2,th04-main,mz-load-module,0x97D2,0x197D2,0x97D2,0x55,0x55,corroborated,library,exclude,excluded,__CurrExcContext,__CurrExcContext,xx,_TEXT,linked-library,toolchain-or-library:xx,ghidra+map-public,,,,true,1,0,1,target-ghidra+candidate-map,
th04-main-boundary-09827,th04-main,mz-load-module,0x9827,0x19827,0x9827,0x0,0x0,provisional,library,exclude,excluded,__throwfilename(),__throwfilename(),xx,_TEXT,linked-library,toolchain-or-library:xx,map-public,,,,,,,,target-ghidra+candidate-map,TLINK public has no corresponding Ghidra function entry.
th04-main-boundary-09839,th04-main,mz-load-module,0x9839,0x19839,0x9839,0x0,0x0,provisional,library,exclude,excluded,__throwlinenumber(),__throwlinenumber(),xx,_TEXT,linked-library,toolchain-or-library:xx,map-public,,,,,,,,target-ghidra+candidate-map,TLINK public has no corresponding Ghidra function entry.
th04-main-boundary-09847,th04-main,mz-load-module,0x9847,0x19847,0x9847,0x0,0x0,provisional,library,exclude,excluded,__throwexceptionname(),__throwexceptionname(),xx,_TEXT,linked-library,toolchain-or-library:xx,map-public,,,,,,,,target-ghidra+candidate-map,TLINK public has no corresponding Ghidra function entry.
th04-main-boundary-09859,th04-main,mz-load-module,0x9859,0x19859,0x9859,0x6E,0x6E,corroborated,library,exclude,excluded,typeinfo::typeinfo(const typeinfo far&),typeinfo::typeinfo(const typeinfo far&),xx,_TEXT,linked-library,toolchain-or-library:xx,ghidra+map-public,,,,true,1,0,2,target-ghidra+candidate-map,
th04-main-boundary-098c7,th04-main,mz-load-module,0x98C7,0x198C7,0x98C7,0xF,0xF,corroborated,library,exclude,excluded,typeinfo::operator =(const typeinfo far&),typeinfo::operator =(const typeinfo far&),xx,_TEXT,linked-library,toolchain-or-library:xx,ghidra+map-public,,,,true,1,0,0,target-ghidra+candidate-map,
th04-main-boundary-098d6,th04-main,mz-load-module,0x98D6,0x198D6,0x98D6,0x34,0x34,corroborated,library,exclude,excluded,typeinfo::~typeinfo(),typeinfo::~typeinfo(),xx,_TEXT,linked-library,toolchain-or-library:xx,ghidra+map-public,,,,true,1,0,1,target-ghidra+candidate-map,
th04-main-boundary-0990a,th04-main,mz-load-module,0x990A,0x1990A,0x990A,0x26,0x26,corroborated,library,exclude,excluded,typeinfo::operator ==(const typeinfo far&) const,typeinfo::operator ==(const typeinfo far&) const,xx,_TEXT,linked-library,toolchain-or-library:xx,ghidra+map-public,,,,true,1,1,1,target-ghidra+candidate-map,
th04-main-boundary-09930,th04-main,mz-load-module,0x9930,0x19930,0x9930,0x21,0x21,corroborated,library,exclude,excluded,typeinfo::operator !=(const typeinfo far&) const,typeinfo::operator !=(const typeinfo far&) const,xx,_TEXT,linked-library,toolchain-or-library:xx,ghidra+map-public,,,,true,1,0,1,target-ghidra+candidate-map,
th04-main-boundary-09951,th04-main,mz-load-module,0x9951,0x19951,0x9951,0x78,0x78,corroborated,library,exclude,excluded,typeinfo::before(const typeinfo far&) const,typeinfo::before(const typeinfo far&) const,xx,_TEXT,linked-library,toolchain-or-library:xx,ghidra+map-public,,,,true,1,0,1,target-ghidra+candidate-map,
th04-main-boundary-099c9,th04-main,mz-load-module,0x99C9,0x199C9,0x99C9,0x1A,0x1A,corroborated,library,exclude,excluded,typeinfo::name() const,typeinfo::name() const,xx,_TEXT,linked-library,toolchain-or-library:xx,ghidra+map-public,,,,true,1,0,1,target-ghidra+candidate-map,
th04-main-boundary-099e3,th04-main,mz-load-module,0x99E3,0x199E3,0x99E3,0x83,0x83,corroborated,library,exclude,excluded,"__gettypeinfo(void far*,void far*,void far*,void far*)","__gettypeinfo(void far*,void far*,void far*,void far*)",xx,_TEXT,linked-library,toolchain-or-library:xx,ghidra+map-public,,,,true,1,0,1,target-ghidra+candidate-map,
th04-main-boundary-09a66,th04-main,mz-load-module,0x9A66,0x19A66,0x9A66,0x246,0x246,provisional,library,exclude,excluded,FUN_1000_9a66,,xx,_TEXT,linked-library,toolchain-or-library:xx,ghidra,,,,true,1,2,2,target-ghidra+candidate-map,Ghidra-only boundary has no TLINK public or TASM PROC at its entry.
th04-main-boundary-09cac,th04-main,mz-load-module,0x9CAC,0x19CAC,0x9CAC,0x165,0x165,corroborated,library,exclude,excluded,"__dynamiccast(void far*,void far*,void far*,void far*,int)","__dynamiccast(void far*,void far*,void far*,void far*,int)",xx,_TEXT,linked-library,toolchain-or-library:xx,ghidra+map-public,,,,true,1,0,3,target-ghidra+candidate-map,
th04-main-boundary-09e99,th04-main,mz-load-module,0x9E99,0x19E99,0x9E99,0x137,0x137,corroborated,library,exclude,excluded,__DOSCMD,__DOSCMD,doscmd,_TEXT,linked-library,toolchain-or-library:doscmd,ghidra+map-public,,,,true,1,1,3,target-ghidra+candidate-map,
th04-main-boundary-0a137,th04-main,mz-load-module,0xA137,0x1A137,0xA137,0x0,0x0,provisional,library,exclude,excluded,__exec,__exec,exec,_TEXT,linked-library,toolchain-or-library:exec,map-public,,,,,,,,target-ghidra+candidate-map,TLINK public has no corresponding Ghidra function entry.
th04-main-boundary-0a375,th04-main,mz-load-module,0xA375,0x1A375,0xA375,0x23,0x23,corroborated,library,exclude,excluded,_execl,_execl,execl,_TEXT,linked-library,toolchain-or-library:execl,ghidra+map-public,,,,true,1,1,1,target-ghidra+candidate-map,
th04-main-boundary-0a398,th04-main,mz-load-module,0xA398,0x1A398,0xA398,0x20,0x20,corroborated,library,exclude,excluded,_setblock,_setblock,setblock,_TEXT,linked-library,toolchain-or-library:setblock,ghidra+map-public,,,,true,1,1,1,target-ghidra+candidate-map,
th04-main-boundary-0a4f2,th04-main,mz-load-module,0xA4F2,0x1A4F2,0xA4F2,0x4D,0x4D,provisional,library,exclude,excluded,FUN_1000_a4f2,,ctor3,_TEXT,linked-library,toolchain-or-library:ctor3,ghidra,,,,true,1,0,3,target-ghidra+candidate-map,Ghidra-only boundary has no TLINK public or TASM PROC at its entry.
th04-main-boundary-0a6a3,th04-main,mz-load-module,0xA6A3,0x1A6A3,0xA6A3,0x4D,0x4D,provisional,library,exclude,excluded,FUN_1000_a6a3,,strings,_TEXT,linked-library,toolchain-or-library:strings,ghidra,,,,true,1,0,3,target-ghidra+candidate-map,Ghidra-only boundary has no TLINK public or TASM PROC at its entry.
th04-main-boundary-0a6f0,th04-main,mz-load-module,0xA6F0,0x1A6F0,0xA6F0,0x4D,0x4D,provisional,library,exclude,excluded,FUN_1000_a6f0,,strings,_TEXT,linked-library,toolchain-or-library:strings,ghidra,,,,true,1,0,3,target-ghidra+candidate-map,Ghidra-only boundary has no TLINK public or TASM PROC at its entry.
th04-main-boundary-0a73d,th04-main,mz-load-module,0xA73D,0x1A73D,0xA73D,0x4D,0x4D,provisional,library,exclude,excluded,FUN_1000_a73d,,strings,_TEXT,linked-library,toolchain-or-library:strings,ghidra,,,,true,1,0,3,target-ghidra+candidate-map,Ghidra-only boundary has no TLINK public or TASM PROC at its entry.
th04-main-boundary-0a78a,th04-main,mz-load-module,0xA78A,0x1A78A,0xA78A,0x84,0x84,provisional,library,exclude,excluded,FUN_1000_a78a,,loadprog,_TEXT,linked-library,toolchain-or-library:loadprog,ghidra,,,,true,1,1,1,target-ghidra+candidate-map,Ghidra-only boundary has no TLINK public or TASM PROC at its entry.
th04-main-boundary-0a80e,th04-main,mz-load-module,0xA80E,0x1A80E,0xA80E,0x89,0x89,provisional,library,exclude,excluded,FUN_1000_a80e,,loadprog,_TEXT,linked-library,toolchain-or-library:loadprog,ghidra,,,,true,1,1,4,target-ghidra+candidate-map,Ghidra-only boundary has no TLINK public or TASM PROC at its entry.
th04-main-boundary-0a897,th04-main,mz-load-module,0xA897,0x1A897,0xA897,0x24C,0x254,provisional,library,exclude,excluded,__LoadProg,__LoadProg,loadprog,_TEXT,linked-library,toolchain-or-library:loadprog,ghidra+map-public,,,,false,3,1,11,target-ghidra+candidate-map,Ghidra body is noncontiguous and requires control-flow reconciliation.
th04-main-boundary-0a9d2,th04-main,mz-load-module,0xA9D2,0x1A9D2,0xA9D2,0x3,0x3,provisional,library,exclude,excluded,thunk_FUN_1000_aa9b,,loadprog,_TEXT,linked-library,toolchain-or-library:loadprog,ghidra,,,,true,1,1,0,target-ghidra+candidate-map,Ghidra-only boundary has no TLINK public or TASM PROC at its entry.
th04-main-boundary-0aa9b,th04-main,mz-load-module,0xAA9B,0x1AA9B,0xAA9B,0xB,0x56,provisional,library,exclude,excluded,FUN_1000_aa9b,,loadprog,_TEXT,linked-library,toolchain-or-library:loadprog,ghidra,,,,false,2,1,0,target-ghidra+candidate-map,Ghidra-only boundary has no TLINK public or TASM PROC at its entry.
th04-main-boundary-0aaf2,th04-main,mz-load-module,0xAAF2,0x1AAF2,0xAAF2,0x1A,0x1A,reviewed,authored,reconstruct,exact,slowdown_frame_delay(),slowdown_frame_delay(),th04/slowdown.cpp,SLOWDOWN_TEXT,candidate-cpp,src/main/slowdown.cpp,ghidra+map-public,,,,true,1,1,0,ev-th04-main-function-screen-strict-v2,"Target Ghidra body is contiguous (26 bytes), starts at the same local TLINK public, and lies wholly inside exact authored owner th04-main-slowdown-frame-delay."
th04-main-boundary-0ab0c,th04-main,mz-load-module,0xAB0C,0x1AB0C,0xAB0C,0x7C,0x7C,corroborated,authored,reconstruct,unreviewed,_main,_main,th04_main.asm,DEMO_TEXT,target-derived-asm,candidate:th04_main.asm,ghidra+map-public+tasm-proc,_main,far,22086,true,1,1,12,target-ghidra+candidate-map,
th04-main-boundary-0ab88,th04-main,mz-load-module,0xAB88,0x1AB88,0xAB88,0x17B,0x17B,corroborated,authored,reconstruct,unreviewed,sub_AB88,,th04_main.asm,DEMO_TEXT,target-derived-asm,candidate:th04_main.asm,ghidra+tasm-proc,sub_AB88,near,22169,true,1,1,32,target-ghidra+candidate-map,
th04-main-boundary-0ad03,th04-main,mz-load-module,0xAD03,0x1AD03,0xAD03,0x413,0x23BF,provisional,authored,reconstruct,unreviewed,sub_AD03,,th04_main.asm,DEMO_TEXT,target-derived-asm,candidate:th04_main.asm,ghidra+tasm-proc,sub_AD03,near,22349,false,3,1,10,target-ghidra+candidate-map,Ghidra body is noncontiguous and requires control-flow reconciliation.
th04-main-boundary-0aed0,th04-main,mz-load-module,0xAED0,0x1AED0,0xAED0,0x286,0x2998,provisional,authored,reconstruct,unreviewed,sub_AED0,,th04_main.asm,DEMO_TEXT,target-derived-asm,candidate:th04_main.asm,ghidra+tasm-proc,sub_AED0,near,22546,false,7,1,26,target-ghidra+candidate-map,Ghidra body is noncontiguous and requires control-flow reconciliation.
th04-main-boundary-0b1d0,th04-main,mz-load-module,0xB1D0,0x1B1D0,0xB1D0,0xCE,0xCE,corroborated,authored,reconstruct,unreviewed,sub_B1D0,,th04_main.asm,DEMO_TEXT,target-derived-asm,candidate:th04_main.asm,ghidra+tasm-proc,sub_B1D0,near,22937,true,1,1,11,target-ghidra+candidate-map,
th04-main-boundary-0b29e,th04-main,mz-load-module,0xB29E,0x1B29E,0xB29E,0x31,0x31,corroborated,authored,reconstruct,unreviewed,sub_B29E,,th04_main.asm,DEMO_TEXT,target-derived-asm,candidate:th04_main.asm,ghidra+tasm-proc,sub_B29E,near,23005,true,1,1,6,target-ghidra+candidate-map,
th04-main-boundary-0b2cf,th04-main,mz-load-module,0xB2CF,0x1B2CF,0xB2CF,0x11F,0x11F,corroborated,authored,reconstruct,unreviewed,_pause,_pause,th04_main.asm,DEMO_TEXT,target-derived-asm,candidate:th04_main.asm,ghidra+map-public+tasm-proc,_pause,near,23036,true,1,1,4,target-ghidra+candidate-map,
th04-main-boundary-0b3ee,th04-main,mz-load-module,0xB3EE,0x1B3EE,0xB3EE,0x4B,0x4B,reviewed,authored,reconstruct,exact,demo_load(),demo_load(),th04/demo.cpp,DEMO_TEXT,candidate-cpp,src/main/demo.cpp,ghidra+map-public,,,,true,1,1,4,ev-th04-main-function-screen-strict-v2,"Target Ghidra body is contiguous (75 bytes), starts at the same local TLINK public, and lies wholly inside exact authored owner th04-main-module-th04-demo-cpp-b3ee."
th04-main-boundary-0b439,th04-main,mz-load-module,0xB439,0x1B439,0xB439,0x4F,0x4F,reviewed,authored,reconstruct,exact,demoplay(),demoplay(),th04/demo.cpp,DEMO_TEXT,candidate-cpp,src/main/demo.cpp,ghidra+map-public,,,,true,1,0,3,ev-th04-main-function-screen-strict-v2,"Target Ghidra body is contiguous (79 bytes), starts at the same local TLINK public, and lies wholly inside exact authored owner th04-main-module-th04-demo-cpp-b3ee."
th04-main-boundary-0b488,th04-main,mz-load-module,0xB488,0x1B488,0xB488,0xA8,0xA8,reviewed,authored,reconstruct,exact,ems_allocate_and_preload_eyecatc(),ems_allocate_and_preload_eyecatc(),th04/ems.cpp,EMS_TEXT,candidate-cpp,src/main/ems.cpp,ghidra+map-public,,,,true,1,1,7,ev-th04-main-function-screen-strict-v2,"Target Ghidra body is contiguous (168 bytes), starts at the same local TLINK public, and lies wholly inside exact authored owner th04-main-module-th04-ems-cpp-b488."
th04-main-boundary-0b530,th04-main,mz-load-module,0xB530,0x1B530,0xB530,0xE6,0xE6,reviewed,authored,reconstruct,exact,bomb_bg_load__ems_preload_playch(),bomb_bg_load__ems_preload_playch(),th04/ems.cpp,EMS_TEXT,candidate-cpp,src/main/ems.cpp,ghidra+map-public,,,,true,1,1,4,ev-th04-main-function-screen-strict-v2,"Target Ghidra body is contiguous (230 bytes), starts at the same local TLINK public, and lies wholly inside exact authored owner th04-main-module-th04-ems-cpp-b488."
th04-main-boundary-0b616,th04-main,mz-load-module,0xB616,0x1B616,0xB616,0x6C,0x6C,reviewed,authored,reconstruct,exact,eyecatch_animate(),eyecatch_animate(),th04/ems.cpp,EMS_TEXT,candidate-cpp,src/main/ems.cpp,ghidra+map-public,,,,true,1,1,7,ev-th04-main-function-screen-strict-v2,"Target Ghidra body is contiguous (108 bytes), starts at the same local TLINK public, and lies wholly inside exact authored owner th04-main-module-th04-ems-cpp-b488."
th04-main-boundary-0b682,th04-main,mz-load-module,0xB682,0x1B682,0xB682,0x4F,0x4F,reviewed,authored,reconstruct,exact,"tile_ring_set_vo(int,int,int)","tile_ring_set_vo(int,int,int)",th04/tile_set.cpp,TILE_SET_TEXT,candidate-cpp,src/main/tile/set.cpp,ghidra+map-public,,,,true,1,1,1,ev-th04-main-function-screen-strict-v2,"Target Ghidra body is contiguous (79 bytes), starts at the same local TLINK public, and lies wholly inside exact authored owner th04-main-tile-ring-set-vo."
th04-main-boundary-0b6d1,th04-main,mz-load-module,0xB6D1,0x1B6D1,0xB6D1,0xCD,0xCD,reviewed,authored,reconstruct,exact,std_load(),std_load(),th04/std.cpp,STD_TEXT,candidate-cpp,src/main/stage/std.cpp,ghidra+map-public,,,,true,1,1,5,ev-th04-main-function-screen-strict-v2,"Target Ghidra body is contiguous (205 bytes), starts at the same local TLINK public, and lies wholly inside exact authored owner th04-main-module-th04-std-cpp-b6d1."
th04-main-boundary-0b79e,th04-main,mz-load-module,0xB79E,0x1B79E,0xB79E,0x1B,0x1B,reviewed,authored,reconstruct,exact,std_free(),std_free(),th04/std.cpp,STD_TEXT,candidate-cpp,src/main/stage/std.cpp,ghidra+map-public,,,,true,1,4,1,ev-th04-main-function-screen-strict-v2,"Target Ghidra body is contiguous (27 bytes), starts at the same local TLINK public, and lies wholly inside exact authored owner th04-main-module-th04-std-cpp-b6d1."
th04-main-boundary-0b7b9,th04-main,mz-load-module,0xB7B9,0x1B7B9,0xB7B9,0x2B,0x2B,reviewed,authored,reconstruct,exact,end_game_good(),end_game_good(),th04_main.asm,END_TEXT,target-derived-asm,src/main/end/ending.cpp,ghidra+map-public+tasm-proc,@end_game_good$qv,far,23232,true,1,1,3,ev-th04-main-end-family-boundary-v99,New exact-owner function admitted by explicit policy: END_TEXT function admitted after Ghidra/TASM/TLINK/raw agreement and focused plus 137-owner exact replay.
th04-main-boundary-0b7e4,th04-main,mz-load-module,0xB7E4,0x1B7E4,0xB7E4,0x2B,0x2B,reviewed,authored,reconstruct,exact,end_game_bad(),end_game_bad(),th04_main.asm,END_TEXT,target-derived-asm,src/main/end/ending.cpp,ghidra+map-public+tasm-proc,@end_game_bad$qv,far,23261,true,1,1,3,ev-th04-main-end-family-boundary-v99,New exact-owner function admitted by explicit policy: END_TEXT function admitted after Ghidra/TASM/TLINK/raw agreement and focused plus 137-owner exact replay.
th04-main-boundary-0b80f,th04-main,mz-load-module,0xB80F,0x1B80F,0xB80F,0x26,0x26,reviewed,authored,reconstruct,exact,end_extra(),end_extra(),th04_main.asm,END_TEXT,target-derived-asm,src/main/end/ending.cpp,ghidra+map-public+tasm-proc,@end_extra$qv,far,23296,true,1,1,3,ev-th04-main-end-family-boundary-v99,New exact-owner function admitted by explicit policy: END_TEXT function admitted after Ghidra/TASM/TLINK/raw agreement and focused plus 137-owner exact replay.
th04-main-boundary-0b835,th04-main,mz-load-module,0xB835,0x1B835,0xB835,0xC7,0xC7,corroborated,authored,reconstruct,unreviewed,sub_B835,,th04_main.asm,END_TEXT,target-derived-asm,candidate:th04_main.asm,ghidra+tasm-proc,sub_B835,near,23324,true,1,1,3,target-ghidra+candidate-map,
th04-main-boundary-0b8fc,th04-main,mz-load-module,0xB8FC,0x1B8FC,0xB8FC,0x75,0x75,corroborated,authored,reconstruct,unreviewed,MPN_LOAD,MPN_LOAD,th04_main.asm,END_TEXT,target-derived-asm,candidate:th04_main.asm,ghidra+map-public+tasm-proc,mpn_load,near,23420,true,1,0,3,target-ghidra+candidate-map,
th04-main-boundary-0b971,th04-main,mz-load-module,0xB971,0x1B971,0xB971,0x4A,0x4A,reviewed,authored,reconstruct,exact,map_load(),map_load(),th04_main.asm,END_TEXT,target-derived-asm,src/main/formats/map.cpp,ghidra+map-public+tasm-proc,@map_load$qv,near,23504,true,1,1,5,ev-th04-main-end-map-boundary-v100,New exact-owner function admitted by explicit policy: END_TEXT map_load admitted after Ghidra/TASM/TLINK/raw agreement and exact replay.
th04-main-boundary-0b9bb,th04-main,mz-load-module,0xB9BB,0x1B9BB,0xB9BB,0x1B,0x1B,reviewed,authored,reconstruct,exact,map_free(),map_free(),th04_main.asm,END_TEXT,target-derived-asm,src/main/formats/map.cpp,ghidra+map-public+tasm-proc,@map_free$qv,near,23540,true,1,4,1,ev-th04-main-end-map-boundary-v100,New exact-owner function admitted by explicit policy: END_TEXT map_free admitted after Ghidra/TASM/TLINK/raw agreement and exact replay.
th04-main-boundary-0b9d6,th04-main,mz-load-module,0xB9D6,0x1B9D6,0xB9D6,0xCC,0xCC,corroborated,authored,reconstruct,unreviewed,TILES_INVALIDATE_AROUND,TILES_INVALIDATE_AROUND,th04_main.asm,CIRCLE_TEXT,target-derived-asm,candidate:th04_main.asm,ghidra+map-public+tasm-proc,tiles_invalidate_around,near,23559,true,1,8,0,target-ghidra+candidate-map,
th04-main-boundary-0baa2,th04-main,mz-load-module,0xBAA2,0x1BAA2,0xBAA2,0x4B,0x4B,corroborated,authored,reconstruct,unreviewed,TILES_FILL_INITIAL,TILES_FILL_INITIAL,th04_main.asm,CIRCLE_TEXT,target-derived-asm,candidate:th04_main.asm,ghidra+map-public+tasm-proc,tiles_fill_initial,near,23737,true,1,1,0,target-ghidra+candidate-map,
th04-main-boundary-0baee,th04-main,mz-load-module,0xBAEE,0x1BAEE,0xBAEE,0xB6,0xB6,corroborated,authored,reconstruct,unreviewed,sub_BAEE,,th04_main.asm,CIRCLE_TEXT,target-derived-asm,candidate:th04_main.asm,ghidra+tasm-proc,sub_BAEE,near,23813,true,1,1,0,target-ghidra+candidate-map,
th04-main-boundary-0bba4,th04-main,mz-load-module,0xBBA4,0x1BBA4,0xBBA4,0x6C,0x6C,corroborated,authored,reconstruct,unreviewed,tiles_redraw_invalidated(),tiles_redraw_invalidated(),th04_main.asm,CIRCLE_TEXT,target-derived-asm,candidate:th04_main.asm,ghidra+map-public+tasm-proc,@tiles_redraw_invalidated$qv,near,23910,true,1,1,2,target-ghidra+candidate-map,
th04-main-boundary-0bc10,th04-main,mz-load-module,0xBC10,0x1BC10,0xBC10,0x28,0x28,corroborated,authored,reconstruct,unreviewed,SCROLL_SUBPIXEL_Y_TO_VRAM_SEG1,SCROLL_SUBPIXEL_Y_TO_VRAM_SEG1,th04_main.asm,CIRCLE_TEXT,target-derived-asm,candidate:th04_main.asm,ghidra+map-public+tasm-proc,scroll_subpixel_y_to_vram_seg1,near,23972,true,1,10,0,target-ghidra+candidate-map,
th04-main-boundary-0bc38,th04-main,mz-load-module,0xBC38,0x1BC38,0xBC38,0x20,0x20,corroborated,authored,reconstruct,unreviewed,playfieldmotion::update_seg1(),playfieldmotion::update_seg1(),th04_main.asm,CIRCLE_TEXT,target-derived-asm,candidate:th04_main.asm,ghidra+map-public+tasm-proc,@PlayfieldMotion@update_seg1$qv,near,24059,true,1,1,0,target-ghidra+candidate-map,
th04-main-boundary-0bc58,th04-main,mz-load-module,0xBC58,0x1BC58,0xBC58,0x18,0x18,corroborated,authored,reconstruct,unreviewed,randring_fill(),randring_fill(),th04_main.asm,CIRCLE_TEXT,target-derived-asm,candidate:th04_main.asm,ghidra+map-public+tasm-proc,@randring_fill$qv,near,24137,true,1,1,1,target-ghidra+candidate-map,
th04-main-boundary-0bc70,th04-main,mz-load-module,0xBC70,0x1BC70,0xBC70,0x0,0x0,provisional,authored,reconstruct,unreviewed,randring1_next16(),randring1_next16(),th04_main.asm,CIRCLE_TEXT,target-derived-asm,candidate:th04_main.asm,map-public+tasm-proc,@randring1_next16$qv,near,24155,,,,,target-ghidra+candidate-map,TLINK public has no corresponding Ghidra function entry.
th04-main-boundary-0bc7e,th04-main,mz-load-module,0xBC7E,0x1BC7E,0xBC7E,0x15,0x15,corroborated,authored,reconstruct,unreviewed,randring1_next16_and(unsigned int),randring1_next16_and(unsigned int),th04_main.asm,CIRCLE_TEXT,target-derived-asm,candidate:th04_main.asm,ghidra+map-public+tasm-proc,@randring1_next16_and$qui,near,24164,true,1,15,0,target-ghidra+candidate-map,
th04-main-boundary-0bc94,th04-main,mz-load-module,0xBC94,0x1BC94,0xBC94,0x0,0x0,provisional,authored,reconstruct,unreviewed,randring1_next16_mod(unsigned int),randring1_next16_mod(unsigned int),th04_main.asm,CIRCLE_TEXT,target-derived-asm,candidate:th04_main.asm,map-public+tasm-proc,@randring1_next16_mod$qui,near,24236,,,,,target-ghidra+candidate-map,TLINK public has no corresponding Ghidra function entry.
th04-main-boundary-0bcae,th04-main,mz-load-module,0xBCAE,0x1BCAE,0xBCAE,0x0,0x0,provisional,authored,reconstruct,unreviewed,NULLFUNC_NEAR,NULLFUNC_NEAR,th04_main.asm,CIRCLE_TEXT,target-derived-asm,candidate:th04_main.asm,map-public+tasm-proc,nullfunc_near,near,24310,,,,,target-ghidra+candidate-map,TLINK public has no corresponding Ghidra function entry.
th04-main-boundary-0bcb0,th04-main,mz-load-module,0xBCB0,0x1BCB0,0xBCB0,0x0,0x0,provisional,authored,reconstruct,unreviewed,NULLFUNC_FAR,NULLFUNC_FAR,th04_main.asm,CIRCLE_TEXT,target-derived-asm,candidate:th04_main.asm,map-public+tasm-proc,nullfunc_far,far,24317,,,,,target-ghidra+candidate-map,TLINK public has no corresponding Ghidra function entry.
th04-main-boundary-0bcb2,th04-main,mz-load-module,0xBCB2,0x1BCB2,0xBCB2,0xB,0xB,corroborated,authored,reconstruct,unreviewed,POINTNUMS_INIT,POINTNUMS_INIT,th04_main.asm,CIRCLE_TEXT,target-derived-asm,candidate:th04_main.asm,ghidra+map-public+tasm-proc,pointnums_init,near,24324,true,1,1,0,target-ghidra+candidate-map,
th04-main-boundary-0bcbe,th04-main,mz-load-module,0xBCBE,0x1BCBE,0xBCBE,0x35,0x35,corroborated,authored,reconstruct,unreviewed,pointnums_invalidate(),pointnums_invalidate(),th04_main.asm,CIRCLE_TEXT,target-derived-asm,candidate:th04_main.asm,ghidra+map-public+tasm-proc,@pointnums_invalidate$qv,near,24333,true,1,1,1,target-ghidra+candidate-map,
th04-main-boundary-0bcf4,th04-main,mz-load-module,0xBCF4,0x1BCF4,0xBCF4,0x70,0x70,corroborated,authored,reconstruct,unreviewed,POINTNUMS_UPDATE,POINTNUMS_UPDATE,th04_main.asm,CIRCLE_TEXT,target-derived-asm,candidate:th04_main.asm,ghidra+map-public+tasm-proc,pointnums_update,near,24371,true,1,1,0,target-ghidra+candidate-map,
th04-main-boundary-0bd64,th04-main,mz-load-module,0xBD64,0x1BD64,0xBD64,0x9A,0x9A,corroborated,authored,reconstruct,unreviewed,POINTNUMS_RENDER,POINTNUMS_RENDER,th04_main.asm,CIRCLE_TEXT,target-derived-asm,candidate:th04_main.asm,ghidra+map-public+tasm-proc,pointnums_render,near,24443,true,1,1,2,target-ghidra+candidate-map,
th04-main-boundary-0bdfe,th04-main,mz-load-module,0xBDFE,0x1BDFE,0xBDFE,0x6A,0x6A,corroborated,authored,reconstruct,unreviewed,@pointnum_put,@pointnum_put,th04_main.asm,CIRCLE_TEXT,target-derived-asm,candidate:th04_main.asm,ghidra+map-public+tasm-proc,@pointnum_put,near,24565,true,1,1,0,target-ghidra+candidate-map,
th04-main-boundary-0be68,th04-main,mz-load-module,0xBE68,0x1BE68,0xBE68,0x0,0x0,provisional,authored,reconstruct,unreviewed,SHOT_LASER_PUT_RAW,SHOT_LASER_PUT_RAW,th04_main.asm,CIRCLE_TEXT,target-derived-asm,candidate:th04_main.asm,map-public+tasm-proc,shot_laser_put_raw,near,24647,,,,,target-ghidra+candidate-map,TLINK public has no corresponding Ghidra function entry.
th04-main-boundary-0becc,th04-main,mz-load-module,0xBECC,0x1BECC,0xBECC,0x0,0x0,provisional,authored,reconstruct,unreviewed,elly_backdrop_colorfill(),elly_backdrop_colorfill(),th04_main.asm,CIRCLE_TEXT,target-derived-asm,candidate:th04_main.asm,map-public+tasm-proc,@elly_backdrop_colorfill$qv,near,24731,,,,,target-ghidra+candidate-map,TLINK public has no corresponding Ghidra function entry.
th04-main-boundary-0beda,th04-main,mz-load-module,0xBEDA,0x1BEDA,0xBEDA,0x0,0x0,provisional,authored,reconstruct,unreviewed,mai_yuki_backdrop_colorfill(),mai_yuki_backdrop_colorfill();reimu_marisa_backdrop_colorfill(),th04_main.asm,CIRCLE_TEXT,target-derived-asm,candidate:th04_main.asm,map-public+tasm-proc,@reimu_marisa_backdrop_colorfill$qv,near,24750,,,,,target-ghidra+candidate-map,TLINK public has no corresponding Ghidra function entry.
th04-main-boundary-0bf16,th04-main,mz-load-module,0xBF16,0x1BF16,0xBF16,0x7D,0x7D,corroborated,authored,reconstruct,unreviewed,tiles_bb_put_raw(int),tiles_bb_put_raw(int),th04_main.asm,CIRCLE_TEXT,target-derived-asm,candidate:th04_main.asm,ghidra+map-public+tasm-proc,@tiles_bb_put_raw$qi,near,24793,true,1,0,1,target-ghidra+candidate-map,
th04-main-boundary-0bf94,th04-main,mz-load-module,0xBF94,0x1BF94,0xBF94,0x64,0x64,corroborated,authored,reconstruct,unreviewed,tiles_bb_invalidate_raw(int),tiles_bb_invalidate_raw(int),th04_main.asm,CIRCLE_TEXT,target-derived-asm,candidate:th04_main.asm,ghidra+map-public+tasm-proc,@tiles_bb_invalidate_raw$qi,near,24881,true,1,0,1,target-ghidra+candidate-map,
th04-main-boundary-0bff8,th04-main,mz-load-module,0xBFF8,0x1BFF8,0xBFF8,0x0,0x0,provisional,authored,reconstruct,unreviewed,yuuka5_backdrop_colorfill(),yuuka5_backdrop_colorfill(),th04_main.asm,CIRCLE_TEXT,target-derived-asm,candidate:th04_main.asm,map-public+tasm-proc,@yuuka5_backdrop_colorfill$qv,near,24941,,,,,target-ghidra+candidate-map,TLINK public has no corresponding Ghidra function entry.
th04-main-boundary-0c01a,th04-main,mz-load-module,0xC01A,0x1C01A,0xC01A,0x0,0x0,provisional,authored,reconstruct,unreviewed,z_super_put_16x16_mono_raw(int),z_super_put_16x16_mono_raw(int),th04_main.asm,CIRCLE_TEXT,target-derived-asm,candidate:th04_main.asm,map-public+tasm-proc,@z_super_put_16x16_mono_raw$qi,near,24972,,,,,target-ghidra+candidate-map,TLINK public has no corresponding Ghidra function entry.
th04-main-boundary-0c09a,th04-main,mz-load-module,0xC09A,0x1C09A,0xC09A,0x0,0x0,provisional,authored,reconstruct,unreviewed,"bb_txt_put_8_raw(unsigned int,unsigned int)","bb_txt_put_8_raw(unsigned int,unsigned int)",th04_main.asm,CIRCLE_TEXT,target-derived-asm,candidate:th04_main.asm,map-public+tasm-proc,@bb_txt_put_8_raw$quiui,near,25124,,,,,target-ghidra+candidate-map,TLINK public has no corresponding Ghidra function entry.
th04-main-boundary-0c0fc,th04-main,mz-load-module,0xC0FC,0x1C0FC,0xC0FC,0x4B,0x4B,corroborated,authored,reconstruct,unreviewed,items_invalidate(),items_invalidate(),th04_main.asm,CIRCLE_TEXT,target-derived-asm,candidate:th04_main.asm,ghidra+map-public+tasm-proc,@items_invalidate$qv,near,25203,true,1,1,1,target-ghidra+candidate-map,
th04-main-boundary-0c148,th04-main,mz-load-module,0xC148,0x1C148,0xC148,0x0,0x0,provisional,authored,reconstruct,unreviewed,mugetsu_gengetsu_backdrop_colorfill(),mugetsu_gengetsu_backdrop_colorfill(),th04_main.asm,CIRCLE_TEXT,target-derived-asm,candidate:th04_main.asm,map-public+tasm-proc,@mugetsu_gengetsu_backdrop_colorfill$qv,near,25260,,,,,target-ghidra+candidate-map,TLINK public has no corresponding Ghidra function entry.
th04-main-boundary-0c156,th04-main,mz-load-module,0xC156,0x1C156,0xC156,0x5,0x5,corroborated,authored,reconstruct,unreviewed,grcg_setmode_rmw(),grcg_setmode_rmw(),th04_main.asm,CIRCLE_TEXT,target-derived-asm,candidate:th04_main.asm,ghidra+map-public+tasm-proc,@grcg_setmode_rmw$qv,near,25279,true,1,4,0,target-ghidra+candidate-map,
th04-main-boundary-0c15c,th04-main,mz-load-module,0xC15C,0x1C15C,0xC15C,0x0,0x0,provisional,authored,reconstruct,unreviewed,grcg_setmode_tdw(),grcg_setmode_tdw(),th04_main.asm,CIRCLE_TEXT,target-derived-asm,candidate:th04_main.asm,map-public+tasm-proc,@grcg_setmode_tdw$qv,near,25288,,,,,target-ghidra+candidate-map,TLINK public has no corresponding Ghidra function entry.
th04-main-boundary-0c162,th04-main,mz-load-module,0xC162,0x1C162,0xC162,0x1A,0x1A,corroborated,authored,reconstruct,unreviewed,grcg_setcolor_direct_raw(),grcg_setcolor_direct_raw(),th04_main.asm,CIRCLE_TEXT,target-derived-asm,candidate:th04_main.asm,ghidra+map-public+tasm-proc,@grcg_setcolor_direct_raw$qv,near,25298,true,1,5,0,target-ghidra+candidate-map,
th04-main-boundary-0c17c,th04-main,mz-load-module,0xC17C,0x1C17C,0xC17C,0x83,0x83,corroborated,authored,reconstruct,unreviewed,ITEM_SPLASHES_RENDER,ITEM_SPLASHES_RENDER,th04_main.asm,CIRCLE_TEXT,target-derived-asm,candidate:th04_main.asm,ghidra+map-public+tasm-proc,item_splashes_render,near,25324,true,1,0,4,target-ghidra+candidate-map,
th04-main-boundary-0c200,th04-main,mz-load-module,0xC200,0x1C200,0xC200,0x65,0x65,corroborated,authored,reconstruct,unreviewed,@spark_render,@spark_render,th04_main.asm,CIRCLE_TEXT,target-derived-asm,candidate:th04_main.asm,ghidra+map-public+tasm-proc,@spark_render,near,25408,true,1,1,0,target-ghidra+candidate-map,
th04-main-boundary-0c266,th04-main,mz-load-module,0xC266,0x1C266,0xC266,0x4C,0x4C,corroborated,authored,reconstruct,unreviewed,_sparks_update,_sparks_update,th04_main.asm,CIRCLE_TEXT,target-derived-asm,candidate:th04_main.asm,ghidra+map-public+tasm-proc,_sparks_update,near,25484,true,1,1,1,target-ghidra+candidate-map,
th04-main-boundary-0c2b2,th04-main,mz-load-module,0xC2B2,0x1C2B2,0xC2B2,0x3B,0x3B,corroborated,authored,reconstruct,unreviewed,_sparks_render,_sparks_render,th04_main.asm,CIRCLE_TEXT,target-derived-asm,candidate:th04_main.asm,ghidra+map-public+tasm-proc,_sparks_render,near,25532,true,1,1,3,target-ghidra+candidate-map,
th04-main-boundary-0c2ee,th04-main,mz-load-module,0xC2EE,0x1C2EE,0xC2EE,0x26,0x26,corroborated,authored,reconstruct,unreviewed,sparks_invalidate(),sparks_invalidate(),th04_main.asm,CIRCLE_TEXT,target-derived-asm,candidate:th04_main.asm,ghidra+map-public+tasm-proc,@sparks_invalidate$qv,near,25576,true,1,1,1,target-ghidra+candidate-map,
th04-main-boundary-0c314,th04-main,mz-load-module,0xC314,0x1C314,0xC314,0x1E,0x1E,corroborated,authored,reconstruct,unreviewed,_sparks_init,_sparks_init,th04_main.asm,CIRCLE_TEXT,target-derived-asm,candidate:th04_main.asm,ghidra+map-public+tasm-proc,_sparks_init,near,25602,true,1,1,1,target-ghidra+candidate-map,
th04-main-boundary-0c332,th04-main,mz-load-module,0xC332,0x1C332,0xC332,0x1C,0x1C,corroborated,authored,reconstruct,unreviewed,@item_splash_dot_render,@item_splash_dot_render,th04_main.asm,CIRCLE_TEXT,target-derived-asm,candidate:th04_main.asm,ghidra+map-public+tasm-proc,@item_splash_dot_render,near,25622,true,1,1,0,target-ghidra+candidate-map,
th04-main-boundary-0c34e,th04-main,mz-load-module,0xC34E,0x1C34E,0xC34E,0x0,0x0,provisional,authored,reconstruct,unreviewed,sub_C34E,,th04_main.asm,CIRCLE_TEXT,target-derived-asm,candidate:th04_main.asm,tasm-proc,sub_C34E,near,25641,,,,,target-ghidra+candidate-map,TLINK public has no corresponding Ghidra function entry.
th04-main-boundary-0c364,th04-main,mz-load-module,0xC364,0x1C364,0xC364,0x19,0x19,corroborated,authored,reconstruct,unreviewed,PLAYPERF_RAISE,PLAYPERF_RAISE,th04_main.asm,CIRCLE_TEXT,target-derived-asm,candidate:th04_main.asm,ghidra+map-public+tasm-proc,playperf_raise,far,25657,true,1,5,0,target-ghidra+candidate-map,
th04-main-boundary-0c37e,th04-main,mz-load-module,0xC37E,0x1C37E,0xC37E,0x18,0x18,corroborated,authored,reconstruct,unreviewed,PLAYPERF_LOWER,PLAYPERF_LOWER,th04_main.asm,CIRCLE_TEXT,target-derived-asm,candidate:th04_main.asm,ghidra+map-public+tasm-proc,playperf_lower,far,25735,true,1,2,0,target-ghidra+candidate-map,
th04-main-boundary-0c396,th04-main,mz-load-module,0xC396,0x1C396,0xC396,0x14,0x14,corroborated,authored,reconstruct,unreviewed,SELECT_FOR_RANK,SELECT_FOR_RANK,th04_main.asm,CIRCLE_TEXT,target-derived-asm,candidate:th04_main.asm,ghidra+map-public+tasm-proc,select_for_rank,far,25823,true,1,4,0,target-ghidra+candidate-map,
th04-main-boundary-0c3aa,th04-main,mz-load-module,0xC3AA,0x1C3AA,0xC3AA,0x0,0x0,provisional,authored,reconstruct,unreviewed,scoredat_decode(scoredat_section_t near*),scoredat_decode(scoredat_section_t near*),th04_main.asm,CIRCLE_TEXT,target-derived-asm,candidate:th04_main.asm,map-public+tasm-proc,@SCOREDAT_DECODE$QP18SCOREDAT_SECTION_T,near,25883,,,,,target-ghidra+candidate-map,TLINK public has no corresponding Ghidra function entry.
th04-main-boundary-0c3ea,th04-main,mz-load-module,0xC3EA,0x1C3EA,0xC3EA,0x0,0x0,provisional,authored,reconstruct,unreviewed,scoredat_encode(scoredat_section_t near*),scoredat_encode(scoredat_section_t near*),th04_main.asm,CIRCLE_TEXT,target-derived-asm,candidate:th04_main.asm,map-public+tasm-proc,@SCOREDAT_ENCODE$QP18SCOREDAT_SECTION_T,near,26032,,,,,target-ghidra+candidate-map,TLINK public has no corresponding Ghidra function entry.
th04-main-boundary-0c42c,th04-main,mz-load-module,0xC42C,0x1C42C,0xC42C,0x0,0x0,provisional,authored,reconstruct,unreviewed,Z_SUPER_ROLL_PUT_TINY_32X32_RAW,Z_SUPER_ROLL_PUT_TINY_32X32_RAW,th04_main.asm,CIRCLE_TEXT,target-derived-asm,candidate:th04_main.asm,map-public+tasm-proc,z_super_roll_put_tiny_32x32_raw,near,26238,,,,,target-ghidra+candidate-map,TLINK public has no corresponding Ghidra function entry.
th04-main-boundary-0c546,th04-main,mz-load-module,0xC546,0x1C546,0xC546,0x104,0x104,corroborated,authored,reconstruct,unreviewed,Z_SUPER_ROLL_PUT_TINY_16X16_RAW,Z_SUPER_ROLL_PUT_TINY_16X16_RAW,th04_main.asm,CIRCLE_TEXT,target-derived-asm,candidate:th04_main.asm,ghidra+map-public+tasm-proc,Z_SUPER_ROLL_PUT_TINY_16x16_RAW,near,26515,true,1,1,0,target-ghidra+candidate-map,
th04-main-boundary-0c64a,th04-main,mz-load-module,0xC64A,0x1C64A,0xC64A,0x4C,0x4C,reviewed,authored,reconstruct,exact,"circles_add_growing(int,int)","circles_add_growing(int,int)",th04/circle.cpp,CIRCLE_TEXT,candidate-cpp,src/main/circle.cpp,ghidra+map-public,,,,true,1,1,0,ev-th04-main-function-screen-strict-v2,"Target Ghidra body is contiguous (76 bytes), starts at the same local TLINK public, and lies wholly inside exact authored owner th04-main-module-th04-circle-cpp-c64a."
th04-main-boundary-0c696,th04-main,mz-load-module,0xC696,0x1C696,0xC696,0x4C,0x4C,reviewed,authored,reconstruct,exact,"circles_add_shrinking(int,int)","circles_add_shrinking(int,int)",th04/circle.cpp,CIRCLE_TEXT,candidate-cpp,src/main/circle.cpp,ghidra+map-public,,,,true,1,8,0,ev-th04-main-function-screen-strict-v2,"Target Ghidra body is contiguous (76 bytes), starts at the same local TLINK public, and lies wholly inside exact authored owner th04-main-module-th04-circle-cpp-c64a."
th04-main-boundary-0c6e2,th04-main,mz-load-module,0xC6E2,0x1C6E2,0xC6E2,0x36,0x36,reviewed,authored,reconstruct,exact,circles_update(),circles_update(),th04/circle.cpp,CIRCLE_TEXT,candidate-cpp,src/main/circle.cpp,ghidra+map-public,,,,true,1,1,0,ev-th04-main-function-screen-strict-v2,"Target Ghidra body is contiguous (54 bytes), starts at the same local TLINK public, and lies wholly inside exact authored owner th04-main-module-th04-circle-cpp-c64a."
th04-main-boundary-0c718,th04-main,mz-load-module,0xC718,0x1C718,0xC718,0x33,0x33,reviewed,authored,reconstruct,exact,circles_render(),circles_render(),th04/circle.cpp,CIRCLE_TEXT,candidate-cpp,src/main/circle.cpp,ghidra+map-public,,,,true,1,1,2,ev-th04-main-function-screen-strict-v2,"Target Ghidra body is contiguous (51 bytes), starts at the same local TLINK public, and lies wholly inside exact authored owner th04-main-module-th04-circle-cpp-c64a."
th04-main-boundary-0c74c,th04-main,mz-load-module,0xC74C,0x1C74C,0xC74C,0x2B,0x2B,reviewed,authored,reconstruct,exact,enemies_invalidate(),enemies_invalidate(),th04_main.asm,TILE_TEXT,target-derived-asm,src/main/enemy/enemies_invalidate.cpp,ghidra+map-public+tasm-proc,@enemies_invalidate$qv,near,26729,true,1,1,1,ev-th04-main-enemies-invalidate-boundary-v103,"New exact-owner function admitted by explicit policy: Fresh Ghidra, pinned TASM, target raw decode, and exact TILE_TEXT ownership agree on the full 0x2B function; focused plus 141-owner cold replay prove pure-C++ exactness while preserving the following alignment byte outside authored ownership."
th04-main-boundary-0c778,th04-main,mz-load-module,0xC778,0x1C778,0xC778,0x10D,0x10D,corroborated,authored,reconstruct,unreviewed,midboss1_render(),midboss1_render(),th04_main.asm,TILE_TEXT,target-derived-asm,candidate:th04_main.asm,ghidra+map-public+tasm-proc,@midboss1_render$qv,near,26768,true,1,0,3,target-ghidra+candidate-map,
th04-main-boundary-0c885,th04-main,mz-load-module,0xC885,0x1C885,0xC885,0xC5,0xC5,corroborated,authored,reconstruct,unreviewed,midboss3_render(),midboss3_render(),th04_main.asm,TILE_TEXT,target-derived-asm,candidate:th04_main.asm,ghidra+map-public+tasm-proc,@midboss3_render$qv,near,26917,true,1,0,3,target-ghidra+candidate-map,
th04-main-boundary-0c94a,th04-main,mz-load-module,0xC94A,0x1C94A,0xC94A,0x51,0x51,corroborated,authored,reconstruct,unreviewed,midbossx_render(),midbossx_render(),th04_main.asm,TILE_TEXT,target-derived-asm,candidate:th04_main.asm,ghidra+map-public+tasm-proc,@midbossx_render$qv,near,27023,true,1,0,2,target-ghidra+candidate-map,
th04-main-boundary-0c99c,th04-main,mz-load-module,0xC99C,0x1C99C,0xC99C,0x0,0x0,provisional,authored,reconstruct,unreviewed,_pellets_render_top,_pellets_render_top,th04_main.asm,TILE_TEXT,target-derived-asm,candidate:th04_main.asm,map-public+tasm-proc,_pellets_render_top,near,27083,,,,,target-ghidra+candidate-map,TLINK public has no corresponding Ghidra function entry.
th04-main-boundary-0ca2e,th04-main,mz-load-module,0xCA2E,0x1CA2E,0xCA2E,0x0,0x0,provisional,authored,reconstruct,unreviewed,_pellets_render_bottom,_pellets_render_bottom,th04_main.asm,TILE_TEXT,target-derived-asm,candidate:th04_main.asm,map-public+tasm-proc,_pellets_render_bottom,near,27179,,,,,target-ghidra+candidate-map,TLINK public has no corresponding Ghidra function entry.
th04-main-boundary-0ca98,th04-main,mz-load-module,0xCA98,0x1CA98,0xCA98,0x95,0x95,corroborated,authored,reconstruct,unreviewed,bullets_and_gather_invalidate(),bullets_and_gather_invalidate(),th04_main.asm,TILE_TEXT,target-derived-asm,candidate:th04_main.asm,ghidra+map-public+tasm-proc,@bullets_and_gather_invalidate$qv,near,27269,true,1,1,1,target-ghidra+candidate-map,
th04-main-boundary-0cb2e,th04-main,mz-load-module,0xCB2E,0x1CB2E,0xCB2E,0x13,0x13,reviewed,authored,reconstruct,exact,tiles_invalidate_reset(),tiles_invalidate_reset(),th04/tile.cpp,TILE_TEXT,candidate-cpp,src/main/tile/invalidate_reset.inl,ghidra+map-public,,,,true,1,1,0,ev-th04-main-function-screen-strict-v2,"Target Ghidra body is contiguous (19 bytes), starts at the same local TLINK public, and lies wholly inside exact authored owner th04-main-tiles-invalidate-reset."
th04-main-boundary-0cb42,th04-main,mz-load-module,0xCB42,0x1CB42,0xCB42,0x16,0x16,reviewed,authored,reconstruct,exact,tiles_invalidate_all(),tiles_invalidate_all(),th04/tile.cpp,TILE_TEXT,candidate-cpp,src/main/tile/render.inl,ghidra+map-public,,,,true,1,2,0,ev-th04-main-function-screen-strict-v2,"Target Ghidra body is contiguous (22 bytes), starts at the same local TLINK public, and lies wholly inside exact authored owner th04-main-tile-after-padding."
th04-main-boundary-0cb58,th04-main,mz-load-module,0xCB58,0x1CB58,0xCB58,0x28,0x28,reviewed,authored,reconstruct,exact,tiles_render(),tiles_render(),th04/tile.cpp,TILE_TEXT,candidate-cpp,src/main/tile/render.inl,ghidra+map-public,,,,true,1,0,7,ev-th04-main-function-screen-strict-v2,"Target Ghidra body is contiguous (40 bytes), starts at the same local TLINK public, and lies wholly inside exact authored owner th04-main-tile-after-padding."
th04-main-boundary-0cb80,th04-main,mz-load-module,0xCB80,0x1CB80,0xCB80,0x19,0x19,reviewed,authored,reconstruct,exact,tiles_render_all_timed(),,th04/tile.cpp,TILE_TEXT,candidate-cpp,src/main/tile/render.inl,ghidra,,,,true,1,0,1,ev-th04-main-tiles-render-all-timed-internal-boundary-v1,"Manual target boundary review overrides a Ghidra body-construction false negative: validated linear raw decode; Static function has no TLINK public. Target Ghidra reports one contiguous 25-byte body; raw decode ends in RET at 0x1CB98; the next TLINK public starts at 0x1CB99; and a later exact-owner instruction stores near-function offset 0x2090, which resolves under MAIN_01 CS base 0x1AAF0 to this exact entry."
th04-main-boundary-0cb99,th04-main,mz-load-module,0xCB99,0x1CB99,0xCB99,0xB,0xB,reviewed,authored,reconstruct,exact,tiles_activate(),tiles_activate(),th04/tile.cpp,TILE_TEXT,candidate-cpp,src/main/tile/render.inl,ghidra+map-public,,,,true,1,1,0,ev-th04-main-function-screen-strict-v2,"Target Ghidra body is contiguous (11 bytes), starts at the same local TLINK public, and lies wholly inside exact authored owner th04-main-tile-after-padding."
th04-main-boundary-0cba4,th04-main,mz-load-module,0xCBA4,0x1CBA4,0xCBA4,0x13,0x13,reviewed,authored,reconstruct,exact,tiles_activate_and_render_all_fo(unsigned char),tiles_activate_and_render_all_fo(unsigned char),th04/tile.cpp,TILE_TEXT,candidate-cpp,src/main/tile/render.inl,ghidra+map-public,,,,true,1,1,0,ev-th04-main-function-screen-strict-v2,"Target Ghidra body is contiguous (19 bytes), starts at the same local TLINK public, and lies wholly inside exact authored owner th04-main-tile-after-padding."
th04-main-boundary-0cbb8,th04-main,mz-load-module,0xCBB8,0x1CBB8,0xCBB8,0x42,0x42,corroborated,authored,reconstruct,unreviewed,tiles_render_all(),tiles_render_all(),th04_main.asm,MAI_TEXT,target-derived-asm,candidate:th04_main.asm,ghidra+map-public+tasm-proc,@tiles_render_all$qv,near,27395,true,1,2,2,target-ghidra+candidate-map,
th04-main-boundary-0cbfa,th04-main,mz-load-module,0xCBFA,0x1CBFA,0xCBFA,0x3F,0x3F,corroborated,authored,reconstruct,unreviewed,egc_start_copy_noframe(),egc_start_copy_noframe(),th04_main.asm,MAI_TEXT,target-derived-asm,candidate:th04_main.asm,ghidra+map-public+tasm-proc,@egc_start_copy_noframe$qv,near,27434,true,1,5,0,target-ghidra+candidate-map,
th04-main-boundary-0cc3a,th04-main,mz-load-module,0xCC3A,0x1CC3A,0xCC3A,0x9C,0x9C,corroborated,authored,reconstruct,unreviewed,midboss2_render(),midboss2_render(),th04_main.asm,MAI_TEXT,target-derived-asm,candidate:th04_main.asm,ghidra+map-public+tasm-proc,@midboss2_render$qv,near,27493,true,1,0,3,target-ghidra+candidate-map,
th04-main-boundary-0ccd6,th04-main,mz-load-module,0xCCD6,0x1CCD6,0xCCD6,0x60,0x60,corroborated,authored,reconstruct,unreviewed,sub_CCD6,,th04_main.asm,MAI_TEXT,target-derived-asm,candidate:th04_main.asm,ghidra+tasm-proc,sub_CCD6,near,27588,true,1,1,2,target-ghidra+candidate-map,
th04-main-boundary-0cd36,th04-main,mz-load-module,0xCD36,0x1CD36,0xCD36,0xD0,0xD0,reviewed,authored,reconstruct,exact,playfield_shake_update_and_rende(),playfield_shake_update_and_rende(),th04/playfld.cpp,PLAYFLD_TEXT,candidate-cpp,src/main/playfield.cpp,ghidra+map-public,,,,true,1,1,5,ev-th04-main-function-screen-strict-v2,"Target Ghidra body is contiguous (208 bytes), starts at the same local TLINK public, and lies wholly inside exact authored owner th04-main-playfield-shake-update-and-render."
th04-main-boundary-0ce06,th04-main,mz-load-module,0xCE06,0x1CE06,0xCE06,0x8D,0x8D,reviewed,authored,reconstruct,exact,midboss4_render(),midboss4_render(),th04/midboss4.cpp,M4_RENDER_TEXT,candidate-cpp,src/main/midboss/m4.cpp,ghidra+map-public,,,,true,1,0,3,ev-th04-main-function-screen-strict-v2,"Target Ghidra body is contiguous (141 bytes), starts at the same local TLINK public, and lies wholly inside exact authored owner th04-main-midboss4-render."
th04-main-boundary-0ce93,th04-main,mz-load-module,0xCE93,0x1CE93,0xCE93,0x41,0x41,reviewed,authored,reconstruct,exact,dialog_load(const char far*),dialog_load(const char far*),th04/f_dialog.cpp,M4_RENDER_TEXT,candidate-cpp,src/main/dialog/file.cpp,ghidra+map-public,,,,true,1,2,6,ev-th04-main-function-screen-strict-v2,"Target Ghidra body is contiguous (65 bytes), starts at the same local TLINK public, and lies wholly inside exact authored owner th04-main-module-th04-f-dialog-cpp-ce93."
th04-main-boundary-0ced4,th04-main,mz-load-module,0xCED4,0x1CED4,0xCED4,0x2D,0x2D,reviewed,authored,reconstruct,exact,dialog_load(),dialog_load(),th04/f_dialog.cpp,M4_RENDER_TEXT,candidate-cpp,src/main/dialog/file.cpp,ghidra+map-public,,,,true,1,1,1,ev-th04-main-function-screen-strict-v2,"Target Ghidra body is contiguous (45 bytes), starts at the same local TLINK public, and lies wholly inside exact authored owner th04-main-module-th04-f-dialog-cpp-ce93."
th04-main-boundary-0cf01,th04-main,mz-load-module,0xCF01,0x1CF01,0xCF01,0x1D,0x1D,reviewed,authored,reconstruct,exact,dialog_load_yuuka5_defeat_bad(),dialog_load_yuuka5_defeat_bad(),th04/f_dialog.cpp,M4_RENDER_TEXT,candidate-cpp,src/main/dialog/file.cpp,ghidra+map-public,,,,true,1,0,1,ev-th04-main-function-screen-strict-v2,"Target Ghidra body is contiguous (29 bytes), starts at the same local TLINK public, and lies wholly inside exact authored owner th04-main-module-th04-f-dialog-cpp-ce93."
th04-main-boundary-0cf1e,th04-main,mz-load-module,0xCF1E,0x1CF1E,0xCF1E,0x1F,0x1F,reviewed,authored,reconstruct,exact,dialog_free(),dialog_free(),th04/f_dialog.cpp,M4_RENDER_TEXT,candidate-cpp,src/main/dialog/file.cpp,ghidra+map-public,,,,true,1,2,1,ev-th04-main-function-screen-strict-v2,"Target Ghidra body is contiguous (31 bytes), starts at the same local TLINK public, and lies wholly inside exact authored owner th04-main-module-th04-f-dialog-cpp-ce93."
th04-main-boundary-0cf3d,th04-main,mz-load-module,0xCF3D,0x1CF3D,0xCF3D,0x7,0x7,reviewed,authored,reconstruct,exact,std_update_done(),std_update_done(),th04/dialog.cpp,DIALOG_TEXT,candidate-cpp,src/main/dialog/stage_transition.inl,ghidra+map-public,,,,true,1,0,0,ev-th04-main-function-screen-strict-v2,"Target Ghidra body is contiguous (7 bytes), starts at the same local TLINK public, and lies wholly inside exact authored owner th04-main-dialog-std-prefix."
th04-main-boundary-0cf44,th04-main,mz-load-module,0xCF44,0x1CF44,0xCF44,0x7A,0x7A,reviewed,authored,reconstruct,exact,std_update_frames_then_animate_d(),std_update_frames_then_animate_d(),th04/dialog.cpp,DIALOG_TEXT,candidate-cpp,src/main/dialog/stage_transition.inl,ghidra+map-public,,,,true,1,0,4,ev-th04-main-function-screen-strict-v2,"Target Ghidra body is contiguous (122 bytes), starts at the same local TLINK public, and lies wholly inside exact authored owner th04-main-dialog-std-prefix."
th04-main-boundary-0cfbe,th04-main,mz-load-module,0xCFBE,0x1CFBE,0xCFBE,0x58,0x58,corroborated,authored,reconstruct,unreviewed,"dialog_box_put(unsigned int,unsigned int,int)","dialog_box_put(unsigned int,unsigned int,int)",th04/dialog.cpp,DIALOG_TEXT,candidate-cpp,candidate:th04/dialog.cpp,ghidra+map-public,,,,true,1,1,1,target-ghidra+candidate-map,
th04-main-boundary-0d016,th04-main,mz-load-module,0xD016,0x1D016,0xD016,0x38,0x38,corroborated,authored,reconstruct,unreviewed,playfield_copy_front_to_back(),playfield_copy_front_to_back(),th04/dialog.cpp,DIALOG_TEXT,candidate-cpp,candidate:th04/dialog.cpp,ghidra+map-public,,,,true,1,1,2,target-ghidra+candidate-map,
th04-main-boundary-0d04e,th04-main,mz-load-module,0xD04E,0x1D04E,0xD04E,0x4A,0x4A,corroborated,authored,reconstruct,unreviewed,"dialog_face_unput_8(unsigned int,unsigned int)","dialog_face_unput_8(unsigned int,unsigned int)",th04/dialog.cpp,DIALOG_TEXT,candidate-cpp,candidate:th04/dialog.cpp,ghidra+map-public,,,,true,1,0,2,target-ghidra+candidate-map,
th04-main-boundary-0d098,th04-main,mz-load-module,0xD098,0x1D098,0xD098,0x32,0x32,reviewed,authored,reconstruct,exact,dialog_box_fade_in_animate(),dialog_box_fade_in_animate(),th04/dialog.cpp,DIALOG_TEXT,candidate-cpp,src/main/dialog/fade_in.inl,ghidra+map-public,,,,true,1,1,2,ev-th04-main-function-screen-strict-v2,"Target Ghidra body is contiguous (50 bytes), starts at the same local TLINK public, and lies wholly inside exact authored owner th04-main-dialog-fade-in."
th04-main-boundary-0d0ca,th04-main,mz-load-module,0xD0CA,0x1D0CA,0xD0CA,0xC9,0xC9,reviewed,authored,reconstruct,exact,script_param_read_number_first(int far&),script_param_read_number_first(int far&),th04/dialog.cpp,DIALOG_TEXT,candidate-cpp,src/main/dialog/script_params.inl,ghidra+map-public,,,,true,1,1,0,ev-th04-main-dialog-script-param-first-boundary-v1,New exact-owner function admitted by explicit policy: Fresh target Ghidra reports a contiguous 201-byte body at the matching TLINK public inside the newly exact pure-C++ script-parameter owner.
th04-main-boundary-0d193,th04-main,mz-load-module,0xD193,0x1D193,0xD193,0x29,0x29,reviewed,authored,reconstruct,exact,script_param_read_number_second(int far&),script_param_read_number_second(int far&),th04/dialog.cpp,DIALOG_TEXT,candidate-cpp,src/main/dialog/script_params.inl,ghidra+map-public,,,,true,1,0,1,ev-th04-main-dialog-script-param-second-boundary-v1,New exact-owner function admitted by explicit policy: Fresh target Ghidra reports a contiguous 41-byte body at the matching TLINK public inside the newly exact pure-C++ script-parameter owner; dialog_op begins immediately after it.
th04-main-boundary-0d1bc,th04-main,mz-load-module,0xD1BC,0x1D1BC,0xD1BC,0x3C,0x374,provisional,authored,reconstruct,unreviewed,dialog_op(unsigned char),dialog_op(unsigned char),th04/dialog.cpp,DIALOG_TEXT,candidate-cpp,candidate:th04/dialog.cpp,ghidra+map-public,,,,false,2,1,1,target-ghidra+candidate-map,Ghidra body is noncontiguous and requires control-flow reconciliation.
th04-main-boundary-0d56c,th04-main,mz-load-module,0xD56C,0x1D56C,0xD56C,0x17F,0x17F,corroborated,authored,reconstruct,unreviewed,dialog_run(),dialog_run(),th04/dialog.cpp,DIALOG_TEXT,candidate-cpp,candidate:th04/dialog.cpp,ghidra+map-public,,,,true,1,1,6,target-ghidra+candidate-map,
th04-main-boundary-0d6eb,th04-main,mz-load-module,0xD6EB,0x1D6EB,0xD6EB,0x3E,0x3E,reviewed,authored,reconstruct,exact,dialog_animate(),dialog_animate(),th04/dialog.cpp,DIALOG_TEXT,candidate-cpp,src/main/dialog/animate.inl,ghidra+map-public,,,,true,1,2,9,ev-th04-main-dialog-animate-boundary-v1,New exact-owner function admitted by explicit policy: dialog_animate is a contiguous target Ghidra body at the matching TLINK public inside the newly exact natural-C++ owner.
th04-main-boundary-0d729,th04-main,mz-load-module,0xD729,0x1D729,0xD729,0xC5,0xC5,reviewed,authored,reconstruct,exact,dialog_init(),dialog_init(),th04/dialog.cpp,DIALOG_TEXT,candidate-cpp,src/main/dialog/init.inl,ghidra+map-public,,,,true,1,1,4,ev-th04-main-dialog-init-boundary-split-v1;ev-th04-main-function-screen-dialog-v5,"New exact-owner function admitted by explicit policy after restoring the original C++ TU boundary: Ghidra reports a contiguous 197-byte body, the split TLINK map places the public at the second DIALOG_TEXT contribution start, and the byte owner is exact including ordered relocations."
th04-main-boundary-0d7ee,th04-main,mz-load-module,0xD7EE,0x1D7EE,0xD7EE,0x9E,0x9E,reviewed,authored,reconstruct,exact,dialog_exit(),dialog_exit(),th04/dialog.cpp,DIALOG_TEXT,candidate-cpp,src/main/dialog/exit.inl,ghidra+map-public,,,,true,1,1,5,ev-th04-main-function-screen-strict-v2,"Target Ghidra body is contiguous (158 bytes), starts at the same local TLINK public, and lies wholly inside exact authored owner th04-main-dialog-exit."
th04-main-boundary-0d88c,th04-main,mz-load-module,0xD88C,0x1D88C,0xD88C,0xC9,0xC9,reviewed,authored,reconstruct,exact,explosions_small_update_and_rend(),explosions_small_update_and_rend(),th04/boss_exp.cpp,BOSS_EXP_TEXT,candidate-cpp,src/main/boss/explode.cpp,ghidra+map-public,,,,true,1,2,3,ev-th04-main-function-screen-strict-v2,"Target Ghidra body is contiguous (201 bytes), starts at the same local TLINK public, and lies wholly inside exact authored owner th04-main-module-th04-boss-exp-cpp-d88c."
th04-main-boundary-0d955,th04-main,mz-load-module,0xD955,0x1D955,0xD955,0xFA,0xFA,reviewed,authored,reconstruct,exact,explosions_big_update_and_render(),explosions_big_update_and_render(),th04/boss_exp.cpp,BOSS_EXP_TEXT,candidate-cpp,src/main/boss/explode.cpp,ghidra+map-public,,,,true,1,2,2,ev-th04-main-function-screen-strict-v2,"Target Ghidra body is contiguous (250 bytes), starts at the same local TLINK public, and lies wholly inside exact authored owner th04-main-module-th04-boss-exp-cpp-d88c."
th04-main-boundary-0da4f,th04-main,mz-load-module,0xDA4F,0x1DA4F,0xDA4F,0x24,0x24,corroborated,authored,reconstruct,unreviewed,shot_marisa_l0,,th04_main.asm,MAIN_TEXT,target-derived-asm,candidate:th04_main.asm,ghidra+tasm-proc,shot_marisa_l0,near,27678,true,1,0,1,target-ghidra+candidate-map,
th04-main-boundary-0da73,th04-main,mz-load-module,0xDA73,0x1DA73,0xDA73,0x33,0x33,corroborated,authored,reconstruct,unreviewed,shot_marisa_l1,,th04_main.asm,MAIN_TEXT,target-derived-asm,candidate:th04_main.asm,ghidra+tasm-proc,shot_marisa_l1,near,27699,true,1,0,2,target-ghidra+candidate-map,
th04-main-boundary-0daa6,th04-main,mz-load-module,0xDAA6,0x1DAA6,0xDAA6,0xA4,0xA4,corroborated,authored,reconstruct,unreviewed,"shot_laser_update(unsigned int,shot_laser_style_t)","shot_laser_update(unsigned int,shot_laser_style_t)",th04_main.asm,MAIN_TEXT,target-derived-asm,candidate:th04_main.asm,ghidra+map-public+tasm-proc,@shot_laser_update$qui18shot_laser_style_t,near,27730,true,1,8,1,target-ghidra+candidate-map,
th04-main-boundary-0db4a,th04-main,mz-load-module,0xDB4A,0x1DB4A,0xDB4A,0x3E,0x3E,corroborated,authored,reconstruct,unreviewed,shot_marisa_a_l2,,th04_main.asm,MAIN_TEXT,target-derived-asm,candidate:th04_main.asm,ghidra+tasm-proc,shot_marisa_a_l2,near,27806,true,1,0,3,target-ghidra+candidate-map,
th04-main-boundary-0db88,th04-main,mz-load-module,0xDB88,0x1DB88,0xDB88,0x46,0x46,corroborated,authored,reconstruct,unreviewed,shot_marisa_a_l3,,th04_main.asm,MAIN_TEXT,target-derived-asm,candidate:th04_main.asm,ghidra+tasm-proc,shot_marisa_a_l3,near,27853,true,1,0,2,target-ghidra+candidate-map,
th04-main-boundary-0dbce,th04-main,mz-load-module,0xDBCE,0x1DBCE,0xDBCE,0x46,0x46,corroborated,authored,reconstruct,unreviewed,shot_marisa_a_l4,,th04_main.asm,MAIN_TEXT,target-derived-asm,candidate:th04_main.asm,ghidra+tasm-proc,shot_marisa_a_l4,near,27900,true,1,0,2,target-ghidra+candidate-map,
th04-main-boundary-0dc14,th04-main,mz-load-module,0xDC14,0x1DC14,0xDC14,0x4C,0x4C,corroborated,authored,reconstruct,unreviewed,shot_marisa_a_l5,,th04_main.asm,MAIN_TEXT,target-derived-asm,candidate:th04_main.asm,ghidra+tasm-proc,shot_marisa_a_l5,near,27953,true,1,0,2,target-ghidra+candidate-map,
th04-main-boundary-0dc60,th04-main,mz-load-module,0xDC60,0x1DC60,0xDC60,0x4D,0x4D,corroborated,authored,reconstruct,unreviewed,shot_marisa_a_l6,,th04_main.asm,MAIN_TEXT,target-derived-asm,candidate:th04_main.asm,ghidra+tasm-proc,shot_marisa_a_l6,near,28002,true,1,0,2,target-ghidra+candidate-map,
th04-main-boundary-0dcad,th04-main,mz-load-module,0xDCAD,0x1DCAD,0xDCAD,0x4D,0x4D,corroborated,authored,reconstruct,unreviewed,shot_marisa_a_l7,,th04_main.asm,MAIN_TEXT,target-derived-asm,candidate:th04_main.asm,ghidra+tasm-proc,shot_marisa_a_l7,near,28057,true,1,0,2,target-ghidra+candidate-map,
th04-main-boundary-0dcfa,th04-main,mz-load-module,0xDCFA,0x1DCFA,0xDCFA,0x4D,0x4D,corroborated,authored,reconstruct,unreviewed,shot_marisa_a_l8,,th04_main.asm,MAIN_TEXT,target-derived-asm,candidate:th04_main.asm,ghidra+tasm-proc,shot_marisa_a_l8,near,28106,true,1,0,2,target-ghidra+candidate-map,
th04-main-boundary-0dd47,th04-main,mz-load-module,0xDD47,0x1DD47,0xDD47,0x4D,0x4D,corroborated,authored,reconstruct,unreviewed,shot_marisa_a_l9,,th04_main.asm,MAIN_TEXT,target-derived-asm,candidate:th04_main.asm,ghidra+tasm-proc,shot_marisa_a_l9,near,28161,true,1,0,2,target-ghidra+candidate-map,
th04-main-boundary-0dd94,th04-main,mz-load-module,0xDD94,0x1DD94,0xDD94,0x63,0x63,corroborated,authored,reconstruct,unreviewed,shot_marisa_b_l2,,th04_main.asm,MAIN_TEXT,target-derived-asm,candidate:th04_main.asm,ghidra+tasm-proc,shot_marisa_b_l2,near,28210,true,1,0,2,target-ghidra+candidate-map,
th04-main-boundary-0ddf7,th04-main,mz-load-module,0xDDF7,0x1DDF7,0xDDF7,0x65,0x65,corroborated,authored,reconstruct,unreviewed,shot_marisa_b_l3,,th04_main.asm,MAIN_TEXT,target-derived-asm,candidate:th04_main.asm,ghidra+tasm-proc,shot_marisa_b_l3,near,28276,true,1,0,1,target-ghidra+candidate-map,
th04-main-boundary-0de5c,th04-main,mz-load-module,0xDE5C,0x1DE5C,0xDE5C,0x7A,0x7A,corroborated,authored,reconstruct,unreviewed,shot_marisa_b_l4,,th04_main.asm,MAIN_TEXT,target-derived-asm,candidate:th04_main.asm,ghidra+tasm-proc,shot_marisa_b_l4,near,28345,true,1,0,3,target-ghidra+candidate-map,
th04-main-boundary-0ded6,th04-main,mz-load-module,0xDED6,0x1DED6,0xDED6,0x80,0x80,corroborated,authored,reconstruct,unreviewed,shot_marisa_b_l5,,th04_main.asm,MAIN_TEXT,target-derived-asm,candidate:th04_main.asm,ghidra+tasm-proc,shot_marisa_b_l5,near,28420,true,1,0,3,target-ghidra+candidate-map,
th04-main-boundary-0df56,th04-main,mz-load-module,0xDF56,0x1DF56,0xDF56,0x71,0x8B,provisional,authored,reconstruct,unreviewed,shot_marisa_b_l6,,th04_main.asm,MAIN_TEXT,target-derived-asm,candidate:th04_main.asm,ghidra+tasm-proc,shot_marisa_b_l6,near,28503,false,2,0,1,target-ghidra+candidate-map,Ghidra body is noncontiguous and requires control-flow reconciliation.
th04-main-boundary-0dfea,th04-main,mz-load-module,0xDFEA,0x1DFEA,0xDFEA,0x0,0x0,provisional,authored,reconstruct,unreviewed,shot_marisa_b_l7,,th04_main.asm,MAIN_TEXT,target-derived-asm,candidate:th04_main.asm,tasm-proc,shot_marisa_b_l7,near,28602,,,,,target-ghidra+candidate-map,TLINK public has no corresponding Ghidra function entry.
th04-main-boundary-0e07e,th04-main,mz-load-module,0xE07E,0x1E07E,0xE07E,0x0,0x0,provisional,authored,reconstruct,unreviewed,shot_marisa_b_l8,,th04_main.asm,MAIN_TEXT,target-derived-asm,candidate:th04_main.asm,tasm-proc,shot_marisa_b_l8,near,28701,,,,,target-ghidra+candidate-map,TLINK public has no corresponding Ghidra function entry.
th04-main-boundary-0e130,th04-main,mz-load-module,0xE130,0x1E130,0xE130,0x0,0x0,provisional,authored,reconstruct,unreviewed,shot_marisa_b_l9,,th04_main.asm,MAIN_TEXT,target-derived-asm,candidate:th04_main.asm,tasm-proc,shot_marisa_b_l9,near,28814,,,,,target-ghidra+candidate-map,TLINK public has no corresponding Ghidra function entry.
th04-main-boundary-0e1f4,th04-main,mz-load-module,0xE1F4,0x1E1F4,0xE1F4,0x0,0x0,provisional,authored,reconstruct,unreviewed,sub_E1F4,,th04_main.asm,MAIN_TEXT,target-derived-asm,candidate:th04_main.asm,tasm-proc,sub_E1F4,near,28952,,,,,target-ghidra+candidate-map,TLINK public has no corresponding Ghidra function entry.
th04-main-boundary-0e2c3,th04-main,mz-load-module,0xE2C3,0x1E2C3,0xE2C3,0x19E,0x19E,corroborated,authored,reconstruct,unreviewed,sub_E2C3,,th04_main.asm,MAIN_TEXT,target-derived-asm,candidate:th04_main.asm,ghidra+tasm-proc,sub_E2C3,near,29093,true,1,1,4,target-ghidra+candidate-map,
th04-main-boundary-0e461,th04-main,mz-load-module,0xE461,0x1E461,0xE461,0x70,0x70,corroborated,authored,reconstruct,unreviewed,sub_E461,,th04_main.asm,MAIN_TEXT,target-derived-asm,candidate:th04_main.asm,ghidra+tasm-proc,sub_E461,near,29301,true,1,1,2,target-ghidra+candidate-map,
th04-main-boundary-0e4d1,th04-main,mz-load-module,0xE4D1,0x1E4D1,0xE4D1,0x70,0x70,corroborated,authored,reconstruct,unreviewed,sub_E4D1,,th04_main.asm,MAIN_TEXT,target-derived-asm,candidate:th04_main.asm,ghidra+tasm-proc,sub_E4D1,near,29383,true,1,1,1,target-ghidra+candidate-map,
th04-main-boundary-0e541,th04-main,mz-load-module,0xE541,0x1E541,0xE541,0x139,0x139,corroborated,authored,reconstruct,unreviewed,sub_E541,,th04_main.asm,MAIN_TEXT,target-derived-asm,candidate:th04_main.asm,ghidra+tasm-proc,sub_E541,near,29465,true,1,0,14,target-ghidra+candidate-map,
th04-main-boundary-0e67a,th04-main,mz-load-module,0xE67A,0x1E67A,0xE67A,0x164,0x164,corroborated,authored,reconstruct,unreviewed,sub_E67A,,th04_main.asm,MAIN_TEXT,target-derived-asm,candidate:th04_main.asm,ghidra+tasm-proc,sub_E67A,near,29649,true,1,1,11,target-ghidra+candidate-map,
th04-main-boundary-0e7de,th04-main,mz-load-module,0xE7DE,0x1E7DE,0xE7DE,0x1F,0x1F,corroborated,authored,reconstruct,unreviewed,sub_E7DE,,th04_main.asm,MAIN_TEXT,target-derived-asm,candidate:th04_main.asm,ghidra+tasm-proc,sub_E7DE,near,29841,true,1,1,0,target-ghidra+candidate-map,
th04-main-boundary-0e7fd,th04-main,mz-load-module,0xE7FD,0x1E7FD,0xE7FD,0xA6,0xA6,corroborated,authored,reconstruct,unreviewed,gameexecl(const char far*),gameexecl(const char far*),th04_main.asm,MAIN_TEXT,target-derived-asm,candidate:th04_main.asm,ghidra+map-public+tasm-proc,@GameExecl$qnxc,far,29870,true,1,6,15,target-ghidra+candidate-map,
th04-main-boundary-0e8a3,th04-main,mz-load-module,0xE8A3,0x1E8A3,0xE8A3,0x1CC,0x1CC,corroborated,authored,reconstruct,unreviewed,@yuuka5_fg_render$qv,,th04_main.asm,MAIN_TEXT,target-derived-asm,candidate:th04_main.asm,ghidra+tasm-proc,@yuuka5_fg_render$qv,near,29936,true,1,0,9,target-ghidra+candidate-map,
th04-main-boundary-0ea70,th04-main,mz-load-module,0xEA70,0x1EA70,0xEA70,0x0,0x0,provisional,authored,reconstruct,unreviewed,kurumi_backdrop_colorfill(),kurumi_backdrop_colorfill(),th04_main.asm,MAIN_TEXT,target-derived-asm,candidate:th04_main.asm,map-public+tasm-proc,@kurumi_backdrop_colorfill$qv,near,30170,,,,,target-ghidra+candidate-map,TLINK public has no corresponding Ghidra function entry.
th04-main-boundary-0ea8a,th04-main,mz-load-module,0xEA8A,0x1EA8A,0xEA8A,0x5A,0x5A,corroborated,authored,reconstruct,unreviewed,"carpet_lighting_put_new(int,unsigned int)","carpet_lighting_put_new(int,unsigned int)",th04/stages.cpp,STAGES_TEXT,candidate-cpp,candidate:th04/stages.cpp,ghidra+map-public,,,,true,1,1,0,target-ghidra+candidate-map,
th04-main-boundary-0eae4,th04-main,mz-load-module,0xEAE4,0x1EAE4,0xEAE4,0x10A,0x10A,reviewed,authored,reconstruct,exact,stage4_render(),stage4_render(),th04/stages.cpp,STAGES_TEXT,candidate-cpp,src/main/stage/render.inl,ghidra+map-public,,,,true,1,0,3,ev-th04-main-function-screen-strict-v2,"Target Ghidra body is contiguous (266 bytes), starts at the same local TLINK public, and lies wholly inside exact authored owner th04-main-stages-render-suffix."
th04-main-boundary-0ebee,th04-main,mz-load-module,0xEBEE,0x1EBEE,0xEBEE,0x6B,0x6B,reviewed,authored,reconstruct,exact,stage5_render(),stage5_render(),th04/stages.cpp,STAGES_TEXT,candidate-cpp,src/main/stage/render.inl,ghidra+map-public,,,,true,1,0,2,ev-th04-main-function-screen-strict-v2,"Target Ghidra body is contiguous (107 bytes), starts at the same local TLINK public, and lies wholly inside exact authored owner th04-main-stages-render-suffix."
th04-main-boundary-0ec59,th04-main,mz-load-module,0xEC59,0x1EC59,0xEC59,0x35,0x35,reviewed,authored,reconstruct,exact,stage5_invalidate(),stage5_invalidate(),th04/stages.cpp,STAGES_TEXT,candidate-cpp,src/main/stage/render.inl,ghidra+map-public,,,,true,1,0,1,ev-th04-main-function-screen-strict-v2,"Target Ghidra body is contiguous (53 bytes), starts at the same local TLINK public, and lies wholly inside exact authored owner th04-main-stages-render-suffix."
th04-main-boundary-0ec8e,th04-main,mz-load-module,0xEC8E,0x1EC8E,0xEC8E,0xE3,0xE3,corroborated,authored,reconstruct,unreviewed,sub_EC8E,,th04_main.asm,MAIN__TEXT,target-derived-asm,candidate:th04_main.asm,ghidra+tasm-proc,sub_EC8E,near,30208,true,1,1,5,target-ghidra+candidate-map,
th04-main-boundary-0ed71,th04-main,mz-load-module,0xED71,0x1ED71,0xED71,0x70,0x70,corroborated,authored,reconstruct,unreviewed,@marisa_fg_render$qv,,th04_main.asm,MAIN__TEXT,target-derived-asm,candidate:th04_main.asm,ghidra+tasm-proc,@marisa_fg_render$qv,near,30342,true,1,0,6,target-ghidra+candidate-map,
th04-main-boundary-0ede2,th04-main,mz-load-module,0xEDE2,0x1EDE2,0xEDE2,0x0,0x0,provisional,authored,reconstruct,unreviewed,orange_backdrop_colorfill(),orange_backdrop_colorfill(),th04_main.asm,MAIN__TEXT,target-derived-asm,candidate:th04_main.asm,map-public+tasm-proc,@orange_backdrop_colorfill$qv,near,30407,,,,,target-ghidra+candidate-map,TLINK public has no corresponding Ghidra function entry.
th04-main-boundary-0ee06,th04-main,mz-load-module,0xEE06,0x1EE06,0xEE06,0x62,0x9F,provisional,authored,reconstruct,unreviewed,SCORE_EXTEND_UPDATE_AND_RENDER,SCORE_EXTEND_UPDATE_AND_RENDER,th04_main.asm,MAIN__TEXT,target-derived-asm,candidate:th04_main.asm,ghidra+map-public+tasm-proc,score_extend_update_and_render,near,30442,false,2,0,3,target-ghidra+candidate-map,Ghidra body is noncontiguous and requires control-flow reconciliation.
th04-main-boundary-0eeb0,th04-main,mz-load-module,0xEEB0,0x1EEB0,0xEEB0,0x38,0x38,corroborated,authored,reconstruct,unreviewed,sub_EEB0,,th04_main.asm,MAIN__TEXT,target-derived-asm,candidate:th04_main.asm,ghidra+tasm-proc,sub_EEB0,near,30547,true,1,2,0,target-ghidra+candidate-map,
th04-main-boundary-0eee8,th04-main,mz-load-module,0xEEE8,0x1EEE8,0xEEE8,0xB9,0xB9,corroborated,authored,reconstruct,unreviewed,sub_EEE8,,th04_main.asm,MAIN__TEXT,target-derived-asm,candidate:th04_main.asm,ghidra+tasm-proc,sub_EEE8,far,30579,true,1,3,2,target-ghidra+candidate-map,
th04-main-boundary-0efa1,th04-main,mz-load-module,0xEFA1,0x1EFA1,0xEFA1,0xC3,0xC3,corroborated,authored,reconstruct,unreviewed,sub_EFA1,,th04_main.asm,MAIN__TEXT,target-derived-asm,candidate:th04_main.asm,ghidra+tasm-proc,sub_EFA1,far,30684,true,1,4,2,target-ghidra+candidate-map,
th04-main-boundary-0f064,th04-main,mz-load-module,0xF064,0x1F064,0xF064,0x16,0x16,corroborated,authored,reconstruct,unreviewed,HUD_POINT_ITEMS_PUT,HUD_POINT_ITEMS_PUT,th04_main.asm,MAIN__TEXT,target-derived-asm,candidate:th04_main.asm,ghidra+map-public+tasm-proc,hud_point_items_put,far,30790,true,1,1,1,target-ghidra+candidate-map,
th04-main-boundary-0f07a,th04-main,mz-load-module,0xF07A,0x1F07A,0xF07A,0x17,0x17,corroborated,authored,reconstruct,unreviewed,HUD_DREAM_PUT,HUD_DREAM_PUT,th04_main.asm,MAIN__TEXT,target-derived-asm,candidate:th04_main.asm,ghidra+map-public+tasm-proc,hud_dream_put,far,30813,true,1,1,1,target-ghidra+candidate-map,
th04-main-boundary-0f091,th04-main,mz-load-module,0xF091,0x1F091,0xF091,0x14,0x14,corroborated,authored,reconstruct,unreviewed,hud_graze_put(),hud_graze_put(),th04_main.asm,MAIN__TEXT,target-derived-asm,candidate:th04_main.asm,ghidra+map-public+tasm-proc,@hud_graze_put$qv,far,30830,true,1,2,1,target-ghidra+candidate-map,
th04-main-boundary-0f0a5,th04-main,mz-load-module,0xF0A5,0x1F0A5,0xF0A5,0x38,0x38,corroborated,authored,reconstruct,unreviewed,HUD_POWER_PUT,HUD_POWER_PUT,th04_main.asm,MAIN__TEXT,target-derived-asm,candidate:th04_main.asm,ghidra+map-public+tasm-proc,hud_power_put,far,30845,true,1,1,1,target-ghidra+candidate-map,
th04-main-boundary-0f0dd,th04-main,mz-load-module,0xF0DD,0x1F0DD,0xF0DD,0x9A,0x9A,corroborated,authored,reconstruct,unreviewed,hud_hp_put(int),hud_hp_put(int),th04_main.asm,MAIN__TEXT,target-derived-asm,candidate:th04_main.asm,ghidra+map-public+tasm-proc,@hud_hp_put$qi,far,30888,true,1,2,2,target-ghidra+candidate-map,
th04-main-boundary-0f177,th04-main,mz-load-module,0xF177,0x1F177,0xF177,0x8D,0x8D,corroborated,authored,reconstruct,unreviewed,HUD_BAR_PUT,HUD_BAR_PUT,th04_main.asm,MAIN__TEXT,target-derived-asm,candidate:th04_main.asm,ghidra+map-public+tasm-proc,hud_bar_put,far,30976,true,1,2,1,target-ghidra+candidate-map,
th04-main-boundary-0f204,th04-main,mz-load-module,0xF204,0x1F204,0xF204,0x138,0x138,corroborated,authored,reconstruct,unreviewed,HUD_PUT,HUD_PUT,th04_main.asm,MAIN__TEXT,target-derived-asm,candidate:th04_main.asm,ghidra+map-public+tasm-proc,hud_put,far,31068,true,1,2,10,target-ghidra+candidate-map,
th04-main-boundary-0f33c,th04-main,mz-load-module,0xF33C,0x1F33C,0xF33C,0x30,0x30,corroborated,authored,reconstruct,unreviewed,sub_F33C,,th04_main.asm,MAIN__TEXT,target-derived-asm,candidate:th04_main.asm,ghidra+tasm-proc,sub_F33C,near,31213,true,1,8,1,target-ghidra+candidate-map,
th04-main-boundary-0f36c,th04-main,mz-load-module,0xF36C,0x1F36C,0xF36C,0x24,0x24,corroborated,authored,reconstruct,unreviewed,shot_reimu_l0,,th04_main.asm,MAIN__TEXT,target-derived-asm,candidate:th04_main.asm,ghidra+tasm-proc,shot_reimu_l0,near,31243,true,1,0,1,target-ghidra+candidate-map,
th04-main-boundary-0f390,th04-main,mz-load-module,0xF390,0x1F390,0xF390,0x33,0x33,corroborated,authored,reconstruct,unreviewed,shot_reimu_l1,,th04_main.asm,MAIN__TEXT,target-derived-asm,candidate:th04_main.asm,ghidra+tasm-proc,shot_reimu_l1,near,31264,true,1,0,2,target-ghidra+candidate-map,
th04-main-boundary-0f3c3,th04-main,mz-load-module,0xF3C3,0x1F3C3,0xF3C3,0x90,0x90,corroborated,authored,reconstruct,unreviewed,shot_reimu_a_l2,,th04_main.asm,MAIN__TEXT,target-derived-asm,candidate:th04_main.asm,ghidra+tasm-proc,shot_reimu_a_l2,near,31292,true,1,0,3,target-ghidra+candidate-map,
th04-main-boundary-0f453,th04-main,mz-load-module,0xF453,0x1F453,0xF453,0x96,0x96,corroborated,authored,reconstruct,unreviewed,shot_reimu_a_l3,,th04_main.asm,MAIN__TEXT,target-derived-asm,candidate:th04_main.asm,ghidra+tasm-proc,shot_reimu_a_l3,near,31382,true,1,0,3,target-ghidra+candidate-map,
th04-main-boundary-0f4e9,th04-main,mz-load-module,0xF4E9,0x1F4E9,0xF4E9,0x9C,0x9C,corroborated,authored,reconstruct,unreviewed,shot_reimu_a_l4,,th04_main.asm,MAIN__TEXT,target-derived-asm,candidate:th04_main.asm,ghidra+tasm-proc,shot_reimu_a_l4,near,31476,true,1,0,3,target-ghidra+candidate-map,
th04-main-boundary-0f585,th04-main,mz-load-module,0xF585,0x1F585,0xF585,0x9C,0x9C,corroborated,authored,reconstruct,unreviewed,shot_reimu_a_l5,,th04_main.asm,MAIN__TEXT,target-derived-asm,candidate:th04_main.asm,ghidra+tasm-proc,shot_reimu_a_l5,near,31572,true,1,0,3,target-ghidra+candidate-map,
th04-main-boundary-0f621,th04-main,mz-load-module,0xF621,0x1F621,0xF621,0x9C,0x9C,corroborated,authored,reconstruct,unreviewed,shot_reimu_a_l6,,th04_main.asm,MAIN__TEXT,target-derived-asm,candidate:th04_main.asm,ghidra+tasm-proc,shot_reimu_a_l6,near,31668,true,1,0,3,target-ghidra+candidate-map,
th04-main-boundary-0f6bd,th04-main,mz-load-module,0xF6BD,0x1F6BD,0xF6BD,0xD2,0xD2,corroborated,authored,reconstruct,unreviewed,shot_reimu_a_l7,,th04_main.asm,MAIN__TEXT,target-derived-asm,candidate:th04_main.asm,ghidra+tasm-proc,shot_reimu_a_l7,near,31766,true,1,0,3,target-ghidra+candidate-map,
th04-main-boundary-0f78f,th04-main,mz-load-module,0xF78F,0x1F78F,0xF78F,0xB3,0xB3,corroborated,authored,reconstruct,unreviewed,shot_reimu_a_l8,,th04_main.asm,MAIN__TEXT,target-derived-asm,candidate:th04_main.asm,ghidra+tasm-proc,shot_reimu_a_l8,near,31894,true,1,0,3,target-ghidra+candidate-map,
th04-main-boundary-0f842,th04-main,mz-load-module,0xF842,0x1F842,0xF842,0x115,0x115,corroborated,authored,reconstruct,unreviewed,shot_reimu_a_l9,,th04_main.asm,MAIN__TEXT,target-derived-asm,candidate:th04_main.asm,ghidra+tasm-proc,shot_reimu_a_l9,near,32013,true,1,0,3,target-ghidra+candidate-map,
th04-main-boundary-0f957,th04-main,mz-load-module,0xF957,0x1F957,0xF957,0x8F,0x8F,corroborated,authored,reconstruct,unreviewed,shot_reimu_b_l2,,th04_main.asm,MAIN__TEXT,target-derived-asm,candidate:th04_main.asm,ghidra+tasm-proc,shot_reimu_b_l2,near,32178,true,1,0,2,target-ghidra+candidate-map,
th04-main-boundary-0f9e6,th04-main,mz-load-module,0xF9E6,0x1F9E6,0xF9E6,0x97,0x97,corroborated,authored,reconstruct,unreviewed,shot_reimu_b_l3,,th04_main.asm,MAIN__TEXT,target-derived-asm,candidate:th04_main.asm,ghidra+tasm-proc,shot_reimu_b_l3,near,32268,true,1,0,1,target-ghidra+candidate-map,
th04-main-boundary-0fa7d,th04-main,mz-load-module,0xFA7D,0x1FA7D,0xFA7D,0xA5,0xA5,corroborated,authored,reconstruct,unreviewed,shot_reimu_b_l4,,th04_main.asm,MAIN__TEXT,target-derived-asm,candidate:th04_main.asm,ghidra+tasm-proc,shot_reimu_b_l4,near,32364,true,1,0,1,target-ghidra+candidate-map,
th04-main-boundary-0fb22,th04-main,mz-load-module,0xFB22,0x1FB22,0xFB22,0xC1,0xBE8D,provisional,authored,reconstruct,unreviewed,shot_reimu_b_l5,,th04_main.asm,MAIN__TEXT,target-derived-asm,candidate:th04_main.asm,ghidra+tasm-proc,shot_reimu_b_l5,near,32463,false,3,0,1,target-ghidra+candidate-map,Ghidra body is noncontiguous and requires control-flow reconciliation.
th04-main-boundary-0fbf0,th04-main,mz-load-module,0xFBF0,0x1FBF0,0xFBF0,0x0,0x0,provisional,authored,reconstruct,unreviewed,shot_reimu_b_l6,,th04_main.asm,MAIN__TEXT,target-derived-asm,candidate:th04_main.asm,tasm-proc,shot_reimu_b_l6,near,32597,,,,,target-ghidra+candidate-map,TLINK public has no corresponding Ghidra function entry.
th04-main-boundary-0fcbe,th04-main,mz-load-module,0xFCBE,0x1FCBE,0xFCBE,0x0,0x0,provisional,authored,reconstruct,unreviewed,shot_reimu_b_l7,,th04_main.asm,MAIN__TEXT,target-derived-asm,candidate:th04_main.asm,tasm-proc,shot_reimu_b_l7,near,32725,,,,,target-ghidra+candidate-map,TLINK public has no corresponding Ghidra function entry.
th04-main-boundary-0fd8c,th04-main,mz-load-module,0xFD8C,0x1FD8C,0xFD8C,0x0,0x0,provisional,authored,reconstruct,unreviewed,shot_reimu_b_l8,,th04_main.asm,MAIN__TEXT,target-derived-asm,candidate:th04_main.asm,tasm-proc,shot_reimu_b_l8,near,32853,,,,,target-ghidra+candidate-map,TLINK public has no corresponding Ghidra function entry.
th04-main-boundary-0fe5a,th04-main,mz-load-module,0xFE5A,0x1FE5A,0xFE5A,0x0,0x0,provisional,authored,reconstruct,unreviewed,shot_reimu_b_l9,,th04_main.asm,MAIN__TEXT,target-derived-asm,candidate:th04_main.asm,tasm-proc,shot_reimu_b_l9,near,32981,,,,,target-ghidra+candidate-map,TLINK public has no corresponding Ghidra function entry.
th04-main-boundary-0ff34,th04-main,mz-load-module,0xFF34,0x1FF34,0xFF34,0x55,0x55,corroborated,authored,reconstruct,unreviewed,BB_PLAYCHAR_LOAD,BB_PLAYCHAR_LOAD,th04_main.asm,MAIN__TEXT,target-derived-asm,candidate:th04_main.asm,ghidra+map-public+tasm-proc,bb_playchar_load,near,33124,true,1,1,5,target-ghidra+candidate-map,
th04-main-boundary-0ff89,th04-main,mz-load-module,0xFF89,0x1FF89,0xFF89,0x1B,0x1B,corroborated,authored,reconstruct,unreviewed,BB_PLAYCHAR_FREE,BB_PLAYCHAR_FREE,th04_main.asm,MAIN__TEXT,target-derived-asm,candidate:th04_main.asm,ghidra+map-public+tasm-proc,bb_playchar_free,near,33159,true,1,1,1,target-ghidra+candidate-map,
th04-main-boundary-0ffa4,th04-main,mz-load-module,0xFFA4,0x1FFA4,0xFFA4,0x10,0x10,corroborated,authored,reconstruct,unreviewed,sub_FFA4,,th04_main.asm,MAIN__TEXT,target-derived-asm,candidate:th04_main.asm,ghidra+tasm-proc,sub_FFA4,near,33179,true,1,1,0,target-ghidra+candidate-map,
th04-main-boundary-0ffb4,th04-main,mz-load-module,0xFFB4,0x1FFB4,0xFFB4,0x4D,0x76,provisional,authored,reconstruct,unreviewed,PLAYER_BOMB,PLAYER_BOMB,th04_main.asm,MAIN__TEXT,target-derived-asm,candidate:th04_main.asm,ghidra+map-public+tasm-proc,player_bomb,near,33199,false,2,0,1,target-ghidra+candidate-map,Ghidra body is noncontiguous and requires control-flow reconciliation.
th04-main-boundary-1002a,th04-main,mz-load-module,0x1002A,0x2002A,0x1002A,0x3,0x3,corroborated,authored,reconstruct,unreviewed,BB_PLAYCHAR_PUT,BB_PLAYCHAR_PUT,th04_main.asm,MAIN__TEXT,target-derived-asm,candidate:th04_main.asm,ghidra+map-public+tasm-proc,bb_playchar_put,near,33245,true,1,0,0,target-ghidra+candidate-map,
th04-main-boundary-10044,th04-main,mz-load-module,0x10044,0x20044,0x10044,0x9,0x9,excluded,authored,exclude,excluded,FUN_1aaf_5554,,th04_main.asm,MAIN__TEXT,target-derived-asm,candidate:th04_main.asm,ghidra,,,,true,1,0,1,target-ghidra+candidate-map,"Ghidra-only entry is not a PROC in the complete attested TASM listing. Ghidra entry is a switch/data/non-code artifact, not an accepted function boundary."
th04-main-boundary-1004d,th04-main,mz-load-module,0x1004D,0x2004D,0x1004D,0x4,0x4,corroborated,authored,reconstruct,unreviewed,BOMB_REIMU,BOMB_REIMU,th04_main.asm,MAIN__TEXT,target-derived-asm,candidate:th04_main.asm,ghidra+map-public+tasm-proc,bomb_reimu,near,33279,true,1,0,0,target-ghidra+candidate-map,
th04-main-boundary-10113,th04-main,mz-load-module,0x10113,0x20113,0x10113,0x1,0x1,corroborated,authored,reconstruct,unreviewed,BOMB_MARISA,BOMB_MARISA,th04_main.asm,MAIN__TEXT,target-derived-asm,candidate:th04_main.asm,ghidra+map-public+tasm-proc,bomb_marisa,near,33387,true,1,0,0,target-ghidra+candidate-map,
th04-main-boundary-1020a,th04-main,mz-load-module,0x1020A,0x2020A,0x1020A,0x3C,0x103,provisional,authored,reconstruct,unreviewed,bomb_update_and_render(),bomb_update_and_render(),th04_main.asm,MAIN__TEXT,target-derived-asm,candidate:th04_main.asm,ghidra+map-public+tasm-proc,@bomb_update_and_render$qv,near,33515,false,3,0,1,target-ghidra+candidate-map,Ghidra body is noncontiguous and requires control-flow reconciliation.
th04-main-boundary-1030d,th04-main,mz-load-module,0x1030D,0x2030D,0x1030D,0x11D,0x11D,corroborated,authored,reconstruct,unreviewed,BOMB_STARS_UPDATE_AND_RENDER_FOR,BOMB_STARS_UPDATE_AND_RENDER_FOR,th04_main.asm,MAIN__TEXT,target-derived-asm,candidate:th04_main.asm,ghidra+map-public+tasm-proc,bomb_stars_update_and_render_for,near,33643,true,1,2,4,target-ghidra+candidate-map,
th04-main-boundary-1042a,th04-main,mz-load-module,0x1042A,0x2042A,0x1042A,0x1A,0x1A,corroborated,authored,reconstruct,unreviewed,sub_1042A,,th04_main.asm,MAIN__TEXT,target-derived-asm,candidate:th04_main.asm,ghidra+tasm-proc,sub_1042A,near,33830,true,1,0,0,target-ghidra+candidate-map,
th04-main-boundary-10444,th04-main,mz-load-module,0x10444,0x20444,0x10444,0x6C,0x72,provisional,authored,reconstruct,unreviewed,shots_invalidate(),shots_invalidate(),th04_main.asm,MAIN__TEXT,target-derived-asm,candidate:th04_main.asm,ghidra+map-public+tasm-proc,@shots_invalidate$qv,near,33846,false,2,0,1,target-ghidra+candidate-map,Ghidra body is noncontiguous and requires control-flow reconciliation.
th04-main-boundary-104b6,th04-main,mz-load-module,0x104B6,0x204B6,0x104B6,0x9C,0x9C,corroborated,authored,reconstruct,unreviewed,sub_104B6,,th04_main.asm,MAIN__TEXT,target-derived-asm,candidate:th04_main.asm,ghidra+tasm-proc,sub_104B6,near,33919,true,1,0,1,target-ghidra+candidate-map,
th04-main-boundary-10552,th04-main,mz-load-module,0x10552,0x20552,0x10552,0x67,0x67,corroborated,authored,reconstruct,unreviewed,shots_render(),shots_render(),th04_main.asm,MAIN__TEXT,target-derived-asm,candidate:th04_main.asm,ghidra+map-public+tasm-proc,@shots_render$qv,near,34013,true,1,0,4,target-ghidra+candidate-map,
th04-main-boundary-105b9,th04-main,mz-load-module,0x105B9,0x205B9,0x105B9,0x15A,0x15A,corroborated,authored,reconstruct,unreviewed,shots_hittest(),shots_hittest(),th04_main.asm,MAIN__TEXT,target-derived-asm,candidate:th04_main.asm,ghidra+map-public+tasm-proc,@shots_hittest$qv,far,34090,true,1,8,1,target-ghidra+candidate-map,
th04-main-boundary-10713,th04-main,mz-load-module,0x10713,0x20713,0x10713,0xCF,0xCF,corroborated,authored,reconstruct,unreviewed,ENEMIES_RENDER,ENEMIES_RENDER,th04_main.asm,MAIN__TEXT,target-derived-asm,candidate:th04_main.asm,ghidra+map-public+tasm-proc,enemies_render,near,34246,true,1,0,3,target-ghidra+candidate-map,
th04-main-boundary-107e2,th04-main,mz-load-module,0x107E2,0x207E2,0x107E2,0x94,0xB6,provisional,authored,reconstruct,unreviewed,player_invalidate(),player_invalidate(),th04_main.asm,MAIN__TEXT,target-derived-asm,candidate:th04_main.asm,ghidra+map-public+tasm-proc,@player_invalidate$qv,near,34354,false,2,0,2,target-ghidra+candidate-map,Ghidra body is noncontiguous and requires control-flow reconciliation.
th04-main-boundary-10898,th04-main,mz-load-module,0x10898,0x20898,0x10898,0x83,0x83,reviewed,authored,reconstruct,exact,player_move(unsigned int),player_move(unsigned int),th04/player_m.cpp,PLAYER_M_TEXT,candidate-cpp,src/main/player/move.cpp,ghidra+map-public,,,,false,2,1,0,ev-th04-main-function-screen-strict-v2;ev-th04-main-player-move-switch-boundary-v1,Manual target boundary review overrides a Ghidra body-construction false negative: validated 13-entry switch table; Ghidra stopped at the indirect switch dispatcher and omitted the case blocks. The 13-entry compiler compare/near-jump tables follow the body in the same exact player_m.cpp owner; every decoded jump target is an instruction start inside the 131-byte function span.
th04-main-boundary-10950,th04-main,mz-load-module,0x10950,0x20950,0x10950,0x38,0x38,reviewed,authored,reconstruct,exact,player_pos_update_and_clamp(),player_pos_update_and_clamp(),th04/player_p.cpp,PLAYER_P_TEXT,candidate-cpp,src/main/player/player.cpp,ghidra+map-public,,,,false,2,1,1,ev-th04-main-function-screen-strict-v2;ev-th04-main-player-pos-manual-boundary-v1,Manual target boundary review overrides a Ghidra body-construction false negative: validated linear raw decode; Ghidra created an overlapping decode at 0x20975 and reported 55/56 body bytes. Raw 16-bit decoding tiles all 56 bytes from the TLINK public through RET at 0x20987; the entire span is the exact player_p.cpp contribution.
th04-main-boundary-10988,th04-main,mz-load-module,0x10988,0x20988,0x10988,0x137,0x137,corroborated,authored,reconstruct,unreviewed,sub_10988,,th04_main.asm,MAIN_0_TEXT,target-derived-asm,candidate:th04_main.asm,ghidra+tasm-proc,sub_10988,near,34477,true,1,1,8,target-ghidra+candidate-map,
th04-main-boundary-10abf,th04-main,mz-load-module,0x10ABF,0x20ABF,0x10ABF,0x13E,0x13E,corroborated,authored,reconstruct,unreviewed,sub_10ABF,,th04_main.asm,MAIN_0_TEXT,target-derived-asm,candidate:th04_main.asm,ghidra+tasm-proc,sub_10ABF,near,34617,true,1,0,5,target-ghidra+candidate-map,
th04-main-boundary-10bfd,th04-main,mz-load-module,0x10BFD,0x20BFD,0x10BFD,0x14E,0x14E,corroborated,authored,reconstruct,unreviewed,PLAYER_RENDER,PLAYER_RENDER,th04_main.asm,MAIN_0_TEXT,target-derived-asm,candidate:th04_main.asm,ghidra+map-public+tasm-proc,player_render,near,34764,true,1,0,6,target-ghidra+candidate-map,
th04-main-boundary-10d4b,th04-main,mz-load-module,0x10D4B,0x20D4B,0x10D4B,0x2C,0x2C,reviewed,authored,reconstruct,exact,overlay_wipe(),overlay_wipe(),th04/hud_ovrl.cpp,HUD_OVRL_TEXT,candidate-cpp,src/main/hud/overlay.cpp,ghidra+map-public,,,,true,1,3,1,ev-th04-main-function-screen-strict-v2,"Target Ghidra body is contiguous (44 bytes), starts at the same local TLINK public, and lies wholly inside exact authored owner th04-main-module-th04-hud-ovrl-cpp-10d4b."
th04-main-boundary-10d77,th04-main,mz-load-module,0x10D77,0x20D77,0x10D77,0x2C,0x2C,reviewed,authored,reconstruct,exact,overlay_black(),overlay_black(),th04/hud_ovrl.cpp,HUD_OVRL_TEXT,candidate-cpp,src/main/hud/overlay.cpp,ghidra+map-public,,,,true,1,1,1,ev-th04-main-function-screen-strict-v2,"Target Ghidra body is contiguous (44 bytes), starts at the same local TLINK public, and lies wholly inside exact authored owner th04-main-module-th04-hud-ovrl-cpp-10d4b."
th04-main-boundary-10da3,th04-main,mz-load-module,0x10DA3,0x20DA3,0x10DA3,0x96,0x96,reviewed,authored,reconstruct,exact,overlay_stage_enter_update_and_r(),overlay_stage_enter_update_and_r(),th04/hud_ovrl.cpp,HUD_OVRL_TEXT,candidate-cpp,src/main/hud/overlay.cpp,ghidra+map-public,,,,true,1,0,3,ev-th04-main-function-screen-strict-v2,"Target Ghidra body is contiguous (150 bytes), starts at the same local TLINK public, and lies wholly inside exact authored owner th04-main-module-th04-hud-ovrl-cpp-10d4b."
th04-main-boundary-10e39,th04-main,mz-load-module,0x10E39,0x20E39,0x10E39,0x6C,0x6C,reviewed,authored,reconstruct,exact,overlay_stage_leave_update_and_r(),overlay_stage_leave_update_and_r(),th04/hud_ovrl.cpp,HUD_OVRL_TEXT,candidate-cpp,src/main/hud/overlay.cpp,ghidra+map-public,,,,true,1,0,2,ev-th04-main-function-screen-strict-v2,"Target Ghidra body is contiguous (108 bytes), starts at the same local TLINK public, and lies wholly inside exact authored owner th04-main-module-th04-hud-ovrl-cpp-10d4b."
th04-main-boundary-10ea5,th04-main,mz-load-module,0x10EA5,0x20EA5,0x10EA5,0x48,0x48,reviewed,authored,reconstruct,exact,"dissolve_put(int,int,int)","dissolve_put(int,int,int)",th04/hud_ovrl.cpp,HUD_OVRL_TEXT,candidate-cpp,src/main/hud/overlay.cpp,ghidra+map-public,,,,true,1,2,2,ev-th04-main-function-screen-strict-v2,"Target Ghidra body is contiguous (72 bytes), starts at the same local TLINK public, and lies wholly inside exact authored owner th04-main-module-th04-hud-ovrl-cpp-10d4b."
th04-main-boundary-10eed,th04-main,mz-load-module,0x10EED,0x20EED,0x10EED,0x49,0x49,reviewed,authored,reconstruct,exact,overlay_titles_invalidate(),overlay_titles_invalidate(),th04/hud_ovrl.cpp,HUD_OVRL_TEXT,candidate-cpp,src/main/hud/overlay.cpp,ghidra+map-public,,,,true,1,0,1,ev-th04-main-function-screen-strict-v2,"Target Ghidra body is contiguous (73 bytes), starts at the same local TLINK public, and lies wholly inside exact authored owner th04-main-module-th04-hud-ovrl-cpp-10d4b."
th04-main-boundary-10f36,th04-main,mz-load-module,0x10F36,0x20F36,0x10F36,0x25F,0x25F,reviewed,authored,reconstruct,exact,overlay_titles_update_and_render(),overlay_titles_update_and_render(),th04/hud_ovrl.cpp,HUD_OVRL_TEXT,candidate-cpp,src/main/hud/overlay.cpp,ghidra+map-public,,,,false,2,0,6,ev-th04-main-function-screen-strict-v2;ev-th04-main-overlay-titles-manual-boundary-v1,"Manual target boundary review overrides a Ghidra body-construction false negative: validated linear raw decode; Ghidra omitted an 80-byte straight-line block containing ordinary pushes, calls, and arithmetic after 0x210B6. Raw 16-bit decoding tiles the complete 607-byte public span through RET at 0x21194 inside exact hud_ovrl.cpp bytes."
th04-main-boundary-11195,th04-main,mz-load-module,0x11195,0x21195,0x11195,0x143,0x143,reviewed,authored,reconstruct,exact,overlay_boss_bgm_update_and_rend(),overlay_boss_bgm_update_and_rend(),th04/hud_ovrl.cpp,HUD_OVRL_TEXT,candidate-cpp,src/main/hud/overlay.cpp,ghidra+map-public,,,,false,2,0,7,ev-th04-main-function-screen-strict-v2;ev-th04-main-overlay-boss-bgm-manual-boundary-v1,Manual target boundary review overrides a Ghidra body-construction false negative: validated linear raw decode; Ghidra omitted a 41-byte straight-line block containing ordinary calls and rendering setup. Raw 16-bit decoding tiles the complete 323-byte public span through RET at 0x212D7 inside exact hud_ovrl.cpp bytes.
th04-main-boundary-112d8,th04-main,mz-load-module,0x112D8,0x212D8,0x112D8,0x1ED,0x1ED,reviewed,authored,reconstruct,exact,overlay_popup_update_and_render(),overlay_popup_update_and_render(),th04/hud_ovrl.cpp,HUD_OVRL_TEXT,candidate-cpp,src/main/hud/overlay.cpp,ghidra+map-public,,,,false,2,0,5,ev-th04-main-function-screen-strict-v2;ev-th04-main-overlay-popup-manual-boundary-v1,Manual target boundary review overrides a Ghidra body-construction false negative: validated linear raw decode; Ghidra omitted seven bytes around a relocation-backed far call/jump and reported 486/493 body bytes. Raw 16-bit decoding tiles the full public span through RET at 0x214C4 inside the exact hud_ovrl.cpp owner.
th04-main-boundary-114c5,th04-main,mz-load-module,0x114C5,0x214C5,0x114C5,0x8C,0x8C,reviewed,authored,reconstruct,exact,popup_put_points_th04(unsigned long),popup_put_points_th04(unsigned long),th04/hud_ovrl.cpp,HUD_OVRL_TEXT,candidate-cpp,src/main/hud/overlay.cpp,ghidra+map-public,,,,true,1,1,1,ev-th04-main-function-screen-strict-v2,"Target Ghidra body is contiguous (140 bytes), starts at the same local TLINK public, and lies wholly inside exact authored owner th04-main-module-th04-hud-ovrl-cpp-10d4b."
th04-main-boundary-11551,th04-main,mz-load-module,0x11551,0x21551,0x11551,0x4A,0x4A,reviewed,authored,reconstruct,exact,BB_TXT_LOAD,BB_TXT_LOAD,th04_main.asm,MAIN_01_TEXT,target-derived-asm,src/main/formats/bb_txt.cpp,ghidra+map-public+tasm-proc,bb_txt_load,near,34984,true,1,0,4,ev-th04-main-bb-txt-boundary-v104,"New exact-owner function admitted by explicit policy: Fresh Ghidra, pinned TASM, TLINK public, target raw decode, and exact MAIN_01_TEXT ownership agree on the full 0x4A loader; focused plus 142-owner cold replay prove pure-C++ exactness."
th04-main-boundary-1159b,th04-main,mz-load-module,0x1159B,0x2159B,0x1159B,0x1B,0x1B,reviewed,authored,reconstruct,exact,BB_TXT_FREE,BB_TXT_FREE,th04_main.asm,MAIN_01_TEXT,target-derived-asm,src/main/formats/bb_txt.cpp,ghidra+map-public+tasm-proc,bb_txt_free,near,35017,true,1,0,1,ev-th04-main-bb-txt-boundary-v104,"New exact-owner function admitted by explicit policy: Fresh Ghidra, pinned TASM, TLINK public, target raw decode, and exact MAIN_01_TEXT ownership agree on the full 0x1B free function; focused plus 142-owner cold replay prove pure-C++ exactness."
th04-main-boundary-115b6,th04-main,mz-load-module,0x115B6,0x215B6,0x115B6,0x91,0x91,reviewed,authored,reconstruct,exact,mugetsu_fg_render(),,th04_main.asm,MAIN_01_TEXT,target-derived-asm,src/main/boss/mugetsu_fg_render.cpp,ghidra+tasm-proc,@mugetsu_fg_render$qv,near,35037,true,1,0,6,ev-th04-main-mugetsu-fg-boundary-v105,"New exact-owner function admitted by explicit policy: Fresh Ghidra, pinned TASM, target raw decode, and exact MAIN_01_TEXT ownership agree on the full 0x91-byte renderer; focused plus 143-owner cold replay prove pure-C++ exactness."
th04-main-boundary-11647,th04-main,mz-load-module,0x11647,0x21647,0x11647,0x4B,0x4B,reviewed,authored,reconstruct,exact,_gengetsu_bomb_inv_render,,th04_main.asm,MAIN_01_TEXT,target-derived-asm,src/main/boss/gengetsu_bomb_inv_render.cpp,ghidra+tasm-proc,sub_11647,near,35122,true,1,1,1,ev-th04-main-gengetsu-bomb-inv-render-boundary-v106,"New exact-owner function admitted by explicit policy: Fresh Ghidra, pinned TASM, target raw decode, and exact MAIN_01_TEXT ownership agree on the full 0x4B helper; focused plus 144-owner cold replay prove pure-C++ exactness."
th04-main-boundary-11692,th04-main,mz-load-module,0x11692,0x21692,0x11692,0x0,0x0,provisional,original-asm,attest-asm,unreviewed,HUD_SCORE_PUT,HUD_SCORE_PUT,th04/scoreupd.asm,MAIN_01_TEXT,candidate-asm,candidate:th04/scoreupd.asm,map-public,,,,,,,,target-ghidra+candidate-map,TLINK public has no corresponding Ghidra function entry.
th04-main-boundary-116c4,th04-main,mz-load-module,0x116C4,0x216C4,0x116C4,0x0,0x0,provisional,original-asm,attest-asm,unreviewed,score_update_and_render(),score_update_and_render(),th04/scoreupd.asm,MAIN_01_TEXT,candidate-asm,candidate:th04/scoreupd.asm,map-public,,,,,,,,target-ghidra+candidate-map,TLINK public has no corresponding Ghidra function entry.
th04-main-boundary-11793,th04-main,mz-load-module,0x11793,0x21793,0x11793,0x0,0x0,provisional,authored,reconstruct,unreviewed,@kurumi_fg_render$qv,,th04_main.asm,MAIN_012_TEXT,target-derived-asm,candidate:th04_main.asm,tasm-proc,@kurumi_fg_render$qv,near,35183,,,,,target-ghidra+candidate-map,TLINK public has no corresponding Ghidra function entry.
th04-main-boundary-118b2,th04-main,mz-load-module,0x118B2,0x218B2,0x118B2,0x92,0xB9,excluded,authored,exclude,excluded,switchD_2000:c2fc::caseD_0,,th04_main.asm,MAIN_012_TEXT,target-derived-asm,candidate:th04_main.asm,ghidra,,,,false,2,0,5,target-ghidra+candidate-map,"Ghidra-only entry is not a PROC in the complete attested TASM listing. Ghidra entry is a switch/data/non-code artifact, not an accepted function boundary."
th04-main-boundary-1196b,th04-main,mz-load-module,0x1196B,0x2196B,0x1196B,0x12F,0x12F,corroborated,authored,reconstruct,unreviewed,@orange_fg_render$qv,,th04_main.asm,MAIN_012_TEXT,target-derived-asm,candidate:th04_main.asm,ghidra+tasm-proc,@orange_fg_render$qv,near,35423,true,1,0,8,target-ghidra+candidate-map,
th04-main-boundary-11a9a,th04-main,mz-load-module,0x11A9A,0x21A9A,0x11A9A,0xAA,0xAA,corroborated,authored,reconstruct,unreviewed,midboss_defeat_render(),midboss_defeat_render(),th04_main.asm,MAIN_012_TEXT,target-derived-asm,candidate:th04_main.asm,ghidra+map-public+tasm-proc,@midboss_defeat_render$qv,near,35583,true,1,0,3,target-ghidra+candidate-map,
th04-main-boundary-11b44,th04-main,mz-load-module,0x11B44,0x21B44,0x11B44,0xD6,0xD6,corroborated,authored,reconstruct,unreviewed,sub_11B44,,th04_main.asm,MAIN_012_TEXT,target-derived-asm,candidate:th04_main.asm,ghidra+tasm-proc,sub_11B44,near,35674,true,1,1,6,target-ghidra+candidate-map,
th04-main-boundary-11c1a,th04-main,mz-load-module,0x11C1A,0x21C1A,0x11C1A,0x17C,0x17C,corroborated,authored,reconstruct,unreviewed,@yuuka6_fg_render$qv,,th04_main.asm,MAIN_012_TEXT,target-derived-asm,candidate:th04_main.asm,ghidra+tasm-proc,@yuuka6_fg_render$qv,near,35793,true,1,0,7,target-ghidra+candidate-map,
th04-main-boundary-11d96,th04-main,mz-load-module,0x11D96,0x21D96,0x11D96,0x0,0x0,provisional,authored,reconstruct,unreviewed,shots_add(),shots_add(),th04_main.asm,MAIN_012_TEXT,target-derived-asm,candidate:th04_main.asm,map-public+tasm-proc,@shots_add$qv,near,35987,,,,,target-ghidra+candidate-map,TLINK public has no corresponding Ghidra function entry.
th04-main-boundary-11dca,th04-main,mz-load-module,0x11DCA,0x21DCA,0x11DCA,0x0,0x0,provisional,authored,reconstruct,unreviewed,"shot_velocity_set(sppoint near*,unsigned char)","shot_velocity_set(sppoint near*,unsigned char)",th04_main.asm,MAIN_012_TEXT,target-derived-asm,candidate:th04_main.asm,map-public+tasm-proc,@shot_velocity_set$qp7sppointuc,near,36015,,,,,target-ghidra+candidate-map,TLINK public has no corresponding Ghidra function entry.
th04-main-boundary-11de6,th04-main,mz-load-module,0x11DE6,0x21DE6,0x11DE6,0x2C,0x2C,corroborated,authored,reconstruct,unreviewed,sub_11DE6,,th04_main.asm,MAIN_012_TEXT,target-derived-asm,candidate:th04_main.asm,ghidra+tasm-proc,sub_11DE6,far,36115,true,1,1,0,target-ghidra+candidate-map,
th04-main-boundary-11e12,th04-main,mz-load-module,0x11E12,0x21E12,0x11E12,0x0,0x0,provisional,authored,reconstruct,unreviewed,@elly_fg_render$qv,,th04_main.asm,MAIN_012_TEXT,target-derived-asm,candidate:th04_main.asm,tasm-proc,@elly_fg_render$qv,near,36147,,,,,target-ghidra+candidate-map,TLINK public has no corresponding Ghidra function entry.
th04-main-boundary-11ecb,th04-main,mz-load-module,0x11ECB,0x21ECB,0x11ECB,0x2C,0x2C,corroborated,authored,reconstruct,unreviewed,sub_11ECB,,th04_main.asm,MAIN_012_TEXT,target-derived-asm,candidate:th04_main.asm,ghidra+tasm-proc,sub_11ECB,near,36246,true,1,0,0,target-ghidra+candidate-map,
th04-main-boundary-11f96,th04-main,mz-load-module,0x11F96,0x21F96,0x11F96,0x31,0x31,reviewed,authored,reconstruct,exact,cfg_load_resident_ptr(),cfg_load_resident_ptr(),th04/cfg_lres.cpp,CFG_LRES_TEXT,candidate-cpp,src/main/config/load_resident_ptr.cpp,ghidra+map-public,,,,true,1,0,3,ev-th04-main-function-screen-strict-v2,"Target Ghidra body is contiguous (49 bytes), starts at the same local TLINK public, and lies wholly inside exact authored owner th04-main-cfg-load-resident-ptr."
th04-main-boundary-11fc8,th04-main,mz-load-module,0x11FC8,0x21FC8,0x11FC8,0x0,0x0,provisional,authored,reconstruct,unreviewed,@grcg_tile_bb_put_8,@grcg_tile_bb_put_8,th04_main.asm,MAIN_013_TEXT,target-derived-asm,candidate:th04_main.asm,map-public+tasm-proc,@grcg_tile_bb_put_8,near,36320,,,,,target-ghidra+candidate-map,TLINK public has no corresponding Ghidra function entry.
th04-main-boundary-1200a,th04-main,mz-load-module,0x1200A,0x2200A,0x1200A,0x19,0x19,corroborated,authored,reconstruct,unreviewed,playfield_fillm_0_40_384_274,,th04_main.asm,MAIN_013_TEXT,target-derived-asm,candidate:th04_main.asm,ghidra+tasm-proc,playfield_fillm_0_40_384_274,near,36376,true,1,1,1,target-ghidra+candidate-map,
th04-main-boundary-12024,th04-main,mz-load-module,0x12024,0x22024,0x12024,0x0,0x0,provisional,authored,reconstruct,unreviewed,sub_12024,,th04_main.asm,MAIN_013_TEXT,target-derived-asm,candidate:th04_main.asm,tasm-proc,sub_12024,near,36398,,,,,target-ghidra+candidate-map,TLINK public has no corresponding Ghidra function entry.
th04-main-boundary-1205a,th04-main,mz-load-module,0x1205A,0x2205A,0x1205A,0xE,0xE,corroborated,authored,reconstruct,unreviewed,playfield_fill,,th04_main.asm,MAIN_013_TEXT,target-derived-asm,candidate:th04_main.asm,ghidra+tasm-proc,playfield_fill,near,36436,true,1,0,1,target-ghidra+candidate-map,
th04-main-boundary-12068,th04-main,mz-load-module,0x12068,0x22068,0x12068,0xD,0xD,corroborated,authored,reconstruct,unreviewed,_grcg_fill_playfield_rows,_grcg_fill_playfield_rows,th04_main.asm,MAIN_013_TEXT,target-derived-asm,candidate:th04_main.asm,ghidra+map-public+tasm-proc,_grcg_fill_playfield_rows,near,36461,true,1,2,0,target-ghidra+candidate-map,
th04-main-boundary-12076,th04-main,mz-load-module,0x12076,0x22076,0x12076,0x2E,0x47,provisional,authored,reconstruct,unreviewed,playfield_checkerboard_grcg_tdw_(),playfield_checkerboard_grcg_tdw_(),th04/checkerb.cpp,CHECKERB_TEXT,candidate-cpp,candidate:th04/checkerb.cpp,ghidra+map-public,,,,false,2,0,0,target-ghidra+candidate-map,Ghidra body is noncontiguous and requires control-flow reconciliation.
th04-main-boundary-12124,th04-main,mz-load-module,0x12124,0x22124,0x12124,0x33,0x33,reviewed,authored,reconstruct,exact,midboss_invalidate_func(),midboss_invalidate_func(),th04/mb_inv.cpp,MB_INV_TEXT,candidate-cpp,src/main/midboss/invalidate.cpp,map-public,,,,,,,,ev-th04-main-midboss-invalidate-no-ghidra-boundary-v1,Manual target boundary review overrides a Ghidra body-construction false negative: validated linear raw decode; Target Ghidra has no function entry at this TLINK public; exact authored ownership plus gap-free raw decode through RET ends at the exact-owner boundary.
th04-main-boundary-12157,th04-main,mz-load-module,0x12157,0x22157,0x12157,0x27,0x27,reviewed,authored,reconstruct,exact,"boss_backdrop_render(int,int,unsigned char)","boss_backdrop_render(int,int,unsigned char)",th04/boss_bd.cpp,BOSS_BD_TEXT,candidate-cpp,src/main/boss/backdrop.cpp,map-public,,,,,,,,ev-th04-main-boss-backdrop-no-ghidra-boundary-v1,Manual target boundary review overrides a Ghidra body-construction false negative: validated linear raw decode; Target Ghidra has no function entry at this TLINK public; exact authored ownership plus gap-free raw decode through RET 6 ends at the exact-owner boundary.
th04-main-boundary-1217e,th04-main,mz-load-module,0x1217E,0x2217E,0x1217E,0x0,0x0,provisional,authored,reconstruct,unreviewed,@orange_bg_render$qv,,th04_main.asm,BOSS_BG_TEXT,target-derived-asm,candidate:th04_main.asm,tasm-proc,@orange_bg_render$qv,near,36499,,,,,target-ghidra+candidate-map,TLINK public has no corresponding Ghidra function entry.
th04-main-boundary-121eb,th04-main,mz-load-module,0x121EB,0x221EB,0x121EB,0x5C,0x5C,corroborated,authored,reconstruct,unreviewed,@kurumi_bg_render$qv,,th04_main.asm,BOSS_BG_TEXT,target-derived-asm,candidate:th04_main.asm,ghidra+tasm-proc,@kurumi_bg_render$qv,near,36572,true,1,0,2,target-ghidra+candidate-map,
th04-main-boundary-12247,th04-main,mz-load-module,0x12247,0x22247,0x12247,0x1C,0x1C,corroborated,authored,reconstruct,unreviewed,sub_12247,,th04_main.asm,BOSS_BG_TEXT,target-derived-asm,candidate:th04_main.asm,ghidra+tasm-proc,sub_12247,near,36631,true,1,1,1,target-ghidra+candidate-map,
th04-main-boundary-1226f,th04-main,mz-load-module,0x1226F,0x2226F,0x1226F,0x68,0x68,corroborated,authored,reconstruct,unreviewed,@elly_bg_render$qv,,th04_main.asm,BOSS_BG_TEXT,target-derived-asm,candidate:th04_main.asm,ghidra+tasm-proc,@elly_bg_render$qv,near,36663,true,1,0,3,target-ghidra+candidate-map,
th04-main-boundary-122d7,th04-main,mz-load-module,0x122D7,0x222D7,0x122D7,0x4,0x4,corroborated,authored,reconstruct,unreviewed,@reimu_marisa_bg_render$qv,,th04_main.asm,BOSS_BG_TEXT,target-derived-asm,candidate:th04_main.asm,ghidra+tasm-proc,@reimu_marisa_bg_render$qv,near,36729,true,1,0,0,target-ghidra+candidate-map,
th04-main-boundary-12364,th04-main,mz-load-module,0x12364,0x22364,0x12364,0x8D,0x8D,corroborated,authored,reconstruct,unreviewed,@yuuka5_bg_render$qv,,th04_main.asm,BOSS_BG_TEXT,target-derived-asm,candidate:th04_main.asm,ghidra+tasm-proc,@yuuka5_bg_render$qv,near,36823,true,1,0,5,target-ghidra+candidate-map,
th04-main-boundary-123f1,th04-main,mz-load-module,0x123F1,0x223F1,0x123F1,0x36,0x36,corroborated,authored,reconstruct,unreviewed,bg_shape_clip_and_respawn_in_cen(bg_shape_t near&),bg_shape_clip_and_respawn_in_cen(bg_shape_t near&),th04_main.asm,BOSS_BG_TEXT,target-derived-asm,candidate:th04_main.asm,ghidra+map-public+tasm-proc,@bg_shape_clip_and_respawn_in_cen$qr10bg_shape_t,near,36917,true,1,0,0,target-ghidra+candidate-map,
th04-main-boundary-12427,th04-main,mz-load-module,0x12427,0x22427,0x12427,0x3A,0x3A,corroborated,authored,reconstruct,unreviewed,bg_shape_clip_and_wrap(bg_shape_t near&),bg_shape_clip_and_wrap(bg_shape_t near&),th04_main.asm,BOSS_BG_TEXT,target-derived-asm,candidate:th04_main.asm,ghidra+map-public+tasm-proc,@bg_shape_clip_and_wrap$qr10bg_shape_t,near,36964,true,1,0,0,target-ghidra+candidate-map,
th04-main-boundary-12461,th04-main,mz-load-module,0x12461,0x22461,0x12461,0x32A,0x4700,provisional,authored,reconstruct,unreviewed,sub_12461,,th04_main.asm,BOSS_BG_TEXT,target-derived-asm,candidate:th04_main.asm,ghidra+tasm-proc,sub_12461,near,37014,false,15,0,16,target-ghidra+candidate-map,Ghidra body is noncontiguous and requires control-flow reconciliation.
th04-main-boundary-128b9,th04-main,mz-load-module,0x128B9,0x228B9,0x128B9,0x0,0x0,provisional,authored,reconstruct,unreviewed,@yuuka6_bg_render$qv,,th04_main.asm,BOSS_BG_TEXT,target-derived-asm,candidate:th04_main.asm,tasm-proc,@yuuka6_bg_render$qv,near,37598,,,,,target-ghidra+candidate-map,TLINK public has no corresponding Ghidra function entry.
th04-main-boundary-12979,th04-main,mz-load-module,0x12979,0x22979,0x12979,0x91,0x91,reviewed,authored,reconstruct,exact,mugetsu_gengetsu_bg_render(),mugetsu_gengetsu_bg_render(),th04_main.asm,BOSS_BG_TEXT,target-derived-asm,src/main/boss/mugetsu_gengetsu_bg_render.cpp,ghidra+map-public+tasm-proc,@mugetsu_gengetsu_bg_render$qv,near,37715,true,1,0,4,ev-th04-main-mugetsu-gengetsu-bg-boundary-v102,"New exact-owner function admitted by explicit policy: Fresh Ghidra, pinned TASM, target raw decode, and BOSS_BG_TEXT segment-end tiling agree on the full 0x91-byte function; focused plus 140-owner exact cold replay prove natural-C++ ownership."
th04-main-boundary-12a0a,th04-main,mz-load-module,0x12A0A,0x22A0A,0x12A0A,0x2D,0x2D,reviewed,authored,reconstruct,exact,scoredat_recreate(),scoredat_recreate(),th04/score_rm.cpp,SCORE_TEXT,candidate-cpp,src/main/score/ranking.cpp,ghidra+map-public,,,,true,1,1,0,ev-th04-main-function-screen-strict-v2,"Target Ghidra body is contiguous (45 bytes), starts at the same local TLINK public, and lies wholly inside exact authored owner th04-main-module-th04-score-rm-cpp-12a0a."
th04-main-boundary-12a38,th04-main,mz-load-module,0x12A38,0x22A38,0x12A38,0x7F,0x7F,excluded,authored,exclude,excluded,switchD_2000:247f::caseD_0,,th04/score_rm.cpp,SCORE_TEXT,candidate-cpp,candidate:th04/score_rm.cpp,ghidra,,,,true,1,0,4,target-ghidra+candidate-map,"Ghidra entry is a switch/data/non-code artifact, not an accepted function boundary."
th04-main-boundary-12ab7,th04-main,mz-load-module,0x12AB7,0x22AB7,0x12AB7,0x67,0x67,reviewed,authored,reconstruct,exact,hiscore_scoredat_load_for_cur(),hiscore_scoredat_load_for_cur(),th04/score_rm.cpp,SCORE_TEXT,candidate-cpp,src/main/score/ranking.cpp,ghidra+map-public,,,,true,1,2,6,ev-th04-main-function-screen-strict-v2,"Target Ghidra body is contiguous (103 bytes), starts at the same local TLINK public, and lies wholly inside exact authored owner th04-main-module-th04-score-rm-cpp-12a0a."
th04-main-boundary-12b1e,th04-main,mz-load-module,0x12B1E,0x22B1E,0x12B1E,0x53,0x53,reviewed,authored,reconstruct,exact,hiscore_scoredat_save(),hiscore_scoredat_save(),th04/score_rm.cpp,SCORE_TEXT,candidate-cpp,src/main/score/ranking.cpp,ghidra+map-public,,,,true,1,1,5,ev-th04-main-function-screen-strict-v2,"Target Ghidra body is contiguous (83 bytes), starts at the same local TLINK public, and lies wholly inside exact authored owner th04-main-module-th04-score-rm-cpp-12a0a."
th04-main-boundary-12b71,th04-main,mz-load-module,0x12B71,0x22B71,0x12B71,0x144,0x144,reviewed,authored,reconstruct,exact,hiscore_continue_enter_raw(),hiscore_continue_enter_raw(),th04/score_rm.cpp,SCORE_TEXT,candidate-cpp,src/main/score/ranking.cpp,ghidra+map-public,,,,true,1,1,2,ev-th04-main-function-screen-strict-v2,"Target Ghidra body is contiguous (324 bytes), starts at the same local TLINK public, and lies wholly inside exact authored owner th04-main-module-th04-score-rm-cpp-12a0a."
th04-main-boundary-12cb5,th04-main,mz-load-module,0x12CB5,0x22CB5,0x12CB5,0x12,0x12,reviewed,authored,reconstruct,exact,hiscore_continue_enter(),hiscore_continue_enter(),th04/score_rm.cpp,SCORE_TEXT,candidate-cpp,src/main/score/ranking.cpp,ghidra+map-public,,,,true,1,0,2,ev-th04-main-function-screen-strict-v2,"Target Ghidra body is contiguous (18 bytes), starts at the same local TLINK public, and lies wholly inside exact authored owner th04-main-module-th04-score-rm-cpp-12a0a."
th04-main-boundary-12cc7,th04-main,mz-load-module,0x12CC7,0x22CC7,0x12CC7,0x1E,0x1E,reviewed,authored,reconstruct,exact,hiscore_load(),hiscore_load(),th04/score_rm.cpp,SCORE_TEXT,candidate-cpp,src/main/score/ranking.cpp,ghidra+map-public,,,,true,1,0,1,ev-th04-main-function-screen-strict-v2,"Target Ghidra body is contiguous (30 bytes), starts at the same local TLINK public, and lies wholly inside exact authored owner th04-main-module-th04-score-rm-cpp-12a0a."
th04-main-boundary-12ce5,th04-main,mz-load-module,0x12CE5,0x22CE5,0x12CE5,0x10B,0x10B,corroborated,authored,reconstruct,unreviewed,BULLETS_RENDER,BULLETS_RENDER,th04_main.asm,BOSS_FG_TEXT,target-derived-asm,candidate:th04_main.asm,ghidra+map-public+tasm-proc,bullets_render,near,37819,true,1,0,5,target-ghidra+candidate-map,
th04-main-boundary-12df0,th04-main,mz-load-module,0x12DF0,0x22DF0,0x12DF0,0x47,0x47,corroborated,authored,reconstruct,unreviewed,ITEMS_RENDER,ITEMS_RENDER,th04_main.asm,BOSS_FG_TEXT,target-derived-asm,candidate:th04_main.asm,ghidra+map-public+tasm-proc,items_render,near,37980,true,1,0,3,target-ghidra+candidate-map,
th04-main-boundary-12e37,th04-main,mz-load-module,0x12E37,0x22E37,0x12E37,0x5C,0x5C,corroborated,authored,reconstruct,unreviewed,sub_12E37,,th04_main.asm,BOSS_FG_TEXT,target-derived-asm,candidate:th04_main.asm,ghidra+tasm-proc,sub_12E37,near,38028,true,1,1,1,target-ghidra+candidate-map,
th04-main-boundary-12e93,th04-main,mz-load-module,0x12E93,0x22E93,0x12E93,0xCC,0xCC,reviewed,authored,reconstruct,exact,reimu_fg_render(),,th04_main.asm,BOSS_FG_TEXT,target-derived-asm,src/main/boss/reimu_fg_render.cpp,ghidra+tasm-proc,@reimu_fg_render$qv,near,38093,true,1,0,6,ev-th04-main-reimu-fg-boundary-v109,"New exact-owner function admitted by explicit policy: Fresh Ghidra, pinned TASM, target raw decode, and BOSS_FG_TEXT suffix tiling agree on the full 0xCC function; focused plus 147-owner cold replay prove pure-C++ exactness."
th04-main-boundary-12f5f,th04-main,mz-load-module,0x12F5F,0x22F5F,0x12F5F,0x18E,0x18E,reviewed,authored,reconstruct,exact,gengetsu_fg_render(),gengetsu_fg_render(),th04_main.asm,BOSS_FG_TEXT,target-derived-asm,src/main/boss/gengetsu6_fg_render.cpp,ghidra+map-public+tasm-proc,@gengetsu_fg_render$qv,near,38206,true,1,0,0,ev-th04-main-gengetsu-fg-boundary-v101,"Manual target boundary review overrides a Ghidra body-construction false negative: validated linear raw decode; Fresh Ghidra constructs only the first 5 bytes (ENTER 2; PUSH SI). Pinned TASM keeps the PROC open through BOSS_FG_TEXT end, and gap-free target decode closes at RET 0x230EC; exact natural-C++ ownership proves the full 0x18E extent."
th04-main-boundary-130ee,th04-main,mz-load-module,0x130EE,0x230EE,0x130EE,0x29,0x29,reviewed,authored,reconstruct,exact,vram_planes_set(),vram_planes_set(),th01/vplanset.cpp,SHARED,cross-game-candidate-cpp,src/main/hardware/vram_planes.cpp,ghidra+map-public,,,,true,1,1,0,ev-th04-main-function-screen-strict-v2,"Target Ghidra body is contiguous (41 bytes), starts at the same local TLINK public, and lies wholly inside exact authored owner th04-main-vram-planes-set."
th04-main-boundary-13117,th04-main,mz-load-module,0x13117,0x23117,0x13117,0x45,0x45,corroborated,authored,reconstruct,unreviewed,VECTOR2,VECTOR2,th03/vector.cpp,SHARED,cross-game-candidate-cpp,candidate:th03/vector.cpp,ghidra+map-public,,,,true,1,6,0,target-ghidra+candidate-map,
th04-main-boundary-1315d,th04-main,mz-load-module,0x1315D,0x2315D,0x1315D,0x5A,0x5A,corroborated,authored,reconstruct,unreviewed,VECTOR2_BETWEEN_PLUS,VECTOR2_BETWEEN_PLUS,th03/vector.cpp,SHARED,cross-game-candidate-cpp,candidate:th03/vector.cpp,ghidra+map-public,,,,true,1,0,1,target-ghidra+candidate-map,
th04-main-boundary-131b7,th04-main,mz-load-module,0x131B7,0x231B7,0x131B7,0x15,0x15,reviewed,authored,reconstruct,exact,frame_delay(int),frame_delay(int),th02/frmdely1.cpp,SHARED,cross-game-candidate-cpp,src/main/hardware/frame_delay.cpp,ghidra+map-public,,,,true,1,8,0,ev-th04-main-function-screen-strict-v2,"Target Ghidra body is contiguous (21 bytes), starts at the same local TLINK public, and lies wholly inside exact authored owner th04-main-frame-delay."
th04-main-boundary-131cc,th04-main,mz-load-module,0x131CC,0x231CC,0x131CC,0x0,0x0,provisional,original-asm,attest-asm,unreviewed,_hflip_lut_generate,_hflip_lut_generate,th03/hfliplut.asm,SHARED,candidate-asm,candidate:th03/hfliplut.asm,map-public,,,,,,,,target-ghidra+candidate-map,TLINK public has no corresponding Ghidra function entry.
th04-main-boundary-131ea,th04-main,mz-load-module,0x131EA,0x231EA,0x131EA,0x29,0x29,reviewed,authored,reconstruct,exact,MPN_FREE,MPN_FREE,th04/mpn_free.cpp,SHARED,candidate-cpp,src/main/formats/mpn_free.cpp,ghidra+map-public,,,,true,1,2,1,ev-th04-main-function-screen-strict-v2,"Target Ghidra body is contiguous (41 bytes), starts at the same local TLINK public, and lies wholly inside exact authored owner th04-main-mpn-free."
th04-main-boundary-13213,th04-main,mz-load-module,0x13213,0x23213,0x13213,0x56,0x56,reviewed,authored,reconstruct,exact,input_wait_for_change(int),input_wait_for_change(int),th04/input_w.cpp,SHARED,candidate-cpp,src/main/hardware/input_wait.cpp,ghidra+map-public,,,,true,1,2,3,ev-th04-main-function-screen-strict-v2,"Target Ghidra body is contiguous (86 bytes), starts at the same local TLINK public, and lies wholly inside exact authored owner th04-main-input-wait-for-change."
th04-main-boundary-13269,th04-main,mz-load-module,0x13269,0x23269,0x13269,0x25,0x25,reviewed,authored,reconstruct,exact,MPN_PALETTE_SHOW,MPN_PALETTE_SHOW,th04/mpn_l_i.cpp,SHARED,candidate-cpp,src/main/formats/mpn_load.cpp,ghidra+map-public,,,,true,1,1,2,ev-th04-main-function-screen-strict-v2,"Target Ghidra body is contiguous (37 bytes), starts at the same local TLINK public, and lies wholly inside exact authored owner th04-main-module-th04-mpn-l-i-cpp-13269."
th04-main-boundary-1328e,th04-main,mz-load-module,0x1328E,0x2328E,0x1328E,0x92,0x92,reviewed,authored,reconstruct,exact,MPN_LOAD_PALETTE_SHOW,MPN_LOAD_PALETTE_SHOW,th04/mpn_l_i.cpp,SHARED,candidate-cpp,src/main/formats/mpn_load.cpp,ghidra+map-public,,,,true,1,1,6,ev-th04-main-function-screen-strict-v2,"Target Ghidra body is contiguous (146 bytes), starts at the same local TLINK public, and lies wholly inside exact authored owner th04-main-module-th04-mpn-l-i-cpp-13269."
th04-main-boundary-13320,th04-main,mz-load-module,0x13320,0x23320,0x13320,0x1C,0x1C,reviewed,authored,reconstruct,exact,"polar(int,int,int)","polar(int,int,int)",th04/vector.cpp,SHARED,candidate-cpp,src/main/math/vector.cpp,ghidra+map-public,,,,true,1,9,0,ev-th04-main-function-screen-strict-v2,"Target Ghidra body is contiguous (28 bytes), starts at the same local TLINK public, and lies wholly inside exact authored owner th04-main-module-th04-vector-cpp-13320."
th04-main-boundary-1333c,th04-main,mz-load-module,0x1333C,0x2333C,0x1333C,0x42,0x42,reviewed,authored,reconstruct,exact,VECTOR2_AT,VECTOR2_AT,th04/vector.cpp,SHARED,candidate-cpp,src/main/math/vector.cpp,ghidra+map-public,,,,true,1,8,0,ev-th04-main-function-screen-strict-v2,"Target Ghidra body is contiguous (66 bytes), starts at the same local TLINK public, and lies wholly inside exact authored owner th04-main-module-th04-vector-cpp-13320."
th04-main-boundary-1337e,th04-main,mz-load-module,0x1337E,0x2337E,0x1337E,0x2E,0x2E,reviewed,authored,reconstruct,exact,snd_pmd_resident,_snd_pmd_resident,th04/snd_pmdr.c,SHARED,candidate-c,src/main/sound/pmd_resident.c,ghidra+map-public,,,,true,1,1,0,ev-th04-main-authored-screen-target;ev-th04-main-function-screen-strict-v2;ev-th04-main-snd-pmd-resident-boundary;ev-th04-main-function-screen-pmd-v4,Strict target boundary review: contiguous 46-byte Ghidra body and local TLINK public lie wholly inside the full exact pure-C snd_pmd_resident owner; __es IVT access reproduces the target LES without inline assembly.
th04-main-boundary-133ac,th04-main,mz-load-module,0x133AC,0x233AC,0x133AC,0x2F,0x2F,reviewed,authored,reconstruct,exact,_snd_mmd_resident,_snd_mmd_resident,th04/snd_mmdr.c,SHARED,candidate-c,src/main/sound/mmd_resident.c,ghidra+map-public,,,,true,1,1,0,ev-th04-main-snd-mmd-resident-boundary-v2,New exact-owner function admitted by explicit policy: Fresh target Ghidra/TLINK/raw review binds the complete 47-byte far function inside the exact natural-C owner after removing -WX; trailing 0x90 is separate padding.
th04-main-boundary-133dc,th04-main,mz-load-module,0x133DC,0x233DC,0x133DC,0x1E,0x1E,reviewed,authored,reconstruct,exact,SND_KAJA_INTERRUPT,SND_KAJA_INTERRUPT,th04/snd_kaja.cpp,SHARED,candidate-cpp,src/main/sound/kaja_interrupt.cpp,ghidra+map-public,,,,true,1,7,0,ev-th04-main-function-screen-strict-v2,"Target Ghidra body is contiguous (30 bytes), starts at the same local TLINK public, and lies wholly inside exact authored owner th04-main-snd-kaja-interrupt."
th04-main-boundary-133fa,th04-main,mz-load-module,0x133FA,0x233FA,0x133FA,0x9C,0x9C,reviewed,authored,reconstruct,exact,SND_DETERMINE_MODES,SND_DETERMINE_MODES,th04/snd_mode.cpp,SHARED,candidate-cpp,src/main/sound/determine_modes.cpp,ghidra+map-public,,,,true,1,1,2,ev-th04-main-function-screen-strict-v2,"Target Ghidra body is contiguous (156 bytes), starts at the same local TLINK public, and lies wholly inside exact authored owner th04-main-snd-determine-modes."
th04-main-boundary-13496,th04-main,mz-load-module,0x13496,0x23496,0x13496,0xEA,0xEA,reviewed,authored,reconstruct,blocked,snd_load,SND_LOAD,th04/snd_load.cpp,SHARED,candidate-cpp,,ghidra+map-public,,,,true,1,2,2,ev-th04-main-authored-screen-target;ev-th04-main-function-screen-strict-v2;ev-th04-main-snd-load-reviewed-boundary-v2;ev-th04-main-snd-load-reviewed-boundary-v3,"Reviewed nonexact target boundary: The complete 234-byte function has a reviewed raw/TLINK/Ghidra boundary. Only four authored bytes remain nonexact: PUSH DS, target 89 C3 versus compiler/TASM 8B D8 for MOV BX,AX, and POP DS. The DOS-open, driver-dispatch/read, and BP-relative func reload subspans are independently cold-replayed exact from maintained natural C++."
th04-main-boundary-13580,th04-main,mz-load-module,0x13580,0x23580,0x13580,0x9D,0x9D,corroborated,original-asm,attest-asm,unreviewed,CDG_PUT_8,CDG_PUT_8,th04/cdg_put.asm,SHARED,candidate-asm,candidate:th04/cdg_put.asm,ghidra+map-public,,,,true,1,0,0,target-ghidra+candidate-map,
th04-main-boundary-1361e,th04-main,mz-load-module,0x1361E,0x2361E,0x1361E,0x48,0x48,reviewed,authored,reconstruct,exact,game_exit(),game_exit(),th04/exit.cpp,SHARED,candidate-cpp,src/main/core/exit.cpp,ghidra+map-public,,,,true,1,1,8,ev-th04-main-function-screen-strict-v2,"Target Ghidra body is contiguous (72 bytes), starts at the same local TLINK public, and lies wholly inside exact authored owner th04-main-game-exit."
th04-main-boundary-13666,th04-main,mz-load-module,0x13666,0x23666,0x13666,0x4D,0x4D,reviewed,authored,reconstruct,exact,game_init_main(const unsigned char far*),game_init_main(const unsigned char far*),th04/initmain.cpp,SHARED,candidate-cpp,src/main/core/init.cpp,ghidra+map-public,,,,true,1,1,8,ev-th04-main-function-screen-strict-v2,"Target Ghidra body is contiguous (77 bytes), starts at the same local TLINK public, and lies wholly inside exact authored owner th04-main-initmain-function."
th04-main-boundary-136b4,th04-main,mz-load-module,0x136B4,0x236B4,0x136B4,0x65,0x65,corroborated,authored,reconstruct,unreviewed,CDG_PUT_NOALPHA_8,CDG_PUT_NOALPHA_8,th04/cdg_p_na.cpp,SHARED,candidate-cpp,candidate:th04/cdg_p_na.cpp,ghidra+map-public,,,,true,1,5,0,target-ghidra+candidate-map,
th04-main-boundary-1371a,th04-main,mz-load-module,0x1371A,0x2371A,0x1371A,0x82,0x82,corroborated,original-asm,attest-asm,unreviewed,"cdg_put_plane_roll_8(int,int,int,vram_plane_t,unsigned char _seg *)","cdg_put_plane_roll_8(int,int,int,vram_plane_t,unsigned char _seg *)",th04/cdg_p_pr.asm,SHARED,candidate-asm,candidate:th04/cdg_p_pr.asm,ghidra+map-public,,,,true,1,1,0,target-ghidra+candidate-map,
th04-main-boundary-1379c,th04-main,mz-load-module,0x1379C,0x2379C,0x1379C,0x8,0x8,corroborated,original-asm,attest-asm,unreviewed,input_reset_sense(),input_reset_sense(),th04/input_s.asm,SHARED,candidate-asm,candidate:th04/input_s.asm,ghidra+map-public,,,,true,1,5,0,target-ghidra+candidate-map,
th04-main-boundary-137a4,th04-main,mz-load-module,0x137A4,0x237A4,0x137A4,0x101,0x101,corroborated,original-asm,attest-asm,unreviewed,input_sense(),input_sense(),th04/input_s.asm,SHARED,candidate-asm,candidate:th04/input_s.asm,ghidra+map-public,,,,true,1,3,1,target-ghidra+candidate-map,
th04-main-boundary-138a6,th04-main,mz-load-module,0x138A6,0x238A6,0x138A6,0xB,0xB,reviewed,authored,reconstruct,exact,_snd_se_reset,_snd_se_reset,th02/snd_se_r.cpp,SHARED,cross-game-candidate-cpp,src/main/sound/se_reset.inl,map-public,,,,,,,,ev-th04-main-snd-se-reset-no-ghidra-boundary-v1,Manual target boundary review overrides a Ghidra body-construction false negative: validated linear raw decode; Target Ghidra has no function entry at this TLINK public; exact authored ownership plus gap-free raw decode through RETF ends at the exact-owner boundary before codestring padding.
th04-main-boundary-138b2,th04-main,mz-load-module,0x138B2,0x238B2,0x138B2,0x39,0x39,reviewed,authored,reconstruct,exact,SND_SE_PLAY,SND_SE_PLAY,th04/snd_se.cpp,SHARED,candidate-cpp,src/main/sound/se_play.inl,ghidra+map-public,,,,true,1,90,0,ev-th04-main-function-screen-strict-v2,"Target Ghidra body is contiguous (57 bytes), starts at the same local TLINK public, and lies wholly inside exact authored owner th04-main-snd-se-play."
th04-main-boundary-138ec,th04-main,mz-load-module,0x138EC,0x238EC,0x138EC,0x4C,0x4C,reviewed,authored,reconstruct,exact,_snd_se_update,_snd_se_update,th04/snd_se.cpp,SHARED,candidate-cpp,src/main/sound/se_update.inl,ghidra+map-public,,,,true,1,1,1,ev-th04-main-function-screen-strict-v2,"Target Ghidra body is contiguous (76 bytes), starts at the same local TLINK public, and lies wholly inside exact authored owner th04-main-snd-se-update."
th04-main-boundary-13938,th04-main,mz-load-module,0x13938,0x23938,0x13938,0x65,0x65,corroborated,original-asm,attest-asm,unreviewed,CDG_LOAD_SINGLE_NOALPHA,CDG_LOAD_SINGLE_NOALPHA,th04/cdg_load.asm,SHARED,candidate-asm,candidate:th04/cdg_load.asm,ghidra+map-public,,,,true,1,11,6,target-ghidra+candidate-map,
th04-main-boundary-1393e,th04-main,mz-load-module,0x1393E,0x2393E,0x1393E,0x0,0x0,provisional,original-asm,attest-asm,unreviewed,CDG_LOAD_SINGLE,CDG_LOAD_SINGLE,th04/cdg_load.asm,SHARED,candidate-asm,candidate:th04/cdg_load.asm,map-public,,,,,,,,target-ghidra+candidate-map,TLINK public has no corresponding Ghidra function entry.
th04-main-boundary-1399e,th04-main,mz-load-module,0x1399E,0x2399E,0x1399E,0x58,0x58,provisional,original-asm,attest-asm,unreviewed,FUN_230e_08be,,th04/cdg_load.asm,SHARED,candidate-asm,candidate:th04/cdg_load.asm,ghidra,,,,true,1,2,3,target-ghidra+candidate-map,Ghidra-only boundary has no TLINK public or TASM PROC at its entry.
th04-main-boundary-139f6,th04-main,mz-load-module,0x139F6,0x239F6,0x139F6,0x0,0x0,provisional,original-asm,attest-asm,unreviewed,CDG_LOAD_ALL_NOALPHA,CDG_LOAD_ALL_NOALPHA,th04/cdg_load.asm,SHARED,candidate-asm,candidate:th04/cdg_load.asm,map-public,,,,,,,,target-ghidra+candidate-map,TLINK public has no corresponding Ghidra function entry.
th04-main-boundary-139fc,th04-main,mz-load-module,0x139FC,0x239FC,0x139FC,0x5C,0x5C,corroborated,original-asm,attest-asm,unreviewed,CDG_LOAD_ALL,CDG_LOAD_ALL,th04/cdg_load.asm,SHARED,candidate-asm,candidate:th04/cdg_load.asm,ghidra+map-public,,,,true,1,3,5,target-ghidra+candidate-map,
th04-main-boundary-13a58,th04-main,mz-load-module,0x13A58,0x23A58,0x13A58,0x35,0x35,corroborated,original-asm,attest-asm,unreviewed,CDG_FREE,CDG_FREE,th04/cdg_load.asm,SHARED,candidate-asm,candidate:th04/cdg_load.asm,ghidra+map-public,,,,true,1,11,1,target-ghidra+candidate-map,
th04-main-boundary-13a8e,th04-main,mz-load-module,0x13A8E,0x23A8E,0x13A8E,0xE,0xE,corroborated,original-asm,attest-asm,unreviewed,CDG_FREE_ALL,CDG_FREE_ALL,th04/cdg_load.asm,SHARED,candidate-asm,candidate:th04/cdg_load.asm,ghidra+map-public,,,,true,1,1,1,target-ghidra+candidate-map,
th04-main-boundary-13a9c,th04-main,mz-load-module,0x13A9C,0x23A9C,0x13A9C,0x1B,0x1B,reviewed,authored,reconstruct,exact,set_gather_template_to_bullet_te(gather_t near&),set_gather_template_to_bullet_te(gather_t near&),th04/gather.cpp,GATHER_TEXT,candidate-cpp,src/main/gather.cpp,ghidra+map-public,,,,true,1,1,0,ev-th04-main-function-screen-strict-v2,"Target Ghidra body is contiguous (27 bytes), starts at the same local TLINK public, and lies wholly inside exact authored owner th04-main-module-th04-gather-cpp-13a9c."
th04-main-boundary-13ab7,th04-main,mz-load-module,0x13AB7,0x23AB7,0x13AB7,0x6A,0x6A,reviewed,authored,reconstruct,exact,gather_add_bullets(),gather_add_bullets(),th04/gather.cpp,GATHER_TEXT,candidate-cpp,src/main/gather.cpp,ghidra+map-public,,,,true,1,1,1,ev-th04-main-function-screen-strict-v2,"Target Ghidra body is contiguous (106 bytes), starts at the same local TLINK public, and lies wholly inside exact authored owner th04-main-module-th04-gather-cpp-13a9c."
th04-main-boundary-13b21,th04-main,mz-load-module,0x13B21,0x23B21,0x13B21,0x68,0x68,reviewed,authored,reconstruct,exact,gather_add_only(),gather_add_only(),th04/gather.cpp,GATHER_TEXT,candidate-cpp,src/main/gather.cpp,ghidra+map-public,,,,true,1,5,0,ev-th04-main-function-screen-strict-v2,"Target Ghidra body is contiguous (104 bytes), starts at the same local TLINK public, and lies wholly inside exact authored owner th04-main-module-th04-gather-cpp-13a9c."
th04-main-boundary-13b89,th04-main,mz-load-module,0x13B89,0x23B89,0x13B89,0x2A,0x2A,reviewed,authored,reconstruct,exact,"gather_add_only_3stack(int,unsigned int,unsigned int)","gather_add_only_3stack(int,unsigned int,unsigned int)",th04/gather.cpp,GATHER_TEXT,candidate-cpp,src/main/gather.cpp,ghidra+map-public,,,,true,1,1,1,ev-th04-main-function-screen-strict-v2,"Target Ghidra body is contiguous (42 bytes), starts at the same local TLINK public, and lies wholly inside exact authored owner th04-main-module-th04-gather-cpp-13a9c."
th04-main-boundary-13bb3,th04-main,mz-load-module,0x13BB3,0x23BB3,0x13BB3,0x1B,0x1B,reviewed,authored,reconstruct,exact,set_bullet_template_to_gather_te(gather_t near&),set_bullet_template_to_gather_te(gather_t near&),th04/gather.cpp,GATHER_TEXT,candidate-cpp,src/main/gather.cpp,ghidra+map-public,,,,true,1,1,0,ev-th04-main-function-screen-strict-v2,"Target Ghidra body is contiguous (27 bytes), starts at the same local TLINK public, and lies wholly inside exact authored owner th04-main-module-th04-gather-cpp-13a9c."
th04-main-boundary-13bce,th04-main,mz-load-module,0x13BCE,0x23BCE,0x13BCE,0x64,0x64,reviewed,authored,reconstruct,exact,gather_update(),gather_update(),th04/gather.cpp,GATHER_TEXT,candidate-cpp,src/main/gather.cpp,ghidra+map-public,,,,true,1,1,2,ev-th04-main-function-screen-strict-v2,"Target Ghidra body is contiguous (100 bytes), starts at the same local TLINK public, and lies wholly inside exact authored owner th04-main-module-th04-gather-cpp-13a9c."
th04-main-boundary-13c32,th04-main,mz-load-module,0x13C32,0x23C32,0x13C32,0x2A,0x2A,reviewed,authored,reconstruct,exact,gather_point_on_playfield(),gather_point_on_playfield(),th04/gather.cpp,GATHER_TEXT,candidate-cpp,src/main/gather.cpp,ghidra+map-public,,,,true,1,1,0,ev-th04-main-function-screen-strict-v2,"Target Ghidra body is contiguous (42 bytes), starts at the same local TLINK public, and lies wholly inside exact authored owner th04-main-module-th04-gather-cpp-13a9c."
th04-main-boundary-13c5c,th04-main,mz-load-module,0x13C5C,0x23C5C,0x13C5C,0x8B,0x8B,reviewed,authored,reconstruct,exact,gather_render(),gather_render(),th04/gather.cpp,GATHER_TEXT,candidate-cpp,src/main/gather.cpp,ghidra+map-public,,,,true,1,1,5,ev-th04-main-function-screen-strict-v2,"Target Ghidra body is contiguous (139 bytes), starts at the same local TLINK public, and lies wholly inside exact authored owner th04-main-module-th04-gather-cpp-13a9c."
th04-main-boundary-13ce8,th04-main,mz-load-module,0x13CE8,0x23CE8,0x13CE8,0x28,0x28,reviewed,authored,reconstruct,exact,SCROLL_SUBPIXEL_Y_TO_VRAM_SEG3,SCROLL_SUBPIXEL_Y_TO_VRAM_SEG3,th04/scrolly3.cpp,SCROLLY3_TEXT,candidate-cpp,src/main/scroll_y.inl,ghidra+map-public,,,,true,1,3,0,ev-th04-main-function-screen-strict-v2,"Target Ghidra body is contiguous (40 bytes), starts at the same local TLINK public, and lies wholly inside exact authored owner th04-main-scrolly-functions."
th04-main-boundary-13d10,th04-main,mz-load-module,0x13D10,0x23D10,0x13D10,0x21,0x21,reviewed,authored,reconstruct,exact,SCROLL_SUBPIXEL_Y_TO_VRAM_ALWAYS,SCROLL_SUBPIXEL_Y_TO_VRAM_ALWAYS,th04/scrolly3.cpp,SCROLLY3_TEXT,candidate-cpp,src/main/scroll_y.inl,ghidra+map-public,,,,true,1,2,0,ev-th04-main-function-screen-strict-v2,"Target Ghidra body is contiguous (33 bytes), starts at the same local TLINK public, and lies wholly inside exact authored owner th04-main-scrolly-functions."
th04-main-boundary-13d32,th04-main,mz-load-module,0x13D32,0x23D32,0x13D32,0x20,0x20,corroborated,original-asm,attest-asm,unreviewed,playfieldmotion::update_seg3(),playfieldmotion::update_seg3(),th04/motion_3.asm,MOTION_3_TEXT,candidate-asm,candidate:th04/motion_3.asm,ghidra+map-public,,,,true,1,17,0,target-ghidra+candidate-map,
th04-main-boundary-13d52,th04-main,mz-load-module,0x13D52,0x23D52,0x13D52,0xD,0xD,corroborated,authored,reconstruct,unreviewed,randring2_next16(),randring2_next16(),th04_main.asm,MAIN_032_TEXT,target-derived-asm,candidate:th04_main.asm,ghidra+map-public+tasm-proc,@randring2_next16$qv,near,38489,true,1,19,0,target-ghidra+candidate-map,
th04-main-boundary-13d60,th04-main,mz-load-module,0x13D60,0x23D60,0x13D60,0x15,0x15,corroborated,authored,reconstruct,unreviewed,randring2_next16_and(unsigned int),randring2_next16_and(unsigned int),th04_main.asm,MAIN_032_TEXT,target-derived-asm,candidate:th04_main.asm,ghidra+map-public+tasm-proc,@randring2_next16_and$qui,near,38498,true,1,25,0,target-ghidra+candidate-map,
th04-main-boundary-13d76,th04-main,mz-load-module,0x13D76,0x23D76,0x13D76,0x19,0x19,corroborated,authored,reconstruct,unreviewed,randring2_next16_mod(unsigned int),randring2_next16_mod(unsigned int),th04_main.asm,MAIN_032_TEXT,target-derived-asm,candidate:th04_main.asm,ghidra+map-public+tasm-proc,@randring2_next16_mod$qui,near,38570,true,1,17,0,target-ghidra+candidate-map,
th04-main-boundary-13d90,th04-main,mz-load-module,0x13D90,0x23D90,0x13D90,0x1A,0x1A,provisional,authored,reconstruct,unreviewed,"pointnums_add_yellow(int,int,unsigned int)","pointnums_add_yellow(int,int,unsigned int)",th04_main.asm,MAIN_032_TEXT,target-derived-asm,candidate:th04_main.asm,ghidra+map-public+tasm-proc,pointnums_add,near,38644,true,1,1,0,target-ghidra+candidate-map,"Pinned TASM/raw review disproves the closed 0x1A Ghidra extent: yellow JMPs from 0x23DA8 into shared @@add tail at 0x23DBE, which is also reached by white entry 0x23DAA. Treat 0x1A as a truncated Ghidra body; physical PROC spans through RET at 0x23DF0. See ev-th04-main-pointnums-shared-tail-v104."
th04-main-boundary-13daa,th04-main,mz-load-module,0x13DAA,0x23DAA,0x13DAA,0x47,0x47,corroborated,authored,reconstruct,unreviewed,"pointnums_add_white(int,int,unsigned int)","pointnums_add_white(int,int,unsigned int)",th04_main.asm,MAIN_032_TEXT,target-derived-asm,candidate:th04_main.asm,ghidra+map-public,,,,true,1,1,1,target-ghidra+candidate-map,
th04-main-boundary-13df2,th04-main,mz-load-module,0x13DF2,0x23DF2,0x13DF2,0x37,0x37,corroborated,original-asm,attest-asm,unreviewed,VECTOR2_NEAR,VECTOR2_NEAR,th04/vector2n.asm,VECTOR2N_TEXT,candidate-asm,candidate:th04/vector2n.asm,ghidra+map-public,,,,true,1,10,0,target-ghidra+candidate-map,
th04-main-boundary-13e2a,th04-main,mz-load-module,0x13E2A,0x23E2A,0x13E2A,0x62,0x62,corroborated,original-asm,attest-asm,unreviewed,"sparks_add_random(subpixelbase<int,int>,subpixelbase<int,int>,int,int)","sparks_add_random(subpixelbase<int,int>,subpixelbase<int,int>,int,int)",th04/spark_a.asm,SPARK_A_TEXT,candidate-asm,candidate:th04/spark_a.asm,ghidra+map-public,,,,true,1,4,2,target-ghidra+candidate-map,
th04-main-boundary-13e8c,th04-main,mz-load-module,0x13E8C,0x23E8C,0x13E8C,0x69,0x69,corroborated,original-asm,attest-asm,unreviewed,"sparks_add_circle(subpixelbase<int,int>,subpixelbase<int,int>,int,int)","sparks_add_circle(subpixelbase<int,int>,subpixelbase<int,int>,int,int)",th04/spark_a.asm,SPARK_A_TEXT,candidate-asm,candidate:th04/spark_a.asm,ghidra+map-public,,,,true,1,5,1,target-ghidra+candidate-map,
th04-main-boundary-13ef6,th04-main,mz-load-module,0x13EF6,0x23EF6,0x13EF6,0x1A,0x1A,reviewed,authored,reconstruct,exact,grcg_setcolor_direct_seg3_raw(),grcg_setcolor_direct_seg3_raw(),th04/grcg_3.cpp,GRCG_3_TEXT,candidate-cpp,src/main/hardware/grcg3.cpp,ghidra+map-public,,,,true,1,1,0,ev-th04-main-function-screen-strict-v2,"Target Ghidra body is contiguous (26 bytes), starts at the same local TLINK public, and lies wholly inside exact authored owner th04-main-grcg3-functions."
th04-main-boundary-13f10,th04-main,mz-load-module,0x13F10,0x23F10,0x13F10,0x5,0x5,reviewed,authored,reconstruct,exact,grcg_setmode_rmw_seg3(),grcg_setmode_rmw_seg3(),th04/grcg_3.cpp,GRCG_3_TEXT,candidate-cpp,src/main/hardware/grcg3.cpp,map-public,,,,,,,,ev-th04-main-grcg-rmw-no-ghidra-boundary-v1,Manual target boundary review overrides a Ghidra body-construction false negative: validated linear raw decode; Target Ghidra has no function entry at this TLINK public; exact authored ownership plus gap-free raw decode through RET ends at the exact-owner boundary.
th04-main-boundary-13f16,th04-main,mz-load-module,0x13F16,0x23F16,0x13F16,0x1A,0x1A,corroborated,authored,reconstruct,unreviewed,item_splashes_init(),item_splashes_init(),th04/it_spl_u.cpp,IT_SPL_U_TEXT,candidate-cpp,candidate:th04/it_spl_u.cpp,ghidra+map-public,,,,true,1,1,0,target-ghidra+candidate-map,
th04-main-boundary-13f30,th04-main,mz-load-module,0x13F30,0x23F30,0x13F30,0x48,0x48,reviewed,authored,reconstruct,exact,"item_splashes_add(subpixelbase<int,int>,subpixelbase<int,int>)","item_splashes_add(subpixelbase<int,int>,subpixelbase<int,int>)",th04/it_spl_u.cpp,IT_SPL_U_TEXT,candidate-cpp,src/main/item/splashes.inl,ghidra+map-public,,,,true,1,1,0,ev-th04-main-function-screen-strict-v2,"Target Ghidra body is contiguous (72 bytes), starts at the same local TLINK public, and lies wholly inside exact authored owner th04-main-item-splashes-suffix."
th04-main-boundary-13f78,th04-main,mz-load-module,0x13F78,0x23F78,0x13F78,0x3A,0x3A,reviewed,authored,reconstruct,exact,item_splashes_update(),item_splashes_update(),th04/it_spl_u.cpp,IT_SPL_U_TEXT,candidate-cpp,src/main/item/splashes.inl,ghidra+map-public,,,,true,1,1,0,ev-th04-main-function-screen-strict-v2,"Target Ghidra body is contiguous (58 bytes), starts at the same local TLINK public, and lies wholly inside exact authored owner th04-main-item-splashes-suffix."
th04-main-boundary-13fb2,th04-main,mz-load-module,0x13FB2,0x23FB2,0x13FB2,0x65,0x65,corroborated,authored,reconstruct,unreviewed,sub_13FB2,,th04_main.asm,B4M_UPDATE_TEXT,target-derived-asm,candidate:th04_main.asm,ghidra+tasm-proc,sub_13FB2,near,38756,true,1,0,0,target-ghidra+candidate-map,
th04-main-boundary-14017,th04-main,mz-load-module,0x14017,0x24017,0x14017,0x4,0x4,corroborated,authored,reconstruct,unreviewed,midboss1_update(),midboss1_update(),th04_main.asm,B4M_UPDATE_TEXT,target-derived-asm,candidate:th04_main.asm,ghidra+map-public+tasm-proc,@midboss1_update$qv,far,38802,true,1,0,0,target-ghidra+candidate-map,
th04-main-boundary-142f1,th04-main,mz-load-module,0x142F1,0x242F1,0x142F1,0x92,0x92,corroborated,authored,reconstruct,unreviewed,sub_142F1,,th04_main.asm,B4M_UPDATE_TEXT,target-derived-asm,candidate:th04_main.asm,ghidra+tasm-proc,sub_142F1,near,39115,true,1,0,2,target-ghidra+candidate-map,
th04-main-boundary-14383,th04-main,mz-load-module,0x14383,0x24383,0x14383,0x44,0x44,corroborated,authored,reconstruct,unreviewed,sub_14383,,th04_main.asm,B4M_UPDATE_TEXT,target-derived-asm,candidate:th04_main.asm,ghidra+tasm-proc,sub_14383,near,39178,true,1,0,3,target-ghidra+candidate-map,
th04-main-boundary-143c7,th04-main,mz-load-module,0x143C7,0x243C7,0x143C7,0x5E,0x5E,corroborated,authored,reconstruct,unreviewed,sub_143C7,,th04_main.asm,B4M_UPDATE_TEXT,target-derived-asm,candidate:th04_main.asm,ghidra+tasm-proc,sub_143C7,near,39209,true,1,0,1,target-ghidra+candidate-map,
th04-main-boundary-14425,th04-main,mz-load-module,0x14425,0x24425,0x14425,0x66,0x66,corroborated,authored,reconstruct,unreviewed,sub_14425,,th04_main.asm,B4M_UPDATE_TEXT,target-derived-asm,candidate:th04_main.asm,ghidra+tasm-proc,sub_14425,near,39259,true,1,0,3,target-ghidra+candidate-map,
th04-main-boundary-1448b,th04-main,mz-load-module,0x1448B,0x2448B,0x1448B,0x0,0x0,provisional,authored,reconstruct,unreviewed,midboss3_update(),midboss3_update(),th04_main.asm,B4M_UPDATE_TEXT,target-derived-asm,candidate:th04_main.asm,map-public+tasm-proc,@midboss3_update$qv,far,39306,,,,,target-ghidra+candidate-map,TLINK public has no corresponding Ghidra function entry.
th04-main-boundary-146af,th04-main,mz-load-module,0x146AF,0x246AF,0x146AF,0x0,0x0,provisional,authored,reconstruct,unreviewed,sub_146AF,,th04_main.asm,B4M_UPDATE_TEXT,target-derived-asm,candidate:th04_main.asm,tasm-proc,sub_146AF,near,39580,,,,,target-ghidra+candidate-map,TLINK public has no corresponding Ghidra function entry.
th04-main-boundary-14700,th04-main,mz-load-module,0x14700,0x24700,0x14700,0x6F,0x6F,corroborated,authored,reconstruct,unreviewed,sub_14700,,th04_main.asm,B4M_UPDATE_TEXT,target-derived-asm,candidate:th04_main.asm,ghidra+tasm-proc,sub_14700,near,39617,true,1,0,1,target-ghidra+candidate-map,
th04-main-boundary-1476f,th04-main,mz-load-module,0x1476F,0x2476F,0x1476F,0x29,0x29,corroborated,authored,reconstruct,unreviewed,sub_1476F,,th04_main.asm,B4M_UPDATE_TEXT,target-derived-asm,candidate:th04_main.asm,ghidra+tasm-proc,sub_1476F,near,39672,true,1,0,1,target-ghidra+candidate-map,
th04-main-boundary-14798,th04-main,mz-load-module,0x14798,0x24798,0x14798,0x43,0x43,corroborated,authored,reconstruct,unreviewed,sub_14798,,th04_main.asm,B4M_UPDATE_TEXT,target-derived-asm,candidate:th04_main.asm,ghidra+tasm-proc,sub_14798,near,39695,true,1,0,2,target-ghidra+candidate-map,
th04-main-boundary-147db,th04-main,mz-load-module,0x147DB,0x247DB,0x147DB,0x4D,0x4D,corroborated,authored,reconstruct,unreviewed,sub_147DB,,th04_main.asm,B4M_UPDATE_TEXT,target-derived-asm,candidate:th04_main.asm,ghidra+tasm-proc,sub_147DB,near,39735,true,1,0,2,target-ghidra+candidate-map,
th04-main-boundary-14828,th04-main,mz-load-module,0x14828,0x24828,0x14828,0x46,0x46,corroborated,authored,reconstruct,unreviewed,sub_14828,,th04_main.asm,B4M_UPDATE_TEXT,target-derived-asm,candidate:th04_main.asm,ghidra+tasm-proc,sub_14828,near,39770,true,1,0,1,target-ghidra+candidate-map,
th04-main-boundary-1486e,th04-main,mz-load-module,0x1486E,0x2486E,0x1486E,0x25,0x89,provisional,authored,reconstruct,unreviewed,sub_1486E,,th04_main.asm,B4M_UPDATE_TEXT,target-derived-asm,candidate:th04_main.asm,ghidra+tasm-proc,sub_1486E,near,39800,false,2,0,0,target-ghidra+candidate-map,Ghidra body is noncontiguous and requires control-flow reconciliation.
th04-main-boundary-1494c,th04-main,mz-load-module,0x1494C,0x2494C,0x1494C,0x0,0x0,provisional,authored,reconstruct,unreviewed,midbossx_update(),midbossx_update(),th04_main.asm,B4M_UPDATE_TEXT,target-derived-asm,candidate:th04_main.asm,map-public+tasm-proc,@midbossx_update$qv,far,39925,,,,,target-ghidra+candidate-map,TLINK public has no corresponding Ghidra function entry.
th04-main-boundary-14a98,th04-main,mz-load-module,0x14A98,0x24A98,0x14A98,0x5A,0x5A,corroborated,authored,reconstruct,unreviewed,"gather_point_render(int,int)","gather_point_render(int,int)",th04_main.asm,B4M_UPDATE_TEXT,target-derived-asm,candidate:th04_main.asm,ghidra+map-public+tasm-proc,@gather_point_render$qii,near,40082,true,1,1,0,target-ghidra+candidate-map,
th04-main-boundary-14af2,th04-main,mz-load-module,0x14AF2,0x24AF2,0x14AF2,0x84,0x84,corroborated,authored,reconstruct,unreviewed,sub_14AF2,,th04_main.asm,B4M_UPDATE_TEXT,target-derived-asm,candidate:th04_main.asm,ghidra+tasm-proc,sub_14AF2,near,40159,true,1,0,1,target-ghidra+candidate-map,
th04-main-boundary-14b76,th04-main,mz-load-module,0x14B76,0x24B76,0x14B76,0x57,0x57,corroborated,authored,reconstruct,unreviewed,sub_14B76,,th04_main.asm,B4M_UPDATE_TEXT,target-derived-asm,candidate:th04_main.asm,ghidra+tasm-proc,sub_14B76,near,40227,true,1,0,1,target-ghidra+candidate-map,
th04-main-boundary-14bcd,th04-main,mz-load-module,0x14BCD,0x24BCD,0x14BCD,0x78,0x78,corroborated,authored,reconstruct,unreviewed,sub_14BCD,,th04_main.asm,B4M_UPDATE_TEXT,target-derived-asm,candidate:th04_main.asm,ghidra+tasm-proc,sub_14BCD,near,40273,true,1,0,1,target-ghidra+candidate-map,
th04-main-boundary-14c45,th04-main,mz-load-module,0x14C45,0x24C45,0x14C45,0xB8,0xB8,corroborated,authored,reconstruct,unreviewed,sub_14C45,,th04_main.asm,B4M_UPDATE_TEXT,target-derived-asm,candidate:th04_main.asm,ghidra+tasm-proc,sub_14C45,near,40334,true,1,0,2,target-ghidra+candidate-map,
th04-main-boundary-14cfd,th04-main,mz-load-module,0x14CFD,0x24CFD,0x14CFD,0x17F,0x267,provisional,authored,reconstruct,unreviewed,midboss2_update(),midboss2_update(),th04_main.asm,B4M_UPDATE_TEXT,target-derived-asm,candidate:th04_main.asm,ghidra+map-public+tasm-proc,@midboss2_update$qv,far,40420,false,2,0,8,target-ghidra+candidate-map,Ghidra body is noncontiguous and requires control-flow reconciliation.
th04-main-boundary-14f78,th04-main,mz-load-module,0x14F78,0x24F78,0x14F78,0x0,0x0,provisional,authored,reconstruct,unreviewed,sub_14F78,,th04_main.asm,B4M_UPDATE_TEXT,target-derived-asm,candidate:th04_main.asm,tasm-proc,sub_14F78,near,40702,,,,,target-ghidra+candidate-map,TLINK public has no corresponding Ghidra function entry.
th04-main-boundary-15027,th04-main,mz-load-module,0x15027,0x25027,0x15027,0xD1,0xF6,provisional,authored,reconstruct,unreviewed,sub_15027,,th04_main.asm,B4M_UPDATE_TEXT,target-derived-asm,candidate:th04_main.asm,ghidra+tasm-proc,sub_15027,near,40793,false,2,0,3,target-ghidra+candidate-map,Ghidra body is noncontiguous and requires control-flow reconciliation.
th04-main-boundary-1511d,th04-main,mz-load-module,0x1511D,0x2511D,0x1511D,0xE5,0xE5,corroborated,authored,reconstruct,unreviewed,sub_1511D,,th04_main.asm,B4M_UPDATE_TEXT,target-derived-asm,candidate:th04_main.asm,ghidra+tasm-proc,sub_1511D,near,40922,true,1,0,4,target-ghidra+candidate-map,
th04-main-boundary-15202,th04-main,mz-load-module,0x15202,0x25202,0x15202,0xB2,0xB2,corroborated,authored,reconstruct,unreviewed,sub_15202,,th04_main.asm,B4M_UPDATE_TEXT,target-derived-asm,candidate:th04_main.asm,ghidra+tasm-proc,sub_15202,near,41031,true,1,0,1,target-ghidra+candidate-map,
th04-main-boundary-152b4,th04-main,mz-load-module,0x152B4,0x252B4,0x152B4,0x1DF,0x286,provisional,authored,reconstruct,unreviewed,midboss4_update(),midboss4_update(),th04_main.asm,B4M_UPDATE_TEXT,target-derived-asm,candidate:th04_main.asm,ghidra+map-public+tasm-proc,@midboss4_update$qv,far,41119,false,3,0,9,target-ghidra+candidate-map,Ghidra body is noncontiguous and requires control-flow reconciliation.
th04-main-boundary-1554f,th04-main,mz-load-module,0x1554F,0x2554F,0x1554F,0x0,0x0,provisional,authored,reconstruct,unreviewed,ENEMY_POS_UPDATE,ENEMY_POS_UPDATE,th04_main.asm,B4M_UPDATE_TEXT,target-derived-asm,candidate:th04_main.asm,map-public+tasm-proc,enemy_pos_update,near,41415,,,,,target-ghidra+candidate-map,TLINK public has no corresponding Ghidra function entry.
th04-main-boundary-15592,th04-main,mz-load-module,0x15592,0x25592,0x15592,0x18,0x18,corroborated,authored,reconstruct,unreviewed,ENEMY_VELOCITY_SET,ENEMY_VELOCITY_SET,th04_main.asm,B4M_UPDATE_TEXT,target-derived-asm,candidate:th04_main.asm,ghidra+map-public+tasm-proc,enemy_velocity_set,near,41466,true,1,0,1,target-ghidra+candidate-map,
th04-main-boundary-155aa,th04-main,mz-load-module,0x155AA,0x255AA,0x155AA,0x17,0x17,corroborated,authored,reconstruct,unreviewed,sub_155AA,,th04_main.asm,B4M_UPDATE_TEXT,target-derived-asm,candidate:th04_main.asm,ghidra+tasm-proc,sub_155AA,near,41488,true,1,0,0,target-ghidra+candidate-map,
th04-main-boundary-155dd,th04-main,mz-load-module,0x155DD,0x255DD,0x155DD,0x2A,0x2A,corroborated,authored,reconstruct,unreviewed,sub_155DD,,th04_main.asm,B4M_UPDATE_TEXT,target-derived-asm,candidate:th04_main.asm,ghidra+tasm-proc,sub_155DD,near,41528,true,1,1,0,target-ghidra+candidate-map,
th04-main-boundary-15852,th04-main,mz-load-module,0x15852,0x25852,0x15852,0x251,0xFFF5,excluded,authored,exclude,excluded,FUN_23a9_1dc2,,th04_main.asm,B4M_UPDATE_TEXT,target-derived-asm,candidate:th04_main.asm,ghidra,,,,false,20,0,9,target-ghidra+candidate-map,"Ghidra-only entry is not a PROC in the complete attested TASM listing. Ghidra entry is a switch/data/non-code artifact, not an accepted function boundary."
th04-main-boundary-15c6d,th04-main,mz-load-module,0x15C6D,0x25C6D,0x15C6D,0xF,0xF,corroborated,authored,reconstruct,unreviewed,explosions_small_reset(),explosions_small_reset(),th04_main.asm,B4M_UPDATE_TEXT,target-derived-asm,candidate:th04_main.asm,ghidra+map-public+tasm-proc,@explosions_small_reset$qv,far,42405,true,1,1,0,target-ghidra+candidate-map,
th04-main-boundary-15c7c,th04-main,mz-load-module,0x15C7C,0x25C7C,0x15C7C,0x13C,0xE6D,provisional,authored,reconstruct,unreviewed,boss_explode_small(explosion_type_t),boss_explode_small(explosion_type_t),th04_main.asm,B4M_UPDATE_TEXT,target-derived-asm,candidate:th04_main.asm,ghidra+map-public+tasm-proc,@boss_explode_small$q16explosion_type_t,near,42468,false,5,6,3,target-ghidra+candidate-map,Ghidra body is noncontiguous and requires control-flow reconciliation.
th04-main-boundary-15cfc,th04-main,mz-load-module,0x15CFC,0x25CFC,0x15CFC,0x4E,0x70,provisional,authored,reconstruct,unreviewed,boss_explode_big(unsigned int),boss_explode_big(unsigned int),th04_main.asm,B4M_UPDATE_TEXT,target-derived-asm,candidate:th04_main.asm,ghidra+map-public+tasm-proc,@boss_explode_big$qui,near,42543,false,2,1,1,target-ghidra+candidate-map,Ghidra body is noncontiguous and requires control-flow reconciliation.
th04-main-boundary-15d74,th04-main,mz-load-module,0x15D74,0x25D74,0x15D74,0x31,0x31,corroborated,authored,reconstruct,unreviewed,sub_15D74,,th04_main.asm,B4M_UPDATE_TEXT,target-derived-asm,candidate:th04_main.asm,ghidra+tasm-proc,sub_15D74,far,42616,true,1,1,0,target-ghidra+candidate-map,
th04-main-boundary-15da5,th04-main,mz-load-module,0x15DA5,0x25DA5,0x15DA5,0x18,0x18,corroborated,authored,reconstruct,unreviewed,thicklaser_template_pull(thicklaser_t near&),thicklaser_template_pull(thicklaser_t near&),th04_main.asm,B4M_UPDATE_TEXT,target-derived-asm,candidate:th04_main.asm,ghidra+map-public+tasm-proc,@thicklaser_template_pull$qr12thicklaser_t,near,42647,true,1,1,0,target-ghidra+candidate-map,
th04-main-boundary-15dbd,th04-main,mz-load-module,0x15DBD,0x25DBD,0x15DBD,0x2B,0x2B,corroborated,authored,reconstruct,unreviewed,sub_15DBD,,th04_main.asm,B4M_UPDATE_TEXT,target-derived-asm,candidate:th04_main.asm,ghidra+tasm-proc,sub_15DBD,near,42673,true,1,1,2,target-ghidra+candidate-map,
th04-main-boundary-15de8,th04-main,mz-load-module,0x15DE8,0x25DE8,0x15DE8,0xE6,0xE6,corroborated,authored,reconstruct,unreviewed,sub_15DE8,,th04_main.asm,B4M_UPDATE_TEXT,target-derived-asm,candidate:th04_main.asm,ghidra+tasm-proc,sub_15DE8,near,42721,true,1,2,1,target-ghidra+candidate-map,
th04-main-boundary-15ece,th04-main,mz-load-module,0x15ECE,0x25ECE,0x15ECE,0x9B,0xC1,provisional,authored,reconstruct,unreviewed,yuuka5_15ECE,,th04_main.asm,B4M_UPDATE_TEXT,target-derived-asm,candidate:th04_main.asm,ghidra+tasm-proc,yuuka5_15ECE,near,42843,false,3,0,3,target-ghidra+candidate-map,Ghidra body is noncontiguous and requires control-flow reconciliation.
th04-main-boundary-15f56,th04-main,mz-load-module,0x15F56,0x25F56,0x15F56,0x11,0x11,excluded,authored,exclude,excluded,FUN_23a9_24c6,,th04_main.asm,B4M_UPDATE_TEXT,target-derived-asm,candidate:th04_main.asm,ghidra,,,,true,1,0,1,target-ghidra+candidate-map,"Ghidra-only entry is not a PROC in the complete attested TASM listing. Ghidra entry is a switch/data/non-code artifact, not an accepted function boundary."
th04-main-boundary-15f8f,th04-main,mz-load-module,0x15F8F,0x25F8F,0x15F8F,0x8,0x8,excluded,authored,exclude,excluded,FUN_23a9_24ff,,th04_main.asm,B4M_UPDATE_TEXT,target-derived-asm,candidate:th04_main.asm,ghidra,,,,true,1,2,0,target-ghidra+candidate-map,"Ghidra-only entry is not a PROC in the complete attested TASM listing. Ghidra entry is a switch/data/non-code artifact, not an accepted function boundary."
th04-main-boundary-15f97,th04-main,mz-load-module,0x15F97,0x25F97,0x15F97,0x10E,0x10E,corroborated,authored,reconstruct,unreviewed,yuuka5_15F97,,th04_main.asm,B4M_UPDATE_TEXT,target-derived-asm,candidate:th04_main.asm,ghidra+tasm-proc,yuuka5_15F97,near,42944,true,1,0,1,target-ghidra+candidate-map,
th04-main-boundary-160a5,th04-main,mz-load-module,0x160A5,0x260A5,0x160A5,0x132,0x132,corroborated,authored,reconstruct,unreviewed,yuuka5_160A5,,th04_main.asm,B4M_UPDATE_TEXT,target-derived-asm,candidate:th04_main.asm,ghidra+tasm-proc,yuuka5_160A5,near,43063,true,1,0,2,target-ghidra+candidate-map,
th04-main-boundary-161d7,th04-main,mz-load-module,0x161D7,0x261D7,0x161D7,0x4A,0xBB,provisional,authored,reconstruct,unreviewed,yuuka5_161D7,,th04_main.asm,B4M_UPDATE_TEXT,target-derived-asm,candidate:th04_main.asm,ghidra+tasm-proc,yuuka5_161D7,near,43194,false,2,0,2,target-ghidra+candidate-map,Ghidra body is noncontiguous and requires control-flow reconciliation.
th04-main-boundary-162a3,th04-main,mz-load-module,0x162A3,0x262A3,0x162A3,0x0,0x0,provisional,authored,reconstruct,unreviewed,yuuka5_162A3,,th04_main.asm,B4M_UPDATE_TEXT,target-derived-asm,candidate:th04_main.asm,tasm-proc,yuuka5_162A3,near,43297,,,,,target-ghidra+candidate-map,TLINK public has no corresponding Ghidra function entry.
th04-main-boundary-1630d,th04-main,mz-load-module,0x1630D,0x2630D,0x1630D,0x7C,0x7C,corroborated,authored,reconstruct,unreviewed,yuuka5_1630D,,th04_main.asm,B4M_UPDATE_TEXT,target-derived-asm,candidate:th04_main.asm,ghidra+tasm-proc,yuuka5_1630D,near,43344,true,1,0,2,target-ghidra+candidate-map,
th04-main-boundary-16389,th04-main,mz-load-module,0x16389,0x26389,0x16389,0xDA,0x164,provisional,authored,reconstruct,unreviewed,yuuka5_16389,,th04_main.asm,B4M_UPDATE_TEXT,target-derived-asm,candidate:th04_main.asm,ghidra+tasm-proc,yuuka5_16389,near,43407,false,2,0,1,target-ghidra+candidate-map,Ghidra body is noncontiguous and requires control-flow reconciliation.
th04-main-boundary-1653d,th04-main,mz-load-module,0x1653D,0x2653D,0x1653D,0x0,0x0,provisional,authored,reconstruct,unreviewed,yuuka5_1653D,,th04_main.asm,B4M_UPDATE_TEXT,target-derived-asm,candidate:th04_main.asm,tasm-proc,yuuka5_1653D,near,43605,,,,,target-ghidra+candidate-map,TLINK public has no corresponding Ghidra function entry.
th04-main-boundary-16610,th04-main,mz-load-module,0x16610,0x26610,0x16610,0xD,0xD,corroborated,authored,reconstruct,unreviewed,@yuuka5_update$qv,,th04_main.asm,B4M_UPDATE_TEXT,target-derived-asm,candidate:th04_main.asm,ghidra+tasm-proc,@yuuka5_update$qv,far,43687,true,1,0,0,target-ghidra+candidate-map,
th04-main-boundary-1665a,th04-main,mz-load-module,0x1665A,0x2665A,0x1665A,0x43,0x379,excluded,authored,exclude,excluded,FUN_23a9_2bca,,th04_main.asm,B4M_UPDATE_TEXT,target-derived-asm,candidate:th04_main.asm,ghidra,,,,false,2,0,3,target-ghidra+candidate-map,"Ghidra-only entry is not a PROC in the complete attested TASM listing. Ghidra entry is a switch/data/non-code artifact, not an accepted function boundary."
th04-main-boundary-16a01,th04-main,mz-load-module,0x16A01,0x26A01,0x16A01,0x5,0x5,excluded,authored,exclude,excluded,switchD_2000:ce28::caseD_0,,th04_main.asm,B4M_UPDATE_TEXT,target-derived-asm,candidate:th04_main.asm,ghidra,,,,true,1,0,0,target-ghidra+candidate-map,"Ghidra-only entry is not a PROC in the complete attested TASM listing. Ghidra entry is a switch/data/non-code artifact, not an accepted function boundary."
th04-main-boundary-16a1a,th04-main,mz-load-module,0x16A1A,0x26A1A,0x16A1A,0x3,0x3,corroborated,authored,reconstruct,unreviewed,marisa_16A1A,,th04_main.asm,B4M_UPDATE_TEXT,target-derived-asm,candidate:th04_main.asm,ghidra+tasm-proc,marisa_16A1A,near,44166,true,1,10,0,target-ghidra+candidate-map,
th04-main-boundary-16ae9,th04-main,mz-load-module,0x16AE9,0x26AE9,0x16AE9,0x9C,0x9C,corroborated,authored,reconstruct,unreviewed,marisa_16AE9,,th04_main.asm,B4M_UPDATE_TEXT,target-derived-asm,candidate:th04_main.asm,ghidra+tasm-proc,marisa_16AE9,near,44284,true,1,0,2,target-ghidra+candidate-map,
th04-main-boundary-16b85,th04-main,mz-load-module,0x16B85,0x26B85,0x16B85,0x80,0x80,reviewed,authored,reconstruct,exact,marisa_flystep_pointreflected(int),marisa_flystep_pointreflected(int),th04/boss_4m.cpp,B4M_UPDATE_TEXT,candidate-cpp,src/main/boss/marisa.cpp,ghidra+map-public,,,,true,1,6,1,ev-th04-main-function-screen-strict-v2,"Target Ghidra body is contiguous (128 bytes), starts at the same local TLINK public, and lies wholly inside exact authored owner th04-main-marisa-flystep-pointreflected."
th04-main-boundary-16c05,th04-main,mz-load-module,0x16C05,0x26C05,0x16C05,0x65,0x65,reviewed,authored,reconstruct,exact,marisa_bits_init(),,th04_main.asm,MAIN_033_TEXT,target-derived-asm,src/main/boss/marisa4_bits_init.cpp,ghidra+tasm-proc,marisa_16C05,near,44394,true,1,0,2,ev-th04-main-marisa-bits-init-boundary,"Manual target boundary review overrides a Ghidra body-construction false negative: validated linear raw decode; Target raw, pinned TASM, and fresh Ghidra agree on the complete 101-byte helper through RET at 0x26C69; the next local PROC starts at 0x26C6A."
th04-main-boundary-16c6a,th04-main,mz-load-module,0x16C6A,0x26C6A,0x16C6A,0x16D,0x16D,reviewed,authored,reconstruct,exact,marisa_bits_update(),,th04_main.asm,MAIN_033_TEXT,target-derived-asm,src/main/boss/marisa4_bits_init.cpp,ghidra+tasm-proc,marisa_16C6A,near,44451,false,2,0,1,ev-th04-main-marisa-bits-update-boundary,Manual target boundary review overrides a Ghidra body-construction false negative: validated linear raw decode; Pinned TASM and gap-free raw decode tile the complete 365-byte helper through RET at 0x26DD6. Ghidra has the true entry/end but sparse body construction; the next local PROC is 0x26DD7.
th04-main-boundary-16dd7,th04-main,mz-load-module,0x16DD7,0x26DD7,0x16DD7,0x28,0x28,reviewed,authored,reconstruct,exact,marisa_bits_fire(),,th04_main.asm,MAIN_033_TEXT,target-derived-asm,src/main/boss/marisa4_bits_init.cpp,ghidra+tasm-proc,marisa_16DD7,near,44621,true,1,6,0,ev-th04-main-marisa-bits-fire-boundary,"Manual target boundary review overrides a Ghidra body-construction false negative: validated linear raw decode; Target raw, pinned TASM, and fresh Ghidra agree on the complete 40-byte helper through RET at 0x26DFE; seven target call sites use this local helper."
th04-main-boundary-16dff,th04-main,mz-load-module,0x16DFF,0x26DFF,0x16DFF,0x9E,0x9E,reviewed,authored,reconstruct,exact,marisa_phase_cloud_pair(),,th04_main.asm,MAIN_033_TEXT,target-derived-asm,src/main/boss/marisa4_bits_init.cpp,ghidra+tasm-proc,marisa_16DFF,near,44658,true,1,0,2,ev-th04-main-marisa-cloud-pair-boundary,"Manual target boundary review overrides a Ghidra body-construction false negative: validated linear raw decode; Target raw, pinned TASM, and fresh Ghidra agree on the complete 158-byte helper through RET at 0x26E9C; the next local PROC starts at 0x26E9D."
th04-main-boundary-16e9d,th04-main,mz-load-module,0x16E9D,0x26E9D,0x16E9D,0x87,0x87,reviewed,authored,reconstruct,exact,marisa_phase_gather_bits(),,th04_main.asm,MAIN_033_TEXT,target-derived-asm,src/main/boss/marisa4_bits_init.cpp,ghidra+tasm-proc,marisa_16E9D,near,44738,false,2,0,1,ev-th04-main-marisa-gather-bits-boundary,Manual target boundary review overrides a Ghidra body-construction false negative: validated 5-entry switch table; Raw code decodes through RET at 0x26F0F. Five compare words and five near-jump words then exactly fill the compiler-owned extent through 0x26F23; Ghidra omits these trailing switch tables.
th04-main-boundary-16f24,th04-main,mz-load-module,0x16F24,0x26F24,0x16F24,0x3D,0x3D,reviewed,authored,reconstruct,exact,MARISA_BIT_FIRE_SPREAD,,th04_main.asm,MAIN_033_TEXT,target-derived-asm,src/main/boss/marisa4_bits_init.cpp,tasm-proc,marisa_bit_fire_16F24,near,44821,,,,,ev-th04-main-marisa-bit-fire-boundary,"Manual target boundary review overrides a Ghidra body-construction false negative: validated linear raw decode; Ghidra has no entry at the target callback. Raw decode tiles 61 bytes through RET 2 at 0x26F60, the next true Ghidra entry is 0x26F61, and the exact v56 owner contains a target function-pointer immediate resolving MAIN_03 offset 0x3494 back to 0x26F24."
th04-main-boundary-16f61,th04-main,mz-load-module,0x16F61,0x26F61,0x16F61,0x100,0x100,reviewed,authored,reconstruct,exact,marisa_phase_spread_bits(),,th04_main.asm,MAIN_033_TEXT,target-derived-asm,src/main/boss/marisa4_bits_init.cpp,ghidra+tasm-proc,marisa_16F61,near,44861,true,1,0,4,ev-th04-main-marisa-spread-bits-boundary,"Manual target boundary review overrides a Ghidra body-construction false negative: validated linear raw decode; Target raw, pinned TASM, and fresh Ghidra agree on the complete 256-byte helper through RET at 0x27060; it also contains the target pointer anchor for the no-Ghidra spread callback."
th04-main-boundary-17061,th04-main,mz-load-module,0x17061,0x27061,0x17061,0x18,0x18,reviewed,authored,reconstruct,exact,MARISA_BIT_FIRE_SINGLE,,th04_main.asm,MAIN_033_TEXT,target-derived-asm,src/main/boss/marisa4_bits_init.cpp,ghidra+tasm-proc,marisa_bit_fire_17061,near,44984,true,1,0,0,ev-th04-main-marisa-bit-fire-single-boundary,"Manual target boundary review overrides a Ghidra body-construction false negative: validated linear raw decode; Target raw, pinned TASM, and fresh Ghidra agree on the complete 24-byte Pascal callback through RET 2 at 0x27078; the next local PROC starts at 0x27079."
th04-main-boundary-17079,th04-main,mz-load-module,0x17079,0x27079,0x17079,0x104,0x104,reviewed,authored,reconstruct,exact,marisa_phase_star_bits(),,th04_main.asm,MAIN_033_TEXT,target-derived-asm,src/main/boss/marisa4_bits_init.cpp,ghidra+tasm-proc,marisa_17079,near,45005,true,1,0,5,ev-th04-main-marisa-star-bits-boundary,"Manual target boundary review overrides a Ghidra body-construction false negative: validated linear raw decode; Target raw, pinned TASM, and fresh Ghidra agree on the complete 260-byte helper through RET at 0x2717C; the next local PROC starts at 0x2717D."
th04-main-boundary-1717d,th04-main,mz-load-module,0x1717D,0x2717D,0x1717D,0x1B8,0x1B8,reviewed,authored,reconstruct,exact,marisa_phase_orbit_cloud(),,th04_main.asm,MAIN_033_TEXT,target-derived-asm,src/main/boss/marisa4_late.cpp,ghidra+tasm-proc,marisa_1717D,near,45133,true,1,0,5,ev-th04-main-marisa-orbit-cloud-boundary,Manual target boundary review overrides a Ghidra body-construction false negative: validated linear raw decode; Target raw/TASM define one 440-byte helper through RET at 0x27334; fresh Ghidra agrees on the complete entry/end and the next local PROC is 0x27335.
th04-main-boundary-17335,th04-main,mz-load-module,0x17335,0x27335,0x17335,0x15C,0x15C,reviewed,authored,reconstruct,exact,marisa_phase_random_burst(),,th04_main.asm,MAIN_033_TEXT,target-derived-asm,src/main/boss/marisa4_late.cpp,ghidra+tasm-proc,marisa_17335,near,45352,false,2,0,4,ev-th04-main-marisa-random-burst-boundary,Manual target boundary review overrides a Ghidra body-construction false negative: validated linear raw decode; Pinned TASM and gap-free raw decode tile the full 348-byte helper through RET at 0x27490. Fresh Ghidra has the true start/end but sparse body construction; the next local PROC is 0x27491.
th04-main-boundary-17491,th04-main,mz-load-module,0x17491,0x27491,0x17491,0x20D,0x20D,reviewed,authored,reconstruct,exact,marisa_phase_special_angles(),,th04_main.asm,MAIN_033_TEXT,target-derived-asm,src/main/boss/marisa4_late.cpp,ghidra+tasm-proc,marisa_17491,near,45529,false,2,0,1,ev-th04-main-marisa-special-angles-boundary,Manual target boundary review overrides a Ghidra body-construction false negative: validated linear raw decode; Pinned TASM/raw tile the complete 525-byte helper through RET at 0x2769D. Ghidra has the correct min/max but severely sparse body construction; the next local PROC is 0x2769E.
th04-main-boundary-1769e,th04-main,mz-load-module,0x1769E,0x2769E,0x1769E,0x175,0x175,reviewed,authored,reconstruct,exact,marisa_phase_edge_stars(),,th04_main.asm,MAIN_033_TEXT,target-derived-asm,src/main/boss/marisa4_late.cpp,ghidra+tasm-proc,marisa_1769E,near,45777,false,3,0,7,ev-th04-main-marisa-edge-stars-boundary,Manual target boundary review overrides a Ghidra body-construction false negative: validated linear raw decode; Pinned TASM/raw tile the full 373-byte helper through RET at 0x27812. Fresh Ghidra is sparse but reaches the true end; the next local PROC is 0x27813.
th04-main-boundary-17813,th04-main,mz-load-module,0x17813,0x27813,0x17813,0x7B,0x7B,reviewed,authored,reconstruct,exact,marisa_phase_ring_cycle(),,th04_main.asm,MAIN_033_TEXT,target-derived-asm,src/main/boss/marisa4_late.cpp,ghidra+tasm-proc,marisa_17813,near,45939,true,1,0,3,ev-th04-main-marisa-ring-cycle-boundary,"Manual target boundary review overrides a Ghidra body-construction false negative: validated linear raw decode; Target raw, pinned TASM, and fresh Ghidra agree on the complete 123-byte helper through RET at 0x2788D; the next local PROC starts at 0x2788E."
th04-main-boundary-1788e,th04-main,mz-load-module,0x1788E,0x2788E,0x1788E,0x12E,0x12E,reviewed,authored,reconstruct,exact,marisa_phase_spread_mirror(),,th04_main.asm,MAIN_033_TEXT,target-derived-asm,src/main/boss/marisa4_tail.cpp,ghidra+tasm-proc,marisa_1788E,far,46009,false,2,0,6,ev-th04-main-marisa-spread-mirror-boundary,Manual target boundary review overrides a Ghidra body-construction false negative: validated linear raw decode; Target raw/TLINK/TASM next-entry evidence closes 302 bytes through RET at 0x279BB. The residual TASM proc-far annotation is stale: target callers use a near call and fresh Ghidra classifies the actual entry as cdecl16near; raw bytes own the boundary.
th04-main-boundary-179bc,th04-main,mz-load-module,0x179BC,0x279BC,0x179BC,0x38,0x38,reviewed,authored,reconstruct,exact,marisa_hittest_phase(),,th04_main.asm,MAIN_033_TEXT,target-derived-asm,src/main/boss/marisa4_tail.cpp,ghidra+tasm-proc,marisa_179BC,near,46146,true,1,0,1,ev-th04-main-marisa-hittest-boundary,"Manual target boundary review overrides a Ghidra body-construction false negative: validated linear raw decode; Target raw, pinned TASM, and fresh Ghidra agree on the complete 56-byte helper through RET at 0x279F3; public marisa_update begins at 0x279F4."
th04-main-boundary-179f4,th04-main,mz-load-module,0x179F4,0x279F4,0x179F4,0x2FF,0x2FF,reviewed,authored,reconstruct,exact,marisa_update(),,th04_main.asm,MAIN_033_TEXT,target-derived-asm,src/main/boss/marisa4_tail.cpp,ghidra+tasm-proc,@marisa_update$qv,far,46190,false,4,0,3,ev-th04-main-marisa-update-boundary,"Manual target boundary review overrides a Ghidra body-construction false negative: validated 2 trailing compiler switch tables (15 jump entries total); Raw code decodes through RETF at 0x27CBE. An 11-value/11-jump mode switch table and a four-entry top-level phase jump table then exactly fill the authored extent through 0x27CF2, immediately before public enemies_add at 0x27CF3. Ghidra cross-links this entry far outside the true function."
th04-main-boundary-17cf3,th04-main,mz-load-module,0x17CF3,0x27CF3,0x17CF3,0xDE,0xDE,reviewed,authored,reconstruct,exact,"enemies_add(int,int,int,unsigned char)",ENEMIES_ADD,th04_main.asm,MAIN_033_TEXT,target-derived-asm,src/main/enemy/enemies_add.cpp,ghidra+map-public+tasm-proc,enemies_add,near,46556,true,1,1,0,ev-th04-main-enemies-add-boundary-v67,Manual target boundary review overrides a Ghidra body-construction false negative: validated linear raw decode; Ghidra starts at the true 0x27CF3 entry but constructs only 12/222 body bytes. Pinned TASM and gap-free raw decode tile the complete function through RET 8 at 0x27DD0; TLINK public std_run starts at the next byte 0x27DD1.
th04-main-boundary-17dd1,th04-main,mz-load-module,0x17DD1,0x27DD1,0x17DD1,0x6D,0x6D,reviewed,authored,reconstruct,exact,std_run(),std_run(),th04_main.asm,MAIN_033_TEXT,target-derived-asm,src/main/stage/std_run.cpp,ghidra+map-public+tasm-proc,@std_run$qv,far,46674,true,1,0,1,ev-th04-main-std-run-boundary-v68,"Manual target boundary review overrides a Ghidra body-construction false negative: validated linear raw decode; Target raw, pinned TASM, TLINK, and fresh Ghidra all close the complete 109-byte FAR function through RETF at 0x27E3D; ENEMY_BULLET_TEMPLATE_PUSH begins at the next byte 0x27E3E."
th04-main-boundary-17e3e,th04-main,mz-load-module,0x17E3E,0x27E3E,0x17E3E,0x1B,0x1B,reviewed,authored,reconstruct,blocked,enemy_bullet_template_push(enemy_t&),ENEMY_BULLET_TEMPLATE_PUSH,th04_main.asm,MAIN_033_TEXT,target-derived-asm,,ghidra+map-public+tasm-proc,enemy_bullet_template_push,near,46726,true,1,1,0,ev-th04-main-authored-screen-target;ev-th04-main-enemy-bullet-template-push-boundary-v69;ev-th04-main-enemy-bullet-template-push-codegen-v69-negative,"Reviewed nonexact target boundary: Target raw, TASM, TLINK, and fresh Ghidra agree on the full 27-byte Pascal near function through RET 2 at 0x27E58, immediately before ENEMIES_UPDATE at 0x27E59. Exactness remains blocked because all tested natural C++ copy forms reorder the target REP MOVSW setup; inline ASM is intentionally not used."
th04-main-boundary-17e59,th04-main,mz-load-module,0x17E59,0x27E59,0x17E59,0x1D6,0x1D6,reviewed,authored,reconstruct,exact,enemies_update(),ENEMIES_UPDATE,th04_main.asm,MAIN_033_TEXT,target-derived-asm,src/main/enemy/enemies_update.cpp,ghidra+map-public+tasm-proc,enemies_update,far,46759,true,1,1,7,ev-th04-main-enemies-update-boundary-v70,"Manual target boundary review overrides a Ghidra body-construction false negative: validated linear raw decode; Fresh Ghidra, pinned TASM, and gap-free raw decode agree on the complete 470-byte FAR body through RETF at 0x2802E. The exact logical owner is validated independently from the separately blocked 27-byte copy prefix carried by its physical C++ producer."
th04-main-boundary-1802f,th04-main,mz-load-module,0x1802F,0x2802F,0x1802F,0x15,0x15,reviewed,authored,reconstruct,exact,_mugetsu_gathers_add_dual,,th04_main.asm,MAIN_033_TEXT,target-derived-asm,src/main/boss/mugetsu_prefix.cpp,ghidra+tasm-proc,mugetsu_1802F,near,46972,true,1,0,1,ev-th04-main-mugetsu-gather-prefix-boundary-v107,"New exact-owner function admitted by explicit policy: Fresh Ghidra, pinned TASM, target raw decode, and exact MAIN_033_TEXT ownership agree on the full 0x15 helper; focused plus 145-owner cold replay prove pure-C++ exactness."
th04-main-boundary-18044,th04-main,mz-load-module,0x18044,0x28044,0x18044,0x77,0x77,reviewed,authored,reconstruct,exact,mugetsu_gather_intro(),,th04_main.asm,MAIN_033_TEXT,target-derived-asm,src/main/boss/mugetsu_prefix.cpp,ghidra+tasm-proc,mugetsu_18044,near,46988,true,1,1,0,ev-th04-main-mugetsu-gather-prefix-boundary-v107,Manual target boundary review overrides a Ghidra body-construction false negative: validated 1 trailing compiler switch tables (4 jump entries total); Fresh Ghidra keeps only 0x11 bytes at 0x28044. Pinned TASM and gap-free raw decode prove code through RET at 0x280AA; the contiguous 4-word compare table at 0x280AB and 4-word jump table at 0x280B3 fill the exact owner through 0x280BA before next PROC 0x280BB.
th04-main-boundary-18057,th04-main,mz-load-module,0x18057,0x28057,0x18057,0x16,0x54,excluded,authored,exclude,excluded,switchD_2000:6633::caseD_0,,th04_main.asm,MAIN_033_TEXT,target-derived-asm,candidate:th04_main.asm,ghidra,,,,false,2,0,0,target-ghidra+candidate-map,"Ghidra-only entry is not a PROC in the complete attested TASM listing. Ghidra entry is a switch/data/non-code artifact, not an accepted function boundary."
th04-main-boundary-180bb,th04-main,mz-load-module,0x180BB,0x280BB,0x180BB,0x6F,0x6F,reviewed,authored,reconstruct,exact,_mugetsu_180BB,,th04_main.asm,MAIN_033_TEXT,target-derived-asm,src/main/boss/mugetsu_180bb.cpp,tasm-proc,mugetsu_180BB,near,47065,,,,,ev-th04-main-mugetsu-transition-a-boundary-v108,"Manual target boundary review overrides a Ghidra body-construction false negative: validated linear raw decode; Fresh Ghidra has no function entry at 0x280BB. The exact TC4J owner creates the generated public there and ends exactly at 0x2812A; pinned TASM/raw decode reach RET at 0x28129, and target function-pointer stores at 0x28748 and 0x2880C independently encode near offset 0x462B."
th04-main-boundary-1812a,th04-main,mz-load-module,0x1812A,0x2812A,0x1812A,0x190,0xFCED,provisional,authored,reconstruct,unreviewed,mugetsu_1812A,,th04_main.asm,MAIN_033_TEXT,target-derived-asm,candidate:th04_main.asm,ghidra+tasm-proc,mugetsu_1812A,near,47130,false,14,0,10,target-ghidra+candidate-map,Ghidra body is noncontiguous and requires control-flow reconciliation.
th04-main-boundary-1821e,th04-main,mz-load-module,0x1821E,0x2821E,0x1821E,0x0,0x0,provisional,authored,reconstruct,unreviewed,mugetsu_1821E,,th04_main.asm,MAIN_033_TEXT,target-derived-asm,candidate:th04_main.asm,tasm-proc,mugetsu_1821E,near,47287,,,,,target-ghidra+candidate-map,TLINK public has no corresponding Ghidra function entry.
th04-main-boundary-18314,th04-main,mz-load-module,0x18314,0x28314,0x18314,0x0,0x0,provisional,authored,reconstruct,unreviewed,mugetsu_18314,,th04_main.asm,MAIN_033_TEXT,target-derived-asm,candidate:th04_main.asm,tasm-proc,mugetsu_18314,near,47438,,,,,target-ghidra+candidate-map,TLINK public has no corresponding Ghidra function entry.
th04-main-boundary-1838a,th04-main,mz-load-module,0x1838A,0x2838A,0x1838A,0xA,0xA,corroborated,authored,reconstruct,unreviewed,mugetsu_1838A,,th04_main.asm,MAIN_033_TEXT,target-derived-asm,candidate:th04_main.asm,ghidra+tasm-proc,mugetsu_1838A,near,47512,true,1,0,0,target-ghidra+candidate-map,
th04-main-boundary-1845e,th04-main,mz-load-module,0x1845E,0x2845E,0x1845E,0x4E,0x4E,corroborated,authored,reconstruct,unreviewed,mugetsu_1845E,,th04_main.asm,MAIN_033_TEXT,target-derived-asm,candidate:th04_main.asm,ghidra+tasm-proc,mugetsu_1845E,near,47609,true,1,0,2,target-ghidra+candidate-map,
th04-main-boundary-184ac,th04-main,mz-load-module,0x184AC,0x284AC,0x184AC,0x5B,0xAA,provisional,authored,reconstruct,unreviewed,mugetsu_184AC,,th04_main.asm,MAIN_033_TEXT,target-derived-asm,candidate:th04_main.asm,ghidra+tasm-proc,mugetsu_184AC,near,47657,false,2,0,2,target-ghidra+candidate-map,Ghidra body is noncontiguous and requires control-flow reconciliation.
th04-main-boundary-18556,th04-main,mz-load-module,0x18556,0x28556,0x18556,0x5B,0x8E,provisional,authored,reconstruct,unreviewed,mugetsu_18556,,th04_main.asm,MAIN_033_TEXT,target-derived-asm,candidate:th04_main.asm,ghidra+tasm-proc,mugetsu_18556,near,47744,false,2,0,2,target-ghidra+candidate-map,Ghidra body is noncontiguous and requires control-flow reconciliation.
th04-main-boundary-185e4,th04-main,mz-load-module,0x185E4,0x285E4,0x185E4,0x71,0x71,corroborated,authored,reconstruct,unreviewed,mugetsu_185E4,,th04_main.asm,MAIN_033_TEXT,target-derived-asm,candidate:th04_main.asm,ghidra+tasm-proc,mugetsu_185E4,near,47818,true,1,0,0,target-ghidra+candidate-map,
th04-main-boundary-18655,th04-main,mz-load-module,0x18655,0x28655,0x18655,0x2F,0x2F,corroborated,authored,reconstruct,unreviewed,mugetsu_18655,,th04_main.asm,MAIN_033_TEXT,target-derived-asm,candidate:th04_main.asm,ghidra+tasm-proc,mugetsu_18655,near,47879,true,1,0,1,target-ghidra+candidate-map,
th04-main-boundary-18684,th04-main,mz-load-module,0x18684,0x28684,0x18684,0x35,0x35,corroborated,authored,reconstruct,unreviewed,MUGETSU_PHASE2_NEXT,MUGETSU_PHASE2_NEXT,th04_main.asm,MAIN_033_TEXT,target-derived-asm,candidate:th04_main.asm,ghidra+map-public+tasm-proc,mugetsu_phase2_next,near,47900,true,1,0,2,target-ghidra+candidate-map,
th04-main-boundary-186b9,th04-main,mz-load-module,0x186B9,0x286B9,0x186B9,0x32,0x32,corroborated,authored,reconstruct,unreviewed,mugetsu_186B9,,th04_main.asm,MAIN_033_TEXT,target-derived-asm,candidate:th04_main.asm,ghidra+tasm-proc,mugetsu_186B9,near,47930,true,1,0,2,target-ghidra+candidate-map,
th04-main-boundary-186eb,th04-main,mz-load-module,0x186EB,0x286EB,0x186EB,0xA5,0xFC74,provisional,authored,reconstruct,unreviewed,@mugetsu_update$qv,,th04_main.asm,MAIN_033_TEXT,target-derived-asm,candidate:th04_main.asm,ghidra+tasm-proc,@mugetsu_update$qv,far,47971,false,7,0,4,target-ghidra+candidate-map,Ghidra body is noncontiguous and requires control-flow reconciliation.
th04-main-boundary-189ee,th04-main,mz-load-module,0x189EE,0x289EE,0x189EE,0x25,0x25,corroborated,authored,reconstruct,unreviewed,POINTNUM_DIGITS_SET,POINTNUM_DIGITS_SET,th04_main.asm,MAIN_033_TEXT,target-derived-asm,candidate:th04_main.asm,ghidra+map-public+tasm-proc,pointnum_digits_set,near,48327,true,1,1,0,target-ghidra+candidate-map,
th04-main-boundary-18a14,th04-main,mz-load-module,0x18A14,0x28A14,0x18A14,0x65,0x65,corroborated,authored,reconstruct,unreviewed,"kurumi_spawnrays_add(int,unsigned char)","kurumi_spawnrays_add(int,unsigned char)",th04_main.asm,MAIN_033_TEXT,target-derived-asm,candidate:th04_main.asm,ghidra+map-public+tasm-proc,@kurumi_spawnrays_add$qiuc,near,48369,true,1,6,2,target-ghidra+candidate-map,
th04-main-boundary-18a79,th04-main,mz-load-module,0x18A79,0x28A79,0x18A79,0xEF,0xEF,corroborated,authored,reconstruct,unreviewed,kurumi_18A79,,th04_main.asm,MAIN_033_TEXT,target-derived-asm,candidate:th04_main.asm,ghidra+tasm-proc,kurumi_18A79,near,48440,true,1,6,3,target-ghidra+candidate-map,
th04-main-boundary-18b68,th04-main,mz-load-module,0x18B68,0x28B68,0x18B68,0x3F,0x3F,corroborated,authored,reconstruct,unreviewed,kurumi_18B68,,th04_main.asm,MAIN_033_TEXT,target-derived-asm,candidate:th04_main.asm,ghidra+tasm-proc,kurumi_18B68,near,48573,true,1,0,1,target-ghidra+candidate-map,
th04-main-boundary-18ba7,th04-main,mz-load-module,0x18BA7,0x28BA7,0x18BA7,0x3F,0x3F,corroborated,authored,reconstruct,unreviewed,kurumi_18BA7,,th04_main.asm,MAIN_033_TEXT,target-derived-asm,candidate:th04_main.asm,ghidra+tasm-proc,kurumi_18BA7,near,48602,true,1,1,1,target-ghidra+candidate-map,
th04-main-boundary-18be6,th04-main,mz-load-module,0x18BE6,0x28BE6,0x18BE6,0x6F,0x90,provisional,authored,reconstruct,unreviewed,kurumi_18BE6,,th04_main.asm,MAIN_033_TEXT,target-derived-asm,candidate:th04_main.asm,ghidra+tasm-proc,kurumi_18BE6,near,48637,false,2,0,3,target-ghidra+candidate-map,Ghidra body is noncontiguous and requires control-flow reconciliation.
th04-main-boundary-18c76,th04-main,mz-load-module,0x18C76,0x28C76,0x18C76,0x8E,0x8E,corroborated,authored,reconstruct,unreviewed,kurumi_18C76,,th04_main.asm,MAIN_033_TEXT,target-derived-asm,candidate:th04_main.asm,ghidra+tasm-proc,kurumi_18C76,near,48705,true,1,0,5,target-ghidra+candidate-map,
th04-main-boundary-18d04,th04-main,mz-load-module,0x18D04,0x28D04,0x18D04,0xB2,0xB2,corroborated,authored,reconstruct,unreviewed,kurumi_18D04,,th04_main.asm,MAIN_033_TEXT,target-derived-asm,candidate:th04_main.asm,ghidra+tasm-proc,kurumi_18D04,near,48778,true,1,0,5,target-ghidra+candidate-map,
th04-main-boundary-18db6,th04-main,mz-load-module,0x18DB6,0x28DB6,0x18DB6,0x72,0x8D,provisional,authored,reconstruct,unreviewed,kurumi_18DB6,,th04_main.asm,MAIN_033_TEXT,target-derived-asm,candidate:th04_main.asm,ghidra+tasm-proc,kurumi_18DB6,near,48869,false,2,0,2,target-ghidra+candidate-map,Ghidra body is noncontiguous and requires control-flow reconciliation.
th04-main-boundary-18e43,th04-main,mz-load-module,0x18E43,0x28E43,0x18E43,0xA4,0xA4,corroborated,authored,reconstruct,unreviewed,kurumi_18E43,,th04_main.asm,MAIN_033_TEXT,target-derived-asm,candidate:th04_main.asm,ghidra+tasm-proc,kurumi_18E43,near,48940,true,1,0,4,target-ghidra+candidate-map,
th04-main-boundary-18ee7,th04-main,mz-load-module,0x18EE7,0x28EE7,0x18EE7,0xA4,0xA4,corroborated,authored,reconstruct,unreviewed,kurumi_18EE7,,th04_main.asm,MAIN_033_TEXT,target-derived-asm,candidate:th04_main.asm,ghidra+tasm-proc,kurumi_18EE7,near,49022,true,1,0,4,target-ghidra+candidate-map,
th04-main-boundary-18f8b,th04-main,mz-load-module,0x18F8B,0x28F8B,0x18F8B,0xCF,0xCF,corroborated,authored,reconstruct,unreviewed,kurumi_18F8B,,th04_main.asm,MAIN_033_TEXT,target-derived-asm,candidate:th04_main.asm,ghidra+tasm-proc,kurumi_18F8B,near,49111,true,1,0,4,target-ghidra+candidate-map,
th04-main-boundary-1905a,th04-main,mz-load-module,0x1905A,0x2905A,0x1905A,0x103,0x103,corroborated,authored,reconstruct,unreviewed,kurumi_1905A,,th04_main.asm,MAIN_033_TEXT,target-derived-asm,candidate:th04_main.asm,ghidra+tasm-proc,kurumi_1905A,near,49219,true,1,0,3,target-ghidra+candidate-map,
th04-main-boundary-1915d,th04-main,mz-load-module,0x1915D,0x2915D,0x1915D,0x29,0x15C3,provisional,authored,reconstruct,unreviewed,@kurumi_update$qv,,th04_main.asm,MAIN_033_TEXT,target-derived-asm,candidate:th04_main.asm,ghidra+tasm-proc,@kurumi_update$qv,far,49336,false,4,0,1,target-ghidra+candidate-map,Ghidra body is noncontiguous and requires control-flow reconciliation.
th04-main-boundary-195e4,th04-main,mz-load-module,0x195E4,0x295E4,0x195E4,0x67,0xA2,provisional,authored,reconstruct,unreviewed,orange_195E4,,th04_main.asm,MAIN_033_TEXT,target-derived-asm,candidate:th04_main.asm,ghidra+tasm-proc,orange_195E4,near,49893,false,2,4,4,target-ghidra+candidate-map,Ghidra body is noncontiguous and requires control-flow reconciliation.
th04-main-boundary-19686,th04-main,mz-load-module,0x19686,0x29686,0x19686,0x9A,0x9A,corroborated,authored,reconstruct,unreviewed,orange_19686,,th04_main.asm,MAIN_033_TEXT,target-derived-asm,candidate:th04_main.asm,ghidra+tasm-proc,orange_19686,near,49987,true,1,0,3,target-ghidra+candidate-map,
th04-main-boundary-19720,th04-main,mz-load-module,0x19720,0x29720,0x19720,0x9B,0x9B,corroborated,authored,reconstruct,unreviewed,orange_19720,,th04_main.asm,MAIN_033_TEXT,target-derived-asm,candidate:th04_main.asm,ghidra+tasm-proc,orange_19720,near,50067,true,1,0,3,target-ghidra+candidate-map,
th04-main-boundary-197bb,th04-main,mz-load-module,0x197BB,0x297BB,0x197BB,0x59,0x59,corroborated,authored,reconstruct,unreviewed,orange_197BB,,th04_main.asm,MAIN_033_TEXT,target-derived-asm,candidate:th04_main.asm,ghidra+tasm-proc,orange_197BB,near,50137,true,1,0,2,target-ghidra+candidate-map,
th04-main-boundary-19814,th04-main,mz-load-module,0x19814,0x29814,0x19814,0x64,0x64,corroborated,authored,reconstruct,unreviewed,orange_19814,,th04_main.asm,MAIN_033_TEXT,target-derived-asm,candidate:th04_main.asm,ghidra+tasm-proc,orange_19814,near,50177,true,1,0,2,target-ghidra+candidate-map,
th04-main-boundary-19878,th04-main,mz-load-module,0x19878,0x29878,0x19878,0x8,0x8,corroborated,authored,reconstruct,unreviewed,orange_19878,,th04_main.asm,MAIN_033_TEXT,target-derived-asm,candidate:th04_main.asm,ghidra+tasm-proc,orange_19878,near,50226,true,1,0,0,target-ghidra+candidate-map,
th04-main-boundary-1998b,th04-main,mz-load-module,0x1998B,0x2998B,0x1998B,0x196,0x7375,provisional,authored,reconstruct,unreviewed,orange_1998B,,th04_main.asm,MAIN_033_TEXT,target-derived-asm,candidate:th04_main.asm,ghidra+tasm-proc,orange_1998B,near,50362,false,4,0,3,target-ghidra+candidate-map,Ghidra body is noncontiguous and requires control-flow reconciliation.
th04-main-boundary-19aa3,th04-main,mz-load-module,0x19AA3,0x29AA3,0x19AA3,0x7B,0xA6F4,provisional,authored,reconstruct,unreviewed,@orange_update$qv,,th04_main.asm,MAIN_033_TEXT,target-derived-asm,candidate:th04_main.asm,ghidra+tasm-proc,@orange_update$qv,far,50483,false,5,0,2,target-ghidra+candidate-map,Ghidra body is noncontiguous and requires control-flow reconciliation.
th04-main-boundary-19ebc,th04-main,mz-load-module,0x19EBC,0x29EBC,0x19EBC,0x28,0x28,reviewed,authored,reconstruct,exact,midboss_reset(),midboss_reset(),th04/midboss.cpp,MIDBOSS_TEXT,candidate-cpp,src/main/midboss/midboss.cpp,ghidra+map-public,,,,true,1,4,0,ev-th04-main-function-screen-strict-v2;ev-th04-main-midboss-hud-defeat-boundary-v20,Reviewed exact owner migration: Fresh target/function review and two-cold replay show the historical MIDBOSS/HUD_HP/MB_DFT sub-boundaries were reconstruction artifacts; midboss_reset is owned by the exact contiguous TU.
th04-main-boundary-19ee4,th04-main,mz-load-module,0x19EE4,0x29EE4,0x19EE4,0x32,0x32,reviewed,authored,reconstruct,exact,midboss_activate_if_stage_frame_(),midboss_activate_if_stage_frame_(),th04/midboss.cpp,MIDBOSS_TEXT,candidate-cpp,src/main/midboss/midboss.cpp,ghidra+map-public,,,,true,1,1,0,ev-th04-main-function-screen-strict-v2;ev-th04-main-midboss-hud-defeat-boundary-v20,Reviewed exact owner migration: Fresh target/function review and two-cold replay show the historical MIDBOSS/HUD_HP/MB_DFT sub-boundaries were reconstruction artifacts; the activation function is owned by the exact contiguous TU.
th04-main-boundary-19f16,th04-main,mz-load-module,0x19F16,0x29F16,0x19F16,0x58,0x58,reviewed,authored,reconstruct,exact,"hud_hp_update_and_render(int,int)","hud_hp_update_and_render(int,int)",th04/hud_hp.cpp,HUD_HP_TEXT,candidate-cpp,src/main/midboss/midboss.cpp,ghidra+map-public,,,,true,1,7,1,ev-th04-main-function-screen-strict-v2;ev-th04-main-midboss-hud-defeat-boundary-v20,Reviewed exact owner migration: Fresh target/function review and two-cold replay show HUD_HP_TEXT is not an independent authored TU boundary; hud_hp_update_and_render is owned by the exact contiguous TU.
th04-main-boundary-19f6e,th04-main,mz-load-module,0x19F6E,0x29F6E,0x19F6E,0x6A,0x6A,reviewed,authored,reconstruct,exact,midboss_score_bonus(unsigned int),midboss_score_bonus(unsigned int),th04/mb_dft.cpp,MB_DFT_TEXT,candidate-cpp,src/main/midboss/midboss.cpp,ghidra+map-public,,,,false,2,3,1,ev-th04-main-midboss-score-bonus-manual-boundary-v1,Manual target boundary review overrides a Ghidra body-construction false negative: validated linear raw decode; Ghidra min/max cover the complete 106-byte public span but body construction reports only 66/106 bytes. Raw 16-bit decoding tiles the entire TLINK-public span through RET 2 at 0x29FD5 inside the exact contiguous 0x1CB MIDBOSS/HUD_HP/MB_DFT natural-C++ owner.
th04-main-boundary-19fd8,th04-main,mz-load-module,0x19FD8,0x29FD8,0x19FD8,0x6F,0x6F,reviewed,authored,reconstruct,exact,boss_score_bonus(unsigned int),boss_score_bonus(unsigned int),th04/mb_dft.cpp,MB_DFT_TEXT,candidate-cpp,src/main/midboss/midboss.cpp,ghidra+map-public,,,,false,2,4,1,ev-th04-main-boss-score-bonus-manual-boundary-v1,Manual target boundary review overrides a Ghidra body-construction false negative: validated linear raw decode; Ghidra min/max cover the complete 111-byte public span but body construction reports only 71/111 bytes. Raw 16-bit decoding tiles the entire TLINK-public span through RET 2 at 0x2A044; the next TLINK public midboss_defeat_update starts exactly at 0x2A047 inside the same exact contiguous owner.
th04-main-boundary-1a047,th04-main,mz-load-module,0x1A047,0x2A047,0x1A047,0x40,0x40,reviewed,authored,reconstruct,exact,midboss_defeat_update(),midboss_defeat_update(),th04/mb_dft.cpp,MB_DFT_TEXT,candidate-cpp,src/main/midboss/midboss.cpp,ghidra+map-public,,,,true,1,1,1,ev-th04-main-midboss-hud-defeat-boundary-v20,New exact-owner function admitted by explicit policy: Fresh target Ghidra reports a contiguous 64-byte body at the matching TLINK public. The natural-C++ combined MIDBOSS/HUD_HP/MB_DFT owner is exact and ends exactly at this function's RET.
th04-main-boundary-1a087,th04-main,mz-load-module,0x1A087,0x2A087,0x1A087,0x4A,0x4A,reviewed,authored,reconstruct,exact,"chasecrosses_add(unsigned char,unsigned char)","chasecrosses_add(unsigned char,unsigned char)",th04_main.asm,MAIN_034_TEXT,target-derived-asm,src/main/boss/chasecrosses_add.cpp,ghidra+map-public+tasm-proc,@chasecrosses_add$qucuc,near,50990,true,1,1,0,ev-th04-main-chasecrosses-boundary-v22,New exact-owner function admitted by explicit policy: Fresh target Ghidra reports one contiguous 74-byte function at the matching TLINK public inside the exact target-derived natural-C++ MAIN_034 prefix owner.
th04-main-boundary-1a0d1,th04-main,mz-load-module,0x1A0D1,0x2A0D1,0x1A0D1,0x3F,0x3F,reviewed,authored,reconstruct,exact,yuuka6_safetycircle_add(),,th04_main.asm,MAIN_034_TEXT,target-derived-asm,src/main/boss/chasecrosses_add.cpp,ghidra+tasm-proc,yuuka6_1A0D1,near,51063,true,1,1,0,ev-th04-main-safetycircle-boundary-v23,Manual target boundary review overrides a Ghidra body-construction false negative: validated linear raw decode; Target Ghidra starts a function at 0x2A0D1 but truncates its body to 25/63 bytes. Raw 16-bit decode tiles the full 63-byte extent through RET at 0x2A10F; the next true target/TASM function entry starts exactly at 0x2A110; and target near CALL at 0x2ADD6 resolves exactly to 0x2A0D1. The full extent lies inside the exact 0x89 natural-C++ MAIN_034 prefix owner.
th04-main-boundary-1a110,th04-main,mz-load-module,0x1A110,0x2A110,0x1A110,0x2B3,0x2B3,reviewed,authored,reconstruct,exact,yuuka6_entities_update(),,th04_main.asm,MAIN_034_TEXT,target-derived-asm,src/main/boss/chasecrosses_add.cpp,ghidra+tasm-proc,yuuka6_1A110,near,51094,false,2,1,6,ev-th04-main-yuuka6-entities-boundary-v24,"Manual target boundary review overrides a Ghidra body-construction false negative: validated linear raw decode; Target Ghidra starts the 0x2A110 function but stops at 0x2A3C0, two bytes before the raw RET at 0x2A3C2. Pinned TASM local PROC inventory places the next true function at 0x2A3C3; the first eight target bytes there are independently SHA-attested. Target near CALL at 0x2B8F9 resolves exactly to 0x2A110, and the complete 0x2B3 extent lies inside the exact 0x33C natural-C++ MAIN_034 owner."
th04-main-boundary-1a3c3,th04-main,mz-load-module,0x1A3C3,0x2A3C3,0x1A3C3,0x76,0x76,reviewed,authored,reconstruct,exact,yuuka6_phase2_fly(),,th04_main.asm,MAIN_034_TEXT,target-derived-asm,src/main/boss/chasecrosses_add.cpp,tasm-proc,@yuuka6_phase2_fly$qv,near,51431,,,,,ev-th04-main-yuuka6-phase2-boundary-v25,"Manual target boundary review overrides a Ghidra body-construction false negative: validated linear raw decode; Target Ghidra has no function entry at 0x2A3C3. Pinned TASM local PROC inventory and target raw establish the 0x76-byte extent through RET at 0x2A438; the next true target function at 0x2A439 is a complete 111-byte Ghidra entry. Target near CALL at 0x2B563 resolves exactly to 0x2A3C3, and the full extent lies inside the exact 0x3B2 natural-C++ MAIN_034 owner."
th04-main-boundary-1a439,th04-main,mz-load-module,0x1A439,0x2A439,0x1A439,0x6F,0x6F,reviewed,authored,reconstruct,exact,"yuuka6_move_towards(subpixel_t,subpixel_t)",,th04_main.asm,MAIN_034_TEXT,target-derived-asm,src/main/boss/chasecrosses_add.cpp,ghidra+tasm-proc,yuuka6_1A439,near,51508,true,1,0,2,ev-th04-main-yuuka6-move-boundary-v26,Manual target boundary review overrides a Ghidra body-construction false negative: validated linear raw decode; Fresh target Ghidra reports a complete 111-byte function at 0x2A439. Raw decode tiles through RET 4 at 0x2A4A5; the next complete target Ghidra/TASM entry starts at 0x2A4A8; and target near CALL at 0x2B5B0 resolves exactly to 0x2A439. The full function lies inside the exact 0x421 natural-C++ MAIN_034 owner.
th04-main-boundary-1a4a8,th04-main,mz-load-module,0x1A4A8,0x2A4A8,0x1A4A8,0x5B,0x5B,reviewed,authored,reconstruct,exact,yuuka6_horizontal_wave(),,th04_main.asm,MAIN_034_TEXT,target-derived-asm,src/main/boss/chasecrosses_add.cpp,ghidra+tasm-proc,yuuka6_1A4A8,near,51576,true,1,0,1,ev-th04-main-yuuka6-wave-boundary-v27,Manual target boundary review overrides a Ghidra body-construction false negative: validated linear raw decode; Fresh target Ghidra reports a complete 91-byte body at 0x2A4A8. Raw decode ends in RET at 0x2A502; the next complete Ghidra/TASM entry is 0x2A503; and the unique target near CALL at 0x2B659 resolves exactly to this entry.
th04-main-boundary-1a503,th04-main,mz-load-module,0x1A503,0x2A503,0x1A503,0x3A,0x3A,reviewed,authored,reconstruct,exact,yuuka6_move_to_center(),,th04_main.asm,MAIN_034_TEXT,target-derived-asm,src/main/boss/chasecrosses_add.cpp,ghidra+tasm-proc,yuuka6_1A503,near,51624,true,1,0,1,ev-th04-main-yuuka6-center-boundary-v28,Manual target boundary review overrides a Ghidra body-construction false negative: validated linear raw decode; Fresh target Ghidra reports a complete 58-byte body at 0x2A503. Raw decode ends in RET at 0x2A53C; the next target Ghidra entry starts exactly at 0x2A53D; and target near CALL at 0x2B697 resolves exactly to this entry.
th04-main-boundary-1a53d,th04-main,mz-load-module,0x1A53D,0x2A53D,0x1A53D,0x6F,0x6F,reviewed,authored,reconstruct,exact,yuuka6_anim_parasol_back_close(),_yuuka6_anim_parasol_back_close,th04_main.asm,MAIN_034_TEXT,target-derived-asm,src/main/boss/yuuka6_animations.cpp,ghidra+map-public+tasm-proc,_yuuka6_anim_parasol_back_close,near,51669,false,2,4,0,ev-th04-main-yuuka6-animations-boundary-v29,"Manual target boundary review overrides a Ghidra body-construction false negative: validated 5-entry switch table; Target Ghidra begins the correct function but omits the compiler switch tables. Raw code ends in RET at 0x2A597; compare values [1,7,13,19,25] and the five-entry near jump table fill the extent exactly through the next TLINK public at 0x2A5AC."
th04-main-boundary-1a5ac,th04-main,mz-load-module,0x1A5AC,0x2A5AC,0x1A5AC,0x70,0x70,reviewed,authored,reconstruct,exact,yuuka6_anim_parasol_back_open(),_yuuka6_anim_parasol_back_open,th04_main.asm,MAIN_034_TEXT,target-derived-asm,src/main/boss/yuuka6_animations.cpp,ghidra+map-public+tasm-proc,_yuuka6_anim_parasol_back_open,near,51743,false,2,5,0,ev-th04-main-yuuka6-animations-boundary-v29,"Manual target boundary review overrides a Ghidra body-construction false negative: validated 5-entry switch table; Raw code ends in RET at 0x2A606; one zero alignment byte, compare values [1,7,13,19,25], and the five-entry near jump table exactly fill the remaining compiler extent through public 0x2A61C."
th04-main-boundary-1a61c,th04-main,mz-load-module,0x1A61C,0x2A61C,0x1A61C,0x6A,0x6A,reviewed,authored,reconstruct,exact,yuuka6_anim_parasol_back_pull_forward(),_yuuka6_anim_parasol_back_pull_forward,th04_main.asm,MAIN_034_TEXT,target-derived-asm,src/main/boss/yuuka6_animations.cpp,ghidra+map-public+tasm-proc,_yuuka6_anim_parasol_back_pull_forward,near,51818,true,1,4,0,ev-th04-main-yuuka6-animations-boundary-v29,"Manual target boundary review overrides a Ghidra body-construction false negative: validated 5-entry switch table; Raw code ends in RET at 0x2A671; compare values [1,7,13,19,25] and the five-entry near jump table account for every trailing byte through public 0x2A686."
th04-main-boundary-1a686,th04-main,mz-load-module,0x1A686,0x2A686,0x1A686,0x5F,0x5F,reviewed,authored,reconstruct,exact,yuuka6_anim_parasol_back_pull_left(),_yuuka6_anim_parasol_back_pull_left,th04_main.asm,MAIN_034_TEXT,target-derived-asm,src/main/boss/yuuka6_animations.cpp,ghidra+map-public+tasm-proc,_yuuka6_anim_parasol_back_pull_left,near,51885,true,1,1,0,ev-th04-main-yuuka6-animations-boundary-v29,"Manual target boundary review overrides a Ghidra body-construction false negative: validated 4-entry switch table; Raw code ends in RET at 0x2A6D4; compare values [1,7,13,19] and four jump targets fill the exact extent through public 0x2A6E5."
th04-main-boundary-1a6e5,th04-main,mz-load-module,0x1A6E5,0x2A6E5,0x1A6E5,0xD7,0xD7,reviewed,authored,reconstruct,exact,yuuka6_anim_parasol_left_spin_back(),_yuuka6_anim_parasol_left_spin_back,th04_main.asm,MAIN_034_TEXT,target-derived-asm,src/main/boss/yuuka6_animations.cpp,ghidra+map-public+tasm-proc,_yuuka6_anim_parasol_left_spin_back,near,51951,false,2,5,0,ev-th04-main-yuuka6-animations-boundary-v29,"Manual target boundary review overrides a Ghidra body-construction false negative: validated 40-entry switch table; TC86 lowers this dense frame switch differently: raw code ends in RET at 0x2A76A, one zero alignment byte follows, and a 40-entry near jump table fills the extent exactly through public 0x2A7BC."
th04-main-boundary-1a7bc,th04-main,mz-load-module,0x1A7BC,0x2A7BC,0x1A7BC,0x75,0x75,reviewed,authored,reconstruct,exact,yuuka6_anim_vanish(),_yuuka6_anim_vanish,th04_main.asm,MAIN_034_TEXT,target-derived-asm,src/main/boss/yuuka6_animations.cpp,ghidra+map-public+tasm-proc,_yuuka6_anim_vanish,near,52091,false,2,1,0,ev-th04-main-yuuka6-animations-boundary-v29,"Manual target boundary review overrides a Ghidra body-construction false negative: validated 6-entry switch table; Raw code ends in RET at 0x2A818; compare values [1,8,15,22,29,36] plus six near jump targets fill the exact extent through public 0x2A831."
th04-main-boundary-1a831,th04-main,mz-load-module,0x1A831,0x2A831,0x1A831,0x76,0x76,reviewed,authored,reconstruct,exact,yuuka6_anim_appear(),_yuuka6_anim_appear,th04_main.asm,MAIN_034_TEXT,target-derived-asm,src/main/boss/yuuka6_animations.cpp,ghidra+map-public+tasm-proc,_yuuka6_anim_appear,near,52170,false,2,2,0,ev-th04-main-yuuka6-animations-boundary-v29,"Manual target boundary review overrides a Ghidra body-construction false negative: validated 6-entry switch table; Raw code ends in RET at 0x2A88D; one zero alignment byte, compare values [1,8,15,22,29,36], and six near jump targets fill the compiler extent through public 0x2A8A7."
th04-main-boundary-1a8a7,th04-main,mz-load-module,0x1A8A7,0x2A8A7,0x1A8A7,0x60,0x60,reviewed,authored,reconstruct,exact,yuuka6_anim_parasol_shield(),_yuuka6_anim_parasol_shield,th04_main.asm,MAIN_034_TEXT,target-derived-asm,src/main/boss/yuuka6_animations.cpp,ghidra+map-public+tasm-proc,_yuuka6_anim_parasol_shield,near,52250,true,1,1,1,ev-th04-main-yuuka6-animations-boundary-v29,"Manual target boundary review overrides a Ghidra body-construction false negative: validated 4-entry switch table; Raw code ends in RET at 0x2A8F5; one zero alignment byte, compare values [1,7,13,19], and four jump targets fill the exact authored owner through its target/TASM end at 0x2A907."
th04-main-boundary-1a8e9,th04-main,mz-load-module,0x1A8E9,0x2A8E9,0x1A8E9,0x9,0x9,excluded,authored,exclude,excluded,switchD_2000:9173::caseD_0,,th04_main.asm,MAIN_034_TEXT,target-derived-asm,candidate:th04_main.asm,ghidra,,,,true,1,0,0,target-ghidra+candidate-map,"Ghidra-only entry is not a PROC in the complete attested TASM listing. Ghidra entry is a switch/data/non-code artifact, not an accepted function boundary."
th04-main-boundary-1a8f2,th04-main,mz-load-module,0x1A8F2,0x2A8F2,0x1A8F2,0x4,0x4,excluded,authored,exclude,excluded,FUN_23a9_6e62,,th04_main.asm,MAIN_034_TEXT,target-derived-asm,candidate:th04_main.asm,ghidra,,,,true,1,1,0,target-ghidra+candidate-map,"Ghidra-only entry is not a PROC in the complete attested TASM listing. Ghidra entry is a switch/data/non-code artifact, not an accepted function boundary."
th04-main-boundary-1a907,th04-main,mz-load-module,0x1A907,0x2A907,0x1A907,0xAE,0xAE,reviewed,authored,reconstruct,exact,y6_gather_side(),,th04_main.asm,MAIN_034_TEXT,target-derived-asm,src/main/boss/yuuka6_gather_patterns.cpp,ghidra+tasm-proc,yuuka6_1A907,near,52320,false,2,1,0,ev-th04-main-yuuka6-gather-patterns-boundary-v30,"Manual target boundary review overrides a Ghidra body-construction false negative: validated 4-entry switch table; Pinned TASM starts this function at 0x2A907 and the next true PROC at 0x2A9B5. Raw code ends in RET at 0x2A9A4; compare values [0x10,0x12,0x14,0x20] and four near jump targets fill all remaining bytes through the exact target/TASM end."
th04-main-boundary-1a9b5,th04-main,mz-load-module,0x1A9B5,0x2A9B5,0x1A9B5,0x15,0x15,reviewed,authored,reconstruct,exact,y6_gather_pair(),,th04_main.asm,MAIN_034_TEXT,target-derived-asm,src/main/boss/yuuka6_gather_patterns.cpp,tasm-proc,yuuka6_1A9B5,near,52416,,,,,ev-th04-main-yuuka6-gather-patterns-boundary-v30,"Manual target boundary review overrides a Ghidra body-construction false negative: validated linear raw decode; Ghidra has no entry at 0x2A9B5. Pinned TASM and target raw give a complete 0x15-byte helper through RET at 0x2A9C9; the next true Ghidra/TASM entry starts at 0x2A9CA, and target near CALL at 0x2AA14 resolves exactly to 0x2A9B5. The helper lies wholly inside the exact 0x256 natural-C++ owner."
th04-main-boundary-1a9ca,th04-main,mz-load-module,0x1A9CA,0x2A9CA,0x1A9CA,0x7B,0x7B,reviewed,authored,reconstruct,exact,y6_gather_center(),,th04_main.asm,MAIN_034_TEXT,target-derived-asm,src/main/boss/yuuka6_gather_patterns.cpp,ghidra+tasm-proc,yuuka6_1A9CA,near,52432,false,2,1,0,ev-th04-main-yuuka6-gather-patterns-boundary-v30,"Manual target boundary review overrides a Ghidra body-construction false negative: validated 4-entry switch table; Raw code ends in RET at 0x2AA33; one zero alignment byte, compare values [0x30,0x32,0x34,0x40], and four near jump targets exactly fill the function-owned compiler extent through target/TASM entry 0x2AA45."
th04-main-boundary-1aa45,th04-main,mz-load-module,0x1AA45,0x2AA45,0x1AA45,0xA0,0xA0,reviewed,authored,reconstruct,exact,y6_gather_dual(),,th04_main.asm,MAIN_034_TEXT,target-derived-asm,src/main/boss/yuuka6_gather_patterns.cpp,ghidra+tasm-proc,yuuka6_1AA45,near,52512,false,2,3,0,ev-th04-main-yuuka6-gather-patterns-boundary-v30,"Manual target boundary review overrides a Ghidra body-construction false negative: validated 4-entry switch table; Raw code ends in RET at 0x2AAD3; one zero alignment byte, compare values [0x20,0x22,0x24,0x30], and four near jump targets account for every trailing byte through target/TASM entry 0x2AAE5."
th04-main-boundary-1aae5,th04-main,mz-load-module,0x1AAE5,0x2AAE5,0x1AAE5,0x78,0x78,reviewed,authored,reconstruct,exact,y6_gather_self(),,th04_main.asm,MAIN_034_TEXT,target-derived-asm,src/main/boss/yuuka6_gather_patterns.cpp,ghidra+tasm-proc,yuuka6_1AAE5,near,52603,false,2,2,0,ev-th04-main-yuuka6-gather-patterns-boundary-v30,"Manual target boundary review overrides a Ghidra body-construction false negative: validated 4-entry switch table; Raw code ends in RET at 0x2AB4B; one zero alignment byte, compare values [0x10,0x12,0x14,0x20], and four near jump targets exactly fill the function-owned extent through the next target/TASM function at 0x2AB5D."
th04-main-boundary-1ab5d,th04-main,mz-load-module,0x1AB5D,0x2AB5D,0x1AB5D,0x88,0x88,reviewed,authored,reconstruct,exact,y6_attack_ring_turn(),,th04_main.asm,MAIN_034_TEXT,target-derived-asm,src/main/boss/yuuka6_main034.cpp,tasm-proc,yuuka6_1AB5D,near,52676,,,,,ev-th04-main-yuuka6-attack-patterns-boundary-v31,"Manual target boundary review overrides a Ghidra body-construction false negative: validated linear raw decode; Ghidra has no function containing 0x2AB5D. Target raw decodes the complete 0x88-byte extent through RET at 0x2ABE4; the next true Ghidra/TASM entry starts at 0x2ABE5, and target near CALL at 0x2B554 resolves exactly to 0x2AB5D. The generated C++ public is independently placed at the same address inside the exact 0x332 attack owner."
th04-main-boundary-1abe5,th04-main,mz-load-module,0x1ABE5,0x2ABE5,0x1ABE5,0xE7,0xE7,reviewed,authored,reconstruct,exact,y6_attack_spin_rings(),,th04_main.asm,MAIN_034_TEXT,target-derived-asm,src/main/boss/yuuka6_main034.cpp,ghidra+tasm-proc,yuuka6_1ABE5,near,52745,true,1,0,5,ev-th04-main-yuuka6-attack-patterns-boundary-v31,Manual target boundary review overrides a Ghidra body-construction false negative: validated linear raw decode; Target Ghidra starts at 0x2ABE5 and covers all 0xE7 bytes; pinned TASM starts the next PROC at 0x2ACCC. Independent raw 16-bit decode is contiguous through terminal RET at 0x2ACCB inside the exact attack owner.
th04-main-boundary-1accc,th04-main,mz-load-module,0x1ACCC,0x2ACCC,0x1ACCC,0xA3,0xA3,reviewed,authored,reconstruct,exact,y6_attack_gravity(),,th04_main.asm,MAIN_034_TEXT,target-derived-asm,src/main/boss/yuuka6_main034.cpp,ghidra+tasm-proc,yuuka6_1ACCC,near,52849,false,2,0,3,ev-th04-main-yuuka6-attack-patterns-boundary-v31,"Manual target boundary review overrides a Ghidra body-construction false negative: validated linear raw decode; Ghidra starts at 0x2ACCC but marks only 107 of the 0xA3-byte min/max extent as body. Pinned TASM places the next PROC at 0x2AD6F, and independent raw 16-bit decode tiles every byte through terminal RET at 0x2AD6E inside the exact attack owner."
th04-main-boundary-1ad6f,th04-main,mz-load-module,0x1AD6F,0x2AD6F,0x1AD6F,0x6C,0x6C,reviewed,authored,reconstruct,exact,y6_attack_safetycircle(),,th04_main.asm,MAIN_034_TEXT,target-derived-asm,src/main/boss/yuuka6_main034.cpp,ghidra+tasm-proc,yuuka6_1AD6F,near,52923,false,2,0,6,ev-th04-main-yuuka6-attack-patterns-boundary-v31,"Manual target boundary review overrides a Ghidra body-construction false negative: validated linear raw decode; Ghidra starts at 0x2AD6F but marks 102 of 108 bytes as body. Pinned TASM places the next PROC at 0x2ADDB, and independent raw 16-bit decode tiles every byte through terminal RET at 0x2ADDA inside the exact attack owner."
th04-main-boundary-1addb,th04-main,mz-load-module,0x1ADDB,0x2ADDB,0x1ADDB,0xB4,0xB4,reviewed,authored,reconstruct,exact,y6_attack_bullets(),,th04_main.asm,MAIN_034_TEXT,target-derived-asm,src/main/boss/yuuka6_main034.cpp,ghidra+tasm-proc,yuuka6_1ADDB,near,52982,true,1,0,3,ev-th04-main-yuuka6-attack-patterns-boundary-v31,Manual target boundary review overrides a Ghidra body-construction false negative: validated linear raw decode; Target Ghidra starts at 0x2ADDB and covers the complete 0xB4-byte body. Pinned TASM and the next independent Ghidra entry both place the following function at 0x2AE8F; raw 16-bit decode ends in RET at 0x2AE8E.
th04-main-boundary-1ae8f,th04-main,mz-load-module,0x1AE8F,0x2AE8F,0x1AE8F,0x119,0x119,reviewed,authored,reconstruct,exact,y6_phase_dual_lasers(),,th04_main.asm,MAIN_034_TEXT,target-derived-asm,src/main/boss/yuuka6_main034.cpp,ghidra+tasm-proc,yuuka6_1AE8F,near,53054,false,2,0,6,ev-th04-main-yuuka6-late-phase-patterns-boundary-v32,Manual target boundary review overrides a Ghidra body-construction false negative: validated linear raw decode; Ghidra starts at 0x2AE8F and spans through 0x2AFA7 but marks only 255 of 281 bytes as body. Pinned TASM starts the next PROC at 0x2AFA8; independent raw 16-bit decode tiles the full extent through terminal RET at 0x2AFA7 inside the exact owner.
th04-main-boundary-1afa8,th04-main,mz-load-module,0x1AFA8,0x2AFA8,0x1AFA8,0xF1,0xF1,reviewed,authored,reconstruct,exact,y6_phase_dual_spreads(),,th04_main.asm,MAIN_034_TEXT,target-derived-asm,src/main/boss/yuuka6_main034.cpp,ghidra+tasm-proc,yuuka6_1AFA8,near,53168,false,2,0,5,ev-th04-main-yuuka6-late-phase-patterns-boundary-v32,Manual target boundary review overrides a Ghidra body-construction false negative: validated linear raw decode; Ghidra starts at 0x2AFA8 and spans through 0x2B098 but marks only 130 of 241 bytes as body. Pinned TASM starts the next PROC at 0x2B099; raw decode reaches terminal RET at 0x2B098 and accounts for every byte inside the exact owner.
th04-main-boundary-1b099,th04-main,mz-load-module,0x1B099,0x2B099,0x1B099,0x118,0x118,reviewed,authored,reconstruct,exact,y6_phase_rotating_ring(),,th04_main.asm,MAIN_034_TEXT,target-derived-asm,src/main/boss/yuuka6_main034.cpp,ghidra+tasm-proc,yuuka6_1B099,near,53278,false,2,0,6,ev-th04-main-yuuka6-late-phase-patterns-boundary-v32,Manual target boundary review overrides a Ghidra body-construction false negative: validated linear raw decode; Ghidra starts at 0x2B099 and spans through 0x2B1B0 but marks only 239 of 280 bytes as body because of multiple early-return paths. Pinned TASM starts the next PROC at 0x2B1B1; raw decode tiles the whole extent and terminal RET is at 0x2B1B0.
th04-main-boundary-1b1b1,th04-main,mz-load-module,0x1B1B1,0x2B1B1,0x1B1B1,0x7A,0x7A,reviewed,authored,reconstruct,exact,y6_phase_growing_ring(),,th04_main.asm,MAIN_034_TEXT,target-derived-asm,src/main/boss/yuuka6_main034.cpp,ghidra+tasm-proc,yuuka6_1B1B1,near,53431,true,1,0,2,ev-th04-main-yuuka6-late-phase-patterns-boundary-v32,Manual target boundary review overrides a Ghidra body-construction false negative: validated linear raw decode; Target Ghidra covers all 0x7A bytes from 0x2B1B1 through 0x2B22A. Pinned TASM starts the next PROC at 0x2B22B and independent raw decode ends in RET at 0x2B22A.
th04-main-boundary-1b22b,th04-main,mz-load-module,0x1B22B,0x2B22B,0x1B22B,0x57,0x57,reviewed,authored,reconstruct,exact,y6_phase_chasecrosses(),,th04_main.asm,MAIN_034_TEXT,target-derived-asm,src/main/boss/yuuka6_main034.cpp,ghidra+tasm-proc,yuuka6_1B22B,near,53493,true,1,0,3,ev-th04-main-yuuka6-late-phase-patterns-boundary-v32,Manual target boundary review overrides a Ghidra body-construction false negative: validated linear raw decode; Target Ghidra covers all 0x57 bytes from 0x2B22B through 0x2B281. Pinned TASM starts the next PROC at 0x2B282 and raw decode ends in RET at 0x2B281.
th04-main-boundary-1b282,th04-main,mz-load-module,0x1B282,0x2B282,0x1B282,0x91,0x91,reviewed,authored,reconstruct,exact,y6_phase_alternating_rings(),,th04_main.asm,MAIN_034_TEXT,target-derived-asm,src/main/boss/yuuka6_main034.cpp,ghidra+tasm-proc,yuuka6_1B282,near,53543,true,1,0,2,ev-th04-main-yuuka6-late-phase-patterns-boundary-v32,Manual target boundary review overrides a Ghidra body-construction false negative: validated linear raw decode; Target Ghidra covers all 0x91 bytes from 0x2B282 through 0x2B312. Pinned TASM starts the next PROC at 0x2B313 and raw decode ends in LEAVE/RET at 0x2B311..0x2B312.
th04-main-boundary-1b313,th04-main,mz-load-module,0x1B313,0x2B313,0x1B313,0xCF,0xCF,reviewed,authored,reconstruct,exact,y6_phase_dual_aimed_spreads(),,th04_main.asm,MAIN_034_TEXT,target-derived-asm,src/main/boss/yuuka6_main034.cpp,ghidra+tasm-proc,yuuka6_1B313,near,53613,true,1,0,6,ev-th04-main-yuuka6-late-phase-patterns-boundary-v32,Manual target boundary review overrides a Ghidra body-construction false negative: validated linear raw decode; Target Ghidra covers all 0xCF bytes from 0x2B313 through 0x2B3E1. Pinned TASM starts the next PROC at 0x2B3E2 and raw decode ends in RET at 0x2B3E1.
th04-main-boundary-1b3e2,th04-main,mz-load-module,0x1B3E2,0x2B3E2,0x1B3E2,0x4D,0x4D,reviewed,authored,reconstruct,exact,y6_mirror_hittest(),,th04_main.asm,MAIN_034_TEXT,target-derived-asm,src/main/boss/yuuka6_main034.cpp,ghidra+tasm-proc,yuuka6_1B3E2,near,53705,true,1,0,2,ev-th04-main-yuuka6-late-phase-patterns-boundary-v32,Manual target boundary review overrides a Ghidra body-construction false negative: validated linear raw decode; Target Ghidra covers all 0x4D bytes from 0x2B3E2 through 0x2B42E. Raw decode has the expected two return paths ending at 0x2B42A and 0x2B42E; the next public/Ghidra entry YUUKA6_PHASE_NEXT starts at 0x2B42F.
th04-main-boundary-1b42f,th04-main,mz-load-module,0x1B42F,0x2B42F,0x1B42F,0x4F,0x4F,reviewed,authored,reconstruct,exact,YUUKA6_PHASE_NEXT,YUUKA6_PHASE_NEXT,th04_main.asm,MAIN_034_TEXT,target-derived-asm,src/main/boss/yuuka6_main034.cpp,ghidra+map-public+tasm-proc,yuuka6_phase_next,near,53743,true,1,0,0,ev-th04-main-yuuka6-phase-dispatch-boundary-v33,"Manual target boundary review overrides a Ghidra body-construction false negative: validated linear raw decode; Fresh target map proves YUUKA6_PHASE_NEXT at 13A9:799F and yuuka6_update() at 13A9:79EE. Ghidra truncates this helper to three bytes, but gap-free target raw decode reaches RET 4 at 0x2B47D and the next TLINK public starts exactly at 0x2B47E. Natural C++ reproduces all 0x4F bytes."
th04-main-boundary-1b47e,th04-main,mz-load-module,0x1B47E,0x2B47E,0x1B47E,0x4DE,0x4DE,reviewed,authored,reconstruct,exact,yuuka6_update(),,th04_main.asm,MAIN_034_TEXT,target-derived-asm,src/main/boss/yuuka6_main034.cpp,ghidra+tasm-proc,@yuuka6_update$qv,far,53786,false,8,0,9,ev-th04-main-yuuka6-phase-dispatch-boundary-v33,"Manual target boundary review overrides a Ghidra body-construction false negative: validated 4 trailing compiler switch tables (30 jump entries total); Target TLINK/TASM public starts at 0x2B47E. Ghidra body construction is badly cross-linked and cannot define the extent; target raw decode reaches the common-tail RETF at 0x2B907. Three sparse {0,1,2,255} compare/jump pairs and the 18-entry phase table then fill every byte through 0x2B95B, immediately before local Elly PROC 0x2B95C."
th04-main-boundary-1b8a0,th04-main,mz-load-module,0x1B8A0,0x2B8A0,0x1B8A0,0x45,0x45,excluded,authored,exclude,excluded,switchD_2000:c750::caseD_0,,th04_main.asm,MAIN_034_TEXT,target-derived-asm,candidate:th04_main.asm,ghidra,,,,true,1,0,4,target-ghidra+candidate-map,"Ghidra-only entry is not a PROC in the complete attested TASM listing. Ghidra entry is a switch/data/non-code artifact, not an accepted function boundary."
th04-main-boundary-1b8ea,th04-main,mz-load-module,0x1B8EA,0x2B8EA,0x1B8EA,0x1E,0x1E,excluded,authored,exclude,excluded,FUN_23a9_7e5a,,th04_main.asm,MAIN_034_TEXT,target-derived-asm,candidate:th04_main.asm,ghidra,,,,true,1,1,3,target-ghidra+candidate-map,"Ghidra-only entry is not a PROC in the complete attested TASM listing. Ghidra entry is a switch/data/non-code artifact, not an accepted function boundary."
th04-main-boundary-1b95c,th04-main,mz-load-module,0x1B95C,0x2B95C,0x1B95C,0x2E0,0x2E0,reviewed,authored,reconstruct,exact,elly_scythe_update(),,th04_main.asm,MAIN_034_TEXT,target-derived-asm,src/main/boss/elly_scythe.cpp,ghidra+tasm-proc,elly_1B95C,near,54390,true,1,1,0,ev-th04-main-elly-scythe-boundary-v34,Manual target boundary review overrides a Ghidra body-construction false negative: validated 1 trailing compiler switch tables (8 jump entries total); Target Ghidra recognizes only 0x2B95C..0x2B981 and then creates false internal entries. Pinned TASM and independent raw decode tile one 0x2D0-byte function through RET at 0x2BC2B; the eight-entry compiler near-jump table immediately follows and fills the exact owner through the next true local PROC at 0x2BC3C.
th04-main-boundary-1b9d6,th04-main,mz-load-module,0x1B9D6,0x2B9D6,0x1B9D6,0xBC,0xBC,excluded,authored,exclude,excluded,FUN_23a9_7f46,,th04_main.asm,MAIN_034_TEXT,target-derived-asm,candidate:th04_main.asm,ghidra,,,,true,1,4,2,target-ghidra+candidate-map,"Ghidra-only entry is not a PROC in the complete attested TASM listing. Ghidra entry is a switch/data/non-code artifact, not an accepted function boundary."
th04-main-boundary-1bba4,th04-main,mz-load-module,0x1BBA4,0x2BBA4,0x1BBA4,0x6C,0x6C,excluded,authored,exclude,excluded,FUN_23a9_8114,,th04_main.asm,MAIN_034_TEXT,target-derived-asm,candidate:th04_main.asm,ghidra,,,,true,1,3,3,target-ghidra+candidate-map,"Ghidra-only entry is not a PROC in the complete attested TASM listing. Ghidra entry is a switch/data/non-code artifact, not an accepted function boundary."
th04-main-boundary-1bc10,th04-main,mz-load-module,0x1BC10,0x2BC10,0x1BC10,0x1C,0x1C,excluded,authored,exclude,excluded,FUN_23a9_8180,,th04_main.asm,MAIN_034_TEXT,target-derived-asm,candidate:th04_main.asm,ghidra,,,,true,1,7,0,target-ghidra+candidate-map,"Ghidra-only entry is not a PROC in the complete attested TASM listing. Ghidra entry is a switch/data/non-code artifact, not an accepted function boundary."
th04-main-boundary-1bc38,th04-main,mz-load-module,0x1BC38,0x2BC38,0x1BC38,0x4,0x4,excluded,authored,exclude,excluded,FUN_23a9_81a8,,th04_main.asm,MAIN_034_TEXT,target-derived-asm,candidate:th04_main.asm,ghidra,,,,true,1,3,0,target-ghidra+candidate-map,"Ghidra-only entry is not a PROC in the complete attested TASM listing. Ghidra entry is a switch/data/non-code artifact, not an accepted function boundary."
th04-main-boundary-1bc3c,th04-main,mz-load-module,0x1BC3C,0x2BC3C,0x1BC3C,0x37,0x37,reviewed,authored,reconstruct,exact,elly_scythe_init(),,th04_main.asm,MAIN_034_TEXT,target-derived-asm,src/main/boss/elly_scythe_init.cpp,ghidra+tasm-proc,elly_1BC3C,near,54721,true,1,5,1,ev-th04-main-elly-scythe-init-boundary-v35,"Manual target boundary review overrides a Ghidra body-construction false negative: validated linear raw decode; Target raw, pinned TASM, and Ghidra all agree on one 55-byte body through RET at 0x2BC72; the next local PROC starts at 0x2BC73 and natural C++ owns the exact span."
th04-main-boundary-1bc73,th04-main,mz-load-module,0x1BC73,0x2BC73,0x1BC73,0xB0,0xB0,reviewed,authored,reconstruct,exact,elly_orbit_update(),,th04_main.asm,MAIN_034_TEXT,target-derived-asm,src/main/boss/elly_orbit.cpp,ghidra+tasm-proc,elly_1BC73,near,54746,false,2,5,0,ev-th04-main-elly-orbit-boundary-v36,Manual target boundary review overrides a Ghidra body-construction false negative: validated linear raw decode; Ghidra starts at the true 0x2BC73 entry but constructs only 19 body bytes. Pinned TASM and gap-free raw decode tile all 0xB0 bytes through RET at 0x2BD22; the next true local PROC starts at 0x2BD23 inside the unchanged residual ASM.
th04-main-boundary-1bc7e,th04-main,mz-load-module,0x1BC7E,0x2BC7E,0x1BC7E,0xC,0xC,excluded,authored,exclude,excluded,FUN_23a9_81ee,,th04_main.asm,MAIN_034_TEXT,target-derived-asm,candidate:th04_main.asm,ghidra,,,,true,1,2,0,target-ghidra+candidate-map,"Ghidra-only entry is not a PROC in the complete attested TASM listing. Ghidra entry is a switch/data/non-code artifact, not an accepted function boundary."
th04-main-boundary-1bc94,th04-main,mz-load-module,0x1BC94,0x2BC94,0x1BC94,0x8F,0x8F,excluded,authored,exclude,excluded,FUN_23a9_8204,,th04_main.asm,MAIN_034_TEXT,target-derived-asm,candidate:th04_main.asm,ghidra,,,,true,1,4,1,target-ghidra+candidate-map,"Ghidra-only entry is not a PROC in the complete attested TASM listing. Ghidra entry is a switch/data/non-code artifact, not an accepted function boundary."
th04-main-boundary-1bd23,th04-main,mz-load-module,0x1BD23,0x2BD23,0x1BD23,0x28,0x28,reviewed,authored,reconstruct,exact,elly_phase_scythe(),,th04_main.asm,MAIN_034_TEXT,target-derived-asm,src/main/boss/elly_phase_scythe.cpp,ghidra+tasm-proc,elly_1BD23,near,54830,true,1,0,1,ev-th04-main-elly-phase-scythe-boundary-v37,"Manual target boundary review overrides a Ghidra body-construction false negative: validated linear raw decode; Target raw, pinned TASM, and fresh Ghidra all agree on the complete 40-byte body through RET at 0x2BD4A; the next local PROC starts at 0x2BD4B."
th04-main-boundary-1bd4b,th04-main,mz-load-module,0x1BD4B,0x2BD4B,0x1BD4B,0x69,0x69,reviewed,authored,reconstruct,exact,elly_phase_orbit(),,th04_main.asm,MAIN_034_TEXT,target-derived-asm,src/main/boss/elly_phase_orbit.cpp,ghidra+tasm-proc,elly_1BD4B,near,54855,true,1,0,2,ev-th04-main-elly-phase-orbit-boundary-v38,"Manual target boundary review overrides a Ghidra body-construction false negative: validated linear raw decode; Target raw, pinned TASM, and fresh Ghidra all agree on the complete 105-byte body through RET at 0x2BDB3; the next local PROC starts at 0x2BDB4."
th04-main-boundary-1bdb4,th04-main,mz-load-module,0x1BDB4,0x2BDB4,0x1BDB4,0x8F,0x8F,reviewed,authored,reconstruct,exact,elly_gather_update(),,th04_main.asm,MAIN_034_TEXT,target-derived-asm,src/main/boss/elly_gather.cpp,ghidra+tasm-proc,elly_1BDB4,near,54904,false,2,4,0,ev-th04-main-elly-gather-boundary-v39,"Manual target boundary review overrides a Ghidra body-construction false negative: validated 4-entry switch table; Raw code decodes gap-free through RET at 0x2BE31. One zero alignment byte at 0x2BE32, compare values [1,8,16,32], and four near jump targets then exactly fill the compiler-owned extent through 0x2BE42; the next true local PROC starts at 0x2BE43."
th04-main-boundary-1be43,th04-main,mz-load-module,0x1BE43,0x2BE43,0x1BE43,0x35,0x35,reviewed,authored,reconstruct,exact,elly_phase_burst(),,th04_main.asm,MAIN_034_TEXT,target-derived-asm,src/main/boss/elly_phase_burst.cpp,ghidra+tasm-proc,elly_1BE43,near,54998,true,1,4,1,ev-th04-main-elly-phase-burst-boundary-v40,"Manual target boundary review overrides a Ghidra body-construction false negative: validated linear raw decode; Target raw, pinned TASM, and fresh Ghidra all agree on the complete 53-byte body through RET at 0x2BE77; the next local PROC starts at 0x2BE78."
th04-main-boundary-1be78,th04-main,mz-load-module,0x1BE78,0x2BE78,0x1BE78,0xDA,0xDA,reviewed,authored,reconstruct,exact,elly_phase_sweep(),,th04_main.asm,MAIN_034_TEXT,target-derived-asm,src/main/boss/elly_phase_sweep.cpp,ghidra+tasm-proc,elly_1BE78,near,55021,false,3,0,4,ev-th04-main-elly-phase-sweep-boundary-v41,Manual target boundary review overrides a Ghidra body-construction false negative: validated linear raw decode; Pinned TASM and gap-free raw decode tile all 218 bytes through RET at 0x2BF51. Ghidra is sparse and creates false internal entries at 0x2BEDA and 0x2BF16; the next true local PROC starts at 0x2BF52.
th04-main-boundary-1beda,th04-main,mz-load-module,0x1BEDA,0x2BEDA,0x1BEDA,0x1D,0x1D,excluded,authored,exclude,excluded,FUN_23a9_844a,,th04_main.asm,MAIN_034_TEXT,target-derived-asm,candidate:th04_main.asm,ghidra,,,,true,1,1,0,target-ghidra+candidate-map,"Ghidra-only entry is not a PROC in the complete attested TASM listing. Ghidra entry is a switch/data/non-code artifact, not an accepted function boundary."
th04-main-boundary-1bf16,th04-main,mz-load-module,0x1BF16,0x2BF16,0x1BF16,0x31,0x3C,excluded,authored,exclude,excluded,FUN_23a9_8486,,th04_main.asm,MAIN_034_TEXT,target-derived-asm,candidate:th04_main.asm,ghidra,,,,false,2,4,0,target-ghidra+candidate-map,"Ghidra-only entry is not a PROC in the complete attested TASM listing. Ghidra entry is a switch/data/non-code artifact, not an accepted function boundary."
th04-main-boundary-1bf52,th04-main,mz-load-module,0x1BF52,0x2BF52,0x1BF52,0x59,0x59,reviewed,authored,reconstruct,exact,elly_phase_ring(),,th04_main.asm,MAIN_034_TEXT,target-derived-asm,src/main/boss/elly_phase_ring.cpp,ghidra+tasm-proc,elly_1BF52,near,55127,true,1,0,2,ev-th04-main-elly-phase-ring-boundary-v42,Manual target boundary review overrides a Ghidra body-construction false negative: validated linear raw decode; Pinned TASM and raw decode tile the complete 89-byte function through RET at 0x2BFAA. Ghidra stops at 0x2BF92 and creates a false internal entry at 0x2BF94; the next true PROC is 0x2BFAB.
th04-main-boundary-1bf94,th04-main,mz-load-module,0x1BF94,0x2BF94,0x1BF94,0x17,0x17,excluded,authored,exclude,excluded,FUN_23a9_8504,,th04_main.asm,MAIN_034_TEXT,target-derived-asm,candidate:th04_main.asm,ghidra,,,,true,1,2,0,target-ghidra+candidate-map,"Ghidra-only entry is not a PROC in the complete attested TASM listing. Ghidra entry is a switch/data/non-code artifact, not an accepted function boundary."
th04-main-boundary-1bfab,th04-main,mz-load-module,0x1BFAB,0x2BFAB,0x1BFAB,0x99,0x99,reviewed,authored,reconstruct,exact,elly_phase_cloud(),,th04_main.asm,MAIN_034_TEXT,target-derived-asm,src/main/boss/elly_phase_cloud.cpp,ghidra+tasm-proc,elly_1BFAB,near,55174,false,2,0,4,ev-th04-main-elly-phase-cloud-boundary-v43,Manual target boundary review overrides a Ghidra body-construction false negative: validated linear raw decode; Pinned TASM/raw define one 153-byte function through RET at 0x2C043. Ghidra constructs a sparse body and false internal entries at 0x2BFF8 and 0x2C01A; the next true local PROC is 0x2C044.
th04-main-boundary-1bff8,th04-main,mz-load-module,0x1BFF8,0x2BFF8,0x1BFF8,0x21,0x4C,excluded,authored,exclude,excluded,FUN_23a9_8568,,th04_main.asm,MAIN_034_TEXT,target-derived-asm,candidate:th04_main.asm,ghidra,,,,false,2,1,0,target-ghidra+candidate-map,"Ghidra-only entry is not a PROC in the complete attested TASM listing. Ghidra entry is a switch/data/non-code artifact, not an accepted function boundary."
th04-main-boundary-1c01a,th04-main,mz-load-module,0x1C01A,0x2C01A,0x1C01A,0x1E,0x1E,excluded,authored,exclude,excluded,FUN_23a9_858a,,th04_main.asm,MAIN_034_TEXT,target-derived-asm,candidate:th04_main.asm,ghidra,,,,true,1,2,0,target-ghidra+candidate-map,"Ghidra-only entry is not a PROC in the complete attested TASM listing. Ghidra entry is a switch/data/non-code artifact, not an accepted function boundary."
th04-main-boundary-1c044,th04-main,mz-load-module,0x1C044,0x2C044,0x1C044,0x7B,0x7B,reviewed,authored,reconstruct,exact,elly_phase_dual(),,th04_main.asm,MAIN_034_TEXT,target-derived-asm,src/main/boss/elly_phase_dual.cpp,ghidra+tasm-proc,elly_1C044,near,55253,true,1,0,1,ev-th04-main-elly-phase-dual-boundary-v44,Manual target boundary review overrides a Ghidra body-construction false negative: validated linear raw decode; Fresh Ghidra constructs only 13 bytes at the true 0x2C044 entry. Pinned TASM and raw decode tile the full 123-byte PROC through RET at 0x2C0BE; the next true local PROC is 0x2C0BF.
th04-main-boundary-1c09a,th04-main,mz-load-module,0x1C09A,0x2C09A,0x1C09A,0x25,0x25,excluded,authored,exclude,excluded,FUN_23a9_860a,,th04_main.asm,MAIN_034_TEXT,target-derived-asm,candidate:th04_main.asm,ghidra,,,,true,1,1,1,target-ghidra+candidate-map,"Ghidra-only entry is not a PROC in the complete attested TASM listing. Ghidra entry is a switch/data/non-code artifact, not an accepted function boundary."
th04-main-boundary-1c0bf,th04-main,mz-load-module,0x1C0BF,0x2C0BF,0x1C0BF,0xA5,0xA5,reviewed,authored,reconstruct,exact,elly_phase_cloud_reverse(),,th04_main.asm,MAIN_034_TEXT,target-derived-asm,src/main/boss/elly_phase_cloud_reverse.cpp,ghidra+tasm-proc,elly_1C0BF,near,55312,true,1,0,3,ev-th04-main-elly-phase-cloud-reverse-boundary-v45,Manual target boundary review overrides a Ghidra body-construction false negative: validated linear raw decode; Pinned TASM/raw define one 165-byte function through RET at 0x2C163. Ghidra stops at 0x2C155 and creates false internal entries at 0x2C156/0x2C15C/0x2C162; the next true local PROC is 0x2C164.
th04-main-boundary-1c156,th04-main,mz-load-module,0x1C156,0x2C156,0x1C156,0x2,0x2,excluded,authored,exclude,excluded,FUN_23a9_86c6,,th04_main.asm,MAIN_034_TEXT,target-derived-asm,candidate:th04_main.asm,ghidra,,,,true,1,10,0,target-ghidra+candidate-map,"Ghidra-only entry is not a PROC in the complete attested TASM listing. Ghidra entry is a switch/data/non-code artifact, not an accepted function boundary."
th04-main-boundary-1c15c,th04-main,mz-load-module,0x1C15C,0x2C15C,0x1C15C,0x6,0x6,excluded,authored,exclude,excluded,FUN_23a9_86cc,,th04_main.asm,MAIN_034_TEXT,target-derived-asm,candidate:th04_main.asm,ghidra,,,,true,1,3,1,target-ghidra+candidate-map,"Ghidra-only entry is not a PROC in the complete attested TASM listing. Ghidra entry is a switch/data/non-code artifact, not an accepted function boundary."
th04-main-boundary-1c162,th04-main,mz-load-module,0x1C162,0x2C162,0x1C162,0x2,0x2,excluded,authored,exclude,excluded,FUN_23a9_86d2,,th04_main.asm,MAIN_034_TEXT,target-derived-asm,candidate:th04_main.asm,ghidra,,,,true,1,13,0,target-ghidra+candidate-map,"Ghidra-only entry is not a PROC in the complete attested TASM listing. Ghidra entry is a switch/data/non-code artifact, not an accepted function boundary."
th04-main-boundary-1c164,th04-main,mz-load-module,0x1C164,0x2C164,0x1C164,0x6B,0x6B,reviewed,authored,reconstruct,exact,elly_phase_ring16(),,th04_main.asm,MAIN_034_TEXT,target-derived-asm,src/main/boss/elly_phase_ring16.cpp,ghidra+tasm-proc,elly_1C164,near,55406,true,1,0,1,ev-th04-main-elly-phase-ring16-boundary-v46,Manual target boundary review overrides a Ghidra body-construction false negative: validated linear raw decode; Fresh Ghidra constructs only 24 bytes at 0x2C164. Pinned TASM/raw tile all 107 bytes through RET at 0x2C1CE; the next true local PROC starts at 0x2C1CF.
th04-main-boundary-1c17c,th04-main,mz-load-module,0x1C17C,0x2C17C,0x1C17C,0x53,0x53,excluded,authored,exclude,excluded,FUN_23a9_86ec,,th04_main.asm,MAIN_034_TEXT,target-derived-asm,candidate:th04_main.asm,ghidra,,,,true,1,1,2,target-ghidra+candidate-map,"Ghidra-only entry is not a PROC in the complete attested TASM listing. Ghidra entry is a switch/data/non-code artifact, not an accepted function boundary."
th04-main-boundary-1c1cf,th04-main,mz-load-module,0x1C1CF,0x2C1CF,0x1C1CF,0x82,0x82,reviewed,authored,reconstruct,exact,elly_phase_four_rings(),,th04_main.asm,MAIN_034_TEXT,target-derived-asm,src/main/boss/elly_phase_four_rings.cpp,ghidra+tasm-proc,elly_1C1CF,near,55453,true,1,0,4,ev-th04-main-elly-phase-four-rings-boundary-v47,"Manual target boundary review overrides a Ghidra body-construction false negative: validated linear raw decode; Target raw, pinned TASM, and fresh Ghidra agree on the complete 130-byte body through RET at 0x2C250; the next local PROC starts at 0x2C251."
th04-main-boundary-1c251,th04-main,mz-load-module,0x1C251,0x2C251,0x1C251,0x94,0x94,reviewed,authored,reconstruct,exact,elly_phase_final(),,th04_main.asm,MAIN_034_TEXT,target-derived-asm,src/main/boss/elly_phase_final.cpp,ghidra+tasm-proc,elly_1C251,near,55511,true,1,0,3,ev-th04-main-elly-phase-final-boundary-v48,"Manual target boundary review overrides a Ghidra body-construction false negative: validated linear raw decode; Target raw, pinned TASM, and fresh Ghidra agree on the complete 148-byte body through RET at 0x2C2E4. The next true entry is public elly_update() at 0x2C2E5."
th04-main-boundary-1c2e5,th04-main,mz-load-module,0x1C2E5,0x2C2E5,0x1C2E5,0x3E9,0x3E9,reviewed,authored,reconstruct,exact,elly_update(),,th04_main.asm,MAIN_034_TEXT,target-derived-asm,src/main/boss/elly_update.cpp,ghidra+tasm-proc,@elly_update$qv,far,55575,false,4,0,6,ev-th04-main-elly-update-boundary-v49,"Manual target boundary review overrides a Ghidra body-construction false negative: validated 3 trailing compiler switch tables (20 jump entries total); Target raw decodes through RETF at 0x2C691. Three contiguous compiler switch regions fill the extent through 0x2C6CD, immediately before exact TLINK public bullet_turn_x at 0x2C6CE. Ghidra cross-links this entry to unrelated later code and is not used as the extent oracle."
th04-main-boundary-1c34e,th04-main,mz-load-module,0x1C34E,0x2C34E,0x1C34E,0x2D,0x2D,excluded,authored,exclude,excluded,FUN_23a9_88be,,th04_main.asm,MAIN_034_TEXT,target-derived-asm,candidate:th04_main.asm,ghidra,,,,true,1,0,0,target-ghidra+candidate-map,"Ghidra-only entry is not a PROC in the complete attested TASM listing. Ghidra entry is a switch/data/non-code artifact, not an accepted function boundary."
th04-main-boundary-1c37e,th04-main,mz-load-module,0x1C37E,0x2C37E,0x1C37E,0x42,0x48,excluded,authored,exclude,excluded,FUN_23a9_88ee,,th04_main.asm,MAIN_034_TEXT,target-derived-asm,candidate:th04_main.asm,ghidra,,,,false,3,1,2,target-ghidra+candidate-map,"Ghidra-only entry is not a PROC in the complete attested TASM listing. Ghidra entry is a switch/data/non-code artifact, not an accepted function boundary."
th04-main-boundary-1c3c9,th04-main,mz-load-module,0x1C3C9,0x2C3C9,0x1C3C9,0x11,0x80,excluded,authored,exclude,excluded,switchD_2000:de0c::caseD_0,,th04_main.asm,MAIN_034_TEXT,target-derived-asm,candidate:th04_main.asm,ghidra,,,,false,2,0,1,target-ghidra+candidate-map,"Ghidra-only entry is not a PROC in the complete attested TASM listing. Ghidra entry is a switch/data/non-code artifact, not an accepted function boundary."
th04-main-boundary-1c3ea,th04-main,mz-load-module,0x1C3EA,0x2C3EA,0x1C3EA,0x57,0x58,excluded,authored,exclude,excluded,FUN_23a9_895a,,th04_main.asm,MAIN_034_TEXT,target-derived-asm,candidate:th04_main.asm,ghidra,,,,false,2,2,2,target-ghidra+candidate-map,"Ghidra-only entry is not a PROC in the complete attested TASM listing. Ghidra entry is a switch/data/non-code artifact, not an accepted function boundary."
th04-main-boundary-1c4eb,th04-main,mz-load-module,0x1C4EB,0x2C4EB,0x1C4EB,0x26,0x26,excluded,authored,exclude,excluded,FUN_23a9_8a5b,,th04_main.asm,MAIN_034_TEXT,target-derived-asm,candidate:th04_main.asm,ghidra,,,,true,1,1,2,target-ghidra+candidate-map,"Ghidra-only entry is not a PROC in the complete attested TASM listing. Ghidra entry is a switch/data/non-code artifact, not an accepted function boundary."
th04-main-boundary-1c546,th04-main,mz-load-module,0x1C546,0x2C546,0x1C546,0x19,0x19,excluded,authored,exclude,excluded,FUN_23a9_8ab6,,th04_main.asm,MAIN_034_TEXT,target-derived-asm,candidate:th04_main.asm,ghidra,,,,true,1,4,1,target-ghidra+candidate-map,"Ghidra-only entry is not a PROC in the complete attested TASM listing. Ghidra entry is a switch/data/non-code artifact, not an accepted function boundary."
th04-main-boundary-1c57f,th04-main,mz-load-module,0x1C57F,0x2C57F,0x1C57F,0x81,0x81,excluded,authored,exclude,excluded,FUN_23a9_8aef,,th04_main.asm,MAIN_034_TEXT,target-derived-asm,candidate:th04_main.asm,ghidra,,,,true,1,1,4,target-ghidra+candidate-map,"Ghidra-only entry is not a PROC in the complete attested TASM listing. Ghidra entry is a switch/data/non-code artifact, not an accepted function boundary."
th04-main-boundary-1c600,th04-main,mz-load-module,0x1C600,0x2C600,0x1C600,0x1F,0x1F,excluded,authored,exclude,excluded,switchD_2000:cb6c::caseD_0,,th04_main.asm,MAIN_034_TEXT,target-derived-asm,candidate:th04_main.asm,ghidra,,,,true,1,0,3,target-ghidra+candidate-map,"Ghidra-only entry is not a PROC in the complete attested TASM listing. Ghidra entry is a switch/data/non-code artifact, not an accepted function boundary."
th04-main-boundary-1c64a,th04-main,mz-load-module,0x1C64A,0x2C64A,0x1C64A,0x2B,0x2B,excluded,authored,exclude,excluded,FUN_23a9_8bba,,th04_main.asm,MAIN_034_TEXT,target-derived-asm,candidate:th04_main.asm,ghidra,,,,true,1,2,3,target-ghidra+candidate-map,"Ghidra-only entry is not a PROC in the complete attested TASM listing. Ghidra entry is a switch/data/non-code artifact, not an accepted function boundary."
th04-main-boundary-1c67a,th04-main,mz-load-module,0x1C67A,0x2C67A,0x1C67A,0x18,0x18,excluded,authored,exclude,excluded,FUN_23a9_8bea,,th04_main.asm,MAIN_034_TEXT,target-derived-asm,candidate:th04_main.asm,ghidra,,,,true,1,3,1,target-ghidra+candidate-map,"Ghidra-only entry is not a PROC in the complete attested TASM listing. Ghidra entry is a switch/data/non-code artifact, not an accepted function boundary."
th04-main-boundary-1c6ce,th04-main,mz-load-module,0x1C6CE,0x2C6CE,0x1C6CE,0x34,0x34,reviewed,authored,reconstruct,exact,bullet_turn_x(bullet_t near&),bullet_turn_x(bullet_t near&),th04/bullet_u.cpp,BULLET_U_TEXT,candidate-cpp,src/main/bullet/update_prefix.inl,map-public,,,,,,,,ev-th04-main-bullet-turn-x-no-ghidra-boundary-v1,Manual target boundary review overrides a Ghidra body-construction false negative: validated linear raw decode; Target Ghidra has no function entry at this TLINK public; exact authored ownership plus gap-free raw decode through RET 2 ends exactly at the next TLINK public.
th04-main-boundary-1c702,th04-main,mz-load-module,0x1C702,0x2C702,0x1C702,0x34,0x34,reviewed,authored,reconstruct,exact,bullet_turn_y(bullet_t near&),bullet_turn_y(bullet_t near&),th04/bullet_u.cpp,BULLET_U_TEXT,candidate-cpp,src/main/bullet/update_prefix.inl,map-public,,,,,,,,ev-th04-main-bullet-turn-y-no-ghidra-boundary-v1,Manual target boundary review overrides a Ghidra body-construction false negative: validated linear raw decode; Target Ghidra has no function entry at this TLINK public and instead absorbs the address into an unrelated oversized body; exact authored ownership plus gap-free raw decode through RET 2 ends exactly at the next TLINK public.
th04-main-boundary-1c736,th04-main,mz-load-module,0x1C736,0x2C736,0x1C736,0x180,0x180,reviewed,authored,reconstruct,exact,bullet_update_special(bullet_t near&),bullet_update_special(bullet_t near&),th04/bullet_u.cpp,BULLET_U_TEXT,candidate-cpp,src/main/bullet/update_prefix.inl,ghidra+map-public,,,,false,2,1,0,ev-th04-main-function-screen-strict-v2;ev-th04-main-bullet-update-special-switch-boundary-v1,"Manual target boundary review overrides a Ghidra body-construction false negative: validated 9-entry switch table; Ghidra stopped at the indirect switch dispatcher and omitted nine case blocks. The 9-entry near-jump table begins immediately after the function span, and every target is a raw instruction start inside exact bullet_u prefix bytes."
th04-main-boundary-1c8c8,th04-main,mz-load-module,0x1C8C8,0x2C8C8,0x1C8C8,0x36B,0x36B,reviewed,authored,reconstruct,exact,bullets_update,bullets_update(),th04/bullet_u.cpp,BULLET_U_TEXT,candidate-cpp,src/main/bullet/update_body.inl,ghidra+map-public,,,,false,2,1,8,ev-th04-main-function-screen-strict-v2;ev-th04-main-bullets-update-reviewed-boundary-v1;ev-th04-main-bullets-update-reviewed-boundary-v2;ev-th04-main-bullets-update-full-boundary-v1;ev-th04-main-function-screen-bullets-v11,Manual target boundary review overrides a Ghidra body-construction false negative: validated 5-entry switch table; The complete 875-byte extent is owned by one exact maintained natural-C++ unit. Raw code decodes through RETF at 0x2CC27; one metadata byte plus a five-entry near-jump table occupy the trailing 11 bytes; all table targets are instruction starts; the next TLINK public begins at 0x2CC33.
th04-main-boundary-1c99c,th04-main,mz-load-module,0x1C99C,0x2C99C,0x1C99C,0x3E,0x3E,provisional,authored,reconstruct,unreviewed,FUN_23a9_8f0c,,th04/bullet_u.cpp,BULLET_U_TEXT,candidate-cpp,candidate:th04/bullet_u.cpp,ghidra,,,,true,1,1,1,target-ghidra+candidate-map,Ghidra-only boundary has no TLINK public or TASM PROC at its entry.
th04-main-boundary-1c9da,th04-main,mz-load-module,0x1C9DA,0x2C9DA,0x1C9DA,0x54,0x54,provisional,authored,reconstruct,unreviewed,FUN_23a9_8f4a,,th04/bullet_u.cpp,BULLET_U_TEXT,candidate-cpp,candidate:th04/bullet_u.cpp,ghidra,,,,true,1,1,3,target-ghidra+candidate-map,Ghidra-only boundary has no TLINK public or TASM PROC at its entry.
th04-main-boundary-1ca2e,th04-main,mz-load-module,0x1CA2E,0x2CA2E,0x1CA2E,0x125,0x1FA,provisional,authored,reconstruct,unreviewed,FUN_23a9_8f9e,,th04/bullet_u.cpp,BULLET_U_TEXT,candidate-cpp,candidate:th04/bullet_u.cpp,ghidra,,,,false,2,1,3,target-ghidra+candidate-map,Ghidra-only boundary has no TLINK public or TASM PROC at its entry.
th04-main-boundary-1cc33,th04-main,mz-load-module,0x1CC33,0x2CC33,0x1CC33,0x85,0x85,reviewed,authored,reconstruct,exact,tune_for_easy(),tune_for_easy(),th04/bullet_a.cpp,BULLET_A_TEXT,candidate-cpp,src/main/bullet/add.cpp,map-public,,,,,,,,ev-th04-main-tune-easy-no-ghidra-boundary-v1,Manual target boundary review overrides a Ghidra body-construction false negative: validated 22-entry switch table; Target Ghidra has no function entry at this TLINK public; raw code ends in RET at 0x2CC8A and the remaining extent is exactly one metadata byte plus the compiler switch jump table through the next TLINK public.
th04-main-boundary-1ccb8,th04-main,mz-load-module,0x1CCB8,0x2CCB8,0x1CCB8,0x8D,0x8D,reviewed,authored,reconstruct,exact,tune_for_hard(),tune_for_hard(),th04/bullet_a.cpp,BULLET_A_TEXT,candidate-cpp,src/main/bullet/add.cpp,ghidra+map-public,,,,false,2,1,0,ev-th04-main-function-screen-strict-v2;ev-th04-main-tune-hard-switch-boundary-v1,Manual target boundary review overrides a Ghidra body-construction false negative: validated 10-entry switch table; Ghidra omitted switch case blocks. The 10-entry compare and near-jump tables follow the function in exact bullet_a.cpp bytes; all jump targets are instruction starts within the 141-byte span.
th04-main-boundary-1cd6e,th04-main,mz-load-module,0x1CD6E,0x2CD6E,0x1CD6E,0x7B,0x7B,reviewed,authored,reconstruct,exact,tune_for_lunatic(),tune_for_lunatic(),th04/bullet_a.cpp,BULLET_A_TEXT,candidate-cpp,src/main/bullet/add.cpp,ghidra+map-public,,,,false,2,1,0,ev-th04-main-function-screen-strict-v2;ev-th04-main-tune-lunatic-switch-boundary-v1,Manual target boundary review overrides a Ghidra body-construction false negative: validated 10-entry switch table; Ghidra omitted switch case blocks. The 10-entry compare and near-jump tables follow the function in exact bullet_a.cpp bytes; all jump targets are instruction starts within the 123-byte span.
th04-main-boundary-1ce12,th04-main,mz-load-module,0x1CE12,0x2CE12,0x1CE12,0x9D,0x9D,reviewed,authored,reconstruct,exact,tune_for_playperf(),tune_for_playperf(),th04/bullet_a.cpp,BULLET_A_TEXT,candidate-cpp,src/main/bullet/add.cpp,ghidra+map-public,,,,false,2,3,0,ev-th04-main-function-screen-strict-v2;ev-th04-main-tune-playperf-switch-boundary-v1,Manual target boundary review overrides a Ghidra body-construction false negative: validated 11-entry switch table; Ghidra omitted direct switch case blocks. The 11-entry near-jump table starts immediately after the function span in exact bullet_a.cpp bytes; every target is a raw instruction start within the 157-byte function.
th04-main-boundary-1cec5,th04-main,mz-load-module,0x1CEC5,0x2CEC5,0x1CEC5,0xB,0xB,reviewed,authored,reconstruct,exact,BULLET_TEMPLATE_TUNE_EASY,BULLET_TEMPLATE_TUNE_EASY,th04/bullet_a.cpp,BULLET_A_TEXT,candidate-cpp,src/main/bullet/add.cpp,map-public,,,,,,,,ev-th04-main-template-tune-easy-no-ghidra-boundary-v1,Manual target boundary review overrides a Ghidra body-construction false negative: validated linear raw decode; Target Ghidra has no function entry at this TLINK public; exact authored ownership plus gap-free raw decode through RET ends exactly at the next TLINK public.
th04-main-boundary-1ced0,th04-main,mz-load-module,0x1CED0,0x2CED0,0x1CED0,0x8,0x8,reviewed,authored,reconstruct,exact,BULLET_TEMPLATE_TUNE_NORMAL,BULLET_TEMPLATE_TUNE_NORMAL,th04/bullet_a.cpp,BULLET_A_TEXT,candidate-cpp,src/main/bullet/add.cpp,ghidra+map-public,,,,true,1,0,1,ev-th04-main-function-screen-strict-v2,"Target Ghidra body is contiguous (8 bytes), starts at the same local TLINK public, and lies wholly inside exact authored owner th04-main-module-th04-bullet-a-cpp-1cc33."
th04-main-boundary-1ced8,th04-main,mz-load-module,0x1CED8,0x2CED8,0x1CED8,0xB,0xB,reviewed,authored,reconstruct,exact,BULLET_TEMPLATE_TUNE_HARD,BULLET_TEMPLATE_TUNE_HARD,th04/bullet_a.cpp,BULLET_A_TEXT,candidate-cpp,src/main/bullet/add.cpp,ghidra+map-public,,,,true,1,0,2,ev-th04-main-function-screen-strict-v2,"Target Ghidra body is contiguous (11 bytes), starts at the same local TLINK public, and lies wholly inside exact authored owner th04-main-module-th04-bullet-a-cpp-1cc33."
th04-main-boundary-1cee3,th04-main,mz-load-module,0x1CEE3,0x2CEE3,0x1CEE3,0xB,0xB,reviewed,authored,reconstruct,exact,BULLET_TEMPLATE_TUNE_LUNATIC,BULLET_TEMPLATE_TUNE_LUNATIC,th04/bullet_a.cpp,BULLET_A_TEXT,candidate-cpp,src/main/bullet/add.cpp,ghidra+map-public,,,,true,1,0,2,ev-th04-main-function-screen-strict-v2,"Target Ghidra body is contiguous (11 bytes), starts at the same local TLINK public, and lies wholly inside exact authored owner th04-main-module-th04-bullet-a-cpp-1cc33."
th04-main-boundary-1ceee,th04-main,mz-load-module,0x1CEEE,0x2CEEE,0x1CEEE,0x28,0x28,reviewed,authored,reconstruct,exact,BULLETS_ADD_REGULAR_EASY,BULLETS_ADD_REGULAR_EASY,th04/bullet_a.cpp,BULLET_A_TEXT,candidate-cpp,src/main/bullet/add.cpp,ghidra+map-public,,,,true,1,0,1,ev-th04-main-function-screen-strict-v2,"Target Ghidra body is contiguous (40 bytes), starts at the same local TLINK public, and lies wholly inside exact authored owner th04-main-module-th04-bullet-a-cpp-1cc33."
th04-main-boundary-1cf16,th04-main,mz-load-module,0x1CF16,0x2CF16,0x1CF16,0x1C,0x1C,reviewed,authored,reconstruct,exact,BULLETS_ADD_REGULAR_NORMAL,BULLETS_ADD_REGULAR_NORMAL,th04/bullet_a.cpp,BULLET_A_TEXT,candidate-cpp,src/main/bullet/add.cpp,ghidra+map-public,,,,true,1,0,1,ev-th04-main-function-screen-strict-v2,"Target Ghidra body is contiguous (28 bytes), starts at the same local TLINK public, and lies wholly inside exact authored owner th04-main-module-th04-bullet-a-cpp-1cc33."
th04-main-boundary-1cf32,th04-main,mz-load-module,0x1CF32,0x2CF32,0x1CF32,0x1C,0x1C,reviewed,authored,reconstruct,exact,BULLETS_ADD_REGULAR_HARD_LUNATIC,BULLETS_ADD_REGULAR_HARD_LUNATIC,th04/bullet_a.cpp,BULLET_A_TEXT,candidate-cpp,src/main/bullet/add.cpp,ghidra+map-public,,,,true,1,0,1,ev-th04-main-function-screen-strict-v2,"Target Ghidra body is contiguous (28 bytes), starts at the same local TLINK public, and lies wholly inside exact authored owner th04-main-module-th04-bullet-a-cpp-1cc33."
th04-main-boundary-1cf4e,th04-main,mz-load-module,0x1CF4E,0x2CF4E,0x1CF4E,0x1C,0x1C,reviewed,authored,reconstruct,exact,BULLETS_ADD_SPECIAL_EASY,BULLETS_ADD_SPECIAL_EASY,th04/bullet_a.cpp,BULLET_A_TEXT,candidate-cpp,src/main/bullet/add.cpp,ghidra+map-public,,,,true,1,0,1,ev-th04-main-function-screen-strict-v2,"Target Ghidra body is contiguous (28 bytes), starts at the same local TLINK public, and lies wholly inside exact authored owner th04-main-module-th04-bullet-a-cpp-1cc33."
th04-main-boundary-1cf6a,th04-main,mz-load-module,0x1CF6A,0x2CF6A,0x1CF6A,0x1C,0x1C,reviewed,authored,reconstruct,exact,BULLETS_ADD_SPECIAL_NORMAL,BULLETS_ADD_SPECIAL_NORMAL,th04/bullet_a.cpp,BULLET_A_TEXT,candidate-cpp,src/main/bullet/add.cpp,ghidra+map-public,,,,true,1,0,1,ev-th04-main-function-screen-strict-v2,"Target Ghidra body is contiguous (28 bytes), starts at the same local TLINK public, and lies wholly inside exact authored owner th04-main-module-th04-bullet-a-cpp-1cc33."
th04-main-boundary-1cf86,th04-main,mz-load-module,0x1CF86,0x2CF86,0x1CF86,0x1C,0x1C,reviewed,authored,reconstruct,exact,BULLETS_ADD_SPECIAL_HARD_LUNATIC,BULLETS_ADD_SPECIAL_HARD_LUNATIC,th04/bullet_a.cpp,BULLET_A_TEXT,candidate-cpp,src/main/bullet/add.cpp,ghidra+map-public,,,,true,1,0,1,ev-th04-main-function-screen-strict-v2,"Target Ghidra body is contiguous (28 bytes), starts at the same local TLINK public, and lies wholly inside exact authored owner th04-main-module-th04-bullet-a-cpp-1cc33."
th04-main-boundary-1cfa2,th04-main,mz-load-module,0x1CFA2,0x2CFA2,0x1CFA2,0x13,0x13,reviewed,authored,reconstruct,exact,_bullets_add_regular_fixedspeed,_bullets_add_regular_fixedspeed,th04/bullet_a.cpp,BULLET_A_TEXT,candidate-cpp,src/main/bullet/add.cpp,ghidra+map-public,,,,true,1,14,0,ev-th04-main-function-screen-strict-v2,"Target Ghidra body is contiguous (19 bytes), starts at the same local TLINK public, and lies wholly inside exact authored owner th04-main-module-th04-bullet-a-cpp-1cc33."
th04-main-boundary-1cfb5,th04-main,mz-load-module,0x1CFB5,0x2CFB5,0x1CFB5,0x13,0x13,reviewed,authored,reconstruct,exact,_bullets_add_special_fixedspeed,_bullets_add_special_fixedspeed,th04/bullet_a.cpp,BULLET_A_TEXT,candidate-cpp,src/main/bullet/add.cpp,ghidra+map-public,,,,true,1,4,0,ev-th04-main-function-screen-strict-v2,"Target Ghidra body is contiguous (19 bytes), starts at the same local TLINK public, and lies wholly inside exact authored owner th04-main-module-th04-bullet-a-cpp-1cc33."
th04-main-boundary-1cfc8,th04-main,mz-load-module,0x1CFC8,0x2CFC8,0x1CFC8,0x205,0x205,reviewed,authored,reconstruct,exact,bullet_velocity_and_angle_set(int),bullet_velocity_and_angle_set(int),th04/bullet_a.cpp,BULLET_A_TEXT,candidate-cpp,src/main/bullet/add.cpp,ghidra+map-public,,,,false,2,2,4,ev-th04-main-function-screen-strict-v2;ev-th04-main-bullet-velocity-manual-boundary-v1,Manual target boundary review overrides a Ghidra body-construction false negative: validated linear raw decode; Ghidra omitted fourteen ordinary instructions bytes in one switch case and reported 503/517 body bytes. Raw 16-bit decoding tiles the complete public span through RET 2 at 0x2D1CA inside exact bullet_a.cpp bytes.
th04-main-boundary-1d1cd,th04-main,mz-load-module,0x1D1CD,0x2D1CD,0x1D1CD,0x4B,0x4B,reviewed,authored,reconstruct,exact,bullet_template_speedtune_for_pl(),bullet_template_speedtune_for_pl(),th04/bullet_a.cpp,BULLET_A_TEXT,candidate-cpp,src/main/bullet/add.cpp,ghidra+map-public,,,,true,1,1,0,ev-th04-main-function-screen-strict-v2,"Target Ghidra body is contiguous (75 bytes), starts at the same local TLINK public, and lies wholly inside exact authored owner th04-main-module-th04-bullet-a-cpp-1cc33."
th04-main-boundary-1d218,th04-main,mz-load-module,0x1D218,0x2D218,0x1D218,0x18,0x18,reviewed,authored,reconstruct,exact,BULLET_PATNUM_FOR_ANGLE,BULLET_PATNUM_FOR_ANGLE,th04/bullet_a.cpp,BULLET_A_TEXT,candidate-cpp,src/main/bullet/add.cpp,ghidra+map-public,,,,true,1,2,0,ev-th04-main-function-screen-strict-v2,"Target Ghidra body is contiguous (24 bytes), starts at the same local TLINK public, and lies wholly inside exact authored owner th04-main-module-th04-bullet-a-cpp-1cc33."
th04-main-boundary-1d230,th04-main,mz-load-module,0x1D230,0x2D230,0x1D230,0x64,0x64,reviewed,authored,reconstruct,exact,bullet_template_clip(),bullet_template_clip(),th04/bullet_a.cpp,BULLET_A_TEXT,candidate-cpp,src/main/bullet/add.cpp,ghidra+map-public,,,,true,1,2,1,ev-th04-main-function-screen-strict-v2,"Target Ghidra body is contiguous (100 bytes), starts at the same local TLINK public, and lies wholly inside exact authored owner th04-main-module-th04-bullet-a-cpp-1cc33."
th04-main-boundary-1d294,th04-main,mz-load-module,0x1D294,0x2D294,0x1D294,0x12B,0x12B,reviewed,authored,reconstruct,exact,bullets_add_regular_raw(),bullets_add_regular_raw(),th04/bullet_a.cpp,BULLET_A_TEXT,candidate-cpp,src/main/bullet/add.cpp,ghidra+map-public,,,,true,1,3,4,ev-th04-main-function-screen-strict-v2,"Target Ghidra body is contiguous (299 bytes), starts at the same local TLINK public, and lies wholly inside exact authored owner th04-main-module-th04-bullet-a-cpp-1cc33."
th04-main-boundary-1d3bf,th04-main,mz-load-module,0x1D3BF,0x2D3BF,0x1D3BF,0xCF,0xCF,reviewed,authored,reconstruct,exact,bullets_add_special_raw(),bullets_add_special_raw(),th04/bullet_a.cpp,BULLET_A_TEXT,candidate-cpp,src/main/bullet/add.cpp,ghidra+map-public,,,,true,1,3,3,ev-th04-main-function-screen-strict-v2,"Target Ghidra body is contiguous (207 bytes), starts at the same local TLINK public, and lies wholly inside exact authored owner th04-main-module-th04-bullet-a-cpp-1cc33."
th04-main-boundary-1d48e,th04-main,mz-load-module,0x1D48E,0x2D48E,0x1D48E,0x8B,0x8B,corroborated,authored,reconstruct,unreviewed,sub_1D48E,,th04_main.asm,MAIN_035_TEXT,target-derived-asm,candidate:th04_main.asm,ghidra+tasm-proc,sub_1D48E,near,56113,true,1,2,1,target-ghidra+candidate-map,
th04-main-boundary-1d519,th04-main,mz-load-module,0x1D519,0x2D519,0x1D519,0x76,0x76,corroborated,authored,reconstruct,unreviewed,sub_1D519,,th04_main.asm,MAIN_035_TEXT,target-derived-asm,candidate:th04_main.asm,ghidra+tasm-proc,sub_1D519,far,56195,true,1,5,1,target-ghidra+candidate-map,
th04-main-boundary-1d58f,th04-main,mz-load-module,0x1D58F,0x2D58F,0x1D58F,0x5A,0x5A,corroborated,authored,reconstruct,unreviewed,sub_1D58F,,th04_main.asm,MAIN_035_TEXT,target-derived-asm,candidate:th04_main.asm,ghidra+tasm-proc,sub_1D58F,near,56276,true,1,1,1,target-ghidra+candidate-map,
th04-main-boundary-1d5e9,th04-main,mz-load-module,0x1D5E9,0x2D5E9,0x1D5E9,0xAB,0x33F9,provisional,authored,reconstruct,unreviewed,sub_1D5E9,,th04_main.asm,MAIN_035_TEXT,target-derived-asm,candidate:th04_main.asm,ghidra+tasm-proc,sub_1D5E9,near,56326,false,3,2,1,target-ghidra+candidate-map,Ghidra body is noncontiguous and requires control-flow reconciliation.
th04-main-boundary-1d6c1,th04-main,mz-load-module,0x1D6C1,0x2D6C1,0x1D6C1,0x1CB,0x1CB,corroborated,authored,reconstruct,unreviewed,stage_clear_bonus(),stage_clear_bonus(),th04_main.asm,MAIN_035_TEXT,target-derived-asm,candidate:th04_main.asm,ghidra+map-public+tasm-proc,@stage_clear_bonus$qv,near,56466,true,1,1,9,target-ghidra+candidate-map,
th04-main-boundary-1d88c,th04-main,mz-load-module,0x1D88C,0x2D88C,0x1D88C,0xA,0xA,excluded,authored,exclude,excluded,FUN_23a9_9dfc,,th04_main.asm,MAIN_035_TEXT,target-derived-asm,candidate:th04_main.asm,ghidra,,,,true,1,6,1,target-ghidra+candidate-map,"Ghidra-only entry is not a PROC in the complete attested TASM listing. Ghidra entry is a switch/data/non-code artifact, not an accepted function boundary."
th04-main-boundary-1d896,th04-main,mz-load-module,0x1D896,0x2D896,0x1D896,0xBF,0xBF,corroborated,authored,reconstruct,unreviewed,stage_allclear_bonus(),stage_allclear_bonus(),th04_main.asm,MAIN_035_TEXT,target-derived-asm,candidate:th04_main.asm,ghidra+map-public+tasm-proc,@stage_allclear_bonus$qv,near,56676,true,1,1,3,target-ghidra+candidate-map,
th04-main-boundary-1d955,th04-main,mz-load-module,0x1D955,0x2D955,0x1D955,0xC6,0xC6,excluded,authored,exclude,excluded,FUN_23a9_9ec5,,th04_main.asm,MAIN_035_TEXT,target-derived-asm,candidate:th04_main.asm,ghidra,,,,true,1,6,3,target-ghidra+candidate-map,"Ghidra-only entry is not a PROC in the complete attested TASM listing. Ghidra entry is a switch/data/non-code artifact, not an accepted function boundary."
th04-main-boundary-1da1b,th04-main,mz-load-module,0x1DA1B,0x2DA1B,0x1DA1B,0x1D,0x1D,corroborated,authored,reconstruct,unreviewed,sub_1DA1B,,th04_main.asm,MAIN_035_TEXT,target-derived-asm,candidate:th04_main.asm,ghidra+tasm-proc,sub_1DA1B,far,56837,true,1,1,2,target-ghidra+candidate-map,
th04-main-boundary-1da38,th04-main,mz-load-module,0x1DA38,0x2DA38,0x1DA38,0x96,0x96,corroborated,authored,reconstruct,unreviewed,"items_add(int,int,item_type_t)","items_add(int,int,item_type_t)",th04_main.asm,MAIN_035_TEXT,target-derived-asm,candidate:th04_main.asm,ghidra+map-public+tasm-proc,@items_add$qii11item_type_t,near,56861,true,1,5,1,target-ghidra+candidate-map,
th04-main-boundary-1dace,th04-main,mz-load-module,0x1DACE,0x2DACE,0x1DACE,0xB,0xB,corroborated,authored,reconstruct,unreviewed,ITEMS_MISS_ADD,ITEMS_MISS_ADD,th04_main.asm,MAIN_035_TEXT,target-derived-asm,candidate:th04_main.asm,ghidra+map-public+tasm-proc,items_miss_add,far,56950,true,1,1,1,target-ghidra+candidate-map,
th04-main-boundary-1dbae,th04-main,mz-load-module,0x1DBAE,0x2DBAE,0x1DBAE,0x78,0x23B,provisional,authored,reconstruct,unreviewed,sub_1DBAE,,th04_main.asm,MAIN_035_TEXT,target-derived-asm,candidate:th04_main.asm,ghidra+tasm-proc,sub_1DBAE,near,57076,false,2,1,3,target-ghidra+candidate-map,Ghidra body is noncontiguous and requires control-flow reconciliation.
th04-main-boundary-1ddf7,th04-main,mz-load-module,0x1DDF7,0x2DDF7,0x1DDF7,0x94,0xDD9D,provisional,authored,reconstruct,unreviewed,sub_1DDF7,,th04_main.asm,MAIN_035_TEXT,target-derived-asm,candidate:th04_main.asm,ghidra+tasm-proc,sub_1DDF7,near,57351,false,3,1,7,target-ghidra+candidate-map,Ghidra body is noncontiguous and requires control-flow reconciliation.
th04-main-boundary-1de5d,th04-main,mz-load-module,0x1DE5D,0x2DE5D,0x1DE5D,0x104,0x104,corroborated,authored,reconstruct,unreviewed,ITEMS_UPDATE,ITEMS_UPDATE,th04_main.asm,MAIN_035_TEXT,target-derived-asm,candidate:th04_main.asm,ghidra+map-public+tasm-proc,items_update,far,57427,true,1,1,7,target-ghidra+candidate-map,
th04-main-boundary-1df61,th04-main,mz-load-module,0x1DF61,0x2DF61,0x1DF61,0x47,0x47,reviewed,authored,reconstruct,exact,boss_reset(),boss_reset(),th04_main.asm,MAIN_035_TEXT,target-derived-asm,src/main/boss/boss.cpp,ghidra+map-public+tasm-proc,@boss_reset$qv,near,57573,true,1,6,1,ev-th04-main-main035-boss-boundary-v21,"New exact-owner function admitted by explicit policy: Explicitly admit boss_reset() after final exact-owner, target-entry, TLINK-public, raw-boundary, and two-cold review of the contiguous MAIN_035/BOSS natural-C++ TU."
th04-main-boundary-1dfa8,th04-main,mz-load-module,0x1DFA8,0x2DFA8,0x1DFA8,0x2C,0x2C,reviewed,authored,reconstruct,exact,bb_boss_load(const char far*),bb_boss_load(const char far*),th04_main.asm,MAIN_035_TEXT,target-derived-asm,src/main/boss/boss.cpp,ghidra+map-public+tasm-proc,@bb_boss_load$qnxc,near,57599,true,1,7,4,ev-th04-main-main035-boss-boundary-v21,"New exact-owner function admitted by explicit policy: Explicitly admit bb_boss_load(const char far*) after final exact-owner, target-entry, TLINK-public, raw-boundary, and two-cold review of the contiguous MAIN_035/BOSS natural-C++ TU."
th04-main-boundary-1dfd4,th04-main,mz-load-module,0x1DFD4,0x2DFD4,0x1DFD4,0x1B,0x1B,reviewed,authored,reconstruct,exact,bb_boss_free(),bb_boss_free(),th04_main.asm,MAIN_035_TEXT,target-derived-asm,src/main/boss/boss.cpp,ghidra+map-public+tasm-proc,@bb_boss_free$qv,far,57631,true,1,3,1,ev-th04-main-main035-boss-boundary-v21,"New exact-owner function admitted by explicit policy: Explicitly admit bb_boss_free() after final exact-owner, target-entry, TLINK-public, raw-boundary, and two-cold review of the contiguous MAIN_035/BOSS natural-C++ TU."
th04-main-boundary-1dfef,th04-main,mz-load-module,0x1DFEF,0x2DFEF,0x1DFEF,0xC4,0xC4,reviewed,authored,reconstruct,exact,stage1_setup(),,th04_main.asm,MAIN_035_TEXT,target-derived-asm,src/main/boss/boss.cpp,ghidra+tasm-proc,stage1_setup,far,57658,true,1,0,4,ev-th04-main-main035-boss-boundary-v21,"New exact-owner function admitted by explicit policy: Explicitly admit stage1_setup() after final exact-owner, target-entry, TLINK-public, raw-boundary, and two-cold review of the contiguous MAIN_035/BOSS natural-C++ TU."
th04-main-boundary-1e0b3,th04-main,mz-load-module,0x1E0B3,0x2E0B3,0x1E0B3,0xD3,0xD3,reviewed,authored,reconstruct,exact,stage2_setup(),,th04_main.asm,MAIN_035_TEXT,target-derived-asm,src/main/boss/boss.cpp,ghidra+tasm-proc,stage2_setup,far,57717,true,1,0,5,ev-th04-main-main035-boss-boundary-v21,"New exact-owner function admitted by explicit policy: Explicitly admit stage2_setup() after final exact-owner, target-entry, TLINK-public, raw-boundary, and two-cold review of the contiguous MAIN_035/BOSS natural-C++ TU."
th04-main-boundary-1e186,th04-main,mz-load-module,0x1E186,0x2E186,0x1E186,0xBF,0xBF,reviewed,authored,reconstruct,exact,stage3_setup(),,th04_main.asm,MAIN_035_TEXT,target-derived-asm,src/main/boss/boss.cpp,ghidra+tasm-proc,stage3_setup,far,57785,true,1,0,1,ev-th04-main-main035-boss-boundary-v21,Manual target boundary review overrides a Ghidra body-construction false negative: validated linear raw decode; Target Ghidra has the correct entry but incomplete body construction inside this stage setup. Final natural-C++ TLINK emits a public at the target entry; raw 16-bit decode tiles the complete target span through RETF to the next reviewed public inside the exact 0x9B6 owner.
th04-main-boundary-1e1f4,th04-main,mz-load-module,0x1E1F4,0x2E1F4,0x1E1F4,0x51,0x51,excluded,authored,exclude,excluded,FUN_23a9_a764,,th04_main.asm,MAIN_035_TEXT,target-derived-asm,candidate:th04_main.asm,ghidra,,,,true,1,1,3,target-ghidra+candidate-map,"Ghidra-only entry is not a PROC in the complete attested TASM listing. Ghidra entry is a switch/data/non-code artifact, not an accepted function boundary."
th04-main-boundary-1e245,th04-main,mz-load-module,0x1E245,0x2E245,0x1E245,0x17D,0x17D,reviewed,authored,reconstruct,exact,stage4_setup(),,th04_main.asm,MAIN_035_TEXT,target-derived-asm,src/main/boss/boss.cpp,ghidra+tasm-proc,stage4_setup,far,57849,false,2,0,1,ev-th04-main-main035-boss-boundary-v21,Manual target boundary review overrides a Ghidra body-construction false negative: validated linear raw decode; Target Ghidra has the correct entry but incomplete body construction inside this stage setup. Final natural-C++ TLINK emits a public at the target entry; raw 16-bit decode tiles the complete target span through RETF to the next reviewed public inside the exact 0x9B6 owner.
th04-main-boundary-1e2c3,th04-main,mz-load-module,0x1E2C3,0x2E2C3,0x1E2C3,0xE7,0xFF,excluded,authored,exclude,excluded,FUN_23a9_a833,,th04_main.asm,MAIN_035_TEXT,target-derived-asm,candidate:th04_main.asm,ghidra,,,,false,2,2,4,target-ghidra+candidate-map,"Ghidra-only entry is not a PROC in the complete attested TASM listing. Ghidra entry is a switch/data/non-code artifact, not an accepted function boundary."
th04-main-boundary-1e3c2,th04-main,mz-load-module,0x1E3C2,0x2E3C2,0x1E3C2,0xBA,0xBA,reviewed,authored,reconstruct,exact,stage5_setup(),,th04_main.asm,MAIN_035_TEXT,target-derived-asm,src/main/boss/boss.cpp,ghidra+tasm-proc,stage5_setup,far,57963,true,1,0,4,ev-th04-main-main035-boss-boundary-v21,"New exact-owner function admitted by explicit policy: Explicitly admit stage5_setup() after final exact-owner, target-entry, TLINK-public, raw-boundary, and two-cold review of the contiguous MAIN_035/BOSS natural-C++ TU."
th04-main-boundary-1e47c,th04-main,mz-load-module,0x1E47C,0x2E47C,0x1E47C,0x9C,0x9C,reviewed,authored,reconstruct,exact,stage6_setup(),,th04_main.asm,MAIN_035_TEXT,target-derived-asm,src/main/boss/boss.cpp,ghidra+tasm-proc,stage6_setup,far,58022,true,1,0,3,ev-th04-main-main035-boss-boundary-v21,"New exact-owner function admitted by explicit policy: Explicitly admit stage6_setup() after final exact-owner, target-entry, TLINK-public, raw-boundary, and two-cold review of the contiguous MAIN_035/BOSS natural-C++ TU."
th04-main-boundary-1e518,th04-main,mz-load-module,0x1E518,0x2E518,0x1E518,0xC0,0xC0,reviewed,authored,reconstruct,exact,stagex_setup(),,th04_main.asm,MAIN_035_TEXT,target-derived-asm,src/main/boss/boss.cpp,ghidra+tasm-proc,stagex_setup,far,58072,true,1,0,0,ev-th04-main-main035-boss-boundary-v21,Manual target boundary review overrides a Ghidra body-construction false negative: validated linear raw decode; Target Ghidra has the correct entry but incomplete body construction inside this stage setup. Final natural-C++ TLINK emits a public at the target entry; raw 16-bit decode tiles the complete target span through RETF to the next reviewed public inside the exact 0x9B6 owner.
th04-main-boundary-1e541,th04-main,mz-load-module,0x1E541,0x2E541,0x1E541,0x1B,0x1B,excluded,authored,exclude,excluded,FUN_23a9_aab1,,th04_main.asm,MAIN_035_TEXT,target-derived-asm,candidate:th04_main.asm,ghidra,,,,true,1,1,0,target-ghidra+candidate-map,"Ghidra-only entry is not a PROC in the complete attested TASM listing. Ghidra entry is a switch/data/non-code artifact, not an accepted function boundary."
th04-main-boundary-1e5d8,th04-main,mz-load-module,0x1E5D8,0x2E5D8,0x1E5D8,0x40,0x40,reviewed,authored,reconstruct,exact,"boss_hittest_shots_damage(int,int,int)","boss_hittest_shots_damage(int,int,int)",th04/boss.cpp,BOSS_TEXT,candidate-cpp,src/main/boss/boss.cpp,ghidra+map-public,,,,true,1,4,2,ev-th04-main-function-screen-strict-v2;ev-th04-main-main035-boss-boundary-v21,Reviewed exact owner migration: The old BOSS_TEXT-only owner is a reconstruction sub-boundary; full-link exact replay proves this function belongs to the contiguous 0x9B6 MAIN_035/BOSS natural-C++ TU.
th04-main-boundary-1e618,th04-main,mz-load-module,0x1E618,0x2E618,0x1E618,0x36,0x36,reviewed,authored,reconstruct,exact,"midboss_hittest_shots_damage(int,int,int)","midboss_hittest_shots_damage(int,int,int)",th04/boss.cpp,BOSS_TEXT,candidate-cpp,src/main/boss/boss.cpp,ghidra+map-public,,,,true,1,4,2,ev-th04-main-function-screen-strict-v2;ev-th04-main-main035-boss-boundary-v21,Reviewed exact owner migration: The old BOSS_TEXT-only owner is a reconstruction sub-boundary; full-link exact replay proves this function belongs to the contiguous 0x9B6 MAIN_035/BOSS natural-C++ TU.
th04-main-boundary-1e64e,th04-main,mz-load-module,0x1E64E,0x2E64E,0x1E64E,0x2E,0x2E,reviewed,authored,reconstruct,exact,boss_hittest_shots(),boss_hittest_shots(),th04/boss.cpp,BOSS_TEXT,candidate-cpp,src/main/boss/boss.cpp,ghidra+map-public,,,,true,1,2,1,ev-th04-main-function-screen-strict-v2;ev-th04-main-main035-boss-boundary-v21,Reviewed exact owner migration: The old BOSS_TEXT-only owner is a reconstruction sub-boundary; full-link exact replay proves this function belongs to the contiguous 0x9B6 MAIN_035/BOSS natural-C++ TU.
th04-main-boundary-1e67c,th04-main,mz-load-module,0x1E67C,0x2E67C,0x1E67C,0x16,0x16,reviewed,authored,reconstruct,exact,boss_hittest_shots_invincible(),boss_hittest_shots_invincible(),th04/boss.cpp,BOSS_TEXT,candidate-cpp,src/main/boss/boss.cpp,ghidra+map-public,,,,true,1,2,1,ev-th04-main-function-screen-strict-v2;ev-th04-main-main035-boss-boundary-v21,Reviewed exact owner migration: The old BOSS_TEXT-only owner is a reconstruction sub-boundary; full-link exact replay proves this function belongs to the contiguous 0x9B6 MAIN_035/BOSS natural-C++ TU.
th04-main-boundary-1e692,th04-main,mz-load-module,0x1E692,0x2E692,0x1E692,0x61,0x61,reviewed,authored,reconstruct,exact,boss_items_drop(),boss_items_drop(),th04/boss.cpp,BOSS_TEXT,candidate-cpp,src/main/boss/boss.cpp,ghidra+map-public,,,,false,2,4,1,ev-th04-main-function-screen-strict-v2;ev-th04-main-boss-items-drop-manual-boundary-v1,Manual target boundary review overrides a Ghidra body-construction false negative: validated linear raw decode; Ghidra omitted the middle of the five-iteration item-drop loop and reported 69/97 body bytes. Raw 16-bit decoding tiles the complete 97-byte public span through RET at 0x2E6F2 inside the exact contiguous MAIN_035/BOSS natural-C++ owner.
th04-main-boundary-1e6f3,th04-main,mz-load-module,0x1E6F3,0x2E6F3,0x1E6F3,0x50,0x50,reviewed,authored,reconstruct,exact,"boss_phase_next(explosion_type_t,int)","boss_phase_next(explosion_type_t,int)",th04/boss.cpp,BOSS_TEXT,candidate-cpp,src/main/boss/boss.cpp,ghidra+map-public,,,,true,1,2,2,ev-th04-main-function-screen-strict-v2;ev-th04-main-main035-boss-boundary-v21,Reviewed exact owner migration: The old BOSS_TEXT-only owner is a reconstruction sub-boundary; full-link exact replay proves this function belongs to the contiguous 0x9B6 MAIN_035/BOSS natural-C++ TU.
th04-main-boundary-1e743,th04-main,mz-load-module,0x1E743,0x2E743,0x1E743,0x1D4,0x1D4,reviewed,authored,reconstruct,exact,boss_defeat_update(),boss_defeat_update(),th04/boss.cpp,BOSS_TEXT,candidate-cpp,src/main/boss/boss.cpp,ghidra+map-public,,,,false,3,8,8,ev-th04-main-main035-boss-boundary-v21,"Manual target boundary review overrides a Ghidra body-construction false negative: validated linear raw decode; Target Ghidra entry starts and ends on the reviewed function extent but constructs only 306/468 body bytes. Final natural-C++ TLINK emits the matching public; raw 16-bit decode tiles all 468 bytes through RET at the exact 0x9B6 owner end, and two-cold replay is byte/relocation exact."
th04-main-boundary-1e917,th04-main,mz-load-module,0x1E917,0x2E917,0x1E917,0x9A,0x9A,reviewed,authored,reconstruct,exact,reimu_phase_move_a(),,th04_main.asm,MAIN_036_TEXT,target-derived-asm,src/main/boss/reimu4_main036.cpp,ghidra+tasm-proc,reimu_1E917,near,58170,true,1,0,1,ev-th04-main-reimu-phase-move-a-boundary-v71,"Manual target boundary review overrides a Ghidra body-construction false negative: validated linear raw decode; Fresh Ghidra, pinned TASM, and raw decode agree on the complete 154-byte helper through RET at 0x2E9B0; the next local PROC starts at 0x2E9B1."
th04-main-boundary-1e9b1,th04-main,mz-load-module,0x1E9B1,0x2E9B1,0x1E9B1,0x9A,0x9A,reviewed,authored,reconstruct,exact,reimu_phase_move_b(),,th04_main.asm,MAIN_036_TEXT,target-derived-asm,src/main/boss/reimu4_main036_b.cpp,ghidra+tasm-proc,reimu_1E9B1,near,58249,true,1,0,1,ev-th04-main-reimu-phase-move-b-boundary-v72,"Manual target boundary review overrides a Ghidra body-construction false negative: validated linear raw decode; Fresh Ghidra, pinned TASM, and raw decode agree on the complete 154-byte helper through RET at 0x2EA4A; the next local PROC starts at 0x2EA4B."
th04-main-boundary-1ea4b,th04-main,mz-load-module,0x1EA4B,0x2EA4B,0x1EA4B,0xE6,0xE6,reviewed,authored,reconstruct,exact,reimu_gather_intro(),,th04_main.asm,MAIN_036_TEXT,target-derived-asm,src/main/boss/reimu4_gather_intro.cpp,ghidra+tasm-proc,reimu_1EA4B,near,58322,false,2,7,0,ev-th04-main-reimu-gather-intro-boundary-v73,"Manual target boundary review overrides a Ghidra body-construction false negative: validated 10-entry switch table; Raw code decodes through RET at 0x2EB07. One compiler-owned zero metadata/alignment byte at 0x2EB08, ten compare words at 0x2EB09, and ten near-jump words at 0x2EB1D exactly fill the owner through 0x2EB30. Ghidra omits this trailing compiler data."
th04-main-boundary-1eb31,th04-main,mz-load-module,0x1EB31,0x2EB31,0x1EB31,0x5B,0x5B,reviewed,authored,reconstruct,exact,orbs_add_moving(),orbs_add_moving(),th04_main.asm,MAIN_036_TEXT,target-derived-asm,src/main/boss/reimu4_orb_add.cpp,map-public+tasm-proc,@orbs_add_moving$qv,near,58470,,,,,ev-th04-main-reimu-orbs-add-moving-boundary-v74,Manual target boundary review overrides a Ghidra body-construction false negative: validated linear raw decode; Target Ghidra has no function entry at this TLINK public. Pinned TASM and gap-free raw decode tile all 91 bytes through RET at 0x2EB8B; exact natural-C++ ownership ends immediately before the next TLINK public.
th04-main-boundary-1eb8c,th04-main,mz-load-module,0x1EB8C,0x2EB8C,0x1EB8C,0x67,0x67,reviewed,authored,reconstruct,exact,"orbs_add_spinning(unsigned char,int)","orbs_add_spinning(unsigned char,int)",th04_main.asm,MAIN_036_TEXT,target-derived-asm,src/main/boss/reimu4_orb_spin.cpp,ghidra+map-public+tasm-proc,@orbs_add_spinning$quci,near,58525,true,1,1,0,ev-th04-main-reimu-orbs-add-spinning-boundary-v75,"Manual target boundary review overrides a Ghidra body-construction false negative: validated linear raw decode; Fresh Ghidra, pinned TASM, TLINK, and raw decode agree on the complete 103-byte Pascal near function through RET 4 at 0x2EBF2; the next local Reimu helper begins at 0x2EBF3."
th04-main-boundary-1ebf3,th04-main,mz-load-module,0x1EBF3,0x2EBF3,0x1EBF3,0x122,0x122,reviewed,authored,reconstruct,exact,reimu_orbs_update(),,th04_main.asm,MAIN_036_TEXT,target-derived-asm,src/main/boss/reimu4_orbs_update.cpp,ghidra+tasm-proc,reimu_1EBF3,near,58593,true,1,1,1,ev-th04-main-reimu-orbs-update-boundary-v76,Manual target boundary review overrides a Ghidra body-construction false negative: validated linear raw decode; Pinned TASM defines one 290-byte PROC through 0x2ED14. Fresh Ghidra falsely splits it into 77-byte 0x2EBF3 and 213-byte 0x2EC40 functions; raw decode and exact owner reject the internal split.
th04-main-boundary-1ec40,th04-main,mz-load-module,0x1EC40,0x2EC40,0x1EC40,0xD5,0xD5,excluded,authored,exclude,excluded,FUN_23a9_b1b0,,th04_main.asm,MAIN_036_TEXT,target-derived-asm,candidate:th04_main.asm,ghidra,,,,true,1,1,2,target-ghidra+candidate-map,"Ghidra-only entry is not a PROC in the complete attested TASM listing. Ghidra entry is a switch/data/non-code artifact, not an accepted function boundary."
th04-main-boundary-1ed15,th04-main,mz-load-module,0x1ED15,0x2ED15,0x1ED15,0xA7,0xA7,reviewed,authored,reconstruct,exact,reimu_phase_spread_yellow(),,th04_main.asm,MAIN_036_TEXT,target-derived-asm,src/main/boss/reimu4_phase_spread_yellow.cpp,ghidra+tasm-proc,reimu_1ED15,near,58745,true,1,0,3,ev-th04-main-reimu-phase-spread-yellow-boundary-v77,Manual target boundary review overrides a Ghidra body-construction false negative: validated linear raw decode; Raw/TASM and fresh Ghidra close the complete 167-byte helper.
th04-main-boundary-1edbc,th04-main,mz-load-module,0x1EDBC,0x2EDBC,0x1EDBC,0x65,0x65,reviewed,authored,reconstruct,exact,reimu_phase_special_blue(),,th04_main.asm,MAIN_036_TEXT,target-derived-asm,src/main/boss/reimu4_phase_special_blue.cpp,ghidra+tasm-proc,reimu_1EDBC,near,58819,true,1,0,2,ev-th04-main-reimu-phase-special-blue-boundary-v78,Manual target boundary review overrides a Ghidra body-construction false negative: validated linear raw decode; Raw/TASM and fresh Ghidra close the complete 101-byte helper.
th04-main-boundary-1ee21,th04-main,mz-load-module,0x1EE21,0x2EE21,0x1EE21,0x52,0x52,reviewed,authored,reconstruct,exact,reimu_phase_orb_spawn(),,th04_main.asm,MAIN_036_TEXT,target-derived-asm,src/main/boss/reimu4_phase_orb_spawn.cpp,ghidra+tasm-proc,reimu_1EE21,near,58868,true,1,0,3,ev-th04-main-reimu-phase-orb-spawn-boundary-v79,Manual target boundary review overrides a Ghidra body-construction false negative: validated linear raw decode; Raw/TASM and fresh Ghidra close the complete 82-byte helper.
th04-main-boundary-1ee73,th04-main,mz-load-module,0x1EE73,0x2EE73,0x1EE73,0x114,0x114,reviewed,authored,reconstruct,exact,reimu_phase_cloud_ring_stack(),,th04_main.asm,MAIN_036_TEXT,target-derived-asm,src/main/boss/reimu4_phase_cloud_ring_stack.cpp,ghidra+tasm-proc,reimu_1EE73,near,58907,true,1,0,1,ev-th04-main-reimu-phase-cloud-ring-stack-boundary-v80,Manual target boundary review overrides a Ghidra body-construction false negative: validated linear raw decode; Pinned TASM/raw define one 276-byte helper while fresh Ghidra constructs only 8 body bytes.
th04-main-boundary-1eee8,th04-main,mz-load-module,0x1EEE8,0x2EEE8,0x1EEE8,0x5,0x5,excluded,authored,exclude,excluded,FUN_23a9_b458,,th04_main.asm,MAIN_036_TEXT,target-derived-asm,candidate:th04_main.asm,ghidra,,,,true,1,1,0,target-ghidra+candidate-map,"Ghidra-only entry is not a PROC in the complete attested TASM listing. Ghidra entry is a switch/data/non-code artifact, not an accepted function boundary."
th04-main-boundary-1ef3c,th04-main,mz-load-module,0x1EF3C,0x2EF3C,0x1EF3C,0x4B,0x4B,excluded,authored,exclude,excluded,switchD_2000:872a::caseD_0,,th04_main.asm,MAIN_036_TEXT,target-derived-asm,candidate:th04_main.asm,ghidra,,,,true,1,0,2,target-ghidra+candidate-map,"Ghidra-only entry is not a PROC in the complete attested TASM listing. Ghidra entry is a switch/data/non-code artifact, not an accepted function boundary."
th04-main-boundary-1ef87,th04-main,mz-load-module,0x1EF87,0x2EF87,0x1EF87,0xC7,0xC7,reviewed,authored,reconstruct,exact,reimu_phase_pellet_and_cloud(),,th04_main.asm,MAIN_036_TEXT,target-derived-asm,src/main/boss/reimu4_phase_pellet_cloud.cpp,ghidra+tasm-proc,reimu_1EF87,near,59031,true,1,0,1,ev-th04-main-reimu-phase-pellet-cloud-boundary-v81,Manual target boundary review overrides a Ghidra body-construction false negative: validated linear raw decode; Pinned TASM/raw define one 199-byte helper while fresh Ghidra constructs only 25 body bytes.
th04-main-boundary-1efa1,th04-main,mz-load-module,0x1EFA1,0x2EFA1,0x1EFA1,0x5C,0xAD,excluded,authored,exclude,excluded,FUN_23a9_b511,,th04_main.asm,MAIN_036_TEXT,target-derived-asm,candidate:th04_main.asm,ghidra,,,,false,2,1,3,target-ghidra+candidate-map,"Ghidra-only entry is not a PROC in the complete attested TASM listing. Ghidra entry is a switch/data/non-code artifact, not an accepted function boundary."
th04-main-boundary-1f04e,th04-main,mz-load-module,0x1F04E,0x2F04E,0x1F04E,0xC3,0xC3,reviewed,authored,reconstruct,exact,reimu_phase_random_aimed(),,th04_main.asm,MAIN_036_TEXT,target-derived-asm,src/main/boss/reimu4_phase_random_aimed.cpp,ghidra+tasm-proc,reimu_1F04E,near,59111,false,2,0,3,ev-th04-main-reimu-phase-random-aimed-boundary-v82,Manual target boundary review overrides a Ghidra body-construction false negative: validated linear raw decode; Pinned TASM/raw tile the full 195-byte helper; Ghidra body construction is incomplete.
th04-main-boundary-1f07a,th04-main,mz-load-module,0x1F07A,0x2F07A,0x1F07A,0x10,0x10,excluded,authored,exclude,excluded,FUN_23a9_b5ea,,th04_main.asm,MAIN_036_TEXT,target-derived-asm,candidate:th04_main.asm,ghidra,,,,true,1,1,0,target-ghidra+candidate-map,"Ghidra-only entry is not a PROC in the complete attested TASM listing. Ghidra entry is a switch/data/non-code artifact, not an accepted function boundary."
th04-main-boundary-1f111,th04-main,mz-load-module,0x1F111,0x2F111,0x1F111,0x6B,0x6B,reviewed,authored,reconstruct,exact,reimu_phase_orb_stream(),,th04_main.asm,MAIN_036_TEXT,target-derived-asm,src/main/boss/reimu4_phase_orb_stream.cpp,ghidra+tasm-proc,reimu_1F111,near,59200,true,1,0,1,ev-th04-main-reimu-phase-orb-stream-boundary-v83,Manual target boundary review overrides a Ghidra body-construction false negative: validated linear raw decode; Raw/TASM and fresh Ghidra close the complete 107-byte helper.
th04-main-boundary-1f17c,th04-main,mz-load-module,0x1F17C,0x2F17C,0x1F17C,0xAE,0xAE,reviewed,authored,reconstruct,exact,reimu_phase_stack_octet(),,th04_main.asm,MAIN_036_TEXT,target-derived-asm,src/main/boss/reimu4_phase_stack_octet.cpp,ghidra+tasm-proc,reimu_1F17C,near,59257,false,2,0,1,ev-th04-main-reimu-phase-stack-octet-boundary-v84,Manual target boundary review overrides a Ghidra body-construction false negative: validated linear raw decode; Pinned TASM/raw define one 174-byte helper while fresh Ghidra constructs only 75 body bytes.
th04-main-boundary-1f22a,th04-main,mz-load-module,0x1F22A,0x2F22A,0x1F22A,0xC9,0xC9,reviewed,authored,reconstruct,exact,reimu_phase_dual_special(),,th04_main.asm,MAIN_036_TEXT,target-derived-asm,src/main/boss/reimu4_phase_dual_special.cpp,ghidra+tasm-proc,reimu_1F22A,near,59339,false,3,0,3,ev-th04-main-reimu-phase-dual-special-boundary-v85,Manual target boundary review overrides a Ghidra body-construction false negative: validated linear raw decode; Pinned TASM/raw define one 201-byte helper while fresh Ghidra constructs only 128 body bytes.
th04-main-boundary-1f2f3,th04-main,mz-load-module,0x1F2F3,0x2F2F3,0x1F2F3,0x85,0x85,reviewed,authored,reconstruct,exact,reimu_phase_stack_fan(),,th04_main.asm,MAIN_036_TEXT,target-derived-asm,src/main/boss/reimu4_phase_stack_fan.cpp,ghidra+tasm-proc,reimu_1F2F3,near,59435,true,1,0,3,ev-th04-main-reimu-phase-stack-fan-boundary-v86,Manual target boundary review overrides a Ghidra body-construction false negative: validated linear raw decode; Raw/TASM and fresh Ghidra close the complete 133-byte helper.
th04-main-boundary-1f378,th04-main,mz-load-module,0x1F378,0x2F378,0x1F378,0x33,0x33,reviewed,authored,reconstruct,exact,reimu_bg_pulse(),,th04_main.asm,MAIN_036_TEXT,target-derived-asm,src/main/boss/reimu4_bg_pulse.cpp,ghidra+tasm-proc,reimu_1F378,near,59501,true,1,0,0,ev-th04-main-reimu-bg-pulse-boundary-v87,Manual target boundary review overrides a Ghidra body-construction false negative: validated linear raw decode; Raw/TASM and fresh Ghidra close the complete 51-byte helper through 0x2F3AA; public reimu_update starts at 0x2F3AB.
th04-main-boundary-1f3ab,th04-main,mz-load-module,0x1F3AB,0x2F3AB,0x1F3AB,0x543,0x543,reviewed,authored,reconstruct,exact,reimu_update(),,th04_main.asm,MAIN_036_TEXT,target-derived-asm,src/main/boss/reimu4_update.cpp,ghidra+tasm-proc,@reimu_update$qv,far,59536,false,5,0,3,ev-th04-main-reimu-update-boundary-v88,"Manual target boundary review overrides a Ghidra body-construction false negative: validated 2 trailing compiler switch tables (18 jump entries total); Pinned TASM and gap-free raw decode define 0x515 code bytes through RETF, followed by a contiguous 5-value/5-jump sparse mode switch and a 13-entry top-level phase jump table that exactly fill the 0x543 exact owner through 0x2F8ED. Fresh Ghidra cross-links the true 0x2F3AB entry to unrelated earlier code and truncates the tail, so its body range is not used as the extent oracle."
th04-main-boundary-1f700,th04-main,mz-load-module,0x1F700,0x2F700,0x1F700,0x18,0x18,excluded,authored,exclude,excluded,switchD_2000:dbcb::caseD_0,,th04_main.asm,MAIN_036_TEXT,target-derived-asm,candidate:th04_main.asm,ghidra,,,,true,1,0,2,target-ghidra+candidate-map,"Ghidra-only entry is not a PROC in the complete attested TASM listing. Ghidra entry is a switch/data/non-code artifact, not an accepted function boundary."
th04-main-boundary-1f7e1,th04-main,mz-load-module,0x1F7E1,0x2F7E1,0x1F7E1,0x21,0x21,excluded,authored,exclude,excluded,FUN_23a9_bd51,,th04_main.asm,MAIN_036_TEXT,target-derived-asm,candidate:th04_main.asm,ghidra,,,,true,1,0,1,target-ghidra+candidate-map,"Ghidra-only entry is not a PROC in the complete attested TASM listing. Ghidra entry is a switch/data/non-code artifact, not an accepted function boundary."
th04-main-boundary-1f8a5,th04-main,mz-load-module,0x1F8A5,0x2F8A5,0x1F8A5,0x1B,0x1B,excluded,authored,exclude,excluded,FUN_23a9_be15,,th04_main.asm,MAIN_036_TEXT,target-derived-asm,candidate:th04_main.asm,ghidra,,,,true,1,2,2,target-ghidra+candidate-map,"Ghidra-only entry is not a PROC in the complete attested TASM listing. Ghidra entry is a switch/data/non-code artifact, not an accepted function boundary."
th04-main-boundary-1f8ee,th04-main,mz-load-module,0x1F8EE,0x2F8EE,0x1F8EE,0x15,0x15,reviewed,authored,reconstruct,exact,_gengetsu_gathers_add_dual,,th04_main.asm,MAIN_036_TEXT,target-derived-asm,src/main/boss/gengetsu6_prefix.cpp,tasm-proc,gengetsu_1F8EE,near,60198,,,,,ev-th04-main-gengetsu-prefix-boundary-v89,Manual target boundary review overrides a Ghidra body-construction false negative: validated linear raw decode; Target Ghidra has no entry at this pinned-TASM procedure. Gap-free raw decode closes the 21-byte function at RET immediately before the next exact C++ public.
th04-main-boundary-1f903,th04-main,mz-load-module,0x1F903,0x2F903,0x1F903,0x77,0x77,reviewed,authored,reconstruct,exact,gengetsu_gather_intro(),,th04_main.asm,MAIN_036_TEXT,target-derived-asm,src/main/boss/gengetsu6_prefix.cpp,ghidra+tasm-proc,gengetsu_1F903,near,60220,false,2,1,0,ev-th04-main-gengetsu-prefix-boundary-v89,"Manual target boundary review overrides a Ghidra body-construction false negative: validated 4-entry switch table; Pinned TASM and gap-free raw decode close 0x66 code bytes through RET; one alignment byte, four compare words, and four jump words exactly fill the physical producer extent before the next local procedure."
th04-main-boundary-1f97a,th04-main,mz-load-module,0x1F97A,0x2F97A,0x1F97A,0x4B,0x4B,reviewed,authored,reconstruct,exact,_gengetsu_wave_step,,th04_main.asm,MAIN_036_TEXT,target-derived-asm,src/main/boss/gengetsu6_prefix.cpp,tasm-proc,gengetsu_1F97A,near,60293,,,,,ev-th04-main-gengetsu-prefix-boundary-v89,Manual target boundary review overrides a Ghidra body-construction false negative: validated linear raw decode; Target Ghidra has no entry at this pinned-TASM procedure. Gap-free raw decode closes the 75-byte function at RET immediately before the next exact C++ public.
th04-main-boundary-1f9c5,th04-main,mz-load-module,0x1F9C5,0x2F9C5,0x1F9C5,0x6E,0x6E,reviewed,authored,reconstruct,exact,gengetsu_wave_bounce(),,th04_main.asm,MAIN_036_TEXT,target-derived-asm,src/main/boss/gengetsu6_wave_bounce.cpp,ghidra+tasm-proc,gengetsu_1F9C5,near,60346,false,2,0,0,ev-th04-main-gengetsu-wave-bounce-boundary-v90,Manual target boundary review overrides a Ghidra body-construction false negative: validated linear raw decode; Pinned TASM and gap-free raw decode close the complete 110-byte function at the next local procedure; fresh Ghidra omits four terminal body bytes.
th04-main-boundary-1fa33,th04-main,mz-load-module,0x1FA33,0x2FA33,0x1FA33,0x77,0x77,reviewed,authored,reconstruct,exact,gengetsu_phase_state(),,th04_main.asm,MAIN_036_TEXT,target-derived-asm,src/main/boss/gengetsu6_anim_ring.cpp,ghidra+tasm-proc,gengetsu_1FA33,near,60416,true,1,8,2,ev-th04-main-gengetsu-anim-ring-boundary-v91,"Manual target boundary review overrides a Ghidra body-construction false negative: validated linear raw decode; Fresh Ghidra, pinned TASM, and gap-free raw decode agree on the complete 119-byte function through RET at the next local procedure."
th04-main-boundary-1faaa,th04-main,mz-load-module,0x1FAAA,0x2FAAA,0x1FAAA,0x4D,0x4D,reviewed,authored,reconstruct,exact,gengetsu_ring_phase(),,th04_main.asm,MAIN_036_TEXT,target-derived-asm,src/main/boss/gengetsu6_anim_ring.cpp,ghidra+tasm-proc,gengetsu_1FAAA,near,60492,true,1,0,3,ev-th04-main-gengetsu-anim-ring-boundary-v91,"Manual target boundary review overrides a Ghidra body-construction false negative: validated linear raw decode; Fresh Ghidra, pinned TASM, and gap-free raw decode agree on the complete 77-byte function through RET at the next local procedure."
th04-main-boundary-1faf7,th04-main,mz-load-module,0x1FAF7,0x2FAF7,0x1FAF7,0x8F,0x8F,reviewed,authored,reconstruct,exact,gengetsu_spread_pair_phase(),,th04_main.asm,MAIN_036_TEXT,target-derived-asm,src/main/boss/gengetsu6_patterns1.cpp,ghidra+tasm-proc,gengetsu_1FAF7,near,60540,true,1,0,4,ev-th04-main-gengetsu-patterns1-boundary-v92,"Manual target boundary review overrides a Ghidra body-construction false negative: validated linear raw decode; Fresh Ghidra, pinned TASM, and gap-free raw decode agree on the complete 143-byte function through RET at the next local procedure."
th04-main-boundary-1fb86,th04-main,mz-load-module,0x1FB86,0x2FB86,0x1FB86,0xC0,0xC0,reviewed,authored,reconstruct,exact,gengetsu_bounce_phase(),,th04_main.asm,MAIN_036_TEXT,target-derived-asm,src/main/boss/gengetsu6_patterns1.cpp,ghidra+tasm-proc,gengetsu_1FB86,near,60621,false,2,0,3,ev-th04-main-gengetsu-patterns1-boundary-v92,Manual target boundary review overrides a Ghidra body-construction false negative: validated linear raw decode; Pinned TASM and gap-free raw decode close the complete 192-byte function at the next local procedure; fresh Ghidra has the correct min/max but a sparse body.
th04-main-boundary-1fc46,th04-main,mz-load-module,0x1FC46,0x2FC46,0x1FC46,0xEA,0xEA,reviewed,authored,reconstruct,exact,gengetsu_turn_gather_phase(),,th04_main.asm,MAIN_036_TEXT,target-derived-asm,src/main/boss/gengetsu6_turn_gather.cpp,ghidra+tasm-proc,gengetsu_1FC46,near,60712,false,3,0,3,ev-th04-main-gengetsu-turn-gather-boundary-v93,Manual target boundary review overrides a Ghidra body-construction false negative: validated linear raw decode; Pinned TASM and gap-free raw decode close the complete 234-byte function at the next local procedure; fresh Ghidra has the correct entry but a sparse body.
th04-main-boundary-1fd30,th04-main,mz-load-module,0x1FD30,0x2FD30,0x1FD30,0xCE,0xCE,reviewed,authored,reconstruct,exact,gengetsu_cycle_phase(),,th04_main.asm,MAIN_036_TEXT,target-derived-asm,src/main/boss/gengetsu6_cycle.cpp,ghidra+tasm-proc,gengetsu_1FD30,near,60816,false,2,0,1,ev-th04-main-gengetsu-cycle-boundary-v93b,Manual target boundary review overrides a Ghidra body-construction false negative: validated 5-entry switch table; Pinned TASM and gap-free raw decode close 0xC4 code bytes through RET; the contiguous five-entry compiler jump table exactly fills the owner through the next local procedure.
th04-main-boundary-1fdfe,th04-main,mz-load-module,0x1FDFE,0x2FDFE,0x1FDFE,0x6C,0x6C,reviewed,authored,reconstruct,exact,gengetsu_aimed_spread_phase(),,th04_main.asm,MAIN_036_TEXT,target-derived-asm,src/main/boss/gengetsu6_patterns3.cpp,ghidra+tasm-proc,gengetsu_1FDFE,near,60921,true,1,0,3,ev-th04-main-gengetsu-patterns3-boundary-v94,"Manual target boundary review overrides a Ghidra body-construction false negative: validated linear raw decode; Fresh Ghidra, pinned TASM, and gap-free raw decode agree on the complete 108-byte function through RET at the next local procedure."
th04-main-boundary-1fe6a,th04-main,mz-load-module,0x1FE6A,0x2FE6A,0x1FE6A,0x75,0x75,reviewed,authored,reconstruct,exact,gengetsu_mirror_spread_phase(),,th04_main.asm,MAIN_036_TEXT,target-derived-asm,src/main/boss/gengetsu6_patterns3.cpp,ghidra+tasm-proc,gengetsu_1FE6A,near,60979,true,1,0,2,ev-th04-main-gengetsu-patterns3-boundary-v94,"Manual target boundary review overrides a Ghidra body-construction false negative: validated linear raw decode; Fresh Ghidra, pinned TASM, and gap-free raw decode agree on the complete 117-byte function through RET at the exact owner end."
th04-main-boundary-1fedf,th04-main,mz-load-module,0x1FEDF,0x2FEDF,0x1FEDF,0x171,0x171,reviewed,authored,reconstruct,exact,gengetsu_columns_phase(),,th04_main.asm,MAIN_036_TEXT,target-derived-asm,src/main/boss/gengetsu6_columns.cpp,ghidra+tasm-proc,gengetsu_1FEDF,near,61044,false,2,0,3,ev-th04-main-gengetsu-columns-boundary-v95,Manual target boundary review overrides a Ghidra body-construction false negative: validated 1 trailing compiler switch tables (4 jump entries total); Pinned TASM and gap-free raw decode close code through RET at 0x30047; the following four TC86 jump words at 0x30048..0x3004F exactly fill the owner before the next local function. Fresh Ghidra constructs only a sparse subset.
th04-main-boundary-20050,th04-main,mz-load-module,0x20050,0x30050,0x20050,0x66,0x66,reviewed,authored,reconstruct,exact,_gengetsu_random_ring,,th04_main.asm,MAIN_036_TEXT,target-derived-asm,src/main/boss/gengetsu6_random_ring.cpp,tasm-proc,gengetsu_20050,near,61216,,,,,ev-th04-main-gengetsu-random-ring-boundary-v96,"Manual target boundary review overrides a Ghidra body-construction false negative: validated linear raw decode; Fresh attested Ghidra has no function entry at 0x30050. Pinned TASM defines a near PROC there, gap-free raw decode reaches RET at 0x300B5, the aggregate map has the exact generated public, and the next local public starts at 0x300B6."
th04-main-boundary-200b6,th04-main,mz-load-module,0x200B6,0x300B6,0x200B6,0xDF,0xDF,reviewed,authored,reconstruct,exact,gengetsu_dual_clusters(),,th04_main.asm,MAIN_036_TEXT,target-derived-asm,src/main/boss/gengetsu6_helpers.cpp,ghidra+tasm-proc,gengetsu_200B6,near,61262,true,1,0,2,ev-th04-main-gengetsu-helpers-boundary-v97,"Manual target boundary review overrides a Ghidra body-construction false negative: validated linear raw decode; Fresh Ghidra, pinned TASM, and gap-free raw decode agree on the complete 223-byte helper through the next local function at 0x30195."
th04-main-boundary-20195,th04-main,mz-load-module,0x20195,0x30195,0x20195,0x6D,0x6D,reviewed,authored,reconstruct,exact,gengetsu_random_cloud_ring(),,th04_main.asm,MAIN_036_TEXT,target-derived-asm,src/main/boss/gengetsu6_helpers.cpp,ghidra+tasm-proc,gengetsu_20195,near,61355,true,1,0,3,ev-th04-main-gengetsu-helpers-boundary-v97,"Manual target boundary review overrides a Ghidra body-construction false negative: validated linear raw decode; Fresh Ghidra, pinned TASM, and gap-free raw decode agree on the complete 109-byte helper through the next local function at 0x30202."
th04-main-boundary-20202,th04-main,mz-load-module,0x20202,0x30202,0x20202,0x39,0x39,reviewed,authored,reconstruct,exact,gengetsu_hittest(),,th04_main.asm,MAIN_036_TEXT,target-derived-asm,src/main/boss/gengetsu6_helpers.cpp,ghidra+tasm-proc,gengetsu_20202,near,61414,true,1,0,0,ev-th04-main-gengetsu-helpers-boundary-v97,"Manual target boundary review overrides a Ghidra body-construction false negative: validated linear raw decode; Fresh Ghidra, pinned TASM, and gap-free raw decode agree on the complete 57-byte helper through the next local function at 0x3023B."
th04-main-boundary-2023b,th04-main,mz-load-module,0x2023B,0x3023B,0x2023B,0x2F,0x2F,reviewed,authored,reconstruct,exact,gengetsu_blue_ring(),,th04_main.asm,MAIN_036_TEXT,target-derived-asm,src/main/boss/gengetsu6_helpers.cpp,ghidra+tasm-proc,gengetsu_2023B,near,61451,true,1,0,1,ev-th04-main-gengetsu-helpers-boundary-v97,"Manual target boundary review overrides a Ghidra body-construction false negative: validated linear raw decode; Fresh Ghidra, pinned TASM, and gap-free raw decode agree on the complete 47-byte helper through public FAR gengetsu_update at 0x3026A."
th04-main-boundary-2026a,th04-main,mz-load-module,0x2026A,0x3026A,0x2026A,0x482,0x482,reviewed,authored,reconstruct,exact,gengetsu_update(),gengetsu_update(),th04_main.asm,MAIN_036_TEXT,target-derived-asm,src/main/boss/gengetsu6_update.cpp,ghidra+map-public+tasm-proc,@gengetsu_update$qv,far,61475,false,2,0,0,ev-th04-main-gengetsu-update-boundary-v98,"Manual target boundary review overrides a Ghidra body-construction false negative: validated 1 trailing compiler switch tables (10 jump entries total); Pinned TASM and gap-free raw decode define FAR code through RETF at 0x306D7, followed immediately by the ten-entry TC86 top-level phase jump table at 0x306D8..0x306EB. Fresh Ghidra truncates the real epilogue and table; the exact 0x482 owner closes MAIN_036_TEXT."
th04-main-boundary-206ec,th04-main,mz-load-module,0x206EC,0x306EC,0x206EC,0x6F,0x6F,corroborated,library,exclude,excluded,string::string(const string far&),string::string(const string far&),ctor2,_TEXTC,linked-library,toolchain-or-library:ctor2,ghidra+map-public,,,,true,1,2,4,target-ghidra+candidate-map,
th04-main-boundary-207d5,th04-main,mz-load-module,0x207D5,0x307D5,0x207D5,0xC9,0xC9,corroborated,library,exclude,excluded,string::string(const char far*),string::string(const char far*),ctor3,_TEXTC,linked-library,toolchain-or-library:ctor3,ghidra+map-public,,,,true,1,3,6,target-ghidra+candidate-map,
th04-main-boundary-209f1,th04-main,mz-load-module,0x209F1,0x309F1,0x209F1,0x86,0x86,corroborated,library,exclude,excluded,string::~string(),string::~string(),strings,_TEXTC,linked-library,toolchain-or-library:strings,ghidra+map-public,,,,true,1,4,5,target-ghidra+candidate-map,
th04-main-boundary-20a77,th04-main,mz-load-module,0x20A77,0x30A77,0x20A77,0xBE,0xBE,corroborated,library,exclude,excluded,string::assert_element(unsigned int) const,string::assert_element(unsigned int) const,strings,_TEXTC,linked-library,toolchain-or-library:strings,ghidra+map-public,,,,true,1,0,7,target-ghidra+candidate-map,
th04-main-boundary-20b35,th04-main,mz-load-module,0x20B35,0x30B35,0x20B35,0xBE,0xBE,corroborated,library,exclude,excluded,string::assert_index(unsigned int) const,string::assert_index(unsigned int) const,strings,_TEXTC,linked-library,toolchain-or-library:strings,ghidra+map-public,,,,true,1,0,7,target-ghidra+candidate-map,
th04-main-boundary-20bf3,th04-main,mz-load-module,0x20BF3,0x30BF3,0x20BF3,0xBB,0xBB,corroborated,library,exclude,excluded,tsubstring::assert_element(unsigned int) const,tsubstring::assert_element(unsigned int) const,strings,_TEXTC,linked-library,toolchain-or-library:strings,ghidra+map-public,,,,true,1,0,7,target-ghidra+candidate-map,
th04-main-boundary-20cae,th04-main,mz-load-module,0x20CAE,0x30CAE,0x20CAE,0xE6,0xE6,corroborated,library,exclude,excluded,"tstringref::tstringref(const char far*,unsigned int,const char far*,unsigned int,unsigned int)","tstringref::tstringref(const char far*,unsigned int,const char far*,unsigned int,unsigned int)",strings,_TEXTC,linked-library,toolchain-or-library:strings,ghidra+map-public,,,,true,1,1,6,target-ghidra+candidate-map,
th04-main-boundary-20d94,th04-main,mz-load-module,0x20D94,0x30D94,0x20D94,0x60,0x60,corroborated,library,exclude,excluded,tstringref::~tstringref(),tstringref::~tstringref(),strings,_TEXTC,linked-library,toolchain-or-library:strings,ghidra+map-public,,,,true,1,1,5,target-ghidra+candidate-map,
th04-main-boundary-20df4,th04-main,mz-load-module,0x20DF4,0x30DF4,0x20DF4,0x6E,0x6E,corroborated,library,exclude,excluded,tstringref::reserve(unsigned int),tstringref::reserve(unsigned int),strings,_TEXTC,linked-library,toolchain-or-library:strings,ghidra+map-public,,,,true,1,0,4,target-ghidra+candidate-map,
th04-main-boundary-20e62,th04-main,mz-load-module,0x20E62,0x30E62,0x20E62,0x68,0x68,corroborated,library,exclude,excluded,tstringref::check_freeboard(),tstringref::check_freeboard(),strings,_TEXTC,linked-library,toolchain-or-library:strings,ghidra+map-public,,,,true,1,0,4,target-ghidra+candidate-map,
th04-main-boundary-20eca,th04-main,mz-load-module,0x20ECA,0x30ECA,0x20ECA,0x62,0x62,corroborated,library,exclude,excluded,tstringref::grow_to(unsigned int),tstringref::grow_to(unsigned int),strings,_TEXTC,linked-library,toolchain-or-library:strings,ghidra+map-public,,,,true,1,1,4,target-ghidra+candidate-map,
th04-main-boundary-20f2c,th04-main,mz-load-module,0x20F2C,0x30F2C,0x20F2C,0x3F,0x3F,corroborated,library,exclude,excluded,tstringref::round_capacity(unsigned int),tstringref::round_capacity(unsigned int),strings,_TEXTC,linked-library,toolchain-or-library:strings,ghidra+map-public,,,,true,1,4,2,target-ghidra+candidate-map,
th04-main-boundary-20f6b,th04-main,mz-load-module,0x20F6B,0x30F6B,0x20F6B,0x1BE,0x1BE,corroborated,library,exclude,excluded,"tstringref::splice(unsigned int,unsigned int,const char far*,unsigned int)","tstringref::splice(unsigned int,unsigned int,const char far*,unsigned int)",strings,_TEXTC,linked-library,toolchain-or-library:strings,ghidra+map-public,,,,true,1,0,10,target-ghidra+candidate-map,
th04-main-boundary-21129,th04-main,mz-load-module,0x21129,0x31129,0x21129,0x1D,0x1D,corroborated,library,exclude,excluded,string::set_case_sensitive(int),string::set_case_sensitive(int),strings,_TEXTC,linked-library,toolchain-or-library:strings,ghidra+map-public,,,,true,1,0,0,target-ghidra+candidate-map,
th04-main-boundary-21146,th04-main,mz-load-module,0x21146,0x31146,0x21146,0x1D,0x1D,corroborated,library,exclude,excluded,string::set_paranoid_check(int),string::set_paranoid_check(int),strings,_TEXTC,linked-library,toolchain-or-library:strings,ghidra+map-public,,,,true,1,0,0,target-ghidra+candidate-map,
th04-main-boundary-21163,th04-main,mz-load-module,0x21163,0x31163,0x21163,0x1D,0x1D,corroborated,library,exclude,excluded,string::skip_whitespace(int),string::skip_whitespace(int),strings,_TEXTC,linked-library,toolchain-or-library:strings,ghidra+map-public,,,,true,1,0,0,target-ghidra+candidate-map,
th04-main-boundary-21180,th04-main,mz-load-module,0x21180,0x31180,0x21180,0x1D,0x1D,corroborated,library,exclude,excluded,string::initial_capacity(unsigned int),string::initial_capacity(unsigned int),strings,_TEXTC,linked-library,toolchain-or-library:strings,ghidra+map-public,,,,true,1,0,0,target-ghidra+candidate-map,
th04-main-boundary-2119d,th04-main,mz-load-module,0x2119D,0x3119D,0x2119D,0x2A,0x2A,corroborated,library,exclude,excluded,string::resize_increment(unsigned int),string::resize_increment(unsigned int),strings,_TEXTC,linked-library,toolchain-or-library:strings,ghidra+map-public,,,,true,1,0,0,target-ghidra+candidate-map,
th04-main-boundary-211c7,th04-main,mz-load-module,0x211C7,0x311C7,0x211C7,0x1D,0x1D,corroborated,library,exclude,excluded,string::max_waste(unsigned int),string::max_waste(unsigned int),strings,_TEXTC,linked-library,toolchain-or-library:strings,ghidra+map-public,,,,true,1,0,0,target-ghidra+candidate-map,
th04-main-boundary-23d52,th04-main,mz-load-module,0x23D52,0x33D52,0x23D52,0x23,0x24,excluded,data,exclude,excluded,FUN_3134_2a12,,,,non-code,target:non-code,ghidra,,,,false,2,2,0,target-ghidra,"Ghidra entry is a switch/data/non-code artifact, not an accepted function boundary."
th04-main-boundary-23d76,th04-main,mz-load-module,0x23D76,0x33D76,0x23D76,0x3A,0x3A,excluded,data,exclude,excluded,FUN_3134_2a36,,,,non-code,target:non-code,ghidra,,,,true,1,2,0,target-ghidra,"Ghidra entry is a switch/data/non-code artifact, not an accepted function boundary."
th04-main-boundary-2cfa2,th04-main,mz-load-module,0x2CFA2,0x3CFA2,0x2CFA2,0x1,0x1,excluded,data,exclude,excluded,FUN_3134_bc62,,,,non-code,target:non-code,ghidra,,,,true,1,1,0,target-ghidra,"Ghidra entry is a switch/data/non-code artifact, not an accepted function boundary."
th04-maine-boundary-00000,th04-maine,mz-load-module,0x0,0x10000,0x0,0x146,0x146,corroborated,compiler,exclude,excluded,_address_0,_address_0;__setenvp__,c0.ASM,_TEXT,compiler-startup,toolchain:c0.asm,ghidra+map-public,,,,true,1,0,6,target-unpacked-ghidra+candidate-map,
th04-maine-boundary-0000c,th04-maine,mz-load-module,0xC,0x1000C,0xC,0x0,0x0,provisional,compiler,exclude,excluded,__AHSHIFT,__AHSHIFT,c0.ASM,_TEXT,compiler-startup,toolchain:c0.asm,map-public,,,,,,,,target-unpacked-ghidra+candidate-map,TLINK public has no corresponding Ghidra function entry.
th04-maine-boundary-00146,th04-maine,mz-load-module,0x146,0x10146,0x146,0x13,0x13,corroborated,compiler,exclude,excluded,__cleanup,__cleanup,c0.ASM,_TEXT,compiler-startup,toolchain:c0.asm,ghidra+map-public,,,,true,1,1,1,target-unpacked-ghidra+candidate-map,
th04-maine-boundary-00159,th04-maine,mz-load-module,0x159,0x10159,0x159,0x1,0x1,corroborated,compiler,exclude,excluded,__checknull,__checknull,c0.ASM,_TEXT,compiler-startup,toolchain:c0.asm,ghidra+map-public,,,,true,1,1,0,target-unpacked-ghidra+candidate-map,
th04-maine-boundary-0015a,th04-maine,mz-load-module,0x15A,0x1015A,0x15A,0x1E,0x1E,corroborated,compiler,exclude,excluded,__terminate,__terminate,c0.ASM,_TEXT,compiler-startup,toolchain:c0.asm,ghidra+map-public,,,,true,1,1,2,target-unpacked-ghidra+candidate-map,
th04-maine-boundary-00178,th04-maine,mz-load-module,0x178,0x10178,0x178,0x43,0x43,provisional,compiler,exclude,excluded,FUN_1000_0178,,c0.ASM,_TEXT,compiler-startup,toolchain:c0.asm,ghidra,,,,true,1,1,0,target-unpacked-ghidra+candidate-map,Ghidra-only boundary has no TLINK public or TASM PROC at its entry.
th04-maine-boundary-001bb,th04-maine,mz-load-module,0x1BB,0x101BB,0x1BB,0x2D,0x2D,corroborated,compiler,exclude,excluded,__restorezero,__restorezero,c0.ASM,_TEXT,compiler-startup,toolchain:c0.asm,ghidra+map-public,,,,true,1,1,0,target-unpacked-ghidra+candidate-map,
th04-maine-boundary-001e8,th04-maine,mz-load-module,0x1E8,0x101E8,0x1E8,0x44,0x44,provisional,compiler,exclude,excluded,FUN_1000_01e8,,c0.ASM,_TEXT,compiler-startup,toolchain:c0.asm,ghidra,,,,true,1,1,0,target-unpacked-ghidra+candidate-map,Ghidra-only boundary has no TLINK public or TASM PROC at its entry.
th04-maine-boundary-0022c,th04-maine,mz-load-module,0x22C,0x1022C,0x22C,0x41,0x41,provisional,compiler,exclude,excluded,FUN_1000_022c,,c0.ASM,_TEXT,compiler-startup,toolchain:c0.asm,ghidra,,,,true,1,1,0,target-unpacked-ghidra+candidate-map,Ghidra-only boundary has no TLINK public or TASM PROC at its entry.
th04-maine-boundary-0026d,th04-maine,mz-load-module,0x26D,0x1026D,0x26D,0x0,0x0,provisional,compiler,exclude,excluded,DGROUP@,DGROUP@,c0.ASM,_TEXT,compiler-startup,toolchain:c0.asm,map-public,,,,,,,,target-unpacked-ghidra+candidate-map,TLINK public has no corresponding Ghidra function entry.
th04-maine-boundary-0026f,th04-maine,mz-load-module,0x26F,0x1026F,0x26F,0x0,0x0,provisional,compiler,exclude,excluded,__MMODEL,__MMODEL,c0.ASM,_TEXT,compiler-startup,toolchain:c0.asm,map-public,,,,,,,,target-unpacked-ghidra+candidate-map,TLINK public has no corresponding Ghidra function entry.
th04-maine-boundary-00272,th04-maine,mz-load-module,0x272,0x10272,0x272,0x14,0x14,provisional,library,exclude,excluded,FUN_1000_0272,,th04_maine_master.asm,_TEXT,master-library-aggregate,candidate:th04_maine_master.asm,ghidra,,,,true,1,1,1,target-unpacked-ghidra+candidate-map,Ghidra-only boundary has no TLINK public or TASM PROC at its entry.
th04-maine-boundary-00286,th04-maine,mz-load-module,0x286,0x10286,0x286,0x12D,0x12E,provisional,library,exclude,excluded,BFNT_ENTRY_PAT,BFNT_ENTRY_PAT,th04_maine_master.asm,_TEXT,master-library-aggregate,candidate:th04_maine_master.asm,ghidra+map-public,,,,false,2,1,4,target-unpacked-ghidra+candidate-map,Ghidra body is noncontiguous and requires control-flow reconciliation.
th04-maine-boundary-003b4,th04-maine,mz-load-module,0x3B4,0x103B4,0x3B4,0x22,0x22,corroborated,library,exclude,excluded,BFNT_EXTEND_HEADER_SKIP,BFNT_EXTEND_HEADER_SKIP,th04_maine_master.asm,_TEXT,master-library-aggregate,candidate:th04_maine_master.asm,ghidra+map-public,,,,true,1,1,0,target-unpacked-ghidra+candidate-map,
th04-maine-boundary-003d6,th04-maine,mz-load-module,0x3D6,0x103D6,0x3D6,0x3B,0x3B,corroborated,library,exclude,excluded,BFNT_HEADER_READ,BFNT_HEADER_READ,th04_maine_master.asm,_TEXT,master-library-aggregate,candidate:th04_maine_master.asm,ghidra+map-public,,,,true,1,2,0,target-unpacked-ghidra+candidate-map,
th04-maine-boundary-00412,th04-maine,mz-load-module,0x412,0x10412,0x412,0x5E,0x5F,provisional,library,exclude,excluded,BFNT_EXTEND_HEADER_ANALYSIS,BFNT_EXTEND_HEADER_ANALYSIS,th04_maine_master.asm,_TEXT,master-library-aggregate,candidate:th04_maine_master.asm,ghidra+map-public,,,,false,2,1,2,target-unpacked-ghidra+candidate-map,Ghidra body is noncontiguous and requires control-flow reconciliation.
th04-maine-boundary-00476,th04-maine,mz-load-module,0x476,0x10476,0x476,0x90,0x91,provisional,library,exclude,excluded,rtc_int_set,rtc_int_set,th04_maine_master.asm,_TEXT,master-library-aggregate,candidate:th04_maine_master.asm,ghidra+map-public,,,,false,2,2,2,target-unpacked-ghidra+candidate-map,Ghidra body is noncontiguous and requires control-flow reconciliation.
th04-maine-boundary-00507,th04-maine,mz-load-module,0x507,0x10507,0x507,0x13,0x13,provisional,library,exclude,excluded,FUN_1000_0507,,th04_maine_master.asm,_TEXT,master-library-aggregate,candidate:th04_maine_master.asm,ghidra,,,,true,1,1,0,target-unpacked-ghidra+candidate-map,Ghidra-only boundary has no TLINK public or TASM PROC at its entry.
th04-maine-boundary-0055e,th04-maine,mz-load-module,0x55E,0x1055E,0x55E,0x18,0x18,corroborated,library,exclude,excluded,BCLOSER,BCLOSER,th04_maine_master.asm,_TEXT,master-library-aggregate,candidate:th04_maine_master.asm,ghidra+map-public,,,,true,1,2,1,target-unpacked-ghidra+candidate-map,
th04-maine-boundary-00576,th04-maine,mz-load-module,0x576,0x10576,0x576,0x3B,0x3B,corroborated,library,exclude,excluded,BFILL,BFILL,th04_maine_master.asm,_TEXT,master-library-aggregate,candidate:th04_maine_master.asm,ghidra+map-public,,,,true,1,1,0,target-unpacked-ghidra+candidate-map,
th04-maine-boundary-005b2,th04-maine,mz-load-module,0x5B2,0x105B2,0x5B2,0x40,0x40,corroborated,library,exclude,excluded,BFNT_PALETTE_SET,BFNT_PALETTE_SET,th04_maine_master.asm,_TEXT,master-library-aggregate,candidate:th04_maine_master.asm,ghidra+map-public,,,,true,1,1,0,target-unpacked-ghidra+candidate-map,
th04-maine-boundary-005f2,th04-maine,mz-load-module,0x5F2,0x105F2,0x5F2,0x30,0x30,corroborated,library,exclude,excluded,BGETC,BGETC,th04_maine_master.asm,_TEXT,master-library-aggregate,candidate:th04_maine_master.asm,ghidra+map-public,,,,true,1,1,1,target-unpacked-ghidra+candidate-map,
th04-maine-boundary-00622,th04-maine,mz-load-module,0x622,0x10622,0x622,0x43,0x43,corroborated,library,exclude,excluded,PALETTE_BLACK_IN,PALETTE_BLACK_IN,th04_maine_master.asm,_TEXT,master-library-aggregate,candidate:th04_maine_master.asm,ghidra+map-public,,,,true,1,4,2,target-unpacked-ghidra+candidate-map,
th04-maine-boundary-00666,th04-maine,mz-load-module,0x666,0x10666,0x666,0x3E,0x3E,corroborated,library,exclude,excluded,PALETTE_BLACK_OUT,PALETTE_BLACK_OUT,th04_maine_master.asm,_TEXT,master-library-aggregate,candidate:th04_maine_master.asm,ghidra+map-public,,,,true,1,4,2,target-unpacked-ghidra+candidate-map,
th04-maine-boundary-006a4,th04-maine,mz-load-module,0x6A4,0x106A4,0x6A4,0x53,0x53,corroborated,library,exclude,excluded,BOPENR,BOPENR,th04_maine_master.asm,_TEXT,master-library-aggregate,candidate:th04_maine_master.asm,ghidra+map-public,,,,true,1,1,3,target-unpacked-ghidra+candidate-map,
th04-maine-boundary-006f8,th04-maine,mz-load-module,0x6F8,0x106F8,0x6F8,0x30,0x30,corroborated,library,exclude,excluded,BREAD,BREAD,th04_maine_master.asm,_TEXT,master-library-aggregate,candidate:th04_maine_master.asm,ghidra+map-public,,,,true,1,0,1,target-unpacked-ghidra+candidate-map,
th04-maine-boundary-00728,th04-maine,mz-load-module,0x728,0x10728,0x728,0x41,0x41,corroborated,library,exclude,excluded,BSEEK,BSEEK,th04_maine_master.asm,_TEXT,master-library-aggregate,candidate:th04_maine_master.asm,ghidra+map-public,,,,true,1,0,0,target-unpacked-ghidra+candidate-map,
th04-maine-boundary-0076a,th04-maine,mz-load-module,0x76A,0x1076A,0x76A,0x2F,0x2F,corroborated,library,exclude,excluded,BSEEK_,BSEEK_,th04_maine_master.asm,_TEXT,master-library-aggregate,candidate:th04_maine_master.asm,ghidra+map-public,,,,true,1,2,0,target-unpacked-ghidra+candidate-map,
th04-maine-boundary-0079a,th04-maine,mz-load-module,0x79A,0x1079A,0x79A,0x17,0x17,corroborated,library,exclude,excluded,DOS_AXDX,DOS_AXDX,th04_maine_master.asm,_TEXT,master-library-aggregate,candidate:th04_maine_master.asm,ghidra+map-public,,,,true,1,2,0,target-unpacked-ghidra+candidate-map,
th04-maine-boundary-007b2,th04-maine,mz-load-module,0x7B2,0x107B2,0x7B2,0x37,0x37,corroborated,library,exclude,excluded,DOS_FILESIZE,DOS_FILESIZE,th04_maine_master.asm,_TEXT,master-library-aggregate,candidate:th04_maine_master.asm,ghidra+map-public,,,,true,1,1,0,target-unpacked-ghidra+candidate-map,
th04-maine-boundary-007ea,th04-maine,mz-load-module,0x7EA,0x107EA,0x7EA,0x6,0x6,corroborated,library,exclude,excluded,DOS_KEYCLEAR,DOS_KEYCLEAR,th04_maine_master.asm,_TEXT,master-library-aggregate,candidate:th04_maine_master.asm,ghidra+map-public,,,,true,1,1,0,target-unpacked-ghidra+candidate-map,
th04-maine-boundary-007f0,th04-maine,mz-load-module,0x7F0,0x107F0,0x7F0,0x1A,0x1A,corroborated,library,exclude,excluded,DOS_READ,DOS_READ,th04_maine_master.asm,_TEXT,master-library-aggregate,candidate:th04_maine_master.asm,ghidra+map-public,,,,true,1,1,0,target-unpacked-ghidra+candidate-map,
th04-maine-boundary-0080a,th04-maine,mz-load-module,0x80A,0x1080A,0x80A,0x1C,0x1C,corroborated,library,exclude,excluded,DOS_SEEK,DOS_SEEK,th04_maine_master.asm,_TEXT,master-library-aggregate,candidate:th04_maine_master.asm,ghidra+map-public,,,,true,1,1,0,target-unpacked-ghidra+candidate-map,
th04-maine-boundary-00826,th04-maine,mz-load-module,0x826,0x10826,0x826,0x1F,0x1F,corroborated,library,exclude,excluded,DOS_SETVECT,DOS_SETVECT,th04_maine_master.asm,_TEXT,master-library-aggregate,candidate:th04_maine_master.asm,ghidra+map-public,,,,true,1,5,0,target-unpacked-ghidra+candidate-map,
th04-maine-boundary-00846,th04-maine,mz-load-module,0x846,0x10846,0x846,0x15,0x15,corroborated,library,exclude,excluded,EGC_ON,EGC_ON,th04_maine_master.asm,_TEXT,master-library-aggregate,candidate:th04_maine_master.asm,ghidra+map-public,,,,true,1,2,0,target-unpacked-ghidra+candidate-map,
th04-maine-boundary-0085c,th04-maine,mz-load-module,0x85C,0x1085C,0x85C,0x1F,0x1F,corroborated,library,exclude,excluded,EGC_OFF,EGC_OFF,th04_maine_master.asm,_TEXT,master-library-aggregate,candidate:th04_maine_master.asm,ghidra+map-public,,,,true,1,5,0,target-unpacked-ghidra+candidate-map,
th04-maine-boundary-0087c,th04-maine,mz-load-module,0x87C,0x1087C,0x87C,0x2B,0x2B,corroborated,library,exclude,excluded,EGC_START,EGC_START;EGC_END,th04_maine_master.asm,_TEXT,master-library-aggregate,candidate:th04_maine_master.asm,ghidra+map-public,,,,true,1,2,2,target-unpacked-ghidra+candidate-map,
th04-maine-boundary-008a8,th04-maine,mz-load-module,0x8A8,0x108A8,0x8A8,0x54,0x54,corroborated,library,exclude,excluded,FILE_APPEND,FILE_APPEND,th04_maine_master.asm,_TEXT,master-library-aggregate,candidate:th04_maine_master.asm,ghidra+map-public,,,,true,1,1,1,target-unpacked-ghidra+candidate-map,
th04-maine-boundary-008fc,th04-maine,mz-load-module,0x8FC,0x108FC,0x8FC,0x6B,0x6B,corroborated,library,exclude,excluded,FILE_FLUSH,FILE_FLUSH,th04_maine_master.asm,_TEXT,master-library-aggregate,candidate:th04_maine_master.asm,ghidra+map-public,,,,true,1,2,0,target-unpacked-ghidra+candidate-map,
th04-maine-boundary-00968,th04-maine,mz-load-module,0x968,0x10968,0x968,0xF,0xF,corroborated,library,exclude,excluded,FILE_CLOSE,FILE_CLOSE,th04_maine_master.asm,_TEXT,master-library-aggregate,candidate:th04_maine_master.asm,ghidra+map-public,,,,true,1,8,1,target-unpacked-ghidra+candidate-map,
th04-maine-boundary-00978,th04-maine,mz-load-module,0x978,0x10978,0x978,0x40,0x40,corroborated,library,exclude,excluded,FILE_CREATE,FILE_CREATE,th04_maine_master.asm,_TEXT,master-library-aggregate,candidate:th04_maine_master.asm,ghidra+map-public,,,,true,1,1,1,target-unpacked-ghidra+candidate-map,
th04-maine-boundary-009b8,th04-maine,mz-load-module,0x9B8,0x109B8,0x9B8,0x1C,0x1C,corroborated,library,exclude,excluded,FILE_EXIST,FILE_EXIST,th04_maine_master.asm,_TEXT,master-library-aggregate,candidate:th04_maine_master.asm,ghidra+map-public,,,,true,1,1,1,target-unpacked-ghidra+candidate-map,
th04-maine-boundary-009d4,th04-maine,mz-load-module,0x9D4,0x109D4,0x9D4,0xB3,0xB4,provisional,library,exclude,excluded,FILE_READ,FILE_READ,th04_maine_master.asm,_TEXT,master-library-aggregate,candidate:th04_maine_master.asm,ghidra+map-public,,,,false,2,8,0,target-unpacked-ghidra+candidate-map,Ghidra body is noncontiguous and requires control-flow reconciliation.
th04-maine-boundary-00a88,th04-maine,mz-load-module,0xA88,0x10A88,0xA88,0x3B,0x3B,corroborated,library,exclude,excluded,FILE_ROPEN,FILE_ROPEN,th04_maine_master.asm,_TEXT,master-library-aggregate,candidate:th04_maine_master.asm,ghidra+map-public,,,,true,1,6,1,target-unpacked-ghidra+candidate-map,
th04-maine-boundary-00ac4,th04-maine,mz-load-module,0xAC4,0x10AC4,0xAC4,0x34,0x34,corroborated,library,exclude,excluded,FILE_SEEK,FILE_SEEK,th04_maine_master.asm,_TEXT,master-library-aggregate,candidate:th04_maine_master.asm,ghidra+map-public,,,,true,1,5,1,target-unpacked-ghidra+candidate-map,
th04-maine-boundary-00af8,th04-maine,mz-load-module,0xAF8,0x10AF8,0xAF8,0x0,0x0,provisional,library,exclude,excluded,FILE_TELL,FILE_TELL,th04_maine_master.asm,_TEXT,master-library-aggregate,candidate:th04_maine_master.asm,map-public,,,,,,,,target-unpacked-ghidra+candidate-map,TLINK public has no corresponding Ghidra function entry.
th04-maine-boundary-00b06,th04-maine,mz-load-module,0xB06,0x10B06,0xB06,0xE,0xE,corroborated,library,exclude,excluded,FILE_SIZE,FILE_SIZE,th04_maine_master.asm,_TEXT,master-library-aggregate,candidate:th04_maine_master.asm,ghidra+map-public,,,,true,1,1,1,target-unpacked-ghidra+candidate-map,
th04-maine-boundary-00b14,th04-maine,mz-load-module,0xB14,0x10B14,0xB14,0xA5,0xA6,provisional,library,exclude,excluded,FILE_WRITE,FILE_WRITE,th04_maine_master.asm,_TEXT,master-library-aggregate,candidate:th04_maine_master.asm,ghidra+map-public,,,,false,2,2,0,target-unpacked-ghidra+candidate-map,Ghidra body is noncontiguous and requires control-flow reconciliation.
th04-maine-boundary-00bba,th04-maine,mz-load-module,0xBBA,0x10BBA,0xBBA,0x15,0x15,corroborated,library,exclude,excluded,FONTFILE_CLOSE,FONTFILE_CLOSE;DOS_CLOSE,th04_maine_master.asm,_TEXT,master-library-aggregate,candidate:th04_maine_master.asm,ghidra+map-public,,,,true,1,2,0,target-unpacked-ghidra+candidate-map,
th04-maine-boundary-00bd0,th04-maine,mz-load-module,0xBD0,0x10BD0,0xBD0,0x1A,0x1A,corroborated,library,exclude,excluded,DOS_ROPEN,DOS_ROPEN;FONTFILE_OPEN,th04_maine_master.asm,_TEXT,master-library-aggregate,candidate:th04_maine_master.asm,ghidra+map-public,,,,true,1,7,0,target-unpacked-ghidra+candidate-map,
th04-maine-boundary-00bea,th04-maine,mz-load-module,0xBEA,0x10BEA,0xBEA,0x0,0x0,provisional,library,exclude,excluded,GRCG_BYTEBOXFILL_X,GRCG_BYTEBOXFILL_X,th04_maine_master.asm,_TEXT,master-library-aggregate,candidate:th04_maine_master.asm,map-public,,,,,,,,target-unpacked-ghidra+candidate-map,TLINK public has no corresponding Ghidra function entry.
th04-maine-boundary-00c82,th04-maine,mz-load-module,0xC82,0x10C82,0xC82,0x29,0x29,corroborated,library,exclude,excluded,GRCG_SETCOLOR,GRCG_SETCOLOR,th04_maine_master.asm,_TEXT,master-library-aggregate,candidate:th04_maine_master.asm,ghidra+map-public,,,,true,1,3,0,target-unpacked-ghidra+candidate-map,
th04-maine-boundary-00cac,th04-maine,mz-load-module,0xCAC,0x10CAC,0xCAC,0x0,0x0,provisional,library,exclude,excluded,GRCG_OFF,GRCG_OFF,th04_maine_master.asm,_TEXT,master-library-aggregate,candidate:th04_maine_master.asm,map-public,,,,,,,,target-unpacked-ghidra+candidate-map,TLINK public has no corresponding Ghidra function entry.
th04-maine-boundary-00cb2,th04-maine,mz-load-module,0xCB2,0x10CB2,0xCB2,0xB,0xB,corroborated,library,exclude,excluded,gdc_outpw,gdc_outpw,th04_maine_master.asm,_TEXT,master-library-aggregate,candidate:th04_maine_master.asm,ghidra+map-public,,,,true,1,1,0,target-unpacked-ghidra+candidate-map,
th04-maine-boundary-00cbe,th04-maine,mz-load-module,0xCBE,0x10CBE,0xCBE,0x7D,0x7D,corroborated,library,exclude,excluded,GET_MACHINE_98,GET_MACHINE_98,th04_maine_master.asm,_TEXT,master-library-aggregate,candidate:th04_maine_master.asm,ghidra+map-public,,,,true,1,1,2,target-unpacked-ghidra+candidate-map,
th04-maine-boundary-00d3c,th04-maine,mz-load-module,0xD3C,0x10D3C,0xD3C,0x155,0x155,corroborated,library,exclude,excluded,GET_MACHINE_AT,GET_MACHINE_AT,th04_maine_master.asm,_TEXT,master-library-aggregate,candidate:th04_maine_master.asm,ghidra+map-public,,,,true,1,1,2,target-unpacked-ghidra+candidate-map,
th04-maine-boundary-00e92,th04-maine,mz-load-module,0xE92,0x10E92,0xE92,0x31,0x31,corroborated,library,exclude,excluded,GET_MACHINE_DOSBOX,GET_MACHINE_DOSBOX,th04_maine_master.asm,_TEXT,master-library-aggregate,candidate:th04_maine_master.asm,ghidra+map-public,,,,true,1,2,0,target-unpacked-ghidra+candidate-map,
th04-maine-boundary-00ec4,th04-maine,mz-load-module,0xEC4,0x10EC4,0xEC4,0xE,0xE,corroborated,library,exclude,excluded,CHECK_MACHINE_FMR,CHECK_MACHINE_FMR,th04_maine_master.asm,_TEXT,master-library-aggregate,candidate:th04_maine_master.asm,ghidra+map-public,,,,true,1,3,0,target-unpacked-ghidra+candidate-map,
th04-maine-boundary-00ed2,th04-maine,mz-load-module,0xED2,0x10ED2,0xED2,0x1B,0x1B,corroborated,library,exclude,excluded,GET_MACHINE,GET_MACHINE,th04_maine_master.asm,_TEXT,master-library-aggregate,candidate:th04_maine_master.asm,ghidra+map-public,,,,true,1,1,3,target-unpacked-ghidra+candidate-map,
th04-maine-boundary-00eee,th04-maine,mz-load-module,0xEEE,0x10EEE,0xEEE,0x24,0x24,corroborated,library,exclude,excluded,GAIJI_BACKUP,GAIJI_BACKUP,th04_maine_master.asm,_TEXT,master-library-aggregate,candidate:th04_maine_master.asm,ghidra+map-public,,,,true,1,1,2,target-unpacked-ghidra+candidate-map,
th04-maine-boundary-00f12,th04-maine,mz-load-module,0xF12,0x10F12,0xF12,0x1C,0x1C,corroborated,library,exclude,excluded,GAIJI_RESTORE,GAIJI_RESTORE,th04_maine_master.asm,_TEXT,master-library-aggregate,candidate:th04_maine_master.asm,ghidra+map-public,,,,true,1,1,2,target-unpacked-ghidra+candidate-map,
th04-maine-boundary-00f2e,th04-maine,mz-load-module,0xF2E,0x10F2E,0xF2E,0x96,0x96,corroborated,library,exclude,excluded,GAIJI_ENTRY_BFNT,GAIJI_ENTRY_BFNT,th04_maine_master.asm,_TEXT,master-library-aggregate,candidate:th04_maine_master.asm,ghidra+map-public,,,,true,1,1,6,target-unpacked-ghidra+candidate-map,
th04-maine-boundary-00fc4,th04-maine,mz-load-module,0xFC4,0x10FC4,0xFC4,0x43,0x43,corroborated,library,exclude,excluded,GAIJI_PUTCA,GAIJI_PUTCA,th04_maine_master.asm,_TEXT,master-library-aggregate,candidate:th04_maine_master.asm,ghidra+map-public,,,,true,1,3,0,target-unpacked-ghidra+candidate-map,
th04-maine-boundary-01000,th04-maine,mz-load-module,0x1000,0x11000,0x1000,0x0,0x0,provisional,library,exclude,excluded,__AHINCR,__AHINCR,th04_maine_master.asm,_TEXT,master-library-aggregate,candidate:th04_maine_master.asm,map-public,,,,,,,,target-unpacked-ghidra+candidate-map,TLINK public has no corresponding Ghidra function entry.
th04-maine-boundary-01008,th04-maine,mz-load-module,0x1008,0x11008,0x1008,0x56,0x56,corroborated,library,exclude,excluded,GAIJI_PUTSA,GAIJI_PUTSA,th04_maine_master.asm,_TEXT,master-library-aggregate,candidate:th04_maine_master.asm,ghidra+map-public,,,,true,1,2,0,target-unpacked-ghidra+candidate-map,
th04-maine-boundary-0105e,th04-maine,mz-load-module,0x105E,0x1105E,0x105E,0x21,0x21,provisional,library,exclude,excluded,FUN_1000_105e,,th04_maine_master.asm,_TEXT,master-library-aggregate,candidate:th04_maine_master.asm,ghidra,,,,true,1,1,0,target-unpacked-ghidra+candidate-map,Ghidra-only boundary has no TLINK public or TASM PROC at its entry.
th04-maine-boundary-01080,th04-maine,mz-load-module,0x1080,0x11080,0x1080,0x0,0x0,provisional,library,exclude,excluded,GAIJI_READ,GAIJI_READ,th04_maine_master.asm,_TEXT,master-library-aggregate,candidate:th04_maine_master.asm,map-public,,,,,,,,target-unpacked-ghidra+candidate-map,TLINK public has no corresponding Ghidra function entry.
th04-maine-boundary-010a6,th04-maine,mz-load-module,0x10A6,0x110A6,0x10A6,0x24,0x24,corroborated,library,exclude,excluded,GAIJI_READ_ALL,GAIJI_READ_ALL,th04_maine_master.asm,_TEXT,master-library-aggregate,candidate:th04_maine_master.asm,ghidra+map-public,,,,true,1,1,1,target-unpacked-ghidra+candidate-map,
th04-maine-boundary-010ca,th04-maine,mz-load-module,0x10CA,0x110CA,0x10CA,0x21,0x21,provisional,library,exclude,excluded,FUN_1000_10ca,,th04_maine_master.asm,_TEXT,master-library-aggregate,candidate:th04_maine_master.asm,ghidra,,,,true,1,1,0,target-unpacked-ghidra+candidate-map,Ghidra-only boundary has no TLINK public or TASM PROC at its entry.
th04-maine-boundary-010ec,th04-maine,mz-load-module,0x10EC,0x110EC,0x10EC,0x0,0x0,provisional,library,exclude,excluded,GAIJI_WRITE,GAIJI_WRITE,th04_maine_master.asm,_TEXT,master-library-aggregate,candidate:th04_maine_master.asm,map-public,,,,,,,,target-unpacked-ghidra+candidate-map,TLINK public has no corresponding Ghidra function entry.
th04-maine-boundary-01114,th04-maine,mz-load-module,0x1114,0x11114,0x1114,0x26,0x26,corroborated,library,exclude,excluded,GAIJI_WRITE_ALL,GAIJI_WRITE_ALL,th04_maine_master.asm,_TEXT,master-library-aggregate,candidate:th04_maine_master.asm,ghidra+map-public,,,,true,1,2,1,target-unpacked-ghidra+candidate-map,
th04-maine-boundary-0113a,th04-maine,mz-load-module,0x113A,0x1113A,0x113A,0x4D,0x4D,corroborated,library,exclude,excluded,GRAPH_400LINE,GRAPH_400LINE,th04_maine_master.asm,_TEXT,master-library-aggregate,candidate:th04_maine_master.asm,ghidra+map-public,,,,true,1,1,0,target-unpacked-ghidra+candidate-map,
th04-maine-boundary-01188,th04-maine,mz-load-module,0x1188,0x11188,0x1188,0x23,0x23,corroborated,library,exclude,excluded,GRAPH_CLEAR,GRAPH_CLEAR,th04_maine_master.asm,_TEXT,master-library-aggregate,candidate:th04_maine_master.asm,ghidra+map-public,,,,true,1,1,0,target-unpacked-ghidra+candidate-map,
th04-maine-boundary-011ac,th04-maine,mz-load-module,0x11AC,0x111AC,0x11AC,0x15,0x15,provisional,library,exclude,excluded,FUN_1000_11ac,,th04_maine_master.asm,_TEXT,master-library-aggregate,candidate:th04_maine_master.asm,ghidra,,,,true,1,1,0,target-unpacked-ghidra+candidate-map,Ghidra-only boundary has no TLINK public or TASM PROC at its entry.
th04-maine-boundary-011c2,th04-maine,mz-load-module,0x11C2,0x111C2,0x11C2,0x55,0x55,corroborated,library,exclude,excluded,GRAPH_COPY_PAGE,GRAPH_COPY_PAGE,th04_maine_master.asm,_TEXT,master-library-aggregate,candidate:th04_maine_master.asm,ghidra+map-public,,,,true,1,7,3,target-unpacked-ghidra+candidate-map,
th04-maine-boundary-01218,th04-maine,mz-load-module,0x1218,0x11218,0x1218,0x56,0x56,corroborated,library,exclude,excluded,GRAPH_EXTMODE,GRAPH_EXTMODE,th04_maine_master.asm,_TEXT,master-library-aggregate,candidate:th04_maine_master.asm,ghidra+map-public,,,,true,1,1,0,target-unpacked-ghidra+candidate-map,
th04-maine-boundary-0126e,th04-maine,mz-load-module,0x126E,0x1126E,0x126E,0x5,0x5,corroborated,library,exclude,excluded,GRAPH_HIDE,GRAPH_HIDE,th04_maine_master.asm,_TEXT,master-library-aggregate,candidate:th04_maine_master.asm,ghidra+map-public,,,,true,1,1,0,target-unpacked-ghidra+candidate-map,
th04-maine-boundary-01274,th04-maine,mz-load-module,0x1274,0x11274,0x1274,0x4C,0x4C,corroborated,library,exclude,excluded,GRAPH_PI_FREE,GRAPH_PI_FREE,th04_maine_master.asm,_TEXT,master-library-aggregate,candidate:th04_maine_master.asm,ghidra+map-public,,,,true,1,5,1,target-unpacked-ghidra+candidate-map,
th04-maine-boundary-012c0,th04-maine,mz-load-module,0x12C0,0x112C0,0x12C0,0xB,0xB,provisional,library,exclude,excluded,FUN_1000_12c0,,th04_maine_master.asm,_TEXT,master-library-aggregate,candidate:th04_maine_master.asm,ghidra,,,,true,1,1,0,target-unpacked-ghidra+candidate-map,Ghidra-only boundary has no TLINK public or TASM PROC at its entry.
th04-maine-boundary-012cc,th04-maine,mz-load-module,0x12CC,0x112CC,0x12CC,0x4B8,0x4BB,provisional,library,exclude,excluded,GRAPH_PI_LOAD_PACK,GRAPH_PI_LOAD_PACK,th04_maine_master.asm,_TEXT,master-library-aggregate,candidate:th04_maine_master.asm,ghidra+map-public,,,,false,4,1,8,target-unpacked-ghidra+candidate-map,Ghidra body is noncontiguous and requires control-flow reconciliation.
th04-maine-boundary-01788,th04-maine,mz-load-module,0x1788,0x11788,0x1788,0xED,0xEE,provisional,library,exclude,excluded,FUN_1000_1788,,th04_maine_master.asm,_TEXT,master-library-aggregate,candidate:th04_maine_master.asm,ghidra,,,,false,2,1,1,target-unpacked-ghidra+candidate-map,Ghidra-only boundary has no TLINK public or TASM PROC at its entry.
th04-maine-boundary-01876,th04-maine,mz-load-module,0x1876,0x11876,0x1876,0x2C,0x2C,provisional,library,exclude,excluded,FUN_1000_1876,,th04_maine_master.asm,_TEXT,master-library-aggregate,candidate:th04_maine_master.asm,ghidra,,,,true,1,1,1,target-unpacked-ghidra+candidate-map,Ghidra-only boundary has no TLINK public or TASM PROC at its entry.
th04-maine-boundary-018a2,th04-maine,mz-load-module,0x18A2,0x118A2,0x18A2,0x12,0x12,provisional,library,exclude,excluded,FUN_1000_18a2,,th04_maine_master.asm,_TEXT,master-library-aggregate,candidate:th04_maine_master.asm,ghidra,,,,true,1,3,0,target-unpacked-ghidra+candidate-map,Ghidra-only boundary has no TLINK public or TASM PROC at its entry.
th04-maine-boundary-018ba,th04-maine,mz-load-module,0x18BA,0x118BA,0x18BA,0xD4,0xD4,provisional,library,exclude,excluded,GRAPH_PACK_PUT_8,GRAPH_PACK_PUT_8,th04_maine_master.asm,_TEXT,master-library-aggregate,candidate:th04_maine_master.asm,ghidra+map-public,,,,true,1,2,0,target-unpacked-ghidra+candidate-map,Ghidra body crosses its corroborating ownership region.
th04-maine-boundary-01988,th04-maine,mz-load-module,0x1988,0x11988,0x1988,0x58,0x58,corroborated,library,exclude,excluded,GRAPH_SCROLLUP,GRAPH_SCROLLUP,th04_maine_master.asm,_TEXT,master-library-aggregate,candidate:th04_maine_master.asm,ghidra+map-public,,,,true,1,0,1,target-unpacked-ghidra+candidate-map,
th04-maine-boundary-019e0,th04-maine,mz-load-module,0x19E0,0x119E0,0x19E0,0x5,0x5,corroborated,library,exclude,excluded,GRAPH_SHOW,GRAPH_SHOW,th04_maine_master.asm,_TEXT,master-library-aggregate,candidate:th04_maine_master.asm,ghidra+map-public,,,,true,1,1,0,target-unpacked-ghidra+candidate-map,
th04-maine-boundary-019e6,th04-maine,mz-load-module,0x19E6,0x119E6,0x19E6,0x6,0x6,corroborated,library,exclude,excluded,JS_END,JS_END,th04_maine_master.asm,_TEXT,master-library-aggregate,candidate:th04_maine_master.asm,ghidra+map-public,,,,true,1,1,1,target-unpacked-ghidra+candidate-map,
th04-maine-boundary-019ec,th04-maine,mz-load-module,0x19EC,0x119EC,0x19EC,0x109,0x10A,provisional,library,exclude,excluded,PALETTE_SHOW,PALETTE_SHOW,th04_maine_master.asm,_TEXT,master-library-aggregate,candidate:th04_maine_master.asm,ghidra+map-public,,,,false,2,7,0,target-unpacked-ghidra+candidate-map,Ghidra body is noncontiguous and requires control-flow reconciliation.
th04-maine-boundary-01af6,th04-maine,mz-load-module,0x1AF6,0x11AF6,0x1AF6,0x1A,0x1A,corroborated,library,exclude,excluded,PFCLOSE,PFCLOSE,th04_maine_master.asm,_TEXT,master-library-aggregate,candidate:th04_maine_master.asm,ghidra+map-public,,,,true,1,1,2,target-unpacked-ghidra+candidate-map,
th04-maine-boundary-01b10,th04-maine,mz-load-module,0x1B10,0x11B10,0x1B10,0xF,0xF,corroborated,library,exclude,excluded,PFGETC,PFGETC,th04_maine_master.asm,_TEXT,master-library-aggregate,candidate:th04_maine_master.asm,ghidra+map-public,,,,true,1,0,0,target-unpacked-ghidra+candidate-map,
th04-maine-boundary-01b20,th04-maine,mz-load-module,0x1B20,0x11B20,0x1B20,0x0,0x0,provisional,library,exclude,excluded,PFGETC1,PFGETC1,th04_maine_master.asm,_TEXT,master-library-aggregate,candidate:th04_maine_master.asm,map-public,,,,,,,,target-unpacked-ghidra+candidate-map,TLINK public has no corresponding Ghidra function entry.
th04-maine-boundary-01b6e,th04-maine,mz-load-module,0x1B6E,0x11B6E,0x1B6E,0x0,0x0,provisional,library,exclude,excluded,PFGETX0,PFGETX0,th04_maine_master.asm,_TEXT,master-library-aggregate,candidate:th04_maine_master.asm,map-public,,,,,,,,target-unpacked-ghidra+candidate-map,TLINK public has no corresponding Ghidra function entry.
th04-maine-boundary-01bb2,th04-maine,mz-load-module,0x1BB2,0x11BB2,0x1BB2,0x0,0x0,provisional,library,exclude,excluded,PFGETX1,PFGETX1,th04_maine_master.asm,_TEXT,master-library-aggregate,candidate:th04_maine_master.asm,map-public,,,,,,,,target-unpacked-ghidra+candidate-map,TLINK public has no corresponding Ghidra function entry.
th04-maine-boundary-01bc0,th04-maine,mz-load-module,0x1BC0,0x11BC0,0x1BC0,0x0,0x0,provisional,library,exclude,excluded,PFREAD,PFREAD,th04_maine_master.asm,_TEXT,master-library-aggregate,candidate:th04_maine_master.asm,map-public,,,,,,,,target-unpacked-ghidra+candidate-map,TLINK public has no corresponding Ghidra function entry.
th04-maine-boundary-01bee,th04-maine,mz-load-module,0x1BEE,0x11BEE,0x1BEE,0x3B,0x3B,corroborated,library,exclude,excluded,PFREWIND,PFREWIND,th04_maine_master.asm,_TEXT,master-library-aggregate,candidate:th04_maine_master.asm,ghidra+map-public,,,,true,1,0,1,target-unpacked-ghidra+candidate-map,
th04-maine-boundary-01c2a,th04-maine,mz-load-module,0x1C2A,0x11C2A,0x1C2A,0x30,0x30,corroborated,library,exclude,excluded,PFSEEK,PFSEEK,th04_maine_master.asm,_TEXT,master-library-aggregate,candidate:th04_maine_master.asm,ghidra+map-public,,,,true,1,0,0,target-unpacked-ghidra+candidate-map,
th04-maine-boundary-01c5a,th04-maine,mz-load-module,0x1C5A,0x11C5A,0x1C5A,0x2A,0x2A,corroborated,library,exclude,excluded,IRAND,IRAND,th04_maine_master.asm,_TEXT,master-library-aggregate,candidate:th04_maine_master.asm,ghidra+map-public,,,,true,1,2,0,target-unpacked-ghidra+candidate-map,
th04-maine-boundary-01c84,th04-maine,mz-load-module,0x1C84,0x11C84,0x1C84,0x0,0x0,provisional,library,exclude,excluded,RotTbl,RotTbl,th04_maine_master.asm,_TEXT,master-library-aggregate,candidate:th04_maine_master.asm,map-public,,,,,,,,target-unpacked-ghidra+candidate-map,TLINK public has no corresponding Ghidra function entry.
th04-maine-boundary-02084,th04-maine,mz-load-module,0x2084,0x12084,0x2084,0xF,0xF,corroborated,library,exclude,excluded,SMEM_RELEASE,SMEM_RELEASE,th04_maine_master.asm,_TEXT,master-library-aggregate,candidate:th04_maine_master.asm,ghidra+map-public,,,,true,1,7,0,target-unpacked-ghidra+candidate-map,
th04-maine-boundary-0209a,th04-maine,mz-load-module,0x209A,0x1209A,0x209A,0x3B,0x3B,provisional,library,exclude,excluded,SMEM_WGET,SMEM_WGET,th04_maine_master.asm,_TEXT,master-library-aggregate,candidate:th04_maine_master.asm,ghidra+map-public,,,,true,1,6,1,target-unpacked-ghidra+candidate-map,Ghidra body crosses its corroborating ownership region.
th04-maine-boundary-020d0,th04-maine,mz-load-module,0x20D0,0x120D0,0x20D0,0x16,0x16,provisional,library,exclude,excluded,FUN_1000_20d0,,th04_maine_master.asm,_TEXT,master-library-aggregate,candidate:th04_maine_master.asm,ghidra,,,,true,1,2,0,target-unpacked-ghidra+candidate-map,Ghidra-only boundary has no TLINK public or TASM PROC at its entry.
th04-maine-boundary-020e6,th04-maine,mz-load-module,0x20E6,0x120E6,0x20E6,0x14,0x14,provisional,library,exclude,excluded,FUN_1000_20e6,,th04_maine_master.asm,_TEXT,master-library-aggregate,candidate:th04_maine_master.asm,ghidra,,,,true,1,1,0,target-unpacked-ghidra+candidate-map,Ghidra-only boundary has no TLINK public or TASM PROC at its entry.
th04-maine-boundary-020fa,th04-maine,mz-load-module,0x20FA,0x120FA,0x20FA,0x11,0x11,corroborated,library,exclude,excluded,TEXT_CLEAR,TEXT_CLEAR,th04_maine_master.asm,_TEXT,master-library-aggregate,candidate:th04_maine_master.asm,ghidra+map-public,,,,true,1,3,0,target-unpacked-ghidra+candidate-map,
th04-maine-boundary-02110,th04-maine,mz-load-module,0x2110,0x12110,0x2110,0x6A,0x6A,corroborated,library,exclude,excluded,VSYNC_START,VSYNC_START,th04_maine_master.asm,_TEXT,master-library-aggregate,candidate:th04_maine_master.asm,ghidra+map-public,,,,true,1,1,2,target-unpacked-ghidra+candidate-map,
th04-maine-boundary-021be,th04-maine,mz-load-module,0x21BE,0x121BE,0x21BE,0x47,0x47,corroborated,library,exclude,excluded,VSYNC_LEAVE,VSYNC_LEAVE;VSYNC_END,th04_maine_master.asm,_TEXT,master-library-aggregate,candidate:th04_maine_master.asm,ghidra+map-public,,,,true,1,1,1,target-unpacked-ghidra+candidate-map,
th04-maine-boundary-02206,th04-maine,mz-load-module,0x2206,0x12206,0x2206,0x26,0x26,corroborated,library,exclude,excluded,VSYNC_WAIT,VSYNC_WAIT,th04_maine_master.asm,_TEXT,master-library-aggregate,candidate:th04_maine_master.asm,ghidra+map-public,,,,true,1,2,0,target-unpacked-ghidra+candidate-map,
th04-maine-boundary-0222c,th04-maine,mz-load-module,0x222C,0x1222C,0x222C,0x0,0x0,provisional,library,exclude,excluded,PALETTE_WHITE_IN,PALETTE_WHITE_IN,th04_maine_master.asm,_TEXT,master-library-aggregate,candidate:th04_maine_master.asm,map-public,,,,,,,,target-unpacked-ghidra+candidate-map,TLINK public has no corresponding Ghidra function entry.
th04-maine-boundary-0226c,th04-maine,mz-load-module,0x226C,0x1226C,0x226C,0x0,0x0,provisional,library,exclude,excluded,PALETTE_WHITE_OUT,PALETTE_WHITE_OUT,th04_maine_master.asm,_TEXT,master-library-aggregate,candidate:th04_maine_master.asm,map-public,,,,,,,,target-unpacked-ghidra+candidate-map,TLINK public has no corresponding Ghidra function entry.
th04-maine-boundary-022ac,th04-maine,mz-load-module,0x22AC,0x122AC,0x22AC,0x34,0x34,corroborated,library,exclude,excluded,HMEM_LALLOCATE,HMEM_LALLOCATE,th04_maine_master.asm,_TEXT,master-library-aggregate,candidate:th04_maine_master.asm,ghidra+map-public,,,,true,1,1,1,target-unpacked-ghidra+candidate-map,
th04-maine-boundary-022e0,th04-maine,mz-load-module,0x22E0,0x122E0,0x22E0,0x21,0x21,corroborated,library,exclude,excluded,MEM_ASSIGN_DOS,MEM_ASSIGN_DOS,th04_maine_master.asm,_TEXT,master-library-aggregate,candidate:th04_maine_master.asm,ghidra+map-public,,,,true,1,1,1,target-unpacked-ghidra+candidate-map,
th04-maine-boundary-02302,th04-maine,mz-load-module,0x2302,0x12302,0x2302,0x26,0x26,corroborated,library,exclude,excluded,MEM_ASSIGN,MEM_ASSIGN,th04_maine_master.asm,_TEXT,master-library-aggregate,candidate:th04_maine_master.asm,ghidra+map-public,,,,true,1,2,0,target-unpacked-ghidra+candidate-map,
th04-maine-boundary-02328,th04-maine,mz-load-module,0x2328,0x12328,0x2328,0x27,0x27,corroborated,library,exclude,excluded,MEM_ASSIGN_ALL,MEM_ASSIGN_ALL,th04_maine_master.asm,_TEXT,master-library-aggregate,candidate:th04_maine_master.asm,ghidra+map-public,,,,true,1,2,1,target-unpacked-ghidra+candidate-map,
th04-maine-boundary-02350,th04-maine,mz-load-module,0x2350,0x12350,0x2350,0x14,0x14,corroborated,library,exclude,excluded,HMEM_ALLOCBYTE,HMEM_ALLOCBYTE,th04_maine_master.asm,_TEXT,master-library-aggregate,candidate:th04_maine_master.asm,ghidra+map-public,,,,true,1,8,0,target-unpacked-ghidra+candidate-map,
th04-maine-boundary-02364,th04-maine,mz-load-module,0x2364,0x12364,0x2364,0xF0,0xF0,corroborated,library,exclude,excluded,HMEM_ALLOC,HMEM_ALLOC,th04_maine_master.asm,_TEXT,master-library-aggregate,candidate:th04_maine_master.asm,ghidra+map-public,,,,true,1,3,1,target-unpacked-ghidra+candidate-map,
th04-maine-boundary-02454,th04-maine,mz-load-module,0x2454,0x12454,0x2454,0xA7,0xA8,provisional,library,exclude,excluded,HMEM_FREE,HMEM_FREE,th04_maine_master.asm,_TEXT,master-library-aggregate,candidate:th04_maine_master.asm,ghidra+map-public,,,,false,2,17,0,target-unpacked-ghidra+candidate-map,Ghidra body is noncontiguous and requires control-flow reconciliation.
th04-maine-boundary-024fc,th04-maine,mz-load-module,0x24FC,0x124FC,0x24FC,0x1F,0x1F,corroborated,library,exclude,excluded,MEM_UNASSIGN,MEM_UNASSIGN,th04_maine_master.asm,_TEXT,master-library-aggregate,candidate:th04_maine_master.asm,ghidra+map-public,,,,true,1,1,0,target-unpacked-ghidra+candidate-map,
th04-maine-boundary-02520,th04-maine,mz-load-module,0x2520,0x12520,0x2520,0x30,0x30,corroborated,library,exclude,excluded,SUPER_FREE,SUPER_FREE,th04_maine_master.asm,_TEXT,master-library-aggregate,candidate:th04_maine_master.asm,ghidra+map-public,,,,true,1,1,2,target-unpacked-ghidra+candidate-map,
th04-maine-boundary-02564,th04-maine,mz-load-module,0x2564,0x12564,0x2564,0xBD,0xBF,provisional,library,exclude,excluded,SUPER_ENTRY_PAT,SUPER_ENTRY_PAT,th04_maine_master.asm,_TEXT,master-library-aggregate,candidate:th04_maine_master.asm,ghidra+map-public,,,,false,3,1,3,target-unpacked-ghidra+candidate-map,Ghidra body is noncontiguous and requires control-flow reconciliation.
th04-maine-boundary-02610,th04-maine,mz-load-module,0x2610,0x12610,0x2610,0x74,0x74,corroborated,library,exclude,excluded,SUPER_ENTRY_AT,SUPER_ENTRY_AT,th04_maine_master.asm,_TEXT,master-library-aggregate,candidate:th04_maine_master.asm,ghidra+map-public,,,,true,1,1,2,target-unpacked-ghidra+candidate-map,
th04-maine-boundary-02684,th04-maine,mz-load-module,0x2684,0x12684,0x2684,0x89,0x89,corroborated,library,exclude,excluded,SUPER_ENTRY_BFNT,SUPER_ENTRY_BFNT,th04_maine_master.asm,_TEXT,master-library-aggregate,candidate:th04_maine_master.asm,ghidra+map-public,,,,true,1,1,6,target-unpacked-ghidra+candidate-map,
th04-maine-boundary-0270e,th04-maine,mz-load-module,0x270E,0x1270E,0x270E,0x4E,0x4F,provisional,library,exclude,excluded,SUPER_CANCEL_PAT,SUPER_CANCEL_PAT,th04_maine_master.asm,_TEXT,master-library-aggregate,candidate:th04_maine_master.asm,ghidra+map-public,,,,false,2,1,1,target-unpacked-ghidra+candidate-map,Ghidra body is noncontiguous and requires control-flow reconciliation.
th04-maine-boundary-0275e,th04-maine,mz-load-module,0x275E,0x1275E,0x275E,0xF0,0xF0,corroborated,library,exclude,excluded,SUPER_PUT,SUPER_PUT,th04_maine_master.asm,_TEXT,master-library-aggregate,candidate:th04_maine_master.asm,ghidra+map-public,,,,true,1,1,1,target-unpacked-ghidra+candidate-map,
th04-maine-boundary-0284e,th04-maine,mz-load-module,0x284E,0x1284E,0x284E,0x23,0x23,provisional,library,exclude,excluded,FUN_1000_284e,,th04_maine_master.asm,_TEXT,master-library-aggregate,candidate:th04_maine_master.asm,ghidra,,,,true,1,1,0,target-unpacked-ghidra+candidate-map,Ghidra-only boundary has no TLINK public or TASM PROC at its entry.
th04-maine-boundary-02908,th04-maine,mz-load-module,0x2908,0x12908,0x2908,0x8,0x8,provisional,library,exclude,excluded,FUN_1000_2908,,th04_maine_master.asm,_TEXT,master-library-aggregate,candidate:th04_maine_master.asm,ghidra,,,,true,1,1,1,target-unpacked-ghidra+candidate-map,Ghidra-only boundary has no TLINK public or TASM PROC at its entry.
th04-maine-boundary-02916,th04-maine,mz-load-module,0x2916,0x12916,0x2916,0xBC,0xBC,corroborated,library,exclude,excluded,PFSTART,PFSTART,th04_maine_master.asm,_TEXT,master-library-aggregate,candidate:th04_maine_master.asm,ghidra+map-public,,,,true,1,1,5,target-unpacked-ghidra+candidate-map,
th04-maine-boundary-029d2,th04-maine,mz-load-module,0x29D2,0x129D2,0x29D2,0x38,0x38,corroborated,library,exclude,excluded,PFEND,PFEND,th04_maine_master.asm,_TEXT,master-library-aggregate,candidate:th04_maine_master.asm,ghidra+map-public,,,,true,1,1,2,target-unpacked-ghidra+candidate-map,
th04-maine-boundary-02b6e,th04-maine,mz-load-module,0x2B6E,0x12B6E,0x2B6E,0x29,0x29,corroborated,library,exclude,excluded,JS_START,JS_START,th04_maine_master.asm,_TEXT,master-library-aggregate,candidate:th04_maine_master.asm,ghidra+map-public,,,,true,1,1,2,target-unpacked-ghidra+candidate-map,
th04-maine-boundary-02b98,th04-maine,mz-load-module,0x2B98,0x12B98,0x2B98,0x119,0x119,corroborated,library,exclude,excluded,PFOPEN,PFOPEN,th04_maine_master.asm,_TEXT,master-library-aggregate,candidate:th04_maine_master.asm,ghidra+map-public,,,,true,1,0,6,target-unpacked-ghidra+candidate-map,
th04-maine-boundary-02cb2,th04-maine,mz-load-module,0x2CB2,0x12CB2,0x2CB2,0x38,0x38,provisional,library,exclude,excluded,FUN_1000_2cb2,,th04_maine_master.asm,_TEXT,master-library-aggregate,candidate:th04_maine_master.asm,ghidra,,,,true,1,1,0,target-unpacked-ghidra+candidate-map,Ghidra-only boundary has no TLINK public or TASM PROC at its entry.
th04-maine-boundary-02cea,th04-maine,mz-load-module,0x2CEA,0x12CEA,0x2CEA,0x11,0x11,provisional,library,exclude,excluded,FUN_1000_2cea,,th04_maine_master.asm,_TEXT,master-library-aggregate,candidate:th04_maine_master.asm,ghidra,,,,true,1,1,1,target-unpacked-ghidra+candidate-map,Ghidra-only boundary has no TLINK public or TASM PROC at its entry.
th04-maine-boundary-02cfc,th04-maine,mz-load-module,0x2CFC,0x12CFC,0x2CFC,0xC,0xC,corroborated,library,exclude,excluded,JS_SENSE,JS_SENSE,th04_maine_master.asm,_TEXT,master-library-aggregate,candidate:th04_maine_master.asm,ghidra+map-public,,,,true,1,1,1,target-unpacked-ghidra+candidate-map,
th04-maine-boundary-02d12,th04-maine,mz-load-module,0x2D12,0x12D12,0x2D12,0x2F,0x2F,corroborated,library,exclude,excluded,_BGM_BELL_ORG,_BGM_BELL_ORG,th04_maine_master.asm,_TEXT,master-library-aggregate,candidate:th04_maine_master.asm,ghidra+map-public,,,,true,1,2,0,target-unpacked-ghidra+candidate-map,
th04-maine-boundary-02d42,th04-maine,mz-load-module,0x2D42,0x12D42,0x2D42,0x27,0x27,provisional,library,exclude,excluded,FUN_1000_2d42,,th04_maine_master.asm,_TEXT,master-library-aggregate,candidate:th04_maine_master.asm,ghidra,,,,true,1,1,0,target-unpacked-ghidra+candidate-map,Ghidra-only boundary has no TLINK public or TASM PROC at its entry.
th04-maine-boundary-02d6a,th04-maine,mz-load-module,0x2D6A,0x12D6A,0x2D6A,0x46D,0x8CCC,provisional,library,exclude,excluded,_BGM_MGET,_BGM_MGET,th04_maine_master.asm,_TEXT,master-library-aggregate,candidate:th04_maine_master.asm,ghidra+map-public,,,,false,10,1,9,target-unpacked-ghidra+candidate-map,Ghidra body is noncontiguous and requires control-flow reconciliation.
th04-maine-boundary-02e94,th04-maine,mz-load-module,0x2E94,0x12E94,0x2E94,0x140,0x140,corroborated,library,exclude,excluded,BGM_READ_SDATA,BGM_READ_SDATA,th04_maine_master.asm,_TEXT,master-library-aggregate,candidate:th04_maine_master.asm,ghidra+map-public,,,,true,1,1,6,target-unpacked-ghidra+candidate-map,
th04-maine-boundary-02fd4,th04-maine,mz-load-module,0x2FD4,0x12FD4,0x2FD4,0x44,0x44,corroborated,library,exclude,excluded,_BGM_TIMER_INIT,_BGM_TIMER_INIT,th04_maine_master.asm,_TEXT,master-library-aggregate,candidate:th04_maine_master.asm,ghidra+map-public,,,,true,1,1,2,target-unpacked-ghidra+candidate-map,
th04-maine-boundary-03018,th04-maine,mz-load-module,0x3018,0x13018,0x3018,0x29,0x29,corroborated,library,exclude,excluded,_BGM_TIMER_FINISH,_BGM_TIMER_FINISH,th04_maine_master.asm,_TEXT,master-library-aggregate,candidate:th04_maine_master.asm,ghidra+map-public,,,,true,1,1,2,target-unpacked-ghidra+candidate-map,
th04-maine-boundary-03042,th04-maine,mz-load-module,0x3042,0x13042,0x3042,0x3E,0x3E,corroborated,library,exclude,excluded,_BGM_PINIT,_BGM_PINIT,th04_maine_master.asm,_TEXT,master-library-aggregate,candidate:th04_maine_master.asm,ghidra+map-public,,,,true,1,1,0,target-unpacked-ghidra+candidate-map,
th04-maine-boundary-03080,th04-maine,mz-load-module,0x3080,0x13080,0x3080,0x0,0x0,provisional,library,exclude,excluded,_BGM_TIMERHOOK,_BGM_TIMERHOOK,th04_maine_master.asm,_TEXT,master-library-aggregate,candidate:th04_maine_master.asm,map-public,,,,,,,,target-unpacked-ghidra+candidate-map,TLINK public has no corresponding Ghidra function entry.
th04-maine-boundary-03130,th04-maine,mz-load-module,0x3130,0x13130,0x3130,0x66,0x67,provisional,library,exclude,excluded,FUN_1000_3130,,th04_maine_master.asm,_TEXT,master-library-aggregate,candidate:th04_maine_master.asm,ghidra,,,,false,2,1,0,target-unpacked-ghidra+candidate-map,Ghidra-only boundary has no TLINK public or TASM PROC at its entry.
th04-maine-boundary-03198,th04-maine,mz-load-module,0x3198,0x13198,0x3198,0x12B,0x12E,provisional,library,exclude,excluded,_BGM_PLAY,_BGM_PLAY,th04_maine_master.asm,_TEXT,master-library-aggregate,candidate:th04_maine_master.asm,ghidra+map-public,,,,false,4,0,3,target-unpacked-ghidra+candidate-map,Ghidra body is noncontiguous and requires control-flow reconciliation.
th04-maine-boundary-032c6,th04-maine,mz-load-module,0x32C6,0x132C6,0x32C6,0x0,0x0,provisional,library,exclude,excluded,BGM_SOUND,BGM_SOUND,th04_maine_master.asm,_TEXT,master-library-aggregate,candidate:th04_maine_master.asm,map-public,,,,,,,,target-unpacked-ghidra+candidate-map,TLINK public has no corresponding Ghidra function entry.
th04-maine-boundary-03310,th04-maine,mz-load-module,0x3310,0x13310,0x3310,0x0,0x0,provisional,library,exclude,excluded,_BGM_EFFECT_SOUND,_BGM_EFFECT_SOUND,th04_maine_master.asm,_TEXT,master-library-aggregate,candidate:th04_maine_master.asm,map-public,,,,,,,,target-unpacked-ghidra+candidate-map,TLINK public has no corresponding Ghidra function entry.
th04-maine-boundary-03388,th04-maine,mz-load-module,0x3388,0x13388,0x3388,0x19,0x1A,provisional,library,exclude,excluded,BGM_STOP_PLAY,BGM_STOP_PLAY,th04_maine_master.asm,_TEXT,master-library-aggregate,candidate:th04_maine_master.asm,ghidra+map-public,,,,false,2,1,1,target-unpacked-ghidra+candidate-map,Ghidra body is noncontiguous and requires control-flow reconciliation.
th04-maine-boundary-033a2,th04-maine,mz-load-module,0x33A2,0x133A2,0x33A2,0x2E,0x2E,corroborated,library,exclude,excluded,BGM_SET_TEMPO,BGM_SET_TEMPO,th04_maine_master.asm,_TEXT,master-library-aggregate,candidate:th04_maine_master.asm,ghidra+map-public,,,,true,1,2,0,target-unpacked-ghidra+candidate-map,
th04-maine-boundary-033d0,th04-maine,mz-load-module,0x33D0,0x133D0,0x33D0,0x1A2,0x1A3,provisional,library,exclude,excluded,BGM_INIT,BGM_INIT,th04_maine_master.asm,_TEXT,master-library-aggregate,candidate:th04_maine_master.asm,ghidra+map-public,,,,false,2,1,5,target-unpacked-ghidra+candidate-map,Ghidra body is noncontiguous and requires control-flow reconciliation.
th04-maine-boundary-03574,th04-maine,mz-load-module,0x3574,0x13574,0x3574,0x5D,0x5D,corroborated,library,exclude,excluded,BGM_FINISH,BGM_FINISH,th04_maine_master.asm,_TEXT,master-library-aggregate,candidate:th04_maine_master.asm,ghidra+map-public,,,,true,1,1,4,target-unpacked-ghidra+candidate-map,
th04-maine-boundary-035d2,th04-maine,mz-load-module,0x35D2,0x135D2,0x35D2,0x19,0x1A,provisional,library,exclude,excluded,BGM_STOP_SOUND,BGM_STOP_SOUND,th04_maine_master.asm,_TEXT,master-library-aggregate,candidate:th04_maine_master.asm,ghidra+map-public,,,,false,2,1,1,target-unpacked-ghidra+candidate-map,Ghidra body is noncontiguous and requires control-flow reconciliation.
th04-maine-boundary-035f2,th04-maine,mz-load-module,0x35F2,0x135F2,0x35F2,0xCA,0xCA,provisional,library,exclude,excluded,GRAPH_PACK_PUT_8_NOCLIP,GRAPH_PACK_PUT_8_NOCLIP,th04_maine_master.asm,_TEXT,master-library-aggregate,candidate:th04_maine_master.asm,ghidra+map-public,,,,true,1,1,0,target-unpacked-ghidra+candidate-map,Ghidra body crosses its corroborating ownership region.
th04-maine-boundary-036b6,th04-maine,mz-load-module,0x36B6,0x136B6,0x36B6,0xA9,0xA9,corroborated,library,exclude,excluded,GRAPH_GAIJI_PUTS,GRAPH_GAIJI_PUTS,th04_maine_master.asm,_TEXT,master-library-aggregate,candidate:th04_maine_master.asm,ghidra+map-public,,,,true,1,5,0,target-unpacked-ghidra+candidate-map,
th04-maine-boundary-03760,th04-maine,mz-load-module,0x3760,0x13760,0x3760,0x93,0x93,corroborated,library,exclude,excluded,GRAPH_GAIJI_PUTC,GRAPH_GAIJI_PUTC,th04_maine_master.asm,_TEXT,master-library-aggregate,candidate:th04_maine_master.asm,ghidra+map-public,,,,true,1,1,0,target-unpacked-ghidra+candidate-map,
th04-maine-boundary-037f4,th04-maine,mz-load-module,0x37F4,0x137F4,0x37F4,0x1B,0x1B,corroborated,library,exclude,excluded,__abort,__abort,_abort,_TEXT,linked-library,toolchain-or-library:_abort,ghidra+map-public,,,,true,1,3,2,target-unpacked-ghidra+candidate-map,
th04-maine-boundary-0380f,th04-maine,mz-load-module,0x380F,0x1380F,0x380F,0x3D,0x3D,corroborated,library,exclude,excluded,__stpcpy,__stpcpy,_stpcpy,_TEXT,linked-library,toolchain-or-library:_stpcpy,ghidra+map-public,,,,true,1,2,2,target-unpacked-ghidra+candidate-map,
th04-maine-boundary-0384c,th04-maine,mz-load-module,0x384C,0x1384C,0x384C,0x14,0x14,corroborated,library,exclude,excluded,_abort,_abort,abort,_TEXT,linked-library,toolchain-or-library:abort,ghidra+map-public,,,,true,1,3,2,target-unpacked-ghidra+candidate-map,
th04-maine-boundary-03860,th04-maine,mz-load-module,0x3860,0x13860,0x3860,0x31,0x31,corroborated,library,exclude,excluded,_atexit,_atexit,atexit,_TEXT,linked-library,toolchain-or-library:atexit,ghidra+map-public,,,,true,1,0,0,target-unpacked-ghidra+candidate-map,
th04-maine-boundary-03891,th04-maine,mz-load-module,0x3891,0x13891,0x3891,0x16,0x16,corroborated,library,exclude,excluded,operator delete(void far*),operator delete(void far*),del,_TEXT,linked-library,toolchain-or-library:del,ghidra+map-public,,,,true,1,10,1,target-unpacked-ghidra+candidate-map,
th04-maine-boundary-038a7,th04-maine,mz-load-module,0x38A7,0x138A7,0x38A7,0x16,0x16,corroborated,library,exclude,excluded,operator delete[](void far*),operator delete[](void far*),delarray,_TEXT,linked-library,toolchain-or-library:delarray,ghidra+map-public,,,,true,1,1,1,target-unpacked-ghidra+candidate-map,
th04-maine-boundary-038bd,th04-maine,mz-load-module,0x38BD,0x138BD,0x38BD,0x16D,0x16D,corroborated,library,exclude,excluded,__DOSENV,__DOSENV,dosenv,_TEXT,linked-library,toolchain-or-library:dosenv,ghidra+map-public,,,,true,1,1,3,target-unpacked-ghidra+candidate-map,
th04-maine-boundary-03a2a,th04-maine,mz-load-module,0x3A2A,0x13A2A,0x3A2A,0x16,0x16,corroborated,library,exclude,excluded,__dos_getdrive,__dos_getdrive,dosgdriv,_TEXT,linked-library,toolchain-or-library:dosgdriv,ghidra+map-public,,,,true,1,1,0,target-unpacked-ghidra+candidate-map,
th04-maine-boundary-03a40,th04-maine,mz-load-module,0x3A40,0x13A40,0x3A40,0x1A,0x1A,corroborated,library,exclude,excluded,__dos_setdrive,__dos_setdrive,dosgdriv,_TEXT,linked-library,toolchain-or-library:dosgdriv,ghidra+map-public,,,,true,1,0,0,target-unpacked-ghidra+candidate-map,
th04-maine-boundary-03a5a,th04-maine,mz-load-module,0x3A5A,0x13A5A,0x3A5A,0x2A,0x2A,corroborated,library,exclude,excluded,___ErrorMessage,___ErrorMessage,errormsg,_TEXT,linked-library,toolchain-or-library:errormsg,ghidra+map-public,,,,true,1,2,2,target-unpacked-ghidra+candidate-map,
th04-maine-boundary-03a84,th04-maine,mz-load-module,0x3A84,0x13A84,0x3A84,0x5,0x5,provisional,library,exclude,excluded,FUN_1000_3a84,,exit,_TEXT,linked-library,toolchain-or-library:exit,ghidra,,,,true,1,2,0,target-unpacked-ghidra+candidate-map,Ghidra-only boundary has no TLINK public or TASM PROC at its entry.
th04-maine-boundary-03a89,th04-maine,mz-load-module,0x3A89,0x13A89,0x3A89,0x5A,0x5A,provisional,library,exclude,excluded,FUN_1000_3a89,,exit,_TEXT,linked-library,toolchain-or-library:exit,ghidra,,,,true,1,2,5,target-unpacked-ghidra+candidate-map,Ghidra-only boundary has no TLINK public or TASM PROC at its entry.
th04-maine-boundary-03ae3,th04-maine,mz-load-module,0x3AE3,0x13AE3,0x3AE3,0x13,0x13,corroborated,library,exclude,excluded,_exit,_exit,exit,_TEXT,linked-library,toolchain-or-library:exit,ghidra+map-public,,,,true,1,1,1,target-unpacked-ghidra+candidate-map,
th04-maine-boundary-03af6,th04-maine,mz-load-module,0x3AF6,0x13AF6,0x3AF6,0x16,0x16,corroborated,library,exclude,excluded,__exit,__exit,exit,_TEXT,linked-library,toolchain-or-library:exit,ghidra+map-public,,,,true,1,3,1,target-unpacked-ghidra+candidate-map,
th04-maine-boundary-03b0c,th04-maine,mz-load-module,0x3B0C,0x13B0C,0x3B0C,0x0,0x0,provisional,library,exclude,excluded,__cexit,__cexit,exit,_TEXT,linked-library,toolchain-or-library:exit,map-public,,,,,,,,target-unpacked-ghidra+candidate-map,TLINK public has no corresponding Ghidra function entry.
th04-maine-boundary-03b1e,th04-maine,mz-load-module,0x3B1E,0x13B1E,0x3B1E,0x0,0x0,provisional,library,exclude,excluded,__c_exit,__c_exit,exit,_TEXT,linked-library,toolchain-or-library:exit,map-public,,,,,,,,target-unpacked-ghidra+candidate-map,TLINK public has no corresponding Ghidra function entry.
th04-maine-boundary-03b2e,th04-maine,mz-load-module,0x3B2E,0x13B2E,0x3B2E,0x13,0x13,corroborated,library,exclude,excluded,_getvect,_getvect,getvect,_TEXT,linked-library,toolchain-or-library:getvect,ghidra+map-public,,,,true,1,1,0,target-unpacked-ghidra+candidate-map,
th04-maine-boundary-03b41,th04-maine,mz-load-module,0x3B41,0x13B41,0x3B41,0x15,0x15,corroborated,library,exclude,excluded,_setvect,_setvect,getvect,_TEXT,linked-library,toolchain-or-library:getvect,ghidra+map-public,,,,true,1,1,0,target-unpacked-ghidra+candidate-map,
th04-maine-boundary-03b56,th04-maine,mz-load-module,0x3B56,0x13B56,0x3B56,0x0,0x0,provisional,library,exclude,excluded,N_LDIV@,N_LDIV@,h_ldiv,_TEXT,linked-library,toolchain-or-library:h_ldiv,map-public,,,,,,,,target-unpacked-ghidra+candidate-map,TLINK public has no corresponding Ghidra function entry.
th04-maine-boundary-03b59,th04-maine,mz-load-module,0x3B59,0x13B59,0x3B59,0x0,0x0,provisional,library,exclude,excluded,LDIV@,LDIV@;F_LDIV@,h_ldiv,_TEXT,linked-library,toolchain-or-library:h_ldiv,map-public,,,,,,,,target-unpacked-ghidra+candidate-map,TLINK public has no corresponding Ghidra function entry.
th04-maine-boundary-03b5d,th04-maine,mz-load-module,0x3B5D,0x13B5D,0x3B5D,0x99,0xA7,provisional,library,exclude,excluded,N_LUDIV@,N_LUDIV@,h_ldiv,_TEXT,linked-library,toolchain-or-library:h_ldiv,ghidra+map-public,,,,false,2,1,0,target-unpacked-ghidra+candidate-map,Ghidra body is noncontiguous and requires control-flow reconciliation.
th04-maine-boundary-03b60,th04-maine,mz-load-module,0x3B60,0x13B60,0x3B60,0x0,0x0,provisional,library,exclude,excluded,LUDIV@,LUDIV@;F_LUDIV@,h_ldiv,_TEXT,linked-library,toolchain-or-library:h_ldiv,map-public,,,,,,,,target-unpacked-ghidra+candidate-map,TLINK public has no corresponding Ghidra function entry.
th04-maine-boundary-03b65,th04-maine,mz-load-module,0x3B65,0x13B65,0x3B65,0x0,0x0,provisional,library,exclude,excluded,N_LMOD@,N_LMOD@,h_ldiv,_TEXT,linked-library,toolchain-or-library:h_ldiv,map-public,,,,,,,,target-unpacked-ghidra+candidate-map,TLINK public has no corresponding Ghidra function entry.
th04-maine-boundary-03b68,th04-maine,mz-load-module,0x3B68,0x13B68,0x3B68,0x0,0x0,provisional,library,exclude,excluded,F_LMOD@,F_LMOD@;LMOD@,h_ldiv,_TEXT,linked-library,toolchain-or-library:h_ldiv,map-public,,,,,,,,target-unpacked-ghidra+candidate-map,TLINK public has no corresponding Ghidra function entry.
th04-maine-boundary-03b6d,th04-maine,mz-load-module,0x3B6D,0x13B6D,0x3B6D,0x0,0x0,provisional,library,exclude,excluded,N_LUMOD@,N_LUMOD@,h_ldiv,_TEXT,linked-library,toolchain-or-library:h_ldiv,map-public,,,,,,,,target-unpacked-ghidra+candidate-map,TLINK public has no corresponding Ghidra function entry.
th04-maine-boundary-03b70,th04-maine,mz-load-module,0x3B70,0x13B70,0x3B70,0x0,0x0,provisional,library,exclude,excluded,LUMOD@,LUMOD@;F_LUMOD@,h_ldiv,_TEXT,linked-library,toolchain-or-library:h_ldiv,map-public,,,,,,,,target-unpacked-ghidra+candidate-map,TLINK public has no corresponding Ghidra function entry.
th04-maine-boundary-03c04,th04-maine,mz-load-module,0x3C04,0x13C04,0x3C04,0x21,0x21,corroborated,library,exclude,excluded,N_LXLSH@,N_LXLSH@,h_llsh,_TEXT,linked-library,toolchain-or-library:h_llsh,ghidra+map-public,,,,true,1,1,0,target-unpacked-ghidra+candidate-map,
th04-maine-boundary-03c07,th04-maine,mz-load-module,0x3C07,0x13C07,0x3C07,0x0,0x0,provisional,library,exclude,excluded,LXLSH@,LXLSH@;F_LXLSH@,h_llsh,_TEXT,linked-library,toolchain-or-library:h_llsh,map-public,,,,,,,,target-unpacked-ghidra+candidate-map,TLINK public has no corresponding Ghidra function entry.
th04-maine-boundary-03c25,th04-maine,mz-load-module,0x3C25,0x13C25,0x3C25,0x4D,0x60,provisional,library,exclude,excluded,N_PADD@,N_PADD@,h_padd,_TEXT,linked-library,toolchain-or-library:h_padd,ghidra+map-public,,,,false,2,1,0,target-unpacked-ghidra+candidate-map,Ghidra body is noncontiguous and requires control-flow reconciliation.
th04-maine-boundary-03c28,th04-maine,mz-load-module,0x3C28,0x13C28,0x3C28,0x0,0x0,provisional,library,exclude,excluded,F_PADD@,F_PADD@;PADD@,h_padd,_TEXT,linked-library,toolchain-or-library:h_padd,map-public,,,,,,,,target-unpacked-ghidra+candidate-map,TLINK public has no corresponding Ghidra function entry.
th04-maine-boundary-03c54,th04-maine,mz-load-module,0x3C54,0x13C54,0x3C54,0x0,0x0,provisional,library,exclude,excluded,N_PSUB@,N_PSUB@,h_padd,_TEXT,linked-library,toolchain-or-library:h_padd,map-public,,,,,,,,target-unpacked-ghidra+candidate-map,TLINK public has no corresponding Ghidra function entry.
th04-maine-boundary-03c57,th04-maine,mz-load-module,0x3C57,0x13C57,0x3C57,0x0,0x0,provisional,library,exclude,excluded,PSUB@,PSUB@;F_PSUB@,h_padd,_TEXT,linked-library,toolchain-or-library:h_padd,map-public,,,,,,,,target-unpacked-ghidra+candidate-map,TLINK public has no corresponding Ghidra function entry.
th04-maine-boundary-03c85,th04-maine,mz-load-module,0x3C85,0x13C85,0x3C85,0x3E,0x3E,corroborated,library,exclude,excluded,__IOERROR,__IOERROR,ioerror,_TEXT,linked-library,toolchain-or-library:ioerror,ghidra+map-public,,,,true,1,6,0,target-unpacked-ghidra+candidate-map,
th04-maine-boundary-03cc3,th04-maine,mz-load-module,0x3CC3,0x13CC3,0x3CC3,0x14,0x14,corroborated,library,exclude,excluded,__DOSERROR,__DOSERROR,ioerror,_TEXT,linked-library,toolchain-or-library:ioerror,ghidra+map-public,,,,true,1,0,1,target-unpacked-ghidra+candidate-map,
th04-maine-boundary-03cd7,th04-maine,mz-load-module,0x3CD7,0x13CD7,0x3CD7,0x15,0x15,corroborated,library,exclude,excluded,_isatty,_isatty,isatty,_TEXT,linked-library,toolchain-or-library:isatty,ghidra+map-public,,,,true,1,0,0,target-unpacked-ghidra+candidate-map,
th04-maine-boundary-03cec,th04-maine,mz-load-module,0x3CEC,0x13CEC,0x3CEC,0x2D,0x2D,corroborated,library,exclude,excluded,_lseek,_lseek,lseek,_TEXT,linked-library,toolchain-or-library:lseek,ghidra+map-public,,,,true,1,3,1,target-unpacked-ghidra+candidate-map,
th04-maine-boundary-03d35,th04-maine,mz-load-module,0x3D35,0x13D35,0x3D35,0x6B,0x6B,corroborated,library,exclude,excluded,xnew_handler(),xnew_handler(),new,_TEXT,linked-library,toolchain-or-library:new,ghidra+map-public,,,,true,1,1,4,target-unpacked-ghidra+candidate-map,
th04-maine-boundary-03da0,th04-maine,mz-load-module,0x3DA0,0x13DA0,0x3DA0,0x2E,0x2E,corroborated,library,exclude,excluded,set_new_handler(void(far*)()),set_new_handler(void(far*)()),new,_TEXT,linked-library,toolchain-or-library:new,ghidra+map-public,,,,true,1,0,0,target-unpacked-ghidra+candidate-map,
th04-maine-boundary-03dce,th04-maine,mz-load-module,0x3DCE,0x13DCE,0x3DCE,0x51,0x51,corroborated,library,exclude,excluded,operator new(unsigned int),operator new(unsigned int),new,_TEXT,linked-library,toolchain-or-library:new,ghidra+map-public,,,,true,1,7,2,target-unpacked-ghidra+candidate-map,
th04-maine-boundary-03e1f,th04-maine,mz-load-module,0x3E1F,0x13E1F,0x3E1F,0x43,0x43,provisional,library,exclude,excluded,FUN_1000_3e1f,,new,_TEXT,linked-library,toolchain-or-library:new,ghidra,,,,true,1,0,2,target-unpacked-ghidra+candidate-map,Ghidra-only boundary has no TLINK public or TASM PROC at its entry.
th04-maine-boundary-0400b,th04-maine,mz-load-module,0x400B,0x1400B,0x400B,0x17,0x17,corroborated,library,exclude,excluded,N_LXMUL@,N_LXMUL@,n_lxmul,_TEXT,linked-library,toolchain-or-library:n_lxmul,ghidra+map-public,,,,true,1,1,0,target-unpacked-ghidra+candidate-map,
th04-maine-boundary-04022,th04-maine,mz-load-module,0x4022,0x14022,0x4022,0x21,0x21,corroborated,library,exclude,excluded,N_PCMP@,N_PCMP@,n_pcmp,_TEXT,linked-library,toolchain-or-library:n_pcmp,ghidra+map-public,,,,true,1,3,0,target-unpacked-ghidra+candidate-map,
th04-maine-boundary-04043,th04-maine,mz-load-module,0x4043,0x14043,0x4043,0x0,0x0,provisional,library,exclude,excluded,__setupio,__setupio,setupio,_TEXT,linked-library,toolchain-or-library:setupio,map-public,,,,,,,,target-unpacked-ghidra+candidate-map,TLINK public has no corresponding Ghidra function entry.
th04-maine-boundary-040e7,th04-maine,mz-load-module,0x40E7,0x140E7,0x40E7,0x30,0x30,corroborated,library,exclude,excluded,_tolower,_tolower,tolower,_TEXT,linked-library,toolchain-or-library:tolower,ghidra+map-public,,,,true,1,1,0,target-unpacked-ghidra+candidate-map,
th04-maine-boundary-04117,th04-maine,mz-load-module,0x4117,0x14117,0x4117,0x30,0x30,corroborated,library,exclude,excluded,_toupper,_toupper,toupper,_TEXT,linked-library,toolchain-or-library:toupper,ghidra+map-public,,,,true,1,1,0,target-unpacked-ghidra+candidate-map,
th04-maine-boundary-04147,th04-maine,mz-load-module,0x4147,0x14147,0x4147,0x6,0x6,corroborated,library,exclude,excluded,__refdestructorcount(),__refdestructorcount(),xxas,_TEXT,linked-library,toolchain-or-library:xxas,ghidra+map-public,,,,true,1,24,0,target-unpacked-ghidra+candidate-map,
th04-maine-boundary-0414d,th04-maine,mz-load-module,0x414D,0x1414D,0x414D,0x6,0x6,corroborated,library,exclude,excluded,__refexceptionlist(),__refexceptionlist(),xxas,_TEXT,linked-library,toolchain-or-library:xxas,ghidra+map-public,,,,true,1,2,0,target-unpacked-ghidra+candidate-map,
th04-maine-boundary-04153,th04-maine,mz-load-module,0x4153,0x14153,0x4153,0x6F,0x6F,corroborated,library,exclude,excluded,___InitExceptBlocks,___InitExceptBlocks,xxas,_TEXT,linked-library,toolchain-or-library:xxas,ghidra+map-public,,,,true,1,21,2,target-unpacked-ghidra+candidate-map,
th04-maine-boundary-041c2,th04-maine,mz-load-module,0x41C2,0x141C2,0x41C2,0x14,0x14,corroborated,library,exclude,excluded,___ExitExceptBlocks,___ExitExceptBlocks,xxas,_TEXT,linked-library,toolchain-or-library:xxas,ghidra+map-public,,,,true,1,18,1,target-unpacked-ghidra+candidate-map,
th04-maine-boundary-041d6,th04-maine,mz-load-module,0x41D6,0x141D6,0x41D6,0x0,0x0,provisional,library,exclude,excluded,terminate(),terminate(),xxv,_TEXT,linked-library,toolchain-or-library:xxv,map-public,,,,,,,,target-unpacked-ghidra+candidate-map,TLINK public has no corresponding Ghidra function entry.
th04-maine-boundary-041e0,th04-maine,mz-load-module,0x41E0,0x141E0,0x41E0,0x42,0x42,corroborated,library,exclude,excluded,set_terminate(void(far*)()),set_terminate(void(far*)()),xxv,_TEXT,linked-library,toolchain-or-library:xxv,ghidra+map-public,,,,true,1,0,0,target-unpacked-ghidra+candidate-map,
th04-maine-boundary-0424c,th04-maine,mz-load-module,0x424C,0x1424C,0x424C,0x77,0x7F,provisional,library,exclude,excluded,___call_terminate,___call_terminate,xxv,_TEXT,linked-library,toolchain-or-library:xxv,ghidra+map-public,,,,false,2,2,4,target-unpacked-ghidra+candidate-map,Ghidra body is noncontiguous and requires control-flow reconciliation.
th04-maine-boundary-042cb,th04-maine,mz-load-module,0x42CB,0x142CB,0x42CB,0x0,0x0,provisional,library,exclude,excluded,unexpected(),unexpected(),xxv,_TEXT,linked-library,toolchain-or-library:xxv,map-public,,,,,,,,target-unpacked-ghidra+candidate-map,TLINK public has no corresponding Ghidra function entry.
th04-maine-boundary-042d4,th04-maine,mz-load-module,0x42D4,0x142D4,0x42D4,0x42,0x42,corroborated,library,exclude,excluded,set_unexpected(void(far*)()),set_unexpected(void(far*)()),xxv,_TEXT,linked-library,toolchain-or-library:xxv,ghidra+map-public,,,,true,1,0,0,target-unpacked-ghidra+candidate-map,
th04-maine-boundary-04316,th04-maine,mz-load-module,0x4316,0x14316,0x4316,0x4F,0x4F,corroborated,library,exclude,excluded,___call_unexpected,___call_unexpected,xxv,_TEXT,linked-library,toolchain-or-library:xxv,ghidra+map-public,,,,true,1,1,1,target-unpacked-ghidra+candidate-map,
th04-maine-boundary-04365,th04-maine,mz-load-module,0x4365,0x14365,0x4365,0x54,0x54,corroborated,library,exclude,excluded,"__getpolymorphicdtc(void far*,unsigned int)","__getpolymorphicdtc(void far*,unsigned int)",xxv,_TEXT,linked-library,toolchain-or-library:xxv,ghidra+map-public,,,,true,1,0,0,target-unpacked-ghidra+candidate-map,
th04-maine-boundary-043b9,th04-maine,mz-load-module,0x43B9,0x143B9,0x43B9,0x58,0x58,corroborated,library,exclude,excluded,"__getpolymorphicdtcfar(void far*,unsigned int)","__getpolymorphicdtcfar(void far*,unsigned int)",xxv,_TEXT,linked-library,toolchain-or-library:xxv,ghidra+map-public,,,,true,1,0,0,target-unpacked-ghidra+candidate-map,
th04-maine-boundary-04411,th04-maine,mz-load-module,0x4411,0x14411,0x4411,0x4E,0x4E,corroborated,library,exclude,excluded,__ExceptInit,__ExceptInit,xxv,_TEXT,linked-library,toolchain-or-library:xxv,ghidra+map-public,,,,true,1,1,0,target-unpacked-ghidra+candidate-map,
th04-maine-boundary-044bb,th04-maine,mz-load-module,0x44BB,0x144BB,0x44BB,0x0,0x0,provisional,library,exclude,excluded,___first,___first,farheap,_TEXT,linked-library,toolchain-or-library:farheap,map-public,,,,,,,,target-unpacked-ghidra+candidate-map,TLINK public has no corresponding Ghidra function entry.
th04-maine-boundary-044bd,th04-maine,mz-load-module,0x44BD,0x144BD,0x44BD,0x0,0x0,provisional,library,exclude,excluded,___last,___last,farheap,_TEXT,linked-library,toolchain-or-library:farheap,map-public,,,,,,,,target-unpacked-ghidra+candidate-map,TLINK public has no corresponding Ghidra function entry.
th04-maine-boundary-044bf,th04-maine,mz-load-module,0x44BF,0x144BF,0x44BF,0x0,0x0,provisional,library,exclude,excluded,___rover,___rover,farheap,_TEXT,linked-library,toolchain-or-library:farheap,map-public,,,,,,,,target-unpacked-ghidra+candidate-map,TLINK public has no corresponding Ghidra function entry.
th04-maine-boundary-044c7,th04-maine,mz-load-module,0x44C7,0x144C7,0x44C7,0x63,0x63,provisional,library,exclude,excluded,FUN_1000_44c7,,farheap,_TEXT,linked-library,toolchain-or-library:farheap,ghidra,,,,true,1,1,2,target-unpacked-ghidra+candidate-map,Ghidra-only boundary has no TLINK public or TASM PROC at its entry.
th04-maine-boundary-0452a,th04-maine,mz-load-module,0x452A,0x1452A,0x452A,0x71,0x71,provisional,library,exclude,excluded,FUN_1000_452a,,farheap,_TEXT,linked-library,toolchain-or-library:farheap,ghidra,,,,true,1,1,1,target-unpacked-ghidra+candidate-map,Ghidra-only boundary has no TLINK public or TASM PROC at its entry.
th04-maine-boundary-0459b,th04-maine,mz-load-module,0x459B,0x1459B,0x459B,0x29,0x29,provisional,library,exclude,excluded,FUN_1000_459b,,farheap,_TEXT,linked-library,toolchain-or-library:farheap,ghidra,,,,true,1,2,0,target-unpacked-ghidra+candidate-map,Ghidra-only boundary has no TLINK public or TASM PROC at its entry.
th04-maine-boundary-045c4,th04-maine,mz-load-module,0x45C4,0x145C4,0x45C4,0x37,0x37,provisional,library,exclude,excluded,FUN_1000_45c4,,farheap,_TEXT,linked-library,toolchain-or-library:farheap,ghidra,,,,true,1,1,0,target-unpacked-ghidra+candidate-map,Ghidra-only boundary has no TLINK public or TASM PROC at its entry.
th04-maine-boundary-045fb,th04-maine,mz-load-module,0x45FB,0x145FB,0x45FB,0x29,0x29,corroborated,library,exclude,excluded,_free,_free;_farfree,farheap,_TEXT,linked-library,toolchain-or-library:farheap,ghidra+map-public,,,,true,1,11,2,target-unpacked-ghidra+candidate-map,
th04-maine-boundary-04624,th04-maine,mz-load-module,0x4624,0x14624,0x4624,0x64,0x64,provisional,library,exclude,excluded,FUN_1000_4624,,farheap,_TEXT,linked-library,toolchain-or-library:farheap,ghidra,,,,true,1,1,1,target-unpacked-ghidra+candidate-map,Ghidra-only boundary has no TLINK public or TASM PROC at its entry.
th04-maine-boundary-04688,th04-maine,mz-load-module,0x4688,0x14688,0x4688,0x83,0x83,provisional,library,exclude,excluded,FUN_1000_4688,,farheap,_TEXT,linked-library,toolchain-or-library:farheap,ghidra,,,,true,1,1,1,target-unpacked-ghidra+candidate-map,Ghidra-only boundary has no TLINK public or TASM PROC at its entry.
th04-maine-boundary-0470b,th04-maine,mz-load-module,0x470B,0x1470B,0x470B,0x23,0x23,provisional,library,exclude,excluded,FUN_1000_470b,,farheap,_TEXT,linked-library,toolchain-or-library:farheap,ghidra,,,,true,1,1,0,target-unpacked-ghidra+candidate-map,Ghidra-only boundary has no TLINK public or TASM PROC at its entry.
th04-maine-boundary-0472e,th04-maine,mz-load-module,0x472E,0x1472E,0x472E,0xA,0xA,corroborated,library,exclude,excluded,_malloc,_malloc,farheap,_TEXT,linked-library,toolchain-or-library:farheap,ghidra+map-public,,,,true,1,9,0,target-unpacked-ghidra+candidate-map,
th04-maine-boundary-04738,th04-maine,mz-load-module,0x4738,0x14738,0x4738,0x7D,0x7D,corroborated,library,exclude,excluded,_farmalloc,_farmalloc,farheap,_TEXT,linked-library,toolchain-or-library:farheap,ghidra+map-public,,,,true,1,2,4,target-unpacked-ghidra+candidate-map,
th04-maine-boundary-047b5,th04-maine,mz-load-module,0x47B5,0x147B5,0x47B5,0x7C,0x7C,provisional,library,exclude,excluded,FUN_1000_47b5,,farheap,_TEXT,linked-library,toolchain-or-library:farheap,ghidra,,,,true,1,1,2,target-unpacked-ghidra+candidate-map,Ghidra-only boundary has no TLINK public or TASM PROC at its entry.
th04-maine-boundary-04831,th04-maine,mz-load-module,0x4831,0x14831,0x4831,0x64,0x64,provisional,library,exclude,excluded,FUN_1000_4831,,farheap,_TEXT,linked-library,toolchain-or-library:farheap,ghidra,,,,true,1,1,2,target-unpacked-ghidra+candidate-map,Ghidra-only boundary has no TLINK public or TASM PROC at its entry.
th04-maine-boundary-04895,th04-maine,mz-load-module,0x4895,0x14895,0x4895,0x7B,0x81,provisional,library,exclude,excluded,_realloc,_realloc,farheap,_TEXT,linked-library,toolchain-or-library:farheap,ghidra+map-public,,,,false,2,4,4,target-unpacked-ghidra+candidate-map,Ghidra body is noncontiguous and requires control-flow reconciliation.
th04-maine-boundary-0489c,th04-maine,mz-load-module,0x489C,0x1489C,0x489C,0x0,0x0,provisional,library,exclude,excluded,_farrealloc,_farrealloc,farheap,_TEXT,linked-library,toolchain-or-library:farheap,map-public,,,,,,,,target-unpacked-ghidra+candidate-map,TLINK public has no corresponding Ghidra function entry.
th04-maine-boundary-04916,th04-maine,mz-load-module,0x4916,0x14916,0x4916,0x8E,0x8E,provisional,library,exclude,excluded,FUN_1000_4916,,fbrk,_TEXT,linked-library,toolchain-or-library:fbrk,ghidra,,,,true,1,2,1,target-unpacked-ghidra+candidate-map,Ghidra-only boundary has no TLINK public or TASM PROC at its entry.
th04-maine-boundary-049a4,th04-maine,mz-load-module,0x49A4,0x149A4,0x49A4,0x43,0x43,corroborated,library,exclude,excluded,__brk,__brk,fbrk,_TEXT,linked-library,toolchain-or-library:fbrk,ghidra+map-public,,,,true,1,2,2,target-unpacked-ghidra+candidate-map,
th04-maine-boundary-049e7,th04-maine,mz-load-module,0x49E7,0x149E7,0x49E7,0x8F,0x8F,corroborated,library,exclude,excluded,__sbrk,__sbrk,fbrk,_TEXT,linked-library,toolchain-or-library:fbrk,ghidra+map-public,,,,true,1,2,4,target-unpacked-ghidra+candidate-map,
th04-maine-boundary-04bd9,th04-maine,mz-load-module,0x4BD9,0x14BD9,0x4BD9,0x25,0x25,provisional,library,exclude,excluded,FUN_1000_4bd9,,signal,_TEXT,linked-library,toolchain-or-library:signal,ghidra,,,,true,1,2,0,target-unpacked-ghidra+candidate-map,Ghidra-only boundary has no TLINK public or TASM PROC at its entry.
th04-maine-boundary-04bfe,th04-maine,mz-load-module,0x4BFE,0x14BFE,0x4BFE,0xE2,0xE2,corroborated,library,exclude,excluded,_signal,_signal,signal,_TEXT,linked-library,toolchain-or-library:signal,ghidra+map-public,,,,true,1,0,3,target-unpacked-ghidra+candidate-map,
th04-maine-boundary-04ce0,th04-maine,mz-load-module,0x4CE0,0x14CE0,0x4CE0,0x97,0x97,corroborated,library,exclude,excluded,_raise,_raise,signal,_TEXT,linked-library,toolchain-or-library:signal,ghidra+map-public,,,,true,1,1,3,target-unpacked-ghidra+candidate-map,
th04-maine-boundary-04d77,th04-maine,mz-load-module,0x4D77,0x14D77,0x4D77,0x3B,0x3B,corroborated,library,exclude,excluded,__access,__access,_access,_TEXT,linked-library,toolchain-or-library:_access,ghidra+map-public,,,,true,1,2,1,target-unpacked-ghidra+candidate-map,
th04-maine-boundary-04dfb,th04-maine,mz-load-module,0x4DFB,0x14DFB,0x4DFB,0x25,0x25,corroborated,library,exclude,excluded,___path_isdbcsleadbyte,___path_isdbcsleadbyte,_pathops,_TEXT,linked-library,toolchain-or-library:_pathops,ghidra+map-public,,,,true,1,3,0,target-unpacked-ghidra+candidate-map,
th04-maine-boundary-04e20,th04-maine,mz-load-module,0x4E20,0x14E20,0x4E20,0x62,0x62,corroborated,library,exclude,excluded,___path_issbcs,___path_issbcs,_pathops,_TEXT,linked-library,toolchain-or-library:_pathops,ghidra+map-public,,,,true,1,3,1,target-unpacked-ghidra+candidate-map,
th04-maine-boundary-04e82,th04-maine,mz-load-module,0x4E82,0x14E82,0x4E82,0x21,0x21,corroborated,library,exclude,excluded,__rtl_chmod,__rtl_chmod,chmoda,_TEXT,linked-library,toolchain-or-library:chmoda,ghidra+map-public,,,,true,1,1,1,target-unpacked-ghidra+candidate-map,
th04-maine-boundary-04ea3,th04-maine,mz-load-module,0x4EA3,0x14EA3,0x4EA3,0xD1,0xD1,corroborated,library,exclude,excluded,_fflush,_fflush,fflush,_TEXT,linked-library,toolchain-or-library:fflush,ghidra+map-public,,,,true,1,3,2,target-unpacked-ghidra+candidate-map,
th04-maine-boundary-04f74,th04-maine,mz-load-module,0x4F74,0x14F74,0x4F74,0x4C,0x4C,corroborated,library,exclude,excluded,_flushall,_flushall,flushall,_TEXT,linked-library,toolchain-or-library:flushall,ghidra+map-public,,,,true,1,2,1,target-unpacked-ghidra+candidate-map,
th04-maine-boundary-04fc0,th04-maine,mz-load-module,0x4FC0,0x14FC0,0x4FC0,0x89,0x89,provisional,library,exclude,excluded,FUN_1000_4fc0,,fseek,_TEXT,linked-library,toolchain-or-library:fseek,ghidra,,,,true,1,2,0,target-unpacked-ghidra+candidate-map,Ghidra-only boundary has no TLINK public or TASM PROC at its entry.
th04-maine-boundary-05049,th04-maine,mz-load-module,0x5049,0x15049,0x5049,0x82,0x82,corroborated,library,exclude,excluded,_fseek,_fseek,fseek,_TEXT,linked-library,toolchain-or-library:fseek,ghidra+map-public,,,,true,1,1,3,target-unpacked-ghidra+candidate-map,
th04-maine-boundary-050cb,th04-maine,mz-load-module,0x50CB,0x150CB,0x50CB,0xE1,0xE1,corroborated,library,exclude,excluded,_ftell,_ftell,fseek,_TEXT,linked-library,toolchain-or-library:fseek,ghidra+map-public,,,,true,1,0,2,target-unpacked-ghidra+candidate-map,
th04-maine-boundary-051ac,th04-maine,mz-load-module,0x51AC,0x151AC,0x51AC,0x1F,0x1F,provisional,library,exclude,excluded,FUN_1000_51ac,,fullpath,_TEXT,linked-library,toolchain-or-library:fullpath,ghidra,,,,true,1,2,0,target-unpacked-ghidra+candidate-map,Ghidra-only boundary has no TLINK public or TASM PROC at its entry.
th04-maine-boundary-051cb,th04-maine,mz-load-module,0x51CB,0x151CB,0x51CB,0x3A,0x3A,provisional,library,exclude,excluded,FUN_1000_51cb,,fullpath,_TEXT,linked-library,toolchain-or-library:fullpath,ghidra,,,,true,1,1,2,target-unpacked-ghidra+candidate-map,Ghidra-only boundary has no TLINK public or TASM PROC at its entry.
th04-maine-boundary-05205,th04-maine,mz-load-module,0x5205,0x15205,0x5205,0x2E9,0x2E9,corroborated,library,exclude,excluded,__fullpath,__fullpath,fullpath,_TEXT,linked-library,toolchain-or-library:fullpath,ghidra+map-public,,,,true,1,1,12,target-unpacked-ghidra+candidate-map,
th04-maine-boundary-054ee,th04-maine,mz-load-module,0x54EE,0x154EE,0x54EE,0x9D,0x9D,corroborated,library,exclude,excluded,__getdcwd,__getdcwd,getdcwd,_TEXT,linked-library,toolchain-or-library:getdcwd,ghidra+map-public,,,,true,1,2,3,target-unpacked-ghidra+candidate-map,
th04-maine-boundary-0558b,th04-maine,mz-load-module,0x558B,0x1558B,0x558B,0x70,0x70,corroborated,library,exclude,excluded,_getenv,_getenv,getenv,_TEXT,linked-library,toolchain-or-library:getenv,ghidra+map-public,,,,true,1,2,0,target-unpacked-ghidra+candidate-map,
th04-maine-boundary-055fb,th04-maine,mz-load-module,0x55FB,0x155FB,0x55FB,0x28,0x28,corroborated,library,exclude,excluded,_memcmp,_memcmp,memcmp,_TEXT,linked-library,toolchain-or-library:memcmp,ghidra+map-public,,,,true,1,1,0,target-unpacked-ghidra+candidate-map,
th04-maine-boundary-05623,th04-maine,mz-load-module,0x5623,0x15623,0x5623,0x24,0x24,corroborated,library,exclude,excluded,_memcpy,_memcpy,memcpy,_TEXT,linked-library,toolchain-or-library:memcpy,ghidra+map-public,,,,true,1,8,0,target-unpacked-ghidra+candidate-map,
th04-maine-boundary-05647,th04-maine,mz-load-module,0x5647,0x15647,0x5647,0x26,0x26,corroborated,library,exclude,excluded,_setmem,_setmem,memset,_TEXT,linked-library,toolchain-or-library:memset,ghidra+map-public,,,,true,1,1,0,target-unpacked-ghidra+candidate-map,
th04-maine-boundary-0566d,th04-maine,mz-load-module,0x566D,0x1566D,0x566D,0x22,0x22,corroborated,library,exclude,excluded,_memset,_memset,memset,_TEXT,linked-library,toolchain-or-library:memset,ghidra+map-public,,,,true,1,2,1,target-unpacked-ghidra+candidate-map,
th04-maine-boundary-0568f,th04-maine,mz-load-module,0x568F,0x1568F,0x568F,0x52,0x52,corroborated,library,exclude,excluded,_movmem,_movmem,movmem,_TEXT,linked-library,toolchain-or-library:movmem,ghidra+map-public,,,,true,1,1,1,target-unpacked-ghidra+candidate-map,
th04-maine-boundary-056e1,th04-maine,mz-load-module,0x56E1,0x156E1,0x56E1,0x25,0x25,corroborated,library,exclude,excluded,_memmove,_memmove,movmem,_TEXT,linked-library,toolchain-or-library:movmem,ghidra+map-public,,,,true,1,1,1,target-unpacked-ghidra+candidate-map,
th04-maine-boundary-05706,th04-maine,mz-load-module,0x5706,0x15706,0x5706,0x47,0x47,corroborated,library,exclude,excluded,__searchenv,__searchenv,srchenv,_TEXT,linked-library,toolchain-or-library:srchenv,ghidra+map-public,,,,true,1,1,2,target-unpacked-ghidra+candidate-map,
th04-maine-boundary-0574d,th04-maine,mz-load-module,0x574D,0x1574D,0x574D,0x142,0x142,corroborated,library,exclude,excluded,__searchstr,__searchstr,srchstr,_TEXT,linked-library,toolchain-or-library:srchstr,ghidra+map-public,,,,true,1,1,8,target-unpacked-ghidra+candidate-map,
th04-maine-boundary-0588f,th04-maine,mz-load-module,0x588F,0x1588F,0x588F,0x121,0x121,corroborated,library,exclude,excluded,_setvbuf,_setvbuf,setvbuf,_TEXT,linked-library,toolchain-or-library:setvbuf,ghidra+map-public,,,,true,1,0,3,target-unpacked-ghidra+candidate-map,
th04-maine-boundary-059b0,th04-maine,mz-load-module,0x59B0,0x159B0,0x59B0,0x3F,0x3F,corroborated,library,exclude,excluded,_strcat,_strcat,strcat,_TEXT,linked-library,toolchain-or-library:strcat,ghidra+map-public,,,,true,1,2,0,target-unpacked-ghidra+candidate-map,
th04-maine-boundary-059ef,th04-maine,mz-load-module,0x59EF,0x159EF,0x59EF,0x30,0x30,corroborated,library,exclude,excluded,_strcmp,_strcmp,strcmp,_TEXT,linked-library,toolchain-or-library:strcmp,ghidra+map-public,,,,true,1,1,0,target-unpacked-ghidra+candidate-map,
th04-maine-boundary-05a1f,th04-maine,mz-load-module,0x5A1F,0x15A1F,0x5A1F,0x29,0x29,corroborated,library,exclude,excluded,_strcpy,_strcpy,strcpy,_TEXT,linked-library,toolchain-or-library:strcpy,ghidra+map-public,,,,true,1,4,0,target-unpacked-ghidra+candidate-map,
th04-maine-boundary-05a48,th04-maine,mz-load-module,0x5A48,0x15A48,0x5A48,0x41,0x41,corroborated,library,exclude,excluded,_stricmp,_stricmp,stricmp,_TEXT,linked-library,toolchain-or-library:stricmp,ghidra+map-public,,,,true,1,1,0,target-unpacked-ghidra+candidate-map,
th04-maine-boundary-05a89,th04-maine,mz-load-module,0x5A89,0x15A89,0x5A89,0x21,0x21,corroborated,library,exclude,excluded,_strlen,_strlen,strlen,_TEXT,linked-library,toolchain-or-library:strlen,ghidra+map-public,,,,true,1,10,0,target-unpacked-ghidra+candidate-map,
th04-maine-boundary-05aaa,th04-maine,mz-load-module,0x5AAA,0x15AAA,0x5AAA,0x4D,0x4D,corroborated,library,exclude,excluded,_strrchr,_strrchr,strrchr,_TEXT,linked-library,toolchain-or-library:strrchr,ghidra+map-public,,,,true,1,1,1,target-unpacked-ghidra+candidate-map,
th04-maine-boundary-05af7,th04-maine,mz-load-module,0x5AF7,0x15AF7,0x5AF7,0x166,0x166,corroborated,library,exclude,excluded,___write,___write,write,_TEXT,linked-library,toolchain-or-library:write,ghidra+map-public,,,,true,1,1,3,target-unpacked-ghidra+candidate-map,
th04-maine-boundary-05c5d,th04-maine,mz-load-module,0x5C5D,0x15C5D,0x5C5D,0x3F,0x3F,corroborated,library,exclude,excluded,__rtl_write,__rtl_write,writea,_TEXT,linked-library,toolchain-or-library:writea,ghidra+map-public,,,,true,1,3,1,target-unpacked-ghidra+candidate-map,
th04-maine-boundary-05c9c,th04-maine,mz-load-module,0x5C9C,0x15C9C,0x5C9C,0x1C,0x1C,corroborated,library,exclude,excluded,__write,__write,writea,_TEXT,linked-library,toolchain-or-library:writea,ghidra+map-public,,,,true,1,0,1,target-unpacked-ghidra+candidate-map,
th04-maine-boundary-05cb8,th04-maine,mz-load-module,0x5CB8,0x15CB8,0x5CB8,0x3F,0x3F,corroborated,library,exclude,excluded,__xfflush,__xfflush,xfflush,_TEXT,linked-library,toolchain-or-library:xfflush,ghidra+map-public,,,,true,1,0,1,target-unpacked-ghidra+candidate-map,
th04-maine-boundary-05cf7,th04-maine,mz-load-module,0x5CF7,0x15CF7,0x5CF7,0x5B,0x5B,corroborated,library,exclude,excluded,"xalloc::xalloc(const string far&,unsigned int)","xalloc::xalloc(const string far&,unsigned int)",xalloc,_TEXT,linked-library,toolchain-or-library:xalloc,ghidra+map-public,,,,true,1,1,3,target-unpacked-ghidra+candidate-map,
th04-maine-boundary-05d76,th04-maine,mz-load-module,0x5D76,0x15D76,0x5D76,0x78,0x78,corroborated,library,exclude,excluded,xalloc::raise(),xalloc::raise(),xalloc,_TEXT,linked-library,toolchain-or-library:xalloc,ghidra+map-public,,,,true,1,3,4,target-unpacked-ghidra+candidate-map,
th04-maine-boundary-05dee,th04-maine,mz-load-module,0x5DEE,0x15DEE,0x5DEE,0x43,0x43,provisional,library,exclude,excluded,FUN_1000_5dee,,xalloc,_TEXT,linked-library,toolchain-or-library:xalloc,ghidra,,,,true,1,0,2,target-unpacked-ghidra+candidate-map,Ghidra-only boundary has no TLINK public or TASM PROC at its entry.
th04-maine-boundary-05f1c,th04-maine,mz-load-module,0x5F1C,0x15F1C,0x5F1C,0xA7,0xA7,corroborated,library,exclude,excluded,xmsg::xmsg(const string far&),xmsg::xmsg(const string far&),xmsg,_TEXT,linked-library,toolchain-or-library:xmsg,ghidra+map-public,,,,true,1,4,5,target-unpacked-ghidra+candidate-map,
th04-maine-boundary-05fe7,th04-maine,mz-load-module,0x5FE7,0x15FE7,0x5FE7,0xAB,0xAB,corroborated,library,exclude,excluded,xmsg::xmsg(const xmsg far&),xmsg::xmsg(const xmsg far&),xmsg,_TEXT,linked-library,toolchain-or-library:xmsg,ghidra+map-public,,,,true,1,4,5,target-unpacked-ghidra+candidate-map,
th04-maine-boundary-06092,th04-maine,mz-load-module,0x6092,0x16092,0x6092,0x5E,0x5E,corroborated,library,exclude,excluded,xmsg::~xmsg(),xmsg::~xmsg(),xmsg,_TEXT,linked-library,toolchain-or-library:xmsg,ghidra+map-public,,,,true,1,4,3,target-unpacked-ghidra+candidate-map,
th04-maine-boundary-060fe,th04-maine,mz-load-module,0x60FE,0x160FE,0x60FE,0x0,0x0,provisional,library,exclude,excluded,xmsg::raise(),xmsg::raise(),xmsg,_TEXT,linked-library,toolchain-or-library:xmsg,map-public,,,,,,,,target-unpacked-ghidra+candidate-map,TLINK public has no corresponding Ghidra function entry.
th04-maine-boundary-06175,th04-maine,mz-load-module,0x6175,0x16175,0x6175,0x0,0x0,provisional,library,exclude,excluded,xmsg::operator =(const xmsg far&),xmsg::operator =(const xmsg far&),xmsg,_TEXT,linked-library,toolchain-or-library:xmsg,map-public,,,,,,,,target-unpacked-ghidra+candidate-map,TLINK public has no corresponding Ghidra function entry.
th04-maine-boundary-062b3,th04-maine,mz-load-module,0x62B3,0x162B3,0x62B3,0x9,0x9,corroborated,library,exclude,excluded,___JumpToCatch__,___JumpToCatch__,xx,_TEXT,linked-library,toolchain-or-library:xx,ghidra+map-public,,,,true,1,1,0,target-unpacked-ghidra+candidate-map,
th04-maine-boundary-062bf,th04-maine,mz-load-module,0x62BF,0x162BF,0x62BF,0x25,0x25,provisional,library,exclude,excluded,FUN_1000_62bf,,xx,_TEXT,linked-library,toolchain-or-library:xx,ghidra,,,,true,1,1,0,target-unpacked-ghidra+candidate-map,Ghidra-only boundary has no TLINK public or TASM PROC at its entry.
th04-maine-boundary-062e4,th04-maine,mz-load-module,0x62E4,0x162E4,0x62E4,0x9D,0x9D,provisional,library,exclude,excluded,FUN_1000_62e4,,xx,_TEXT,linked-library,toolchain-or-library:xx,ghidra,,,,true,1,7,0,target-unpacked-ghidra+candidate-map,Ghidra-only boundary has no TLINK public or TASM PROC at its entry.
th04-maine-boundary-06381,th04-maine,mz-load-module,0x6381,0x16381,0x6381,0x153,0x153,provisional,library,exclude,excluded,FUN_1000_6381,,xx,_TEXT,linked-library,toolchain-or-library:xx,ghidra,,,,true,1,2,2,target-unpacked-ghidra+candidate-map,Ghidra-only boundary has no TLINK public or TASM PROC at its entry.
th04-maine-boundary-064d4,th04-maine,mz-load-module,0x64D4,0x164D4,0x64D4,0x174,0x174,provisional,library,exclude,excluded,FUN_1000_64d4,,xx,_TEXT,linked-library,toolchain-or-library:xx,ghidra,,,,true,1,1,2,target-unpacked-ghidra+candidate-map,Ghidra-only boundary has no TLINK public or TASM PROC at its entry.
th04-maine-boundary-06648,th04-maine,mz-load-module,0x6648,0x16648,0x6648,0x5C,0x5C,provisional,library,exclude,excluded,FUN_1000_6648,,xx,_TEXT,linked-library,toolchain-or-library:xx,ghidra,,,,true,1,1,2,target-unpacked-ghidra+candidate-map,Ghidra-only boundary has no TLINK public or TASM PROC at its entry.
th04-maine-boundary-066a4,th04-maine,mz-load-module,0x66A4,0x166A4,0x66A4,0x39,0x39,provisional,library,exclude,excluded,FUN_1000_66a4,,xx,_TEXT,linked-library,toolchain-or-library:xx,ghidra,,,,true,1,0,1,target-unpacked-ghidra+candidate-map,Ghidra-only boundary has no TLINK public or TASM PROC at its entry.
th04-maine-boundary-066dd,th04-maine,mz-load-module,0x66DD,0x166DD,0x66DD,0x105,0x105,provisional,library,exclude,excluded,FUN_1000_66dd,,xx,_TEXT,linked-library,toolchain-or-library:xx,ghidra,,,,true,1,2,1,target-unpacked-ghidra+candidate-map,Ghidra-only boundary has no TLINK public or TASM PROC at its entry.
th04-maine-boundary-067e2,th04-maine,mz-load-module,0x67E2,0x167E2,0x67E2,0x2EE,0x2EE,provisional,library,exclude,excluded,FUN_1000_67e2,,xx,_TEXT,linked-library,toolchain-or-library:xx,ghidra,,,,true,1,2,0,target-unpacked-ghidra+candidate-map,Ghidra-only boundary has no TLINK public or TASM PROC at its entry.
th04-maine-boundary-06b30,th04-maine,mz-load-module,0x6B30,0x16B30,0x6B30,0x188,0x188,provisional,library,exclude,excluded,FUN_1000_6b30,,xx,_TEXT,linked-library,toolchain-or-library:xx,ghidra,,,,true,1,3,0,target-unpacked-ghidra+candidate-map,Ghidra-only boundary has no TLINK public or TASM PROC at its entry.
th04-maine-boundary-06ce8,th04-maine,mz-load-module,0x6CE8,0x16CE8,0x6CE8,0xB9,0xB9,provisional,library,exclude,excluded,FUN_1000_6ce8,,xx,_TEXT,linked-library,toolchain-or-library:xx,ghidra,,,,true,1,1,0,target-unpacked-ghidra+candidate-map,Ghidra-only boundary has no TLINK public or TASM PROC at its entry.
th04-maine-boundary-06e07,th04-maine,mz-load-module,0x6E07,0x16E07,0x6E07,0x31B,0x32F,provisional,library,exclude,excluded,FUN_1000_6e07,,xx,_TEXT,linked-library,toolchain-or-library:xx,ghidra,,,,false,3,2,8,target-unpacked-ghidra+candidate-map,Ghidra-only boundary has no TLINK public or TASM PROC at its entry.
th04-maine-boundary-07136,th04-maine,mz-load-module,0x7136,0x17136,0x7136,0x59,0x59,corroborated,library,exclude,excluded,"_throwexception(void far*,void far*,void far*,void far*,unsigned int,unsigned int,unsigned int,unsigned char far*)","_throwexception(void far*,void far*,void far*,void far*,unsigned int,unsigned int,unsigned int,unsigned char far*)",xx,_TEXT,linked-library,toolchain-or-library:xx,ghidra+map-public,,,,true,1,8,1,target-unpacked-ghidra+candidate-map,
th04-maine-boundary-0718f,th04-maine,mz-load-module,0x718F,0x1718F,0x718F,0xAA,0xAA,corroborated,library,exclude,excluded,"_rethrowexception(unsigned int,unsigned char far*)","_rethrowexception(unsigned int,unsigned char far*)",xx,_TEXT,linked-library,toolchain-or-library:xx,ghidra+map-public,,,,true,1,0,2,target-unpacked-ghidra+candidate-map,
th04-maine-boundary-07239,th04-maine,mz-load-module,0x7239,0x17239,0x7239,0x5,0x5,provisional,library,exclude,excluded,FUN_1000_7239,,xx,_TEXT,linked-library,toolchain-or-library:xx,ghidra,,,,true,1,1,0,target-unpacked-ghidra+candidate-map,Ghidra-only boundary has no TLINK public or TASM PROC at its entry.
th04-maine-boundary-0723e,th04-maine,mz-load-module,0x723E,0x1723E,0x723E,0x8C,0x8C,provisional,library,exclude,excluded,FUN_1000_723e,,xx,_TEXT,linked-library,toolchain-or-library:xx,ghidra,,,,true,1,2,1,target-unpacked-ghidra+candidate-map,Ghidra-only boundary has no TLINK public or TASM PROC at its entry.
th04-maine-boundary-072ca,th04-maine,mz-load-module,0x72CA,0x172CA,0x72CA,0x47,0x47,corroborated,library,exclude,excluded,__Global_unwind,__Global_unwind,xx,_TEXT,linked-library,toolchain-or-library:xx,ghidra+map-public,,,,true,1,1,1,target-unpacked-ghidra+candidate-map,
th04-maine-boundary-07311,th04-maine,mz-load-module,0x7311,0x17311,0x7311,0x5,0x5,provisional,library,exclude,excluded,FUN_1000_7311,,xx,_TEXT,linked-library,toolchain-or-library:xx,ghidra,,,,true,1,1,0,target-unpacked-ghidra+candidate-map,Ghidra-only boundary has no TLINK public or TASM PROC at its entry.
th04-maine-boundary-07316,th04-maine,mz-load-module,0x7316,0x17316,0x7316,0xE7,0xE7,corroborated,library,exclude,excluded,_RaiseException,_RaiseException,xx,_TEXT,linked-library,toolchain-or-library:xx,ghidra+map-public,,,,true,1,1,2,target-unpacked-ghidra+candidate-map,
th04-maine-boundary-07400,th04-maine,mz-load-module,0x7400,0x17400,0x7400,0x390,0x395,excluded,library,exclude,excluded,switchD_1000:ba13::caseD_0,,xx,_TEXT,linked-library,toolchain-or-library:xx,ghidra,,,,false,3,0,3,target-unpacked-ghidra+candidate-map,"Ghidra entry is a switch/data/non-code artifact, not an accepted function boundary."
th04-maine-boundary-077bf,th04-maine,mz-load-module,0x77BF,0x177BF,0x77BF,0x46,0x50,provisional,library,exclude,excluded,FUN_1000_77bf,,xx,_TEXT,linked-library,toolchain-or-library:xx,ghidra,,,,false,2,2,3,target-unpacked-ghidra+candidate-map,Ghidra-only boundary has no TLINK public or TASM PROC at its entry.
th04-maine-boundary-0780f,th04-maine,mz-load-module,0x780F,0x1780F,0x780F,0xD8,0xD8,provisional,library,exclude,excluded,FUN_1000_780f,,xx,_TEXT,linked-library,toolchain-or-library:xx,ghidra,,,,true,1,2,2,target-unpacked-ghidra+candidate-map,Ghidra-only boundary has no TLINK public or TASM PROC at its entry.
th04-maine-boundary-078e7,th04-maine,mz-load-module,0x78E7,0x178E7,0x78E7,0x7D,0x7D,corroborated,library,exclude,excluded,_catchcleanup(),_catchcleanup(),xx,_TEXT,linked-library,toolchain-or-library:xx,ghidra+map-public,,,,true,1,0,1,target-unpacked-ghidra+candidate-map,
th04-maine-boundary-07964,th04-maine,mz-load-module,0x7964,0x17964,0x7964,0xCC,0xCC,provisional,library,exclude,excluded,FUN_1000_7964,,xx,_TEXT,linked-library,toolchain-or-library:xx,ghidra,,,,true,1,2,2,target-unpacked-ghidra+candidate-map,Ghidra-only boundary has no TLINK public or TASM PROC at its entry.
th04-maine-boundary-07a30,th04-maine,mz-load-module,0x7A30,0x17A30,0x7A30,0x83,0x83,provisional,library,exclude,excluded,FUN_1000_7a30,,xx,_TEXT,linked-library,toolchain-or-library:xx,ghidra,,,,true,1,1,1,target-unpacked-ghidra+candidate-map,Ghidra-only boundary has no TLINK public or TASM PROC at its entry.
th04-maine-boundary-07ab3,th04-maine,mz-load-module,0x7AB3,0x17AB3,0x7AB3,0x2A6,0x2A6,provisional,library,exclude,excluded,FUN_1000_7ab3,,xx,_TEXT,linked-library,toolchain-or-library:xx,ghidra,,,,true,1,1,6,target-unpacked-ghidra+candidate-map,Ghidra-only boundary has no TLINK public or TASM PROC at its entry.
th04-maine-boundary-07d59,th04-maine,mz-load-module,0x7D59,0x17D59,0x7D59,0x1BF,0x1BF,provisional,library,exclude,excluded,FUN_1000_7d59,,xx,_TEXT,linked-library,toolchain-or-library:xx,ghidra,,,,true,1,2,2,target-unpacked-ghidra+candidate-map,Ghidra-only boundary has no TLINK public or TASM PROC at its entry.
th04-maine-boundary-07f24,th04-maine,mz-load-module,0x7F24,0x17F24,0x7F24,0x0,0x0,provisional,library,exclude,excluded,__Local_unwind,__Local_unwind,xx,_TEXT,linked-library,toolchain-or-library:xx,map-public,,,,,,,,target-unpacked-ghidra+candidate-map,TLINK public has no corresponding Ghidra function entry.
th04-maine-boundary-07f44,th04-maine,mz-load-module,0x7F44,0x17F44,0x7F44,0x2A,0x2A,corroborated,library,exclude,excluded,__Return_unwind,__Return_unwind,xx,_TEXT,linked-library,toolchain-or-library:xx,ghidra+map-public,,,,true,1,0,1,target-unpacked-ghidra+candidate-map,
th04-maine-boundary-07f6e,th04-maine,mz-load-module,0x7F6E,0x17F6E,0x7F6E,0x84,0x84,provisional,library,exclude,excluded,FUN_1000_7f6e,,xx,_TEXT,linked-library,toolchain-or-library:xx,ghidra,,,,true,1,1,1,target-unpacked-ghidra+candidate-map,Ghidra-only boundary has no TLINK public or TASM PROC at its entry.
th04-maine-boundary-07ffa,th04-maine,mz-load-module,0x7FFA,0x17FFA,0x7FFA,0x0,0x0,provisional,library,exclude,excluded,__ExceptionHandler,__ExceptionHandler,xx,_TEXT,linked-library,toolchain-or-library:xx,map-public,,,,,,,,target-unpacked-ghidra+candidate-map,TLINK public has no corresponding Ghidra function entry.
th04-maine-boundary-083c4,th04-maine,mz-load-module,0x83C4,0x183C4,0x83C4,0x5A,0x6C,provisional,library,exclude,excluded,FUN_1000_83c4,,xx,_TEXT,linked-library,toolchain-or-library:xx,ghidra,,,,false,3,1,3,target-unpacked-ghidra+candidate-map,Ghidra-only boundary has no TLINK public or TASM PROC at its entry.
th04-maine-boundary-08430,th04-maine,mz-load-module,0x8430,0x18430,0x8430,0x81,0x81,provisional,library,exclude,excluded,FUN_1000_8430,,xx,_TEXT,linked-library,toolchain-or-library:xx,ghidra,,,,true,1,1,1,target-unpacked-ghidra+candidate-map,Ghidra-only boundary has no TLINK public or TASM PROC at its entry.
th04-maine-boundary-084b1,th04-maine,mz-load-module,0x84B1,0x184B1,0x84B1,0x2CB,0x2CB,provisional,library,exclude,excluded,FUN_1000_84b1,,xx,_TEXT,linked-library,toolchain-or-library:xx,ghidra,,,,true,1,4,4,target-unpacked-ghidra+candidate-map,Ghidra-only boundary has no TLINK public or TASM PROC at its entry.
th04-maine-boundary-0877c,th04-maine,mz-load-module,0x877C,0x1877C,0x877C,0x102,0x102,provisional,library,exclude,excluded,FUN_1000_877c,,xx,_TEXT,linked-library,toolchain-or-library:xx,ghidra,,,,true,1,2,3,target-unpacked-ghidra+candidate-map,Ghidra-only boundary has no TLINK public or TASM PROC at its entry.
th04-maine-boundary-0887e,th04-maine,mz-load-module,0x887E,0x1887E,0x887E,0xB1,0xB1,provisional,library,exclude,excluded,FUN_1000_887e,,xx,_TEXT,linked-library,toolchain-or-library:xx,ghidra,,,,true,1,1,0,target-unpacked-ghidra+candidate-map,Ghidra-only boundary has no TLINK public or TASM PROC at its entry.
th04-maine-boundary-0892f,th04-maine,mz-load-module,0x892F,0x1892F,0x892F,0x40B,0x40B,provisional,library,exclude,excluded,FUN_1000_892f,,xx,_TEXT,linked-library,toolchain-or-library:xx,ghidra,,,,true,1,1,7,target-unpacked-ghidra+candidate-map,Ghidra-only boundary has no TLINK public or TASM PROC at its entry.
th04-maine-boundary-08d3a,th04-maine,mz-load-module,0x8D3A,0x18D3A,0x8D3A,0x55,0x55,corroborated,library,exclude,excluded,__CurrExcContext,__CurrExcContext,xx,_TEXT,linked-library,toolchain-or-library:xx,ghidra+map-public,,,,true,1,0,1,target-unpacked-ghidra+candidate-map,
th04-maine-boundary-08d8f,th04-maine,mz-load-module,0x8D8F,0x18D8F,0x8D8F,0x0,0x0,provisional,library,exclude,excluded,__throwfilename(),__throwfilename(),xx,_TEXT,linked-library,toolchain-or-library:xx,map-public,,,,,,,,target-unpacked-ghidra+candidate-map,TLINK public has no corresponding Ghidra function entry.
th04-maine-boundary-08da1,th04-maine,mz-load-module,0x8DA1,0x18DA1,0x8DA1,0x0,0x0,provisional,library,exclude,excluded,__throwlinenumber(),__throwlinenumber(),xx,_TEXT,linked-library,toolchain-or-library:xx,map-public,,,,,,,,target-unpacked-ghidra+candidate-map,TLINK public has no corresponding Ghidra function entry.
th04-maine-boundary-08daf,th04-maine,mz-load-module,0x8DAF,0x18DAF,0x8DAF,0x0,0x0,provisional,library,exclude,excluded,__throwexceptionname(),__throwexceptionname(),xx,_TEXT,linked-library,toolchain-or-library:xx,map-public,,,,,,,,target-unpacked-ghidra+candidate-map,TLINK public has no corresponding Ghidra function entry.
th04-maine-boundary-08dc1,th04-maine,mz-load-module,0x8DC1,0x18DC1,0x8DC1,0x6E,0x6E,corroborated,library,exclude,excluded,typeinfo::typeinfo(const typeinfo far&),typeinfo::typeinfo(const typeinfo far&),xx,_TEXT,linked-library,toolchain-or-library:xx,ghidra+map-public,,,,true,1,0,2,target-unpacked-ghidra+candidate-map,
th04-maine-boundary-08e2f,th04-maine,mz-load-module,0x8E2F,0x18E2F,0x8E2F,0xF,0xF,corroborated,library,exclude,excluded,typeinfo::operator =(const typeinfo far&),typeinfo::operator =(const typeinfo far&),xx,_TEXT,linked-library,toolchain-or-library:xx,ghidra+map-public,,,,true,1,0,0,target-unpacked-ghidra+candidate-map,
th04-maine-boundary-08e3e,th04-maine,mz-load-module,0x8E3E,0x18E3E,0x8E3E,0x34,0x34,corroborated,library,exclude,excluded,typeinfo::~typeinfo(),typeinfo::~typeinfo(),xx,_TEXT,linked-library,toolchain-or-library:xx,ghidra+map-public,,,,true,1,0,1,target-unpacked-ghidra+candidate-map,
th04-maine-boundary-08e72,th04-maine,mz-load-module,0x8E72,0x18E72,0x8E72,0x26,0x26,corroborated,library,exclude,excluded,typeinfo::operator ==(const typeinfo far&) const,typeinfo::operator ==(const typeinfo far&) const,xx,_TEXT,linked-library,toolchain-or-library:xx,ghidra+map-public,,,,true,1,1,1,target-unpacked-ghidra+candidate-map,
th04-maine-boundary-08e98,th04-maine,mz-load-module,0x8E98,0x18E98,0x8E98,0x21,0x21,corroborated,library,exclude,excluded,typeinfo::operator !=(const typeinfo far&) const,typeinfo::operator !=(const typeinfo far&) const,xx,_TEXT,linked-library,toolchain-or-library:xx,ghidra+map-public,,,,true,1,0,1,target-unpacked-ghidra+candidate-map,
th04-maine-boundary-08eb9,th04-maine,mz-load-module,0x8EB9,0x18EB9,0x8EB9,0x78,0x78,corroborated,library,exclude,excluded,typeinfo::before(const typeinfo far&) const,typeinfo::before(const typeinfo far&) const,xx,_TEXT,linked-library,toolchain-or-library:xx,ghidra+map-public,,,,true,1,0,1,target-unpacked-ghidra+candidate-map,
th04-maine-boundary-08f31,th04-maine,mz-load-module,0x8F31,0x18F31,0x8F31,0x1A,0x1A,corroborated,library,exclude,excluded,typeinfo::name() const,typeinfo::name() const,xx,_TEXT,linked-library,toolchain-or-library:xx,ghidra+map-public,,,,true,1,0,1,target-unpacked-ghidra+candidate-map,
th04-maine-boundary-08f4b,th04-maine,mz-load-module,0x8F4B,0x18F4B,0x8F4B,0x83,0x83,corroborated,library,exclude,excluded,"__gettypeinfo(void far*,void far*,void far*,void far*)","__gettypeinfo(void far*,void far*,void far*,void far*)",xx,_TEXT,linked-library,toolchain-or-library:xx,ghidra+map-public,,,,true,1,0,1,target-unpacked-ghidra+candidate-map,
th04-maine-boundary-08fce,th04-maine,mz-load-module,0x8FCE,0x18FCE,0x8FCE,0x31,0x31,provisional,library,exclude,excluded,FUN_1000_8fce,,xx,_TEXT,linked-library,toolchain-or-library:xx,ghidra,,,,true,1,2,0,target-unpacked-ghidra+candidate-map,Ghidra-only boundary has no TLINK public or TASM PROC at its entry.
th04-maine-boundary-09000,th04-maine,mz-load-module,0x9000,0x19000,0x9000,0x214,0x214,excluded,library,exclude,excluded,switchD_1000:be83::caseD_0,,xx,_TEXT,linked-library,toolchain-or-library:xx,ghidra,,,,true,1,0,2,target-unpacked-ghidra+candidate-map,"Ghidra entry is a switch/data/non-code artifact, not an accepted function boundary."
th04-maine-boundary-09214,th04-maine,mz-load-module,0x9214,0x19214,0x9214,0x165,0x165,corroborated,library,exclude,excluded,"__dynamiccast(void far*,void far*,void far*,void far*,int)","__dynamiccast(void far*,void far*,void far*,void far*,int)",xx,_TEXT,linked-library,toolchain-or-library:xx,ghidra+map-public,,,,true,1,0,3,target-unpacked-ghidra+candidate-map,
th04-maine-boundary-09401,th04-maine,mz-load-module,0x9401,0x19401,0x9401,0x137,0x137,corroborated,library,exclude,excluded,__DOSCMD,__DOSCMD,doscmd,_TEXT,linked-library,toolchain-or-library:doscmd,ghidra+map-public,,,,true,1,1,3,target-unpacked-ghidra+candidate-map,
th04-maine-boundary-0969f,th04-maine,mz-load-module,0x969F,0x1969F,0x969F,0x0,0x0,provisional,library,exclude,excluded,__exec,__exec,exec,_TEXT,linked-library,toolchain-or-library:exec,map-public,,,,,,,,target-unpacked-ghidra+candidate-map,TLINK public has no corresponding Ghidra function entry.
th04-maine-boundary-098dd,th04-maine,mz-load-module,0x98DD,0x198DD,0x98DD,0x23,0x23,corroborated,library,exclude,excluded,_execl,_execl,execl,_TEXT,linked-library,toolchain-or-library:execl,ghidra+map-public,,,,true,1,1,1,target-unpacked-ghidra+candidate-map,
th04-maine-boundary-09900,th04-maine,mz-load-module,0x9900,0x19900,0x9900,0x20,0x20,corroborated,library,exclude,excluded,_setblock,_setblock,setblock,_TEXT,linked-library,toolchain-or-library:setblock,ghidra+map-public,,,,true,1,1,1,target-unpacked-ghidra+candidate-map,
th04-maine-boundary-09a5a,th04-maine,mz-load-module,0x9A5A,0x19A5A,0x9A5A,0x4D,0x4D,provisional,library,exclude,excluded,FUN_1000_9a5a,,ctor3,_TEXT,linked-library,toolchain-or-library:ctor3,ghidra,,,,true,1,0,3,target-unpacked-ghidra+candidate-map,Ghidra-only boundary has no TLINK public or TASM PROC at its entry.
th04-maine-boundary-09c0b,th04-maine,mz-load-module,0x9C0B,0x19C0B,0x9C0B,0x4D,0x4D,provisional,library,exclude,excluded,FUN_1000_9c0b,,strings,_TEXT,linked-library,toolchain-or-library:strings,ghidra,,,,true,1,0,3,target-unpacked-ghidra+candidate-map,Ghidra-only boundary has no TLINK public or TASM PROC at its entry.
th04-maine-boundary-09c58,th04-maine,mz-load-module,0x9C58,0x19C58,0x9C58,0x4D,0x4D,provisional,library,exclude,excluded,FUN_1000_9c58,,strings,_TEXT,linked-library,toolchain-or-library:strings,ghidra,,,,true,1,0,3,target-unpacked-ghidra+candidate-map,Ghidra-only boundary has no TLINK public or TASM PROC at its entry.
th04-maine-boundary-09ca5,th04-maine,mz-load-module,0x9CA5,0x19CA5,0x9CA5,0x4D,0x4D,provisional,library,exclude,excluded,FUN_1000_9ca5,,strings,_TEXT,linked-library,toolchain-or-library:strings,ghidra,,,,true,1,0,3,target-unpacked-ghidra+candidate-map,Ghidra-only boundary has no TLINK public or TASM PROC at its entry.
th04-maine-boundary-09cf2,th04-maine,mz-load-module,0x9CF2,0x19CF2,0x9CF2,0x84,0x84,provisional,library,exclude,excluded,FUN_1000_9cf2,,loadprog,_TEXT,linked-library,toolchain-or-library:loadprog,ghidra,,,,true,1,1,1,target-unpacked-ghidra+candidate-map,Ghidra-only boundary has no TLINK public or TASM PROC at its entry.
th04-maine-boundary-09d76,th04-maine,mz-load-module,0x9D76,0x19D76,0x9D76,0x89,0x89,provisional,library,exclude,excluded,FUN_1000_9d76,,loadprog,_TEXT,linked-library,toolchain-or-library:loadprog,ghidra,,,,true,1,1,4,target-unpacked-ghidra+candidate-map,Ghidra-only boundary has no TLINK public or TASM PROC at its entry.
th04-maine-boundary-09dff,th04-maine,mz-load-module,0x9DFF,0x19DFF,0x9DFF,0x25A,0x25A,corroborated,library,exclude,excluded,__LoadProg,__LoadProg,loadprog,_TEXT,linked-library,toolchain-or-library:loadprog,ghidra+map-public,,,,true,1,1,10,target-unpacked-ghidra+candidate-map,
th04-maine-boundary-0a059,th04-maine,mz-load-module,0xA059,0x1A059,0xA059,0x31,0x31,corroborated,authored,reconstruct,unreviewed,cfg_load_resident_ptr(),cfg_load_resident_ptr(),th04/maine_e.cpp,MAINE_E_TEXT,candidate-cpp,candidate:th04/maine_e.cpp,ghidra+map-public,,,,true,1,1,3,target-unpacked-ghidra+candidate-map,
th04-maine-boundary-0a08a,th04-maine,mz-load-module,0xA08A,0x1A08A,0xA08A,0x33,0x33,corroborated,authored,reconstruct,unreviewed,game_exit_and_exec(char far*),game_exit_and_exec(char far*),th04/maine_e.cpp,MAINE_E_TEXT,candidate-cpp,candidate:th04/maine_e.cpp,ghidra+map-public,,,,true,1,1,6,target-unpacked-ghidra+candidate-map,
th04-maine-boundary-0a0bd,th04-maine,mz-load-module,0xA0BD,0x1A0BD,0xA0BD,0x45,0x45,corroborated,authored,reconstruct,unreviewed,end_animate(),end_animate(),th04/maine_e.cpp,MAINE_E_TEXT,candidate-cpp,candidate:th04/maine_e.cpp,ghidra+map-public,,,,true,1,1,3,target-unpacked-ghidra+candidate-map,
th04-maine-boundary-0a102,th04-maine,mz-load-module,0xA102,0x1A102,0xA102,0x190,0x190,corroborated,authored,reconstruct,unreviewed,_main,_main,th04/maine_e.cpp,MAINE_E_TEXT,candidate-cpp,candidate:th04/maine_e.cpp,ghidra+map-public,,,,true,1,1,22,target-unpacked-ghidra+candidate-map,
th04-maine-boundary-0a292,th04-maine,mz-load-module,0xA292,0x1A292,0xA292,0x3F,0x3F,corroborated,authored,reconstruct,unreviewed,cutscene_script_load(const char far*),cutscene_script_load(const char far*),th04/cutscene.cpp,CUTSCENE_TEXT,candidate-cpp,candidate:th04/cutscene.cpp,ghidra+map-public,,,,true,1,1,5,target-unpacked-ghidra+candidate-map,
th04-maine-boundary-0a2d1,th04-maine,mz-load-module,0xA2D1,0x1A2D1,0xA2D1,0x5,0x5,corroborated,authored,reconstruct,unreviewed,cutscene_script_free(),cutscene_script_free(),th04/cutscene.cpp,CUTSCENE_TEXT,candidate-cpp,candidate:th04/cutscene.cpp,ghidra+map-public,,,,true,1,2,0,target-unpacked-ghidra+candidate-map,
th04-maine-boundary-0a2d6,th04-maine,mz-load-module,0xA2D6,0x1A2D6,0xA2D6,0x34,0x34,corroborated,authored,reconstruct,unreviewed,egc_start_copy(),egc_start_copy(),th04/cutscene.cpp,CUTSCENE_TEXT,candidate-cpp,candidate:th04/cutscene.cpp,ghidra+map-public,,,,true,1,3,1,target-unpacked-ghidra+candidate-map,
th04-maine-boundary-0a30a,th04-maine,mz-load-module,0xA30A,0x1A30A,0xA30A,0x75,0x75,corroborated,authored,reconstruct,unreviewed,"pic_copy_to_other(int,int)","pic_copy_to_other(int,int)",th04/cutscene.cpp,CUTSCENE_TEXT,candidate-cpp,candidate:th04/cutscene.cpp,ghidra+map-public,,,,true,1,1,2,target-unpacked-ghidra+candidate-map,
th04-maine-boundary-0a37f,th04-maine,mz-load-module,0xA37F,0x1A37F,0xA37F,0x12F,0x12F,corroborated,authored,reconstruct,unreviewed,"pic_put_both_masked(int,int,int,int)","pic_put_both_masked(int,int,int,int)",th04/cutscene.cpp,CUTSCENE_TEXT,candidate-cpp,candidate:th04/cutscene.cpp,ghidra+map-public,,,,true,1,0,4,target-unpacked-ghidra+candidate-map,
th04-maine-boundary-0a4ae,th04-maine,mz-load-module,0xA4AE,0x1A4AE,0xA4AE,0xD1,0xD1,corroborated,authored,reconstruct,unreviewed,box_bg_allocate_and_snap(),box_bg_allocate_and_snap(),th04/cutscene.cpp,CUTSCENE_TEXT,candidate-cpp,candidate:th04/cutscene.cpp,ghidra+map-public,,,,true,1,1,2,target-unpacked-ghidra+candidate-map,
th04-maine-boundary-0a57f,th04-maine,mz-load-module,0xA57F,0x1A57F,0xA57F,0x1F,0x1F,corroborated,authored,reconstruct,unreviewed,box_bg_free(),box_bg_free(),th04/cutscene.cpp,CUTSCENE_TEXT,candidate-cpp,candidate:th04/cutscene.cpp,ghidra+map-public,,,,true,1,2,1,target-unpacked-ghidra+candidate-map,
th04-maine-boundary-0a59e,th04-maine,mz-load-module,0xA59E,0x1A59E,0xA59E,0xAF,0xAF,corroborated,authored,reconstruct,unreviewed,box_bg_put(),box_bg_put(),th04/cutscene.cpp,CUTSCENE_TEXT,candidate-cpp,candidate:th04/cutscene.cpp,ghidra+map-public,,,,true,1,2,0,target-unpacked-ghidra+candidate-map,
th04-maine-boundary-0a64d,th04-maine,mz-load-module,0xA64D,0x1A64D,0xA64D,0xC6,0xC6,corroborated,authored,reconstruct,unreviewed,script_param_read_number_first(int far&),script_param_read_number_first(int far&),th04/cutscene.cpp,CUTSCENE_TEXT,candidate-cpp,candidate:th04/cutscene.cpp,ghidra+map-public,,,,true,1,1,0,target-unpacked-ghidra+candidate-map,
th04-maine-boundary-0a713,th04-maine,mz-load-module,0xA713,0x1A713,0xA713,0x28,0x28,corroborated,authored,reconstruct,unreviewed,script_param_read_number_second(int far&),script_param_read_number_second(int far&),th04/cutscene.cpp,CUTSCENE_TEXT,candidate-cpp,candidate:th04/cutscene.cpp,ghidra+map-public,,,,true,1,0,1,target-unpacked-ghidra+candidate-map,
th04-maine-boundary-0a73b,th04-maine,mz-load-module,0xA73B,0x1A73B,0xA73B,0x54,0x54,corroborated,authored,reconstruct,unreviewed,cursor_advance_and_animate(),cursor_advance_and_animate(),th04/cutscene.cpp,CUTSCENE_TEXT,candidate-cpp,candidate:th04/cutscene.cpp,ghidra+map-public,,,,true,1,1,3,target-unpacked-ghidra+candidate-map,
th04-maine-boundary-0a78f,th04-maine,mz-load-module,0xA78F,0x1A78F,0xA78F,0x86,0x86,corroborated,authored,reconstruct,unreviewed,box_1_to_0_masked(box_mask_t),box_1_to_0_masked(box_mask_t),th04/cutscene.cpp,CUTSCENE_TEXT,candidate-cpp,candidate:th04/cutscene.cpp,ghidra+map-public,,,,true,1,1,0,target-unpacked-ghidra+candidate-map,
th04-maine-boundary-0a815,th04-maine,mz-load-module,0xA815,0x1A815,0xA815,0x32,0x32,corroborated,authored,reconstruct,unreviewed,box_1_to_0_animate(),box_1_to_0_animate(),th04/cutscene.cpp,CUTSCENE_TEXT,candidate-cpp,candidate:th04/cutscene.cpp,ghidra+map-public,,,,true,1,1,4,target-unpacked-ghidra+candidate-map,
th04-maine-boundary-0a847,th04-maine,mz-load-module,0xA847,0x1A847,0xA847,0x3A,0x575,provisional,authored,reconstruct,unreviewed,script_op(unsigned char),script_op(unsigned char),th04/cutscene.cpp,CUTSCENE_TEXT,candidate-cpp,candidate:th04/cutscene.cpp,ghidra+map-public,,,,false,2,1,1,target-unpacked-ghidra+candidate-map,Ghidra body is noncontiguous and requires control-flow reconciliation.
th04-maine-boundary-0adfc,th04-maine,mz-load-module,0xADFC,0x1ADFC,0xADFC,0xD4,0xD4,corroborated,authored,reconstruct,unreviewed,cutscene_animate(),cutscene_animate(),th04/cutscene.cpp,CUTSCENE_TEXT,candidate-cpp,candidate:th04/cutscene.cpp,ghidra+map-public,,,,true,1,1,7,target-unpacked-ghidra+candidate-map,
th04-maine-boundary-0aed0,th04-maine,mz-load-module,0xAED0,0x1AED0,0xAED0,0x15D,0x15D,corroborated,authored,reconstruct,unreviewed,sub_AED0,,th04_maine.asm,MAINE_01_TEXT,target-derived-asm,candidate:th04_maine.asm,ghidra+tasm-proc,sub_AED0,near,1867,true,1,0,4,target-unpacked-ghidra+candidate-map,
th04-maine-boundary-0b02d,th04-maine,mz-load-module,0xB02D,0x1B02D,0xB02D,0x117,0x117,corroborated,authored,reconstruct,unreviewed,sub_B02D,,th04_maine.asm,MAINE_01_TEXT,target-derived-asm,candidate:th04_maine.asm,ghidra+tasm-proc,sub_B02D,near,2047,true,1,0,4,target-unpacked-ghidra+candidate-map,
th04-maine-boundary-0b144,th04-maine,mz-load-module,0xB144,0x1B144,0xB144,0x117,0x117,corroborated,authored,reconstruct,unreviewed,sub_B144,,th04_maine.asm,MAINE_01_TEXT,target-derived-asm,candidate:th04_maine.asm,ghidra+tasm-proc,sub_B144,near,2199,true,1,0,4,target-unpacked-ghidra+candidate-map,
th04-maine-boundary-0b25b,th04-maine,mz-load-module,0xB25B,0x1B25B,0xB25B,0x36,0x36,corroborated,authored,reconstruct,unreviewed,sub_B25B,,th04_maine.asm,MAINE_01_TEXT,target-derived-asm,candidate:th04_maine.asm,ghidra+tasm-proc,sub_B25B,near,2357,true,1,3,1,target-unpacked-ghidra+candidate-map,
th04-maine-boundary-0b291,th04-maine,mz-load-module,0xB291,0x1B291,0xB291,0x8D,0x8D,corroborated,authored,reconstruct,unreviewed,sub_B291,,th04_maine.asm,MAINE_01_TEXT,target-derived-asm,candidate:th04_maine.asm,ghidra+tasm-proc,sub_B291,near,2405,true,1,1,2,target-unpacked-ghidra+candidate-map,
th04-maine-boundary-0b31e,th04-maine,mz-load-module,0xB31E,0x1B31E,0xB31E,0x8E,0x8E,corroborated,authored,reconstruct,unreviewed,sub_B31E,,th04_maine.asm,MAINE_01_TEXT,target-derived-asm,candidate:th04_maine.asm,ghidra+tasm-proc,sub_B31E,near,2496,true,1,1,2,target-unpacked-ghidra+candidate-map,
th04-maine-boundary-0b3ac,th04-maine,mz-load-module,0xB3AC,0x1B3AC,0xB3AC,0xA1,0xA1,corroborated,authored,reconstruct,unreviewed,sub_B3AC,,th04_maine.asm,MAINE_01_TEXT,target-derived-asm,candidate:th04_maine.asm,ghidra+tasm-proc,sub_B3AC,near,2594,true,1,1,2,target-unpacked-ghidra+candidate-map,
th04-maine-boundary-0b44d,th04-maine,mz-load-module,0xB44D,0x1B44D,0xB44D,0x33A,0x33A,corroborated,authored,reconstruct,unreviewed,staffroll_animate(),staffroll_animate(),th04_maine.asm,MAINE_01_TEXT,target-derived-asm,candidate:th04_maine.asm,ghidra+map-public+tasm-proc,@staffroll_animate$qv,near,2693,true,1,1,20,target-unpacked-ghidra+candidate-map,
th04-maine-boundary-0b787,th04-maine,mz-load-module,0xB787,0x1B787,0xB787,0x96,0x96,corroborated,authored,reconstruct,unreviewed,"graph_3_digit_put(int,int,unsigned )","graph_3_digit_put(int,int,unsigned )",th04_maine.asm,MAINE_01_TEXT,target-derived-asm,candidate:th04_maine.asm,ghidra+map-public+tasm-proc,@graph_3_digit_put$qiiu,near,3040,true,1,3,1,target-unpacked-ghidra+candidate-map,
th04-maine-boundary-0b81d,th04-maine,mz-load-module,0xB81D,0x1B81D,0xB81D,0x69,0x69,corroborated,authored,reconstruct,unreviewed,sub_B81D,,th04_maine.asm,MAINE_01_TEXT,target-derived-asm,candidate:th04_maine.asm,ghidra+tasm-proc,sub_B81D,near,3129,true,1,1,2,target-unpacked-ghidra+candidate-map,
th04-maine-boundary-0b886,th04-maine,mz-load-module,0xB886,0x1B886,0xB886,0xF5,0xF5,corroborated,authored,reconstruct,unreviewed,"skill_apply_and_graph_percentage(int,int,unsigned int,unsigned int)","skill_apply_and_graph_percentage(int,int,unsigned int,unsigned int)",th04_maine.asm,MAINE_01_TEXT,target-derived-asm,candidate:th04_maine.asm,ghidra+map-public+tasm-proc,@skill_apply_and_graph_percentage$qiiuiui,near,3198,true,1,1,2,target-unpacked-ghidra+candidate-map,
th04-maine-boundary-0b97b,th04-maine,mz-load-module,0xB97B,0x1B97B,0xB97B,0x77,0x77,corroborated,authored,reconstruct,unreviewed,"graph_fraction_of_million_put(int,int,unsigned long)","graph_fraction_of_million_put(int,int,unsigned long)",th04_maine.asm,MAINE_01_TEXT,target-derived-asm,candidate:th04_maine.asm,ghidra+map-public+tasm-proc,@graph_fraction_of_million_put$qiiul,near,3327,true,1,2,2,target-unpacked-ghidra+candidate-map,
th04-maine-boundary-0b9f2,th04-maine,mz-load-module,0xB9F2,0x1B9F2,0xB9F2,0x148,0x182,provisional,authored,reconstruct,unreviewed,sub_B9F2,,th04_maine.asm,MAINE_01_TEXT,target-derived-asm,candidate:th04_maine.asm,ghidra+tasm-proc,sub_B9F2,near,3392,false,2,1,3,target-unpacked-ghidra+candidate-map,Ghidra body is noncontiguous and requires control-flow reconciliation.
th04-maine-boundary-0bb81,th04-maine,mz-load-module,0xBB81,0x1BB81,0xBB81,0x605,0xA9CE,provisional,authored,reconstruct,unreviewed,sub_BB81,,th04_maine.asm,MAINE_01_TEXT,target-derived-asm,candidate:th04_maine.asm,ghidra+tasm-proc,sub_BB81,near,3585,false,7,1,22,target-unpacked-ghidra+candidate-map,Ghidra body is noncontiguous and requires control-flow reconciliation.
th04-maine-boundary-0c0f8,th04-maine,mz-load-module,0xC0F8,0x1C0F8,0xC0F8,0x51,0x51,corroborated,authored,reconstruct,unreviewed,verdict_animate(),verdict_animate(),th04_maine.asm,MAINE_01_TEXT,target-derived-asm,candidate:th04_maine.asm,ghidra+map-public+tasm-proc,@verdict_animate$qv,near,4208,true,1,1,8,target-unpacked-ghidra+candidate-map,
th04-maine-boundary-0c149,th04-maine,mz-load-module,0xC149,0x1C149,0xC149,0x58,0x58,corroborated,authored,reconstruct,unreviewed,scoredat_decode(),scoredat_decode(),th04/score_d.cpp,SCORE_TEXT,candidate-cpp,candidate:th04/score_d.cpp,ghidra+map-public,,,,true,1,3,0,target-unpacked-ghidra+candidate-map,
th04-maine-boundary-0c1a1,th04-maine,mz-load-module,0xC1A1,0x1C1A1,0xC1A1,0x65,0x65,corroborated,authored,reconstruct,unreviewed,scoredat_encode(),scoredat_encode(),th04/score_e.cpp,SCORE_TEXT,candidate-cpp,candidate:th04/score_e.cpp,ghidra+map-public,,,,true,1,2,1,target-unpacked-ghidra+candidate-map,
th04-maine-boundary-0c206,th04-maine,mz-load-module,0xC206,0x1C206,0xC206,0xA7,0xA7,corroborated,authored,reconstruct,unreviewed,scoredat_recreate(),scoredat_recreate(),th04/hi_end.cpp,SCORE_TEXT,candidate-cpp,candidate:th04/hi_end.cpp,ghidra+map-public,,,,true,1,1,5,target-unpacked-ghidra+candidate-map,
th04-maine-boundary-0c2ad,th04-maine,mz-load-module,0xC2AD,0x1C2AD,0xC2AD,0x69,0x69,corroborated,authored,reconstruct,unreviewed,hiscore_scoredat_load_for(playchar_t),hiscore_scoredat_load_for(playchar_t),th04/hi_end.cpp,SCORE_TEXT,candidate-cpp,candidate:th04/hi_end.cpp,ghidra+map-public,,,,true,1,1,7,target-unpacked-ghidra+candidate-map,
th04-maine-boundary-0c316,th04-maine,mz-load-module,0xC316,0x1C316,0xC316,0x9C,0x9C,corroborated,authored,reconstruct,unreviewed,hiscore_scoredat_save(),hiscore_scoredat_save(),th04/hi_end.cpp,SCORE_TEXT,candidate-cpp,candidate:th04/hi_end.cpp,ghidra+map-public,,,,true,1,1,7,target-unpacked-ghidra+candidate-map,
th04-maine-boundary-0c3b2,th04-maine,mz-load-module,0xC3B2,0x1C3B2,0xC3B2,0x154,0x154,corroborated,authored,reconstruct,unreviewed,sub_C3B2,,th04_maine.asm,SCORE_TEXT,target-derived-asm,candidate:th04_maine.asm,ghidra+tasm-proc,sub_C3B2,near,4268,true,1,1,0,target-unpacked-ghidra+candidate-map,
th04-maine-boundary-0c506,th04-maine,mz-load-module,0xC506,0x1C506,0xC506,0xE6,0xE6,corroborated,authored,reconstruct,unreviewed,sub_C506,,th04_maine.asm,SCORE_TEXT,target-derived-asm,candidate:th04_maine.asm,ghidra+tasm-proc,sub_C506,near,4470,true,1,1,1,target-unpacked-ghidra+candidate-map,
th04-maine-boundary-0c5ec,th04-maine,mz-load-module,0xC5EC,0x1C5EC,0xC5EC,0x79,0x79,corroborated,authored,reconstruct,unreviewed,sub_C5EC,,th04_maine.asm,SCORE_TEXT,target-derived-asm,candidate:th04_maine.asm,ghidra+tasm-proc,sub_C5EC,near,4615,true,1,1,1,target-unpacked-ghidra+candidate-map,
th04-maine-boundary-0c665,th04-maine,mz-load-module,0xC665,0x1C665,0xC665,0xAC,0xAC,corroborated,authored,reconstruct,unreviewed,sub_C665,,th04_maine.asm,SCORE_TEXT,target-derived-asm,candidate:th04_maine.asm,ghidra+tasm-proc,sub_C665,near,4702,true,1,1,4,target-unpacked-ghidra+candidate-map,
th04-maine-boundary-0c711,th04-maine,mz-load-module,0xC711,0x1C711,0xC711,0xB8,0xB8,corroborated,authored,reconstruct,unreviewed,sub_C711,,th04_maine.asm,SCORE_TEXT,target-derived-asm,candidate:th04_maine.asm,ghidra+tasm-proc,sub_C711,near,4809,true,1,1,4,target-unpacked-ghidra+candidate-map,
th04-maine-boundary-0c7c9,th04-maine,mz-load-module,0xC7C9,0x1C7C9,0xC7C9,0x1A,0x1A,corroborated,authored,reconstruct,unreviewed,sub_C7C9,,th04_maine.asm,SCORE_TEXT,target-derived-asm,candidate:th04_maine.asm,ghidra+tasm-proc,sub_C7C9,near,4932,true,1,1,1,target-unpacked-ghidra+candidate-map,
th04-maine-boundary-0c7e3,th04-maine,mz-load-module,0xC7E3,0x1C7E3,0xC7E3,0x31,0x31,corroborated,authored,reconstruct,unreviewed,sub_C7E3,,th04_maine.asm,SCORE_TEXT,target-derived-asm,candidate:th04_maine.asm,ghidra+tasm-proc,sub_C7E3,near,4962,true,1,1,1,target-unpacked-ghidra+candidate-map,
th04-maine-boundary-0c814,th04-maine,mz-load-module,0xC814,0x1C814,0xC814,0x4BA,0xC392,provisional,authored,reconstruct,unreviewed,regist_menu(),regist_menu(),th04_maine.asm,SCORE_TEXT,target-derived-asm,candidate:th04_maine.asm,ghidra+map-public+tasm-proc,@regist_menu$qv,near,5012,false,5,1,25,target-unpacked-ghidra+candidate-map,Ghidra body is noncontiguous and requires control-flow reconciliation.
th04-maine-boundary-0cbb0,th04-maine,mz-load-module,0xCBB0,0x1CBB0,0xCBB0,0x43,0x43,corroborated,authored,reconstruct,unreviewed,_egc_start_copy_inlined,,th04_maine.asm,SCORE_TEXT,target-derived-asm,candidate:th04_maine.asm,ghidra+tasm-proc,_egc_start_copy_inlined,near,5526,true,1,1,0,target-unpacked-ghidra+candidate-map,
th04-maine-boundary-0cbf3,th04-maine,mz-load-module,0xCBF3,0x1CBF3,0xCBF3,0x86,0x86,corroborated,authored,reconstruct,unreviewed,sub_CBF3,,th04_maine.asm,SCORE_TEXT,target-derived-asm,candidate:th04_maine.asm,ghidra+tasm-proc,sub_CBF3,near,5586,true,1,1,2,target-unpacked-ghidra+candidate-map,
th04-maine-boundary-0cc7a,th04-maine,mz-load-module,0xCC7A,0x1CC7A,0xCC7A,0x29,0x29,corroborated,authored,reconstruct,unreviewed,vram_planes_set(),vram_planes_set(),th01/vplanset.cpp,SHARED,cross-game-candidate-cpp,candidate:th01/vplanset.cpp,ghidra+map-public,,,,true,1,1,0,target-unpacked-ghidra+candidate-map,
th04-maine-boundary-0cca3,th04-maine,mz-load-module,0xCCA3,0x1CCA3,0xCCA3,0x15,0x15,corroborated,authored,reconstruct,unreviewed,frame_delay(int),frame_delay(int),th02/frmdely1.cpp,SHARED,cross-game-candidate-cpp,candidate:th02/frmdely1.cpp,ghidra+map-public,,,,true,1,6,0,target-unpacked-ghidra+candidate-map,
th04-maine-boundary-0ccb8,th04-maine,mz-load-module,0xCCB8,0x1CCB8,0xCCB8,0x25,0x25,corroborated,authored,reconstruct,unreviewed,pi_palette_apply(int),pi_palette_apply(int),th03/pi_put.cpp,SHARED,cross-game-candidate-cpp,candidate:th03/pi_put.cpp,ghidra+map-public,,,,true,1,4,2,target-unpacked-ghidra+candidate-map,
th04-maine-boundary-0ccdd,th04-maine,mz-load-module,0xCCDD,0x1CCDD,0xCCDD,0x88,0x88,corroborated,authored,reconstruct,unreviewed,"pi_put_8(int,int,int)","pi_put_8(int,int,int)",th03/pi_put.cpp,SHARED,cross-game-candidate-cpp,candidate:th03/pi_put.cpp,ghidra+map-public,,,,true,1,4,1,target-unpacked-ghidra+candidate-map,
th04-maine-boundary-0cd65,th04-maine,mz-load-module,0xCD65,0x1CD65,0xCD65,0x46,0x46,corroborated,authored,reconstruct,unreviewed,"pi_load(int,const char far*)","pi_load(int,const char far*)",th03/pi_load.cpp,SHARED,cross-game-candidate-cpp,candidate:th03/pi_load.cpp,ghidra+map-public,,,,true,1,4,2,target-unpacked-ghidra+candidate-map,
th04-maine-boundary-0cdab,th04-maine,mz-load-module,0xCDAB,0x1CDAB,0xCDAB,0xB1,0xB1,corroborated,authored,reconstruct,unreviewed,"pi_put_quarter_8(int,int,int,int)","pi_put_quarter_8(int,int,int,int)",th03/pi_put_q.cpp,SHARED,cross-game-candidate-cpp,candidate:th03/pi_put_q.cpp,ghidra+map-public,,,,true,1,0,1,target-unpacked-ghidra+candidate-map,
th04-maine-boundary-0ce5c,th04-maine,mz-load-module,0xCE5C,0x1CE5C,0xCE5C,0x0,0x0,provisional,original-asm,attest-asm,unreviewed,_hflip_lut_generate,_hflip_lut_generate,th03/hfliplut.asm,SHARED,candidate-asm,candidate:th03/hfliplut.asm,map-public,,,,,,,,target-unpacked-ghidra+candidate-map,TLINK public has no corresponding Ghidra function entry.
th04-maine-boundary-0ce7a,th04-maine,mz-load-module,0xCE7A,0x1CE7A,0xCE7A,0x56,0x56,corroborated,authored,reconstruct,unreviewed,input_wait_for_change(int),input_wait_for_change(int),th04/input_w.cpp,SHARED,candidate-cpp,candidate:th04/input_w.cpp,ghidra+map-public,,,,true,1,4,3,target-unpacked-ghidra+candidate-map,
th04-maine-boundary-0ced0,th04-maine,mz-load-module,0xCED0,0x1CED0,0xCED0,0x1C,0x1C,corroborated,authored,reconstruct,unreviewed,"polar(int,int,int)","polar(int,int,int)",th04/vector.cpp,SHARED,candidate-cpp,candidate:th04/vector.cpp,ghidra+map-public,,,,true,1,3,0,target-unpacked-ghidra+candidate-map,
th04-maine-boundary-0ceec,th04-maine,mz-load-module,0xCEEC,0x1CEEC,0xCEEC,0x42,0x42,corroborated,authored,reconstruct,unreviewed,VECTOR2_AT,VECTOR2_AT,th04/vector.cpp,SHARED,candidate-cpp,candidate:th04/vector.cpp,ghidra+map-public,,,,true,1,0,0,target-unpacked-ghidra+candidate-map,
th04-maine-boundary-0cf2e,th04-maine,mz-load-module,0xCF2E,0x1CF2E,0xCF2E,0x2E,0x2E,corroborated,authored,reconstruct,unreviewed,_snd_pmd_resident,_snd_pmd_resident,th04/snd_pmdr.c,SHARED,candidate-c,candidate:th04/snd_pmdr.c,ghidra+map-public,,,,true,1,1,0,target-unpacked-ghidra+candidate-map,
th04-maine-boundary-0cf5c,th04-maine,mz-load-module,0xCF5C,0x1CF5C,0xCF5C,0x2F,0x2F,corroborated,authored,reconstruct,unreviewed,_snd_mmd_resident,_snd_mmd_resident,th04/snd_mmdr.c,SHARED,candidate-c,candidate:th04/snd_mmdr.c,ghidra+map-public,,,,true,1,1,0,target-unpacked-ghidra+candidate-map,
th04-maine-boundary-0cf8c,th04-maine,mz-load-module,0xCF8C,0x1CF8C,0xCF8C,0x1E,0x1E,corroborated,authored,reconstruct,unreviewed,SND_KAJA_INTERRUPT,SND_KAJA_INTERRUPT,th04/snd_kaja.cpp,SHARED,candidate-cpp,candidate:th04/snd_kaja.cpp,ghidra+map-public,,,,true,1,4,0,target-unpacked-ghidra+candidate-map,
th04-maine-boundary-0cfaa,th04-maine,mz-load-module,0xCFAA,0x1CFAA,0xCFAA,0x9C,0x9C,corroborated,authored,reconstruct,unreviewed,SND_DETERMINE_MODES,SND_DETERMINE_MODES,th04/snd_mode.cpp,SHARED,candidate-cpp,candidate:th04/snd_mode.cpp,ghidra+map-public,,,,true,1,1,2,target-unpacked-ghidra+candidate-map,
th04-maine-boundary-0d046,th04-maine,mz-load-module,0xD046,0x1D046,0xD046,0x31,0x31,corroborated,authored,reconstruct,unreviewed,SND_DELAY_UNTIL_MEASURE,SND_DELAY_UNTIL_MEASURE,th04/snd_dlym.cpp,SHARED,candidate-cpp,candidate:th04/snd_dlym.cpp,ghidra+map-public,,,,true,1,1,1,target-unpacked-ghidra+candidate-map,
th04-maine-boundary-0d078,th04-maine,mz-load-module,0xD078,0x1D078,0xD078,0x9A,0x9A,corroborated,original-asm,attest-asm,unreviewed,CDG_PUT_PLANE,CDG_PUT_PLANE,th04/cdg_p_pl.asm,SHARED,candidate-asm,candidate:th04/cdg_p_pl.asm,ghidra+map-public,,,,true,1,3,0,target-unpacked-ghidra+candidate-map,
th04-maine-boundary-0d112,th04-maine,mz-load-module,0xD112,0x1D112,0xD112,0xEA,0xEA,corroborated,authored,reconstruct,unreviewed,SND_LOAD,SND_LOAD,th04/snd_load.cpp,SHARED,candidate-cpp,candidate:th04/snd_load.cpp,ghidra+map-public,,,,true,1,2,2,target-unpacked-ghidra+candidate-map,
th04-maine-boundary-0d1fc,th04-maine,mz-load-module,0xD1FC,0x1D1FC,0xD1FC,0x12B,0x12B,corroborated,original-asm,attest-asm,unreviewed,GRAPH_PUTSA_FX,GRAPH_PUTSA_FX,th04/grppsafx.asm,SHARED,candidate-asm,candidate:th04/grppsafx.asm,ghidra+map-public,,,,true,1,7,1,target-unpacked-ghidra+candidate-map,
th04-maine-boundary-0d335,th04-maine,mz-load-module,0xD335,0x1D335,0xD335,0x11,0x11,provisional,original-asm,attest-asm,unreviewed,FUN_1cc7_06c5,,th04/grppsafx.asm,SHARED,candidate-asm,candidate:th04/grppsafx.asm,ghidra,,,,true,1,1,0,target-unpacked-ghidra+candidate-map,Ghidra-only boundary has no TLINK public or TASM PROC at its entry.
th04-maine-boundary-0d356,th04-maine,mz-load-module,0xD356,0x1D356,0xD356,0x9D,0x9D,corroborated,original-asm,attest-asm,unreviewed,CDG_PUT_8,CDG_PUT_8,th04/cdg_put.asm,SHARED,candidate-asm,candidate:th04/cdg_put.asm,ghidra+map-public,,,,true,1,3,0,target-unpacked-ghidra+candidate-map,
th04-maine-boundary-0d3f4,th04-maine,mz-load-module,0xD3F4,0x1D3F4,0xD3F4,0x48,0x48,corroborated,authored,reconstruct,unreviewed,game_exit(),game_exit(),th04/exit.cpp,SHARED,candidate-cpp,candidate:th04/exit.cpp,ghidra+map-public,,,,true,1,1,8,target-unpacked-ghidra+candidate-map,
th04-maine-boundary-0d43c,th04-maine,mz-load-module,0xD43C,0x1D43C,0xD43C,0x4D,0x4D,corroborated,authored,reconstruct,unreviewed,game_init_main(const unsigned char far*),game_init_main(const unsigned char far*),th04/initmain.cpp,SHARED,candidate-cpp,candidate:th04/initmain.cpp,ghidra+map-public,,,,true,1,1,8,target-unpacked-ghidra+candidate-map,
th04-maine-boundary-0d48a,th04-maine,mz-load-module,0xD48A,0x1D48A,0xD48A,0x8,0x8,corroborated,original-asm,attest-asm,unreviewed,input_reset_sense(),input_reset_sense(),th04/input_s.asm,SHARED,candidate-asm,candidate:th04/input_s.asm,ghidra+map-public,,,,true,1,3,0,target-unpacked-ghidra+candidate-map,
th04-maine-boundary-0d492,th04-maine,mz-load-module,0xD492,0x1D492,0xD492,0x101,0x101,corroborated,original-asm,attest-asm,unreviewed,input_sense(),input_sense(),th04/input_s.asm,SHARED,candidate-asm,candidate:th04/input_s.asm,ghidra+map-public,,,,true,1,2,1,target-unpacked-ghidra+candidate-map,
th04-maine-boundary-0d594,th04-maine,mz-load-module,0xD594,0x1D594,0xD594,0x0,0x0,provisional,authored,reconstruct,unreviewed,_snd_se_reset,_snd_se_reset,th02/snd_se_r.cpp,SHARED,cross-game-candidate-cpp,candidate:th02/snd_se_r.cpp,map-public,,,,,,,,target-unpacked-ghidra+candidate-map,TLINK public has no corresponding Ghidra function entry.
th04-maine-boundary-0d5a0,th04-maine,mz-load-module,0xD5A0,0x1D5A0,0xD5A0,0x0,0x0,provisional,authored,reconstruct,unreviewed,SND_SE_PLAY,SND_SE_PLAY,th04/snd_se.cpp,SHARED,candidate-cpp,candidate:th04/snd_se.cpp,map-public,,,,,,,,target-unpacked-ghidra+candidate-map,TLINK public has no corresponding Ghidra function entry.
th04-maine-boundary-0d5da,th04-maine,mz-load-module,0xD5DA,0x1D5DA,0xD5DA,0x0,0x0,provisional,authored,reconstruct,unreviewed,_snd_se_update,_snd_se_update,th04/snd_se.cpp,SHARED,candidate-cpp,candidate:th04/snd_se.cpp,map-public,,,,,,,,target-unpacked-ghidra+candidate-map,TLINK public has no corresponding Ghidra function entry.
th04-maine-boundary-0d626,th04-maine,mz-load-module,0xD626,0x1D626,0xD626,0x68,0x68,corroborated,authored,reconstruct,unreviewed,_bgimage_snap,_bgimage_snap,th04/bgimage.cpp,SHARED,candidate-cpp,candidate:th04/bgimage.cpp,ghidra+map-public,,,,true,1,1,1,target-unpacked-ghidra+candidate-map,
th04-maine-boundary-0d68e,th04-maine,mz-load-module,0xD68E,0x1D68E,0xD68E,0x0,0x0,provisional,authored,reconstruct,unreviewed,_bgimage_put,_bgimage_put,th04/bgimage.cpp,SHARED,candidate-cpp,candidate:th04/bgimage.cpp,map-public,,,,,,,,target-unpacked-ghidra+candidate-map,TLINK public has no corresponding Ghidra function entry.
th04-maine-boundary-0d6c4,th04-maine,mz-load-module,0xD6C4,0x1D6C4,0xD6C4,0x32,0x32,corroborated,authored,reconstruct,unreviewed,_bgimage_free,_bgimage_free,th04/bgimage.cpp,SHARED,candidate-cpp,candidate:th04/bgimage.cpp,ghidra+map-public,,,,true,1,1,1,target-unpacked-ghidra+candidate-map,
th04-maine-boundary-0d6f6,th04-maine,mz-load-module,0xD6F6,0x1D6F6,0xD6F6,0x81,0x81,corroborated,original-asm,attest-asm,unreviewed,BGIMAGE_PUT_RECT_16,BGIMAGE_PUT_RECT_16,th04/bgimager.asm,SHARED,candidate-asm,candidate:th04/bgimager.asm,ghidra+map-public,,,,true,1,1,0,target-unpacked-ghidra+candidate-map,
th04-maine-boundary-0d778,th04-maine,mz-load-module,0xD778,0x1D778,0xD778,0x6,0x6,corroborated,original-asm,attest-asm,unreviewed,CDG_LOAD_SINGLE_NOALPHA,CDG_LOAD_SINGLE_NOALPHA,th04/cdg_load.asm,SHARED,candidate-asm,candidate:th04/cdg_load.asm,ghidra+map-public,,,,true,1,1,0,target-unpacked-ghidra+candidate-map,
th04-maine-boundary-0d77e,th04-maine,mz-load-module,0xD77E,0x1D77E,0xD77E,0x5F,0x5F,corroborated,original-asm,attest-asm,unreviewed,CDG_LOAD_SINGLE,CDG_LOAD_SINGLE,th04/cdg_load.asm,SHARED,candidate-asm,candidate:th04/cdg_load.asm,ghidra+map-public,,,,true,1,1,6,target-unpacked-ghidra+candidate-map,
th04-maine-boundary-0d7de,th04-maine,mz-load-module,0xD7DE,0x1D7DE,0xD7DE,0x58,0x58,provisional,original-asm,attest-asm,unreviewed,FUN_1cc7_0b6e,,th04/cdg_load.asm,SHARED,candidate-asm,candidate:th04/cdg_load.asm,ghidra,,,,true,1,1,3,target-unpacked-ghidra+candidate-map,Ghidra-only boundary has no TLINK public or TASM PROC at its entry.
th04-maine-boundary-0d836,th04-maine,mz-load-module,0xD836,0x1D836,0xD836,0x0,0x0,provisional,original-asm,attest-asm,unreviewed,CDG_LOAD_ALL_NOALPHA,CDG_LOAD_ALL_NOALPHA,th04/cdg_load.asm,SHARED,candidate-asm,candidate:th04/cdg_load.asm,map-public,,,,,,,,target-unpacked-ghidra+candidate-map,TLINK public has no corresponding Ghidra function entry.
th04-maine-boundary-0d83c,th04-maine,mz-load-module,0xD83C,0x1D83C,0xD83C,0x0,0x0,provisional,original-asm,attest-asm,unreviewed,CDG_LOAD_ALL,CDG_LOAD_ALL,th04/cdg_load.asm,SHARED,candidate-asm,candidate:th04/cdg_load.asm,map-public,,,,,,,,target-unpacked-ghidra+candidate-map,TLINK public has no corresponding Ghidra function entry.
th04-maine-boundary-0d898,th04-maine,mz-load-module,0xD898,0x1D898,0xD898,0x35,0x35,corroborated,original-asm,attest-asm,unreviewed,CDG_FREE,CDG_FREE,th04/cdg_load.asm,SHARED,candidate-asm,candidate:th04/cdg_load.asm,ghidra+map-public,,,,true,1,3,1,target-unpacked-ghidra+candidate-map,
th04-maine-boundary-0d8ce,th04-maine,mz-load-module,0xD8CE,0x1D8CE,0xD8CE,0xE,0xE,corroborated,original-asm,attest-asm,unreviewed,CDG_FREE_ALL,CDG_FREE_ALL,th04/cdg_load.asm,SHARED,candidate-asm,candidate:th04/cdg_load.asm,ghidra+map-public,,,,true,1,2,1,target-unpacked-ghidra+candidate-map,
th04-maine-boundary-0d8dc,th04-maine,mz-load-module,0xD8DC,0x1D8DC,0xD8DC,0x6F,0x6F,corroborated,library,exclude,excluded,string::string(const string far&),string::string(const string far&),ctor2,_TEXTC,linked-library,toolchain-or-library:ctor2,ghidra+map-public,,,,true,1,2,4,target-unpacked-ghidra+candidate-map,
th04-maine-boundary-0d9c5,th04-maine,mz-load-module,0xD9C5,0x1D9C5,0xD9C5,0xC9,0xC9,corroborated,library,exclude,excluded,string::string(const char far*),string::string(const char far*),ctor3,_TEXTC,linked-library,toolchain-or-library:ctor3,ghidra+map-public,,,,true,1,3,6,target-unpacked-ghidra+candidate-map,
th04-maine-boundary-0dbe1,th04-maine,mz-load-module,0xDBE1,0x1DBE1,0xDBE1,0x86,0x86,corroborated,library,exclude,excluded,string::~string(),string::~string(),strings,_TEXTC,linked-library,toolchain-or-library:strings,ghidra+map-public,,,,true,1,4,5,target-unpacked-ghidra+candidate-map,
th04-maine-boundary-0dc67,th04-maine,mz-load-module,0xDC67,0x1DC67,0xDC67,0x23,0x23,corroborated,library,exclude,excluded,string::assert_element(unsigned int) const,string::assert_element(unsigned int) const,strings,_TEXTC,linked-library,toolchain-or-library:strings,ghidra+map-public,,,,true,1,0,1,target-unpacked-ghidra+candidate-map,
th04-maine-boundary-0dd25,th04-maine,mz-load-module,0xDD25,0x1DD25,0xDD25,0xBE,0xBE,corroborated,library,exclude,excluded,string::assert_index(unsigned int) const,string::assert_index(unsigned int) const,strings,_TEXTC,linked-library,toolchain-or-library:strings,ghidra+map-public,,,,true,1,0,7,target-unpacked-ghidra+candidate-map,
th04-maine-boundary-0dde3,th04-maine,mz-load-module,0xDDE3,0x1DDE3,0xDDE3,0xBB,0xBB,corroborated,library,exclude,excluded,tsubstring::assert_element(unsigned int) const,tsubstring::assert_element(unsigned int) const,strings,_TEXTC,linked-library,toolchain-or-library:strings,ghidra+map-public,,,,true,1,0,7,target-unpacked-ghidra+candidate-map,
th04-maine-boundary-0de9e,th04-maine,mz-load-module,0xDE9E,0x1DE9E,0xDE9E,0xE6,0xE6,corroborated,library,exclude,excluded,"tstringref::tstringref(const char far*,unsigned int,const char far*,unsigned int,unsigned int)","tstringref::tstringref(const char far*,unsigned int,const char far*,unsigned int,unsigned int)",strings,_TEXTC,linked-library,toolchain-or-library:strings,ghidra+map-public,,,,true,1,1,6,target-unpacked-ghidra+candidate-map,
th04-maine-boundary-0df84,th04-maine,mz-load-module,0xDF84,0x1DF84,0xDF84,0x60,0x60,corroborated,library,exclude,excluded,tstringref::~tstringref(),tstringref::~tstringref(),strings,_TEXTC,linked-library,toolchain-or-library:strings,ghidra+map-public,,,,true,1,1,5,target-unpacked-ghidra+candidate-map,
th04-maine-boundary-0dfe4,th04-maine,mz-load-module,0xDFE4,0x1DFE4,0xDFE4,0x6E,0x6E,corroborated,library,exclude,excluded,tstringref::reserve(unsigned int),tstringref::reserve(unsigned int),strings,_TEXTC,linked-library,toolchain-or-library:strings,ghidra+map-public,,,,true,1,0,4,target-unpacked-ghidra+candidate-map,
th04-maine-boundary-0e052,th04-maine,mz-load-module,0xE052,0x1E052,0xE052,0x68,0x68,corroborated,library,exclude,excluded,tstringref::check_freeboard(),tstringref::check_freeboard(),strings,_TEXTC,linked-library,toolchain-or-library:strings,ghidra+map-public,,,,true,1,0,4,target-unpacked-ghidra+candidate-map,
th04-maine-boundary-0e0ba,th04-maine,mz-load-module,0xE0BA,0x1E0BA,0xE0BA,0x62,0x62,corroborated,library,exclude,excluded,tstringref::grow_to(unsigned int),tstringref::grow_to(unsigned int),strings,_TEXTC,linked-library,toolchain-or-library:strings,ghidra+map-public,,,,true,1,1,4,target-unpacked-ghidra+candidate-map,
th04-maine-boundary-0e11c,th04-maine,mz-load-module,0xE11C,0x1E11C,0xE11C,0x3F,0x3F,corroborated,library,exclude,excluded,tstringref::round_capacity(unsigned int),tstringref::round_capacity(unsigned int),strings,_TEXTC,linked-library,toolchain-or-library:strings,ghidra+map-public,,,,true,1,4,2,target-unpacked-ghidra+candidate-map,
th04-maine-boundary-0e15b,th04-maine,mz-load-module,0xE15B,0x1E15B,0xE15B,0x1BE,0x1BE,corroborated,library,exclude,excluded,"tstringref::splice(unsigned int,unsigned int,const char far*,unsigned int)","tstringref::splice(unsigned int,unsigned int,const char far*,unsigned int)",strings,_TEXTC,linked-library,toolchain-or-library:strings,ghidra+map-public,,,,true,1,0,10,target-unpacked-ghidra+candidate-map,
th04-maine-boundary-0e319,th04-maine,mz-load-module,0xE319,0x1E319,0xE319,0x1D,0x1D,corroborated,library,exclude,excluded,string::set_case_sensitive(int),string::set_case_sensitive(int),strings,_TEXTC,linked-library,toolchain-or-library:strings,ghidra+map-public,,,,true,1,0,0,target-unpacked-ghidra+candidate-map,
th04-maine-boundary-0e336,th04-maine,mz-load-module,0xE336,0x1E336,0xE336,0x1D,0x1D,corroborated,library,exclude,excluded,string::set_paranoid_check(int),string::set_paranoid_check(int),strings,_TEXTC,linked-library,toolchain-or-library:strings,ghidra+map-public,,,,true,1,0,0,target-unpacked-ghidra+candidate-map,
th04-maine-boundary-0e353,th04-maine,mz-load-module,0xE353,0x1E353,0xE353,0x1D,0x1D,corroborated,library,exclude,excluded,string::skip_whitespace(int),string::skip_whitespace(int),strings,_TEXTC,linked-library,toolchain-or-library:strings,ghidra+map-public,,,,true,1,0,0,target-unpacked-ghidra+candidate-map,
th04-maine-boundary-0e370,th04-maine,mz-load-module,0xE370,0x1E370,0xE370,0x1D,0x1D,corroborated,library,exclude,excluded,string::initial_capacity(unsigned int),string::initial_capacity(unsigned int),strings,_TEXTC,linked-library,toolchain-or-library:strings,ghidra+map-public,,,,true,1,0,0,target-unpacked-ghidra+candidate-map,
th04-maine-boundary-0e38d,th04-maine,mz-load-module,0xE38D,0x1E38D,0xE38D,0x2A,0x2A,corroborated,library,exclude,excluded,string::resize_increment(unsigned int),string::resize_increment(unsigned int),strings,_TEXTC,linked-library,toolchain-or-library:strings,ghidra+map-public,,,,true,1,0,0,target-unpacked-ghidra+candidate-map,
th04-maine-boundary-0e3b7,th04-maine,mz-load-module,0xE3B7,0x1E3B7,0xE3B7,0x1D,0x1D,corroborated,library,exclude,excluded,string::max_waste(unsigned int),string::max_waste(unsigned int),strings,_TEXTC,linked-library,toolchain-or-library:strings,ghidra+map-public,,,,true,1,0,0,target-unpacked-ghidra+candidate-map,
th04-zun-boundary-00000,th04-zun,com-payload,0x0,0x10000,0x0,0x3,0x3,excluded,data,exclude,excluded,thunk_FUN_1000_342a,,comcstm-header,,non-code,config:com-region:comcstm-header,ghidra,,,,true,1,0,0,target-ghidra,"Ghidra entry is a switch/data/non-code artifact, not an accepted function boundary."
th04-zun-boundary-0012f,th04-zun,com-payload,0x12F,0x1012F,0x12F,0x2,0x2,reviewed,original-asm,attest-asm,unreviewed,zun-selector-stub,zun-selector-stub,zun-selector-stub,,configured-asm,config:com-region:zun-selector-stub,ghidra+map-public,,,,true,1,0,0,target-exact-composite+candidate-map,
th04-zun-boundary-00146,th04-zun,com-payload,0x146,0x10146,0x146,0xCB,0x20F,provisional,original-asm,attest-asm,unreviewed,FUN_1000_0146,,zun-selector-stub,,configured-asm,config:com-region:zun-selector-stub,ghidra,,,,false,2,0,1,target-exact-composite+candidate-map,Ghidra-only boundary has no TLINK public or TASM PROC at its entry.
th04-zun-boundary-00355,th04-zun,com-payload,0x355,0x10355,0x355,0x27,0x27,reviewed,library,exclude,excluded,ongchk.com,ongchk.com,ongchk.com,,embedded-library,config:com-region:ongchk.com,ghidra+map-public,,,,true,1,0,1,target-exact-composite+candidate-map,
th04-zun-boundary-0037c,th04-zun,com-payload,0x37C,0x1037C,0x37C,0x79,0x79,provisional,library,exclude,excluded,FUN_1000_037c,,ongchk.com,,embedded-library,config:com-region:ongchk.com,ghidra,,,,true,1,1,5,target-exact-composite+candidate-map,Ghidra-only boundary has no TLINK public or TASM PROC at its entry.
th04-zun-boundary-003f5,th04-zun,com-payload,0x3F5,0x103F5,0x3F5,0xA7,0xA7,provisional,library,exclude,excluded,FUN_1000_03f5,,ongchk.com,,embedded-library,config:com-region:ongchk.com,ghidra,,,,true,1,1,2,target-exact-composite+candidate-map,Ghidra-only boundary has no TLINK public or TASM PROC at its entry.
th04-zun-boundary-0049c,th04-zun,com-payload,0x49C,0x1049C,0x49C,0x7B,0x7B,provisional,library,exclude,excluded,FUN_1000_049c,,ongchk.com,,embedded-library,config:com-region:ongchk.com,ghidra,,,,true,1,1,0,target-exact-composite+candidate-map,Ghidra-only boundary has no TLINK public or TASM PROC at its entry.
th04-zun-boundary-00517,th04-zun,com-payload,0x517,0x10517,0x517,0x1B,0x1B,provisional,library,exclude,excluded,FUN_1000_0517,,ongchk.com,,embedded-library,config:com-region:ongchk.com,ghidra,,,,true,1,2,0,target-exact-composite+candidate-map,Ghidra-only boundary has no TLINK public or TASM PROC at its entry.
th04-zun-boundary-00532,th04-zun,com-payload,0x532,0x10532,0x532,0x7,0x7,provisional,library,exclude,excluded,FUN_1000_0532,,ongchk.com,,embedded-library,config:com-region:ongchk.com,ghidra,,,,true,1,2,0,target-exact-composite+candidate-map,Ghidra-only boundary has no TLINK public or TASM PROC at its entry.
th04-zun-boundary-00539,th04-zun,com-payload,0x539,0x10539,0x539,0x17,0x17,provisional,library,exclude,excluded,FUN_1000_0539,,ongchk.com,,embedded-library,config:com-region:ongchk.com,ghidra,,,,true,1,1,3,target-exact-composite+candidate-map,Ghidra-only boundary has no TLINK public or TASM PROC at its entry.
th04-zun-boundary-00550,th04-zun,com-payload,0x550,0x10550,0x550,0xAD,0xAD,provisional,library,exclude,excluded,FUN_1000_0550,,ongchk.com,,embedded-library,config:com-region:ongchk.com,ghidra,,,,true,1,1,1,target-exact-composite+candidate-map,Ghidra-only boundary has no TLINK public or TASM PROC at its entry.
th04-zun-boundary-005fd,th04-zun,com-payload,0x5FD,0x105FD,0x5FD,0x80,0x80,provisional,library,exclude,excluded,FUN_1000_05fd,,ongchk.com,,embedded-library,config:com-region:ongchk.com,ghidra,,,,true,1,1,2,target-exact-composite+candidate-map,Ghidra-only boundary has no TLINK public or TASM PROC at its entry.
th04-zun-boundary-0067d,th04-zun,com-payload,0x67D,0x1067D,0x67D,0x21,0x21,provisional,library,exclude,excluded,FUN_1000_067d,,ongchk.com,,embedded-library,config:com-region:ongchk.com,ghidra,,,,true,1,1,1,target-exact-composite+candidate-map,Ghidra-only boundary has no TLINK public or TASM PROC at its entry.
th04-zun-boundary-0069e,th04-zun,com-payload,0x69E,0x1069E,0x69E,0xC,0xC,provisional,library,exclude,excluded,FUN_1000_069e,,ongchk.com,,embedded-library,config:com-region:ongchk.com,ghidra,,,,true,1,1,0,target-exact-composite+candidate-map,Ghidra-only boundary has no TLINK public or TASM PROC at its entry.
th04-zun-boundary-006aa,th04-zun,com-payload,0x6AA,0x106AA,0x6AA,0x27,0x27,provisional,library,exclude,excluded,FUN_1000_06aa,,ongchk.com,,embedded-library,config:com-region:ongchk.com,ghidra,,,,true,1,3,0,target-exact-composite+candidate-map,Ghidra-only boundary has no TLINK public or TASM PROC at its entry.
th04-zun-boundary-006f3,th04-zun,com-payload,0x6F3,0x106F3,0x6F3,0x3,0x3,reviewed,authored,reconstruct,unreviewed,start,start,th04_zuninit.asm,_TEXT,target-derived-asm,candidate:th04_zuninit.asm,ghidra+map-public+tasm-proc,start,near,30,true,1,0,0,target-exact-composite+candidate-map,
th04-zun-boundary-006f6,th04-zun,com-payload,0x6F6,0x106F6,0x6F6,0x0,0x0,provisional,authored,reconstruct,unreviewed,sub_103,,th04_zuninit.asm,_TEXT,target-derived-asm,candidate:th04_zuninit.asm,tasm-proc,sub_103,far,38,,,,,target-exact-composite+candidate-map,TLINK public has no corresponding Ghidra function entry.
th04-zun-boundary-00708,th04-zun,com-payload,0x708,0x10708,0x708,0x0,0x0,provisional,authored,reconstruct,unreviewed,sub_115,,th04_zuninit.asm,_TEXT,target-derived-asm,candidate:th04_zuninit.asm,tasm-proc,sub_115,far,52,,,,,target-exact-composite+candidate-map,TLINK public has no corresponding Ghidra function entry.
th04-zun-boundary-0071a,th04-zun,com-payload,0x71A,0x1071A,0x71A,0x0,0x0,provisional,authored,reconstruct,unreviewed,sub_127,,th04_zuninit.asm,_TEXT,target-derived-asm,candidate:th04_zuninit.asm,tasm-proc,sub_127,near,72,,,,,target-exact-composite+candidate-map,TLINK public has no corresponding Ghidra function entry.
th04-zun-boundary-007b0,th04-zun,com-payload,0x7B0,0x107B0,0x7B0,0x0,0x0,provisional,authored,reconstruct,unreviewed,sub_1BD,,th04_zuninit.asm,_TEXT,target-derived-asm,candidate:th04_zuninit.asm,tasm-proc,sub_1BD,near,158,,,,,target-exact-composite+candidate-map,TLINK public has no corresponding Ghidra function entry.
th04-zun-boundary-007c2,th04-zun,com-payload,0x7C2,0x107C2,0x7C2,0x0,0x0,provisional,authored,reconstruct,unreviewed,sub_1CF,,th04_zuninit.asm,_TEXT,target-derived-asm,candidate:th04_zuninit.asm,tasm-proc,sub_1CF,near,175,,,,,target-exact-composite+candidate-map,TLINK public has no corresponding Ghidra function entry.
th04-zun-boundary-008ff,th04-zun,com-payload,0x8FF,0x108FF,0x8FF,0x27,0x27,corroborated,authored,reconstruct,unreviewed,sub_30C,,th04_zuninit.asm,_TEXT,target-derived-asm,candidate:th04_zuninit.asm,ghidra+tasm-proc,sub_30C,near,277,true,1,1,0,target-exact-composite+candidate-map,
th04-zun-boundary-00926,th04-zun,com-payload,0x926,0x10926,0x926,0x194,0x1A5,provisional,authored,reconstruct,unreviewed,start_0,,th04_zuninit.asm,_TEXT,target-derived-asm,candidate:th04_zuninit.asm,ghidra+tasm-proc,start_0,near,305,false,3,0,1,target-exact-composite+candidate-map,Ghidra body is noncontiguous and requires control-flow reconciliation.
th04-zun-boundary-00b68,th04-zun,com-payload,0xB68,0x10B68,0xB68,0x142,0x142,reviewed,compiler,exclude,excluded,FUN_1000_0b68,,c0.ASM,_TEXT,compiler-startup,toolchain:c0.asm,ghidra,,,,true,1,0,5,target-exact-composite+candidate-map,
th04-zun-boundary-00caa,th04-zun,com-payload,0xCAA,0x10CAA,0xCAA,0x13,0x13,corroborated,compiler,exclude,excluded,__cleanup,__cleanup,c0.ASM,_TEXT,compiler-startup,toolchain:c0.asm,ghidra+map-public,,,,true,1,1,1,target-exact-composite+candidate-map,
th04-zun-boundary-00cbd,th04-zun,com-payload,0xCBD,0x10CBD,0xCBD,0x1,0x1,corroborated,compiler,exclude,excluded,__checknull,__checknull,c0.ASM,_TEXT,compiler-startup,toolchain:c0.asm,ghidra+map-public,,,,true,1,1,0,target-exact-composite+candidate-map,
th04-zun-boundary-00cbe,th04-zun,com-payload,0xCBE,0x10CBE,0xCBE,0x18,0x18,corroborated,compiler,exclude,excluded,__terminate,__terminate,c0.ASM,_TEXT,compiler-startup,toolchain:c0.asm,ghidra+map-public,,,,true,1,1,2,target-exact-composite+candidate-map,
th04-zun-boundary-00cd6,th04-zun,com-payload,0xCD6,0x10CD6,0xCD6,0x43,0x43,provisional,compiler,exclude,excluded,FUN_1000_0cd6,,c0.ASM,_TEXT,compiler-startup,toolchain:c0.asm,ghidra,,,,true,1,1,0,target-exact-composite+candidate-map,Ghidra-only boundary has no TLINK public or TASM PROC at its entry.
th04-zun-boundary-00d19,th04-zun,com-payload,0xD19,0x10D19,0xD19,0x2D,0x2D,corroborated,compiler,exclude,excluded,__restorezero,__restorezero,c0.ASM,_TEXT,compiler-startup,toolchain:c0.asm,ghidra+map-public,,,,true,1,1,0,target-exact-composite+candidate-map,
th04-zun-boundary-00d46,th04-zun,com-payload,0xD46,0x10D46,0xD46,0x44,0x44,provisional,compiler,exclude,excluded,FUN_1000_0d46,,c0.ASM,_TEXT,compiler-startup,toolchain:c0.asm,ghidra,,,,true,1,1,0,target-exact-composite+candidate-map,Ghidra-only boundary has no TLINK public or TASM PROC at its entry.
th04-zun-boundary-00d8a,th04-zun,com-payload,0xD8A,0x10D8A,0xD8A,0x41,0x41,provisional,compiler,exclude,excluded,FUN_1000_0d8a,,c0.ASM,_TEXT,compiler-startup,toolchain:c0.asm,ghidra,,,,true,1,1,0,target-exact-composite+candidate-map,Ghidra-only boundary has no TLINK public or TASM PROC at its entry.
th04-zun-boundary-00dcb,th04-zun,com-payload,0xDCB,0x10DCB,0xDCB,0x0,0x0,provisional,compiler,exclude,excluded,DGROUP@,DGROUP@,c0.ASM,_TEXT,compiler-startup,toolchain:c0.asm,map-public,,,,,,,,target-exact-composite+candidate-map,TLINK public has no corresponding Ghidra function entry.
th04-zun-boundary-00dcd,th04-zun,com-payload,0xDCD,0x10DCD,0xDCD,0x0,0x0,provisional,compiler,exclude,excluded,__MMODEL,__MMODEL,c0.ASM,_TEXT,compiler-startup,toolchain:c0.asm,map-public,,,,,,,,target-exact-composite+candidate-map,TLINK public has no corresponding Ghidra function entry.
th04-zun-boundary-00dcf,th04-zun,com-payload,0xDCF,0x10DCF,0xDCF,0x98,0x98,corroborated,authored,reconstruct,unreviewed,cfg_init(resident_t _seg *),cfg_init(resident_t _seg *),th04/res_huma.cpp,_TEXT,candidate-cpp,candidate:th04/res_huma.cpp,ghidra+map-public,,,,true,1,1,8,target-exact-composite+candidate-map,
th04-zun-boundary-00e67,th04-zun,com-payload,0xE67,0x10E67,0xE67,0xFC,0xFC,corroborated,authored,reconstruct,unreviewed,_main,_main,th04/res_huma.cpp,_TEXT,candidate-cpp,candidate:th04/res_huma.cpp,ghidra+map-public,,,,true,1,1,6,target-exact-composite+candidate-map,
th04-zun-boundary-00f64,th04-zun,com-payload,0xF64,0x10F64,0xF64,0x23,0x23,corroborated,library,exclude,excluded,GRAPH_CLEAR,GRAPH_CLEAR,grpclear,_TEXT,linked-library,toolchain-or-library:grpclear,ghidra+map-public,,,,true,1,1,0,target-exact-composite+candidate-map,
th04-zun-boundary-00f88,th04-zun,com-payload,0xF88,0x10F88,0xF88,0x48,0x48,corroborated,library,exclude,excluded,RESDATA_EXIST,RESDATA_EXIST,resdata,_TEXT,linked-library,toolchain-or-library:resdata,ghidra+map-public,,,,true,1,2,0,target-exact-composite+candidate-map,
th04-zun-boundary-00fd0,th04-zun,com-payload,0xFD0,0x10FD0,0xFD0,0x75,0x75,corroborated,library,exclude,excluded,RESDATA_CREATE,RESDATA_CREATE,resdata,_TEXT,linked-library,toolchain-or-library:resdata,ghidra+map-public,,,,true,1,1,1,target-exact-composite+candidate-map,
th04-zun-boundary-01046,th04-zun,com-payload,0x1046,0x11046,0x1046,0xB3,0xB4,provisional,library,exclude,excluded,FILE_READ,FILE_READ,filread,_TEXT,linked-library,toolchain-or-library:filread,ghidra+map-public,,,,false,2,1,0,target-exact-composite+candidate-map,Ghidra body is noncontiguous and requires control-flow reconciliation.
th04-zun-boundary-010fa,th04-zun,com-payload,0x10FA,0x110FA,0x10FA,0x6B,0x6B,corroborated,library,exclude,excluded,FILE_FLUSH,FILE_FLUSH,filclose,_TEXT,linked-library,toolchain-or-library:filclose,ghidra+map-public,,,,true,1,2,0,target-exact-composite+candidate-map,
th04-zun-boundary-01166,th04-zun,com-payload,0x1166,0x11166,0x1166,0xE,0xE,corroborated,library,exclude,excluded,FILE_CLOSE,FILE_CLOSE,filclose,_TEXT,linked-library,toolchain-or-library:filclose,ghidra+map-public,,,,true,1,1,1,target-exact-composite+candidate-map,
th04-zun-boundary-01174,th04-zun,com-payload,0x1174,0x11174,0x1174,0x36,0x36,corroborated,library,exclude,excluded,FILE_ROPEN,FILE_ROPEN,filropen,_TEXT,linked-library,toolchain-or-library:filropen,ghidra+map-public,,,,true,1,1,1,target-exact-composite+candidate-map,
th04-zun-boundary-011aa,th04-zun,com-payload,0x11AA,0x111AA,0x11AA,0xA5,0xA6,provisional,library,exclude,excluded,FILE_WRITE,FILE_WRITE,filwrite,_TEXT,linked-library,toolchain-or-library:filwrite,ghidra+map-public,,,,false,2,1,0,target-exact-composite+candidate-map,Ghidra body is noncontiguous and requires control-flow reconciliation.
th04-zun-boundary-01250,th04-zun,com-payload,0x1250,0x11250,0x1250,0x3B,0x3B,corroborated,library,exclude,excluded,FILE_CREATE,FILE_CREATE,filcreat,_TEXT,linked-library,toolchain-or-library:filcreat,ghidra+map-public,,,,true,1,1,1,target-exact-composite+candidate-map,
th04-zun-boundary-0128c,th04-zun,com-payload,0x128C,0x1128C,0x128C,0x33,0x33,corroborated,library,exclude,excluded,FILE_SEEK,FILE_SEEK,filseek,_TEXT,linked-library,toolchain-or-library:filseek,ghidra+map-public,,,,true,1,1,1,target-exact-composite+candidate-map,
th04-zun-boundary-012c0,th04-zun,com-payload,0x12C0,0x112C0,0x12C0,0x0,0x0,provisional,library,exclude,excluded,FILE_TELL,FILE_TELL,filseek,_TEXT,linked-library,toolchain-or-library:filseek,map-public,,,,,,,,target-exact-composite+candidate-map,TLINK public has no corresponding Ghidra function entry.
th04-zun-boundary-012ce,th04-zun,com-payload,0x12CE,0x112CE,0x12CE,0x50,0x50,corroborated,library,exclude,excluded,FILE_APPEND,FILE_APPEND,filapend,_TEXT,linked-library,toolchain-or-library:filapend,ghidra+map-public,,,,true,1,1,1,target-exact-composite+candidate-map,
th04-zun-boundary-0131e,th04-zun,com-payload,0x131E,0x1131E,0x131E,0x10,0x10,corroborated,library,exclude,excluded,DOS_FREE,DOS_FREE;MEM_FREE,dosfree,_TEXT,linked-library,toolchain-or-library:dosfree,ghidra+map-public,,,,true,1,1,0,target-exact-composite+candidate-map,
th04-zun-boundary-0132e,th04-zun,com-payload,0x132E,0x1132E,0x132E,0x15,0x15,corroborated,library,exclude,excluded,DOS_AXDX,DOS_AXDX,dosc,_TEXT,linked-library,toolchain-or-library:dosc,ghidra+map-public,,,,true,1,2,0,target-exact-composite+candidate-map,
th04-zun-boundary-01344,th04-zun,com-payload,0x1344,0x11344,0x1344,0x27,0x27,corroborated,library,exclude,excluded,DOS_PUTS2,DOS_PUTS2,dosputs2,_TEXT,linked-library,toolchain-or-library:dosputs2,ghidra+map-public,,,,true,1,1,0,target-exact-composite+candidate-map,
th04-zun-boundary-0136c,th04-zun,com-payload,0x136C,0x1136C,0x136C,0x18,0x18,corroborated,library,exclude,excluded,FONTFILE_OPEN,FONTFILE_OPEN;DOS_ROPEN,fontopen,_TEXT,linked-library,toolchain-or-library:fontopen,ghidra+map-public,,,,true,1,1,0,target-exact-composite+candidate-map,
th04-zun-boundary-01384,th04-zun,com-payload,0x1384,0x11384,0x1384,0x15,0x15,corroborated,library,exclude,excluded,__abort,__abort,_abort,_TEXT,linked-library,toolchain-or-library:_abort,ghidra+map-public,,,,true,1,1,2,target-exact-composite+candidate-map,
th04-zun-boundary-01399,th04-zun,com-payload,0x1399,0x11399,0x1399,0x28,0x28,corroborated,library,exclude,excluded,_atexit,_atexit,atexit,_TEXT,linked-library,toolchain-or-library:atexit,ghidra+map-public,,,,true,1,0,0,target-exact-composite+candidate-map,
th04-zun-boundary-013c1,th04-zun,com-payload,0x13C1,0x113C1,0x13C1,0x1F,0x1F,corroborated,library,exclude,excluded,___ErrorMessage,___ErrorMessage,errormsg,_TEXT,linked-library,toolchain-or-library:errormsg,ghidra+map-public,,,,true,1,2,2,target-exact-composite+candidate-map,
th04-zun-boundary-013e5,th04-zun,com-payload,0x13E5,0x113E5,0x13E5,0x50,0x50,provisional,library,exclude,excluded,FUN_1000_13e5,,exit,_TEXT,linked-library,toolchain-or-library:exit,ghidra,,,,true,1,2,4,target-exact-composite+candidate-map,Ghidra-only boundary has no TLINK public or TASM PROC at its entry.
th04-zun-boundary-01435,th04-zun,com-payload,0x1435,0x11435,0x1435,0x13,0x13,corroborated,library,exclude,excluded,_exit,_exit,exit,_TEXT,linked-library,toolchain-or-library:exit,ghidra+map-public,,,,true,1,1,1,target-exact-composite+candidate-map,
th04-zun-boundary-01448,th04-zun,com-payload,0x1448,0x11448,0x1448,0x16,0x16,corroborated,library,exclude,excluded,__exit,__exit,exit,_TEXT,linked-library,toolchain-or-library:exit,ghidra+map-public,,,,true,1,2,1,target-exact-composite+candidate-map,
th04-zun-boundary-0145e,th04-zun,com-payload,0x145E,0x1145E,0x145E,0x0,0x0,provisional,library,exclude,excluded,__cexit,__cexit,exit,_TEXT,linked-library,toolchain-or-library:exit,map-public,,,,,,,,target-exact-composite+candidate-map,TLINK public has no corresponding Ghidra function entry.
th04-zun-boundary-01470,th04-zun,com-payload,0x1470,0x11470,0x1470,0x0,0x0,provisional,library,exclude,excluded,__c_exit,__c_exit,exit,_TEXT,linked-library,toolchain-or-library:exit,map-public,,,,,,,,target-exact-composite+candidate-map,TLINK public has no corresponding Ghidra function entry.
th04-zun-boundary-01480,th04-zun,com-payload,0x1480,0x11480,0x1480,0x3E,0x3E,corroborated,library,exclude,excluded,__IOERROR,__IOERROR,ioerror,_TEXT,linked-library,toolchain-or-library:ioerror,ghidra+map-public,,,,true,1,4,0,target-exact-composite+candidate-map,
th04-zun-boundary-014be,th04-zun,com-payload,0x14BE,0x114BE,0x14BE,0x14,0x14,corroborated,library,exclude,excluded,__DOSERROR,__DOSERROR,ioerror,_TEXT,linked-library,toolchain-or-library:ioerror,ghidra+map-public,,,,true,1,0,1,target-exact-composite+candidate-map,
th04-zun-boundary-014d2,th04-zun,com-payload,0x14D2,0x114D2,0x14D2,0x15,0x15,corroborated,library,exclude,excluded,_isatty,_isatty,isatty,_TEXT,linked-library,toolchain-or-library:isatty,ghidra+map-public,,,,true,1,0,0,target-exact-composite+candidate-map,
th04-zun-boundary-014e7,th04-zun,com-payload,0x14E7,0x114E7,0x14E7,0x2D,0x2D,corroborated,library,exclude,excluded,_lseek,_lseek,lseek,_TEXT,linked-library,toolchain-or-library:lseek,ghidra+map-public,,,,true,1,3,1,target-exact-composite+candidate-map,
th04-zun-boundary-01514,th04-zun,com-payload,0x1514,0x11514,0x1514,0x1C,0x1C,corroborated,library,exclude,excluded,N_SCOPY@,N_SCOPY@,n_scopy,_TEXT,linked-library,toolchain-or-library:n_scopy,ghidra+map-public,,,,true,1,1,0,target-exact-composite+candidate-map,
th04-zun-boundary-01530,th04-zun,com-payload,0x1530,0x11530,0x1530,0x0,0x0,provisional,library,exclude,excluded,__setupio,__setupio,setupio,_TEXT,linked-library,toolchain-or-library:setupio,map-public,,,,,,,,target-exact-composite+candidate-map,TLINK public has no corresponding Ghidra function entry.
th04-zun-boundary-015cb,th04-zun,com-payload,0x15CB,0x115CB,0x15CB,0x26,0x26,corroborated,library,exclude,excluded,___brk,___brk,brk,_TEXT,linked-library,toolchain-or-library:brk,ghidra+map-public,,,,true,1,2,0,target-exact-composite+candidate-map,
th04-zun-boundary-015f1,th04-zun,com-payload,0x15F1,0x115F1,0x15F1,0x35,0x35,corroborated,library,exclude,excluded,___sbrk,___sbrk,brk,_TEXT,linked-library,toolchain-or-library:brk,ghidra+map-public,,,,true,1,3,0,target-exact-composite+candidate-map,
th04-zun-boundary-01626,th04-zun,com-payload,0x1626,0x11626,0x1626,0x10,0x10,corroborated,library,exclude,excluded,_brk,_brk,brk,_TEXT,linked-library,toolchain-or-library:brk,ghidra+map-public,,,,true,1,0,1,target-exact-composite+candidate-map,
th04-zun-boundary-01636,th04-zun,com-payload,0x1636,0x11636,0x1636,0x14,0x14,corroborated,library,exclude,excluded,_sbrk,_sbrk,brk,_TEXT,linked-library,toolchain-or-library:brk,ghidra+map-public,,,,true,1,0,1,target-exact-composite+candidate-map,
th04-zun-boundary-0164a,th04-zun,com-payload,0x164A,0x1164A,0x164A,0x1D,0x1D,corroborated,library,exclude,excluded,_free,_free,nearheap,_TEXT,linked-library,toolchain-or-library:nearheap,ghidra+map-public,,,,true,1,1,2,target-exact-composite+candidate-map,
th04-zun-boundary-01667,th04-zun,com-payload,0x1667,0x11667,0x1667,0x3A,0x3A,provisional,library,exclude,excluded,FUN_1000_1667,,nearheap,_TEXT,linked-library,toolchain-or-library:nearheap,ghidra,,,,true,1,1,2,target-exact-composite+candidate-map,Ghidra-only boundary has no TLINK public or TASM PROC at its entry.
th04-zun-boundary-016a1,th04-zun,com-payload,0x16A1,0x116A1,0x16A1,0x39,0x39,provisional,library,exclude,excluded,FUN_1000_16a1,,nearheap,_TEXT,linked-library,toolchain-or-library:nearheap,ghidra,,,,true,1,1,1,target-exact-composite+candidate-map,Ghidra-only boundary has no TLINK public or TASM PROC at its entry.
th04-zun-boundary-016da,th04-zun,com-payload,0x16DA,0x116DA,0x16DA,0x1C,0x1C,provisional,library,exclude,excluded,FUN_1000_16da,,nearheap,_TEXT,linked-library,toolchain-or-library:nearheap,ghidra,,,,true,1,2,0,target-exact-composite+candidate-map,Ghidra-only boundary has no TLINK public or TASM PROC at its entry.
th04-zun-boundary-016f6,th04-zun,com-payload,0x16F6,0x116F6,0x16F6,0x23,0x23,provisional,library,exclude,excluded,FUN_1000_16f6,,nearheap,_TEXT,linked-library,toolchain-or-library:nearheap,ghidra,,,,true,1,1,0,target-exact-composite+candidate-map,Ghidra-only boundary has no TLINK public or TASM PROC at its entry.
th04-zun-boundary-01719,th04-zun,com-payload,0x1719,0x11719,0x1719,0x60,0x60,corroborated,library,exclude,excluded,_malloc,_malloc,nearheap,_TEXT,linked-library,toolchain-or-library:nearheap,ghidra+map-public,,,,true,1,1,4,target-exact-composite+candidate-map,
th04-zun-boundary-01779,th04-zun,com-payload,0x1779,0x11779,0x1779,0x40,0x40,provisional,library,exclude,excluded,FUN_1000_1779,,nearheap,_TEXT,linked-library,toolchain-or-library:nearheap,ghidra,,,,true,1,1,1,target-exact-composite+candidate-map,Ghidra-only boundary has no TLINK public or TASM PROC at its entry.
th04-zun-boundary-017b9,th04-zun,com-payload,0x17B9,0x117B9,0x17B9,0x29,0x29,provisional,library,exclude,excluded,FUN_1000_17b9,,nearheap,_TEXT,linked-library,toolchain-or-library:nearheap,ghidra,,,,true,1,1,1,target-exact-composite+candidate-map,Ghidra-only boundary has no TLINK public or TASM PROC at its entry.
th04-zun-boundary-017e2,th04-zun,com-payload,0x17E2,0x117E2,0x17E2,0x19,0x19,provisional,library,exclude,excluded,FUN_1000_17e2,,nearheap,_TEXT,linked-library,toolchain-or-library:nearheap,ghidra,,,,true,1,1,0,target-exact-composite+candidate-map,Ghidra-only boundary has no TLINK public or TASM PROC at its entry.
th04-zun-boundary-01870,th04-zun,com-payload,0x1870,0x11870,0x1870,0x0,0x0,provisional,library,exclude,excluded,_realloc,_realloc,nearheap,_TEXT,linked-library,toolchain-or-library:nearheap,map-public,,,,,,,,target-exact-composite+candidate-map,TLINK public has no corresponding Ghidra function entry.
th04-zun-boundary-01909,th04-zun,com-payload,0x1909,0x11909,0x1909,0x25,0x25,corroborated,library,exclude,excluded,___path_isdbcsleadbyte,___path_isdbcsleadbyte,_pathops,_TEXT,linked-library,toolchain-or-library:_pathops,ghidra+map-public,,,,true,1,1,0,target-exact-composite+candidate-map,
th04-zun-boundary-0192e,th04-zun,com-payload,0x192E,0x1192E,0x192E,0x58,0x58,corroborated,library,exclude,excluded,___path_issbcs,___path_issbcs,_pathops,_TEXT,linked-library,toolchain-or-library:_pathops,ghidra+map-public,,,,true,1,0,1,target-exact-composite+candidate-map,
th04-zun-boundary-01986,th04-zun,com-payload,0x1986,0x11986,0x1986,0x91,0x91,corroborated,library,exclude,excluded,_fflush,_fflush,fflush,_TEXT,linked-library,toolchain-or-library:fflush,ghidra+map-public,,,,true,1,3,2,target-exact-composite+candidate-map,
th04-zun-boundary-01a17,th04-zun,com-payload,0x1A17,0x11A17,0x1A17,0x42,0x42,corroborated,library,exclude,excluded,_flushall,_flushall,flushall,_TEXT,linked-library,toolchain-or-library:flushall,ghidra+map-public,,,,true,1,1,1,target-exact-composite+candidate-map,
th04-zun-boundary-01a59,th04-zun,com-payload,0x1A59,0x11A59,0x1A59,0x70,0x70,provisional,library,exclude,excluded,FUN_1000_1a59,,fseek,_TEXT,linked-library,toolchain-or-library:fseek,ghidra,,,,true,1,2,0,target-exact-composite+candidate-map,Ghidra-only boundary has no TLINK public or TASM PROC at its entry.
th04-zun-boundary-01a68,th04-zun,com-payload,0x1A68,0x11A68,0x1A68,0x0,0x0,provisional,library,exclude,excluded,__AHINCR,__AHINCR,fseek,_TEXT,linked-library,toolchain-or-library:fseek,map-public,,,,,,,,target-exact-composite+candidate-map,TLINK public has no corresponding Ghidra function entry.
th04-zun-boundary-01ac9,th04-zun,com-payload,0x1AC9,0x11AC9,0x1AC9,0x69,0x69,corroborated,library,exclude,excluded,_fseek,_fseek,fseek,_TEXT,linked-library,toolchain-or-library:fseek,ghidra+map-public,,,,true,1,1,3,target-exact-composite+candidate-map,
th04-zun-boundary-01b32,th04-zun,com-payload,0x1B32,0x11B32,0x1B32,0xCD,0xCD,corroborated,library,exclude,excluded,_ftell,_ftell,fseek,_TEXT,linked-library,toolchain-or-library:fseek,ghidra+map-public,,,,true,1,0,2,target-exact-composite+candidate-map,
th04-zun-boundary-01bff,th04-zun,com-payload,0x1BFF,0x11BFF,0x1BFF,0xE5,0xE5,corroborated,library,exclude,excluded,_setvbuf,_setvbuf,setvbuf,_TEXT,linked-library,toolchain-or-library:setvbuf,ghidra+map-public,,,,true,1,0,3,target-exact-composite+candidate-map,
th04-zun-boundary-01ce4,th04-zun,com-payload,0x1CE4,0x11CE4,0x1CE4,0x1C,0x1C,corroborated,library,exclude,excluded,_strlen,_strlen,strlen,_TEXT,linked-library,toolchain-or-library:strlen,ghidra+map-public,,,,true,1,1,0,target-exact-composite+candidate-map,
th04-zun-boundary-01d00,th04-zun,com-payload,0x1D00,0x11D00,0x1D00,0x125,0x125,corroborated,library,exclude,excluded,___write,___write,write,_TEXT,linked-library,toolchain-or-library:write,ghidra+map-public,,,,true,1,1,3,target-exact-composite+candidate-map,
th04-zun-boundary-01e25,th04-zun,com-payload,0x1E25,0x11E25,0x1E25,0x3D,0x3D,corroborated,library,exclude,excluded,__rtl_write,__rtl_write,writea,_TEXT,linked-library,toolchain-or-library:writea,ghidra+map-public,,,,true,1,3,1,target-exact-composite+candidate-map,
th04-zun-boundary-01e62,th04-zun,com-payload,0x1E62,0x11E62,0x1E62,0x18,0x18,corroborated,library,exclude,excluded,__write,__write,writea,_TEXT,linked-library,toolchain-or-library:writea,ghidra+map-public,,,,true,1,0,1,target-exact-composite+candidate-map,
th04-zun-boundary-01e7a,th04-zun,com-payload,0x1E7A,0x11E7A,0x1E7A,0x35,0x35,corroborated,library,exclude,excluded,__xfflush,__xfflush,xfflush,_TEXT,linked-library,toolchain-or-library:xfflush,ghidra+map-public,,,,true,1,0,1,target-exact-composite+candidate-map,
th04-zun-boundary-02440,th04-zun,com-payload,0x2440,0x12440,0x2440,0x142,0x142,reviewed,compiler,exclude,excluded,FUN_1000_2440,,c0.ASM,_TEXT,compiler-startup,toolchain:c0.asm,ghidra,,,,true,1,0,5,target-exact-composite+candidate-map,
th04-zun-boundary-02582,th04-zun,com-payload,0x2582,0x12582,0x2582,0x13,0x13,corroborated,compiler,exclude,excluded,__cleanup,__cleanup,c0.ASM,_TEXT,compiler-startup,toolchain:c0.asm,ghidra+map-public,,,,true,1,1,1,target-exact-composite+candidate-map,
th04-zun-boundary-02595,th04-zun,com-payload,0x2595,0x12595,0x2595,0x1,0x1,corroborated,compiler,exclude,excluded,__checknull,__checknull,c0.ASM,_TEXT,compiler-startup,toolchain:c0.asm,ghidra+map-public,,,,true,1,1,0,target-exact-composite+candidate-map,
th04-zun-boundary-02596,th04-zun,com-payload,0x2596,0x12596,0x2596,0x18,0x18,corroborated,compiler,exclude,excluded,__terminate,__terminate,c0.ASM,_TEXT,compiler-startup,toolchain:c0.asm,ghidra+map-public,,,,true,1,1,2,target-exact-composite+candidate-map,
th04-zun-boundary-025ae,th04-zun,com-payload,0x25AE,0x125AE,0x25AE,0x43,0x43,provisional,compiler,exclude,excluded,FUN_1000_25ae,,c0.ASM,_TEXT,compiler-startup,toolchain:c0.asm,ghidra,,,,true,1,1,0,target-exact-composite+candidate-map,Ghidra-only boundary has no TLINK public or TASM PROC at its entry.
th04-zun-boundary-025f1,th04-zun,com-payload,0x25F1,0x125F1,0x25F1,0x2D,0x2D,corroborated,compiler,exclude,excluded,__restorezero,__restorezero,c0.ASM,_TEXT,compiler-startup,toolchain:c0.asm,ghidra+map-public,,,,true,1,1,0,target-exact-composite+candidate-map,
th04-zun-boundary-0261e,th04-zun,com-payload,0x261E,0x1261E,0x261E,0x44,0x44,provisional,compiler,exclude,excluded,FUN_1000_261e,,c0.ASM,_TEXT,compiler-startup,toolchain:c0.asm,ghidra,,,,true,1,1,0,target-exact-composite+candidate-map,Ghidra-only boundary has no TLINK public or TASM PROC at its entry.
th04-zun-boundary-02662,th04-zun,com-payload,0x2662,0x12662,0x2662,0x41,0x41,provisional,compiler,exclude,excluded,FUN_1000_2662,,c0.ASM,_TEXT,compiler-startup,toolchain:c0.asm,ghidra,,,,true,1,1,0,target-exact-composite+candidate-map,Ghidra-only boundary has no TLINK public or TASM PROC at its entry.
th04-zun-boundary-026a3,th04-zun,com-payload,0x26A3,0x126A3,0x26A3,0x0,0x0,provisional,compiler,exclude,excluded,DGROUP@,DGROUP@,c0.ASM,_TEXT,compiler-startup,toolchain:c0.asm,map-public,,,,,,,,target-exact-composite+candidate-map,TLINK public has no corresponding Ghidra function entry.
th04-zun-boundary-026a5,th04-zun,com-payload,0x26A5,0x126A5,0x26A5,0x0,0x0,provisional,compiler,exclude,excluded,__MMODEL,__MMODEL,c0.ASM,_TEXT,compiler-startup,toolchain:c0.asm,map-public,,,,,,,,target-exact-composite+candidate-map,TLINK public has no corresponding Ghidra function entry.
th04-zun-boundary-026a7,th04-zun,com-payload,0x26A7,0x126A7,0x26A7,0x26,0x26,corroborated,authored,reconstruct,unreviewed,_main,_main,th04_memchk.asm,_TEXT,target-derived-asm,candidate:th04_memchk.asm,ghidra+map-public+tasm-proc,_main,near,33,true,1,1,2,target-exact-composite+candidate-map,
th04-zun-boundary-026ce,th04-zun,com-payload,0x26CE,0x126CE,0x26CE,0x27,0x27,corroborated,authored,reconstruct,unreviewed,sub_38E,,th04_memchk.asm,_TEXT,target-derived-asm,candidate:th04_memchk.asm,ghidra+tasm-proc,sub_38E,near,71,true,1,1,0,target-exact-composite+candidate-map,
th04-zun-boundary-026f6,th04-zun,com-payload,0x26F6,0x126F6,0x26F6,0x14,0x14,corroborated,authored,reconstruct,unreviewed,sub_3B6,,th04_memchk.asm,_TEXT,target-derived-asm,candidate:th04_memchk.asm,ghidra+tasm-proc,sub_3B6,near,105,true,1,1,0,target-exact-composite+candidate-map,
th04-zun-boundary-0270a,th04-zun,com-payload,0x270A,0x1270A,0x270A,0x15,0x15,corroborated,library,exclude,excluded,__abort,__abort,_abort,_TEXT,linked-library,toolchain-or-library:_abort,ghidra+map-public,,,,true,1,1,2,target-exact-composite+candidate-map,
th04-zun-boundary-0271f,th04-zun,com-payload,0x271F,0x1271F,0x271F,0x28,0x28,corroborated,library,exclude,excluded,_atexit,_atexit,atexit,_TEXT,linked-library,toolchain-or-library:atexit,ghidra+map-public,,,,true,1,0,0,target-exact-composite+candidate-map,
th04-zun-boundary-02747,th04-zun,com-payload,0x2747,0x12747,0x2747,0x1F,0x1F,corroborated,library,exclude,excluded,___ErrorMessage,___ErrorMessage,errormsg,_TEXT,linked-library,toolchain-or-library:errormsg,ghidra+map-public,,,,true,1,2,2,target-exact-composite+candidate-map,
th04-zun-boundary-0276b,th04-zun,com-payload,0x276B,0x1276B,0x276B,0x50,0x50,provisional,library,exclude,excluded,FUN_1000_276b,,exit,_TEXT,linked-library,toolchain-or-library:exit,ghidra,,,,true,1,2,4,target-exact-composite+candidate-map,Ghidra-only boundary has no TLINK public or TASM PROC at its entry.
th04-zun-boundary-027bb,th04-zun,com-payload,0x27BB,0x127BB,0x27BB,0x13,0x13,corroborated,library,exclude,excluded,_exit,_exit,exit,_TEXT,linked-library,toolchain-or-library:exit,ghidra+map-public,,,,true,1,1,1,target-exact-composite+candidate-map,
th04-zun-boundary-027ce,th04-zun,com-payload,0x27CE,0x127CE,0x27CE,0x16,0x16,corroborated,library,exclude,excluded,__exit,__exit,exit,_TEXT,linked-library,toolchain-or-library:exit,ghidra+map-public,,,,true,1,2,1,target-exact-composite+candidate-map,
th04-zun-boundary-027e4,th04-zun,com-payload,0x27E4,0x127E4,0x27E4,0x0,0x0,provisional,library,exclude,excluded,__cexit,__cexit,exit,_TEXT,linked-library,toolchain-or-library:exit,map-public,,,,,,,,target-exact-composite+candidate-map,TLINK public has no corresponding Ghidra function entry.
th04-zun-boundary-027f6,th04-zun,com-payload,0x27F6,0x127F6,0x27F6,0x0,0x0,provisional,library,exclude,excluded,__c_exit,__c_exit,exit,_TEXT,linked-library,toolchain-or-library:exit,map-public,,,,,,,,target-exact-composite+candidate-map,TLINK public has no corresponding Ghidra function entry.
th04-zun-boundary-02806,th04-zun,com-payload,0x2806,0x12806,0x2806,0x3E,0x3E,corroborated,library,exclude,excluded,__IOERROR,__IOERROR,ioerror,_TEXT,linked-library,toolchain-or-library:ioerror,ghidra+map-public,,,,true,1,4,0,target-exact-composite+candidate-map,
th04-zun-boundary-02844,th04-zun,com-payload,0x2844,0x12844,0x2844,0x14,0x14,corroborated,library,exclude,excluded,__DOSERROR,__DOSERROR,ioerror,_TEXT,linked-library,toolchain-or-library:ioerror,ghidra+map-public,,,,true,1,0,1,target-exact-composite+candidate-map,
th04-zun-boundary-02858,th04-zun,com-payload,0x2858,0x12858,0x2858,0x15,0x15,corroborated,library,exclude,excluded,_isatty,_isatty,isatty,_TEXT,linked-library,toolchain-or-library:isatty,ghidra+map-public,,,,true,1,0,0,target-exact-composite+candidate-map,
th04-zun-boundary-0286d,th04-zun,com-payload,0x286D,0x1286D,0x286D,0x2D,0x2D,corroborated,library,exclude,excluded,_lseek,_lseek,lseek,_TEXT,linked-library,toolchain-or-library:lseek,ghidra+map-public,,,,true,1,3,1,target-exact-composite+candidate-map,
th04-zun-boundary-0289a,th04-zun,com-payload,0x289A,0x1289A,0x289A,0x0,0x0,provisional,library,exclude,excluded,__setupio,__setupio,setupio,_TEXT,linked-library,toolchain-or-library:setupio,map-public,,,,,,,,target-exact-composite+candidate-map,TLINK public has no corresponding Ghidra function entry.
th04-zun-boundary-02935,th04-zun,com-payload,0x2935,0x12935,0x2935,0x26,0x26,corroborated,library,exclude,excluded,___brk,___brk,brk,_TEXT,linked-library,toolchain-or-library:brk,ghidra+map-public,,,,true,1,2,0,target-exact-composite+candidate-map,
th04-zun-boundary-0295b,th04-zun,com-payload,0x295B,0x1295B,0x295B,0x35,0x35,corroborated,library,exclude,excluded,___sbrk,___sbrk,brk,_TEXT,linked-library,toolchain-or-library:brk,ghidra+map-public,,,,true,1,3,0,target-exact-composite+candidate-map,
th04-zun-boundary-02990,th04-zun,com-payload,0x2990,0x12990,0x2990,0x10,0x10,corroborated,library,exclude,excluded,_brk,_brk,brk,_TEXT,linked-library,toolchain-or-library:brk,ghidra+map-public,,,,true,1,0,1,target-exact-composite+candidate-map,
th04-zun-boundary-029a0,th04-zun,com-payload,0x29A0,0x129A0,0x29A0,0x14,0x14,corroborated,library,exclude,excluded,_sbrk,_sbrk,brk,_TEXT,linked-library,toolchain-or-library:brk,ghidra+map-public,,,,true,1,0,1,target-exact-composite+candidate-map,
th04-zun-boundary-029b4,th04-zun,com-payload,0x29B4,0x129B4,0x29B4,0x1D,0x1D,corroborated,library,exclude,excluded,_free,_free,nearheap,_TEXT,linked-library,toolchain-or-library:nearheap,ghidra+map-public,,,,true,1,1,2,target-exact-composite+candidate-map,
th04-zun-boundary-029d1,th04-zun,com-payload,0x29D1,0x129D1,0x29D1,0x3A,0x3A,provisional,library,exclude,excluded,FUN_1000_29d1,,nearheap,_TEXT,linked-library,toolchain-or-library:nearheap,ghidra,,,,true,1,1,2,target-exact-composite+candidate-map,Ghidra-only boundary has no TLINK public or TASM PROC at its entry.
th04-zun-boundary-02a0b,th04-zun,com-payload,0x2A0B,0x12A0B,0x2A0B,0x39,0x39,provisional,library,exclude,excluded,FUN_1000_2a0b,,nearheap,_TEXT,linked-library,toolchain-or-library:nearheap,ghidra,,,,true,1,1,1,target-exact-composite+candidate-map,Ghidra-only boundary has no TLINK public or TASM PROC at its entry.
th04-zun-boundary-02a44,th04-zun,com-payload,0x2A44,0x12A44,0x2A44,0x1C,0x1C,provisional,library,exclude,excluded,FUN_1000_2a44,,nearheap,_TEXT,linked-library,toolchain-or-library:nearheap,ghidra,,,,true,1,2,0,target-exact-composite+candidate-map,Ghidra-only boundary has no TLINK public or TASM PROC at its entry.
th04-zun-boundary-02a60,th04-zun,com-payload,0x2A60,0x12A60,0x2A60,0x23,0x23,provisional,library,exclude,excluded,FUN_1000_2a60,,nearheap,_TEXT,linked-library,toolchain-or-library:nearheap,ghidra,,,,true,1,1,0,target-exact-composite+candidate-map,Ghidra-only boundary has no TLINK public or TASM PROC at its entry.
th04-zun-boundary-02a83,th04-zun,com-payload,0x2A83,0x12A83,0x2A83,0x60,0x60,corroborated,library,exclude,excluded,_malloc,_malloc,nearheap,_TEXT,linked-library,toolchain-or-library:nearheap,ghidra+map-public,,,,true,1,1,4,target-exact-composite+candidate-map,
th04-zun-boundary-02ae3,th04-zun,com-payload,0x2AE3,0x12AE3,0x2AE3,0x40,0x40,provisional,library,exclude,excluded,FUN_1000_2ae3,,nearheap,_TEXT,linked-library,toolchain-or-library:nearheap,ghidra,,,,true,1,1,1,target-exact-composite+candidate-map,Ghidra-only boundary has no TLINK public or TASM PROC at its entry.
th04-zun-boundary-02b23,th04-zun,com-payload,0x2B23,0x12B23,0x2B23,0x29,0x29,provisional,library,exclude,excluded,FUN_1000_2b23,,nearheap,_TEXT,linked-library,toolchain-or-library:nearheap,ghidra,,,,true,1,1,1,target-exact-composite+candidate-map,Ghidra-only boundary has no TLINK public or TASM PROC at its entry.
th04-zun-boundary-02b4c,th04-zun,com-payload,0x2B4C,0x12B4C,0x2B4C,0x19,0x19,provisional,library,exclude,excluded,FUN_1000_2b4c,,nearheap,_TEXT,linked-library,toolchain-or-library:nearheap,ghidra,,,,true,1,1,0,target-exact-composite+candidate-map,Ghidra-only boundary has no TLINK public or TASM PROC at its entry.
th04-zun-boundary-02bda,th04-zun,com-payload,0x2BDA,0x12BDA,0x2BDA,0x0,0x0,provisional,library,exclude,excluded,_realloc,_realloc,nearheap,_TEXT,linked-library,toolchain-or-library:nearheap,map-public,,,,,,,,target-exact-composite+candidate-map,TLINK public has no corresponding Ghidra function entry.
th04-zun-boundary-02c2b,th04-zun,com-payload,0x2C2B,0x12C2B,0x2C2B,0x91,0x91,corroborated,library,exclude,excluded,_fflush,_fflush,fflush,_TEXT,linked-library,toolchain-or-library:fflush,ghidra+map-public,,,,true,1,3,2,target-exact-composite+candidate-map,
th04-zun-boundary-02cbc,th04-zun,com-payload,0x2CBC,0x12CBC,0x2CBC,0x42,0x42,corroborated,library,exclude,excluded,_flushall,_flushall,flushall,_TEXT,linked-library,toolchain-or-library:flushall,ghidra+map-public,,,,true,1,1,1,target-exact-composite+candidate-map,
th04-zun-boundary-02cfe,th04-zun,com-payload,0x2CFE,0x12CFE,0x2CFE,0x70,0x70,provisional,library,exclude,excluded,FUN_1000_2cfe,,fseek,_TEXT,linked-library,toolchain-or-library:fseek,ghidra,,,,true,1,2,0,target-exact-composite+candidate-map,Ghidra-only boundary has no TLINK public or TASM PROC at its entry.
th04-zun-boundary-02d6e,th04-zun,com-payload,0x2D6E,0x12D6E,0x2D6E,0x69,0x69,corroborated,library,exclude,excluded,_fseek,_fseek,fseek,_TEXT,linked-library,toolchain-or-library:fseek,ghidra+map-public,,,,true,1,1,3,target-exact-composite+candidate-map,
th04-zun-boundary-02dd7,th04-zun,com-payload,0x2DD7,0x12DD7,0x2DD7,0xCD,0xCD,corroborated,library,exclude,excluded,_ftell,_ftell,fseek,_TEXT,linked-library,toolchain-or-library:fseek,ghidra+map-public,,,,true,1,0,2,target-exact-composite+candidate-map,
th04-zun-boundary-02ea4,th04-zun,com-payload,0x2EA4,0x12EA4,0x2EA4,0xE5,0xE5,corroborated,library,exclude,excluded,_setvbuf,_setvbuf,setvbuf,_TEXT,linked-library,toolchain-or-library:setvbuf,ghidra+map-public,,,,true,1,0,3,target-exact-composite+candidate-map,
th04-zun-boundary-02f89,th04-zun,com-payload,0x2F89,0x12F89,0x2F89,0x1C,0x1C,corroborated,library,exclude,excluded,_strlen,_strlen,strlen,_TEXT,linked-library,toolchain-or-library:strlen,ghidra+map-public,,,,true,1,1,0,target-exact-composite+candidate-map,
th04-zun-boundary-02fa5,th04-zun,com-payload,0x2FA5,0x12FA5,0x2FA5,0x125,0x125,corroborated,library,exclude,excluded,___write,___write,write,_TEXT,linked-library,toolchain-or-library:write,ghidra+map-public,,,,true,1,1,3,target-exact-composite+candidate-map,
th04-zun-boundary-030ca,th04-zun,com-payload,0x30CA,0x130CA,0x30CA,0x3D,0x3D,corroborated,library,exclude,excluded,__rtl_write,__rtl_write,writea,_TEXT,linked-library,toolchain-or-library:writea,ghidra+map-public,,,,true,1,3,1,target-exact-composite+candidate-map,
th04-zun-boundary-03107,th04-zun,com-payload,0x3107,0x13107,0x3107,0x18,0x18,corroborated,library,exclude,excluded,__write,__write,writea,_TEXT,linked-library,toolchain-or-library:writea,ghidra+map-public,,,,true,1,0,1,target-exact-composite+candidate-map,
th04-zun-boundary-0311f,th04-zun,com-payload,0x311F,0x1311F,0x311F,0x35,0x35,corroborated,library,exclude,excluded,__xfflush,__xfflush,xfflush,_TEXT,linked-library,toolchain-or-library:xfflush,ghidra+map-public,,,,true,1,0,1,target-exact-composite+candidate-map,
th04-zun-boundary-03422,th04-zun,com-payload,0x3422,0x13422,0x3422,0x8,0x8,reviewed,original-asm,attest-asm,unreviewed,selector-moveup,selector-moveup,selector-moveup,,configured-asm,config:com-region:selector-moveup,ghidra+map-public,,,,true,1,1,0,target-exact-composite+candidate-map,
th04-zun-boundary-0342a,th04-zun,com-payload,0x342A,0x1342A,0x342A,0x44,0x44,reviewed,original-asm,attest-asm,unreviewed,comcstm-stub,comcstm-stub,comcstm-stub,,configured-asm,config:com-region:comcstm-stub,ghidra+map-public,,,,true,1,0,0,target-exact-composite+candidate-map,
