id,artifact,kind,segment,offset,file_offset,size,compare_size,boundary_state,origin,state,name,source,evidence_ids,replay_command,notes
th04-main-slowdown-frame-delay,th04-main,function,SLOWDOWN_TEXT,0x0002,0xC2F2,0x1A,0x1A,reviewed,authored,exact,slowdown_frame_delay,src/main/slowdown.cpp,ev-th04-main-target;ev-ghidra-th04-main-db;ev-th04-main-slowdown-boundary;ev-th04-main-slowdown-upstream;ev-th04-main-slowdown-compiler;ev-th04-main-format-integrity;ev-toolchain-surfaces;ev-th04-main-slowdown-frame-delay-toolchain-replay;ev-th04-main-slowdown-frame-delay-omf;ev-th04-main-slowdown-frame-delay-cold;ev-th04-main-slowdown-frame-delay-layout;ev-th04-main-slowdown-frame-delay-raw;ev-ledger-consistency-exact14;ev-th04-main-slowdown-frame-delay-aggregate,python3 scripts/replay_th04_main_exact_units.py --unit th04-main-slowdown-frame-delay,"Repository-maintained natural source passes two isolated cold builds with exact map extent, relocation overlap, valid deterministic OMF, and zero raw byte differences; see gptweb-batch14-003 evidence rows."
th04-main-module-th04-demo-cpp-b3ee,th04-main,module-candidate,DEMO_TEXT,0x08FE,0xCBEE,0x9A,0x9A,reviewed,authored,exact,th04/demo.cpp,src/main/demo.cpp,ev-th04-main-authored-screen-target;ev-th04-main-authored-screen-map;ev-th04-main-target;ev-th04-main-format-integrity;ev-th04-main-module-th04-demo-cpp-b3ee-boundary;ev-toolchain-surfaces;ev-th04-main-module-th04-demo-cpp-b3ee-toolchain-replay;ev-th04-main-module-th04-demo-cpp-b3ee-omf;ev-th04-main-module-th04-demo-cpp-b3ee-cold;ev-th04-main-module-th04-demo-cpp-b3ee-layout;ev-th04-main-module-th04-demo-cpp-b3ee-raw;ev-ledger-consistency-exact14;ev-th04-main-module-th04-demo-cpp-b3ee-aggregate,python3 scripts/replay_th04_main_exact_units.py --unit th04-main-module-th04-demo-cpp-b3ee,"Complete maintained natural C/C++ translation unit passes two isolated cold builds with exact map contribution, relocation overlap, deterministic valid OMF, and zero raw byte differences. Internal function-boundary accounting remains separate from module byte ownership."
th04-main-module-th04-ems-cpp-b488,th04-main,module-candidate,EMS_TEXT,0x0998,0xCC88,0x1FA,0x1FA,reviewed,authored,exact,th04/ems.cpp,src/main/ems.cpp,ev-th04-main-authored-screen-target;ev-th04-main-authored-screen-map;ev-th04-main-target;ev-th04-main-format-integrity;ev-th04-main-module-th04-ems-cpp-b488-boundary;ev-toolchain-surfaces;ev-th04-main-module-th04-ems-cpp-b488-toolchain-replay;ev-th04-main-module-th04-ems-cpp-b488-omf;ev-th04-main-module-th04-ems-cpp-b488-cold;ev-th04-main-module-th04-ems-cpp-b488-layout;ev-th04-main-module-th04-ems-cpp-b488-raw;ev-ledger-consistency-exact14;ev-th04-main-module-th04-ems-cpp-b488-aggregate,python3 scripts/replay_th04_main_exact_units.py --unit th04-main-module-th04-ems-cpp-b488,"Complete maintained natural C/C++ translation unit passes two isolated cold builds with exact map contribution, relocation overlap, deterministic valid OMF, and zero raw byte differences. Internal function-boundary accounting remains separate from module byte ownership."
th04-main-tile-ring-set-vo,th04-main,function,TILE_SET_TEXT,0x0B92,0xCE82,0x4F,0x4F,reviewed,authored,exact,tile_ring_set_vo,src/main/tile/set.cpp,ev-th04-main-authored-screen-target;ev-th04-main-authored-screen-map;ev-th04-main-target;ev-th04-main-format-integrity;ev-th04-main-tile-ring-set-vo-boundary;ev-toolchain-surfaces;ev-th04-main-tile-ring-set-vo-toolchain-replay;ev-th04-main-tile-ring-set-vo-omf;ev-th04-main-tile-ring-set-vo-cold;ev-th04-main-tile-ring-set-vo-layout;ev-th04-main-tile-ring-set-vo-raw;ev-ledger-consistency-exact14;ev-th04-main-tile-ring-set-vo-aggregate,python3 scripts/replay_th04_main_exact_units.py --unit th04-main-tile-ring-set-vo,"Repository-maintained natural source passes two isolated cold builds with exact map extent, relocation overlap, valid deterministic OMF, and zero raw byte differences; see gptweb-batch14-003 evidence rows."
th04-main-module-th04-std-cpp-b6d1,th04-main,module-candidate,STD_TEXT,0x0BE1,0xCED1,0xE8,0xE8,reviewed,authored,exact,th04/std.cpp,src/main/stage/std.cpp,ev-th04-main-authored-screen-target;ev-th04-main-authored-screen-map;ev-th04-main-target;ev-th04-main-format-integrity;ev-th04-main-module-th04-std-cpp-b6d1-boundary;ev-toolchain-surfaces;ev-th04-main-module-th04-std-cpp-b6d1-toolchain-replay;ev-th04-main-module-th04-std-cpp-b6d1-omf;ev-th04-main-module-th04-std-cpp-b6d1-cold;ev-th04-main-module-th04-std-cpp-b6d1-layout;ev-th04-main-module-th04-std-cpp-b6d1-raw;ev-ledger-consistency-exact14;ev-th04-main-module-th04-std-cpp-b6d1-aggregate,python3 scripts/replay_th04_main_exact_units.py --unit th04-main-module-th04-std-cpp-b6d1,"Complete maintained natural C/C++ translation unit passes two isolated cold builds with exact map contribution, relocation overlap, deterministic valid OMF, and zero raw byte differences. Internal function-boundary accounting remains separate from module byte ownership."
th04-main-module-th04-circle-cpp-c64a,th04-main,module-candidate,CIRCLE_TEXT,0x1B5A,0xDE4A,0x101,0x101,reviewed,authored,exact,th04/circle.cpp,src/main/circle.cpp,ev-th04-main-authored-screen-target;ev-th04-main-authored-screen-map;ev-th04-main-target;ev-th04-main-format-integrity;ev-th04-main-module-th04-circle-cpp-c64a-boundary;ev-toolchain-surfaces;ev-th04-main-module-th04-circle-cpp-c64a-toolchain-replay;ev-th04-main-module-th04-circle-cpp-c64a-omf;ev-th04-main-module-th04-circle-cpp-c64a-cold;ev-th04-main-module-th04-circle-cpp-c64a-layout;ev-th04-main-module-th04-circle-cpp-c64a-raw;ev-ledger-consistency-exact14;ev-th04-main-module-th04-circle-cpp-c64a-aggregate,python3 scripts/replay_th04_main_exact_units.py --unit th04-main-module-th04-circle-cpp-c64a,"Complete maintained natural C/C++ translation unit passes two isolated cold builds with exact map contribution, relocation overlap, deterministic valid OMF, and zero raw byte differences. Internal function-boundary accounting remains separate from module byte ownership."
th04-main-module-th04-tile-cpp-cb2e,th04-main,module-candidate,TILE_TEXT,0x203E,,0x89,0x89,provisional,unknown,excluded,th04/tile.cpp,,ev-th04-main-authored-screen-map;ev-th04-main-authored-screen-target,,Routing umbrella superseded: exact authored tiles_invalidate_reset (0x13) + reviewed 0x90 padding + exact 0x75 remainder cover all 0x89 bytes.
th04-main-playfield-shake-update-and-render,th04-main,function,PLAYFLD_TEXT,0x2246,0xE536,0xD0,0xD0,reviewed,authored,exact,playfield_shake_update_and_render,src/main/playfield.cpp,ev-th04-main-authored-screen-target;ev-th04-main-authored-screen-map;ev-th04-main-target;ev-th04-main-format-integrity;ev-th04-main-playfield-shake-update-and-render-boundary;ev-toolchain-surfaces;ev-th04-main-playfield-shake-update-and-render-toolchain-replay;ev-th04-main-playfield-shake-update-and-render-omf;ev-th04-main-playfield-shake-update-and-render-cold;ev-th04-main-playfield-shake-update-and-render-layout;ev-th04-main-playfield-shake-update-and-render-raw;ev-ledger-consistency-exact14;ev-th04-main-playfield-shake-update-and-render-aggregate,python3 scripts/replay_th04_main_exact_units.py --unit th04-main-playfield-shake-update-and-render,"Repository-maintained natural source passes two isolated cold builds with exact map extent, relocation overlap, valid deterministic OMF, and zero raw byte differences; see gptweb-batch14-003 evidence rows."
th04-main-midboss4-render,th04-main,function,M4_RENDER_TEXT,0x2316,0xE606,0x8D,0x8D,reviewed,authored,exact,midboss4_render,src/main/midboss/m4.cpp,ev-th04-main-authored-screen-target;ev-th04-main-authored-screen-map;ev-th04-main-target;ev-th04-main-format-integrity;ev-th04-main-midboss4-render-boundary;ev-toolchain-surfaces;ev-th04-main-midboss4-render-toolchain-replay;ev-th04-main-midboss4-render-omf;ev-th04-main-midboss4-render-cold;ev-th04-main-midboss4-render-layout;ev-th04-main-midboss4-render-raw;ev-ledger-consistency-exact14;ev-th04-main-midboss4-render-aggregate,python3 scripts/replay_th04_main_exact_units.py --unit th04-main-midboss4-render,"Repository-maintained natural source passes two isolated cold builds with exact map extent, relocation overlap, valid deterministic OMF, and zero raw byte differences; see gptweb-batch14-003 evidence rows."
th04-main-module-th04-f-dialog-cpp-ce93,th04-main,module-candidate,M4_RENDER_TEXT,0x23A3,0xE693,0xAA,0xAA,reviewed,authored,exact,th04/f_dialog.cpp,src/main/dialog/file.cpp,ev-th04-main-authored-screen-target;ev-th04-main-authored-screen-map;ev-th04-main-target;ev-th04-main-format-integrity;ev-th04-main-module-th04-f-dialog-cpp-ce93-boundary;ev-toolchain-surfaces;ev-th04-main-module-th04-f-dialog-cpp-ce93-toolchain-replay;ev-th04-main-module-th04-f-dialog-cpp-ce93-omf;ev-th04-main-module-th04-f-dialog-cpp-ce93-cold;ev-th04-main-module-th04-f-dialog-cpp-ce93-layout;ev-th04-main-module-th04-f-dialog-cpp-ce93-raw;ev-ledger-consistency-exact14;ev-th04-main-module-th04-f-dialog-cpp-ce93-aggregate,python3 scripts/replay_th04_main_exact_units.py --unit th04-main-module-th04-f-dialog-cpp-ce93,"Complete maintained natural C/C++ translation unit passes two isolated cold builds with exact map contribution, relocation overlap, deterministic valid OMF, and zero raw byte differences. Internal function-boundary accounting remains separate from module byte ownership."
th04-main-module-th04-dialog-cpp-cf3d,th04-main,module-candidate,DIALOG_TEXT,0x244D,,0x94F,0x94F,provisional,unknown,candidate,th04/dialog.cpp,,ev-th04-main-authored-screen-map;ev-th04-main-authored-screen-target,,candidate module contribution has 12 target byte differences from relative 0xA1 through 0x131; ownership and internal boundaries remain provisional
th04-main-module-th04-boss-exp-cpp-d88c,th04-main,module-candidate,BOSS_EXP_TEXT,0x2D9C,0xF08C,0x1C3,0x1C3,reviewed,authored,exact,th04/boss_exp.cpp,src/main/boss/explode.cpp,ev-th04-main-authored-screen-target;ev-th04-main-authored-screen-map;ev-th04-main-target;ev-th04-main-format-integrity;ev-th04-main-module-th04-boss-exp-cpp-d88c-boundary;ev-toolchain-surfaces;ev-th04-main-module-th04-boss-exp-cpp-d88c-toolchain-replay;ev-th04-main-module-th04-boss-exp-cpp-d88c-omf;ev-th04-main-module-th04-boss-exp-cpp-d88c-cold;ev-th04-main-module-th04-boss-exp-cpp-d88c-layout;ev-th04-main-module-th04-boss-exp-cpp-d88c-raw;ev-ledger-consistency-exact14;ev-th04-main-module-th04-boss-exp-cpp-d88c-aggregate,python3 scripts/replay_th04_main_exact_units.py --unit th04-main-module-th04-boss-exp-cpp-d88c,"Complete maintained natural C/C++ translation unit passes two isolated cold builds with exact map contribution, relocation overlap, deterministic valid OMF, and zero raw byte differences. Internal function-boundary accounting remains separate from module byte ownership."
th04-main-module-th04-stages-cpp-ea8a,th04-main,module-candidate,STAGES_TEXT,0x3F9A,,0x204,0x204,provisional,unknown,candidate,th04/stages.cpp,,ev-th04-main-authored-screen-map;ev-th04-main-authored-screen-target,,"Umbrella candidate has 10 target byte differences in its first 0x5A-byte carpet_lighting_put_new function and an already-exact 0x1AA-byte pure-C/C++ render suffix. Re-screening shows the 0x5A prefix relies on inline ASM for DS/ES setup, MUL, LODSB, SHL, and LOOP, so it is outside maintained authored-C/C++ ownership rather than a denominator-expansion target."
th04-main-module-th04-player-m-cpp-10898,th04-main,module-candidate,PLAYER_M_TEXT,0x5DA8,0x12098,0xB8,0xB8,reviewed,authored,exact,th04/player_m.cpp,src/main/player/move.cpp,ev-th04-main-authored-screen-target;ev-th04-main-authored-screen-map;ev-th04-main-target;ev-th04-main-format-integrity;ev-th04-main-module-th04-player-m-cpp-10898-boundary;ev-toolchain-surfaces;ev-th04-main-module-th04-player-m-cpp-10898-toolchain-replay;ev-th04-main-module-th04-player-m-cpp-10898-omf;ev-th04-main-module-th04-player-m-cpp-10898-cold;ev-th04-main-module-th04-player-m-cpp-10898-layout;ev-th04-main-module-th04-player-m-cpp-10898-raw;ev-ledger-consistency-exact14;ev-th04-main-module-th04-player-m-cpp-10898-aggregate,python3 scripts/replay_th04_main_exact_units.py --unit th04-main-module-th04-player-m-cpp-10898,"Complete maintained natural C/C++ translation unit passes two isolated cold builds with exact map contribution, relocation overlap, deterministic valid OMF, and zero raw byte differences. Internal function-boundary accounting remains separate from module byte ownership."
th04-main-module-th04-player-p-cpp-10950,th04-main,module-candidate,PLAYER_P_TEXT,0x5E60,0x12150,0x38,0x38,reviewed,authored,exact,th04/player_p.cpp,src/main/player/player.cpp,ev-th04-main-authored-screen-target;ev-th04-main-authored-screen-map;ev-th04-main-target;ev-th04-main-format-integrity;ev-th04-main-module-th04-player-p-cpp-10950-boundary;ev-toolchain-surfaces;ev-th04-main-module-th04-player-p-cpp-10950-toolchain-replay;ev-th04-main-module-th04-player-p-cpp-10950-omf;ev-th04-main-module-th04-player-p-cpp-10950-cold;ev-th04-main-module-th04-player-p-cpp-10950-layout;ev-th04-main-module-th04-player-p-cpp-10950-raw;ev-ledger-consistency-exact14;ev-th04-main-module-th04-player-p-cpp-10950-aggregate,python3 scripts/replay_th04_main_exact_units.py --unit th04-main-module-th04-player-p-cpp-10950,"Complete maintained natural C/C++ translation unit passes two isolated cold builds with exact map contribution, relocation overlap, deterministic valid OMF, and zero raw byte differences. Internal function-boundary accounting remains separate from module byte ownership."
th04-main-module-th04-hud-ovrl-cpp-10d4b,th04-main,module-candidate,HUD_OVRL_TEXT,0x625B,0x1254B,0x806,0x806,reviewed,authored,exact,th04/hud_ovrl.cpp,src/main/hud/overlay.cpp,ev-th04-main-authored-screen-target;ev-th04-main-authored-screen-map;ev-th04-main-target;ev-th04-main-format-integrity;ev-th04-main-module-th04-hud-ovrl-cpp-10d4b-boundary;ev-toolchain-surfaces;ev-th04-main-module-th04-hud-ovrl-cpp-10d4b-toolchain-replay;ev-th04-main-module-th04-hud-ovrl-cpp-10d4b-omf;ev-th04-main-module-th04-hud-ovrl-cpp-10d4b-cold;ev-th04-main-module-th04-hud-ovrl-cpp-10d4b-layout;ev-th04-main-module-th04-hud-ovrl-cpp-10d4b-raw;ev-ledger-consistency-exact14;ev-th04-main-module-th04-hud-ovrl-cpp-10d4b-aggregate,python3 scripts/replay_th04_main_exact_units.py --unit th04-main-module-th04-hud-ovrl-cpp-10d4b,"Complete maintained natural C/C++ translation unit passes two isolated cold builds with exact map contribution, relocation overlap, deterministic valid OMF, and zero raw byte differences. Internal function-boundary accounting remains separate from module byte ownership."
th04-main-module-th04-scoreupd-asm-11692,th04-main,module-candidate,MAIN_01_TEXT,0x6BA2,0x12E92,0x101,0x101,reviewed,original-asm,exact,th04/scoreupd.asm,src/main/score/update.asm,ev-th04-main-authored-screen-target;ev-th04-main-authored-screen-map;ev-th04-main-target;ev-th04-main-format-integrity;ev-th04-main-module-th04-scoreupd-asm-11692-boundary;ev-toolchain-surfaces;ev-th04-main-module-th04-scoreupd-asm-11692-toolchain-replay;ev-th04-main-module-th04-scoreupd-asm-11692-omf;ev-th04-main-module-th04-scoreupd-asm-11692-cold;ev-th04-main-module-th04-scoreupd-asm-11692-layout;ev-th04-main-module-th04-scoreupd-asm-11692-raw;ev-ledger-consistency-exact14;ev-th04-main-module-th04-scoreupd-asm-11692-aggregate,python3 scripts/replay_th04_main_exact_units.py --unit th04-main-module-th04-scoreupd-asm-11692,"Complete maintained standalone TASM translation unit passes two isolated cold builds with exact map contribution, relocation overlap, deterministic valid OMF, and zero raw byte differences. Internal function-boundary accounting remains separate from module byte ownership."
th04-main-cfg-load-resident-ptr,th04-main,function,CFG_LRES_TEXT,0x74A6,0x13796,0x31,0x31,reviewed,authored,exact,cfg_load_resident_ptr,src/main/config/load_resident_ptr.cpp,ev-th04-main-authored-screen-target;ev-th04-main-authored-screen-map;ev-th04-main-target;ev-th04-main-format-integrity;ev-th04-main-cfg-load-resident-ptr-boundary;ev-toolchain-surfaces;ev-th04-main-cfg-load-resident-ptr-toolchain-replay;ev-th04-main-cfg-load-resident-ptr-omf;ev-th04-main-cfg-load-resident-ptr-cold;ev-th04-main-cfg-load-resident-ptr-layout;ev-th04-main-cfg-load-resident-ptr-raw;ev-ledger-consistency-exact14;ev-th04-main-cfg-load-resident-ptr-aggregate,python3 scripts/replay_th04_main_exact_units.py --unit th04-main-cfg-load-resident-ptr,"Repository-maintained natural source passes two isolated cold builds with exact map extent, relocation overlap, valid deterministic OMF, and zero raw byte differences; see gptweb-batch14-003 evidence rows."
th04-main-module-th04-checkerb-cpp-12076,th04-main,module-candidate,CHECKERB_TEXT,0x7586,,0xAE,0xAE,provisional,authored,excluded,th04/checkerb.cpp,,ev-th04-main-authored-screen-map;ev-th04-main-authored-screen-target;ev-th04-main-checkerboard-boundary-v194;ev-th04-main-checkerboard-inline-asm-quarantine-v194;ev-th04-main-checkerboard-natural-loop-negative-v194;ev-th04-main-checkerboard-focused-negative-v194;ev-th04-main-checkerboard-optimizer-surface-negative-v396;ev-th04-main-checkerboard-crossgame-loop-negative-v396;ev-th04-main-checkerboard-loop-corpus-negative-v396;ev-th04-main-checkerboard-crossartifact-v405-negative,,Historical 0xAE checkerboard routing umbrella superseded by v408 physical ownership: exact natural prefix 0x3E + exact natural store 0x07 + reviewed blocked LOOP 0x02 + exact natural suffix 0x67. This umbrella has no file offset and receives zero byte credit; the complete function review remains blocked.
th04-main-checkerboard-prefix-v408,th04-main,code-region,CHECKERB_TEXT,0x7586,0x13876,0x3E,0x3E,reviewed,authored,exact,checkerboard_natural_prefix,src/main/stage/checkerboard_prefix.inl,ev-th04-main-target;ev-th04-main-format-integrity;ev-toolchain-surfaces;ev-ledger-consistency-exact14;ev-th04-main-checkerboard-prefix-boundary-v408;ev-th04-main-checkerboard-prefix-toolchain-v408;ev-th04-main-checkerboard-prefix-omf-v408;ev-th04-main-checkerboard-prefix-cold-v408;ev-th04-main-checkerboard-prefix-layout-v408;ev-th04-main-checkerboard-prefix-raw-v408;ev-th04-main-checkerboard-prefix-aggregate-candidate-v408;ev-th04-main-checkerboard-crossartifact-v405-negative;ev-th04-main-tc4j-pc98-ide-optimizer-surface-v406;ev-th04-main-checkerboard-prefix-aggregate-final-v408,python3 scripts/replay_th04_main_exact_units.py --unit th04-main-checkerboard-prefix-v408 --unit th04-main-checkerboard-store-v408 --unit th04-main-checkerboard-suffix-v408,"v408 exact natural identity fragment owns 0x3E bytes (0x12076..0x120B3, function entry through MOV CX,6). Focused A/B and 272-owner candidate aggregate pass raw/MAP/ordered-relocation/OMF/determinism gates. The target-derived two-byte LOOP at load 0x120BB..0x120BC is outside this extent and receives no credit. Post-promotion 272-owner aggregate also passes twice with failures=[] (receipt 0ef5d146ff5b…)."
th04-main-checkerboard-store-v408,th04-main,code-region,CHECKERB_TEXT,0x75C4,0x138B4,0x7,0x7,reviewed,authored,exact,checkerboard_natural_store,src/main/stage/checkerboard_store.inl,ev-th04-main-target;ev-th04-main-format-integrity;ev-toolchain-surfaces;ev-ledger-consistency-exact14;ev-th04-main-checkerboard-store-boundary-v408;ev-th04-main-checkerboard-store-toolchain-v408;ev-th04-main-checkerboard-store-omf-v408;ev-th04-main-checkerboard-store-cold-v408;ev-th04-main-checkerboard-store-layout-v408;ev-th04-main-checkerboard-store-raw-v408;ev-th04-main-checkerboard-store-aggregate-candidate-v408;ev-th04-main-checkerboard-crossartifact-v405-negative;ev-th04-main-tc4j-pc98-ide-optimizer-surface-v406;ev-th04-main-checkerboard-store-aggregate-final-v408,python3 scripts/replay_th04_main_exact_units.py --unit th04-main-checkerboard-prefix-v408 --unit th04-main-checkerboard-store-v408 --unit th04-main-checkerboard-suffix-v408,"v408 exact natural identity fragment owns 0x7 bytes (0x120B4..0x120BA, ES dword store plus ADD DI,8 immediately before LOOP). Focused A/B and 272-owner candidate aggregate pass raw/MAP/ordered-relocation/OMF/determinism gates. The target-derived two-byte LOOP at load 0x120BB..0x120BC is outside this extent and receives no credit. Post-promotion 272-owner aggregate also passes twice with failures=[] (receipt 0ef5d146ff5b…)."
th04-main-checkerboard-loop-v408,th04-main,code-region,CHECKERB_TEXT,0x75CB,0x138BB,0x2,0x2,reviewed,authored,blocked,checkerboard_counted_loop,,ev-th04-main-checkerboard-loop-boundary-v408;ev-th04-main-checkerboard-natural-loop-negative-v194;ev-th04-main-checkerboard-optimizer-surface-negative-v396;ev-th04-main-checkerboard-crossgame-loop-negative-v396;ev-th04-main-checkerboard-crossartifact-v405-negative;ev-th04-main-tc4j-pc98-ide-optimizer-surface-v406;ev-th04-main-hdi-deleted-build-provenance-v413-negative;ev-th04-main-hdi-partial-trial-v414-negative;ev-th04-main-checkerboard-semantic-lineage-v424-negative,python3 scripts/probes/probe_tc4_checkerboard_loop_forms.py,"Only remaining nonexact bytes in the reviewed 0xAE checkerboard function: target E2 F7 (LOOP back to the dword store). Natural TC4J source forms, command-line/IDE optimizer surfaces, accepted-object corpus, and all registered TH01-TH05 artifact targets provide no legal source/provenance path; keep blocked."
th04-main-checkerboard-suffix-v408,th04-main,code-region,CHECKERB_TEXT,0x75CD,0x138BD,0x67,0x67,reviewed,authored,exact,checkerboard_natural_suffix,src/main/stage/checkerboard_suffix.inl,ev-th04-main-target;ev-th04-main-format-integrity;ev-toolchain-surfaces;ev-ledger-consistency-exact14;ev-th04-main-checkerboard-suffix-boundary-v408;ev-th04-main-checkerboard-suffix-toolchain-v408;ev-th04-main-checkerboard-suffix-omf-v408;ev-th04-main-checkerboard-suffix-cold-v408;ev-th04-main-checkerboard-suffix-layout-v408;ev-th04-main-checkerboard-suffix-raw-v408;ev-th04-main-checkerboard-suffix-aggregate-candidate-v408;ev-th04-main-checkerboard-crossartifact-v405-negative;ev-th04-main-tc4j-pc98-ide-optimizer-surface-v406;ev-th04-main-checkerboard-suffix-aggregate-final-v408,python3 scripts/replay_th04_main_exact_units.py --unit th04-main-checkerboard-prefix-v408 --unit th04-main-checkerboard-store-v408 --unit th04-main-checkerboard-suffix-v408,"v408 exact natural identity fragment owns 0x67 bytes (0x120BD..0x12123, outer row-loop continuation through final RET). Focused A/B and 272-owner candidate aggregate pass raw/MAP/ordered-relocation/OMF/determinism gates. The target-derived two-byte LOOP at load 0x120BB..0x120BC is outside this extent and receives no credit. Post-promotion 272-owner aggregate also passes twice with failures=[] (receipt 0ef5d146ff5b…)."
th04-main-module-th04-mb-inv-cpp-12124,th04-main,module-candidate,MB_INV_TEXT,0x7634,0x13924,0x33,0x33,reviewed,authored,exact,th04/mb_inv.cpp,src/main/midboss/invalidate.cpp,ev-th04-main-authored-screen-target;ev-th04-main-authored-screen-map;ev-th04-main-target;ev-th04-main-format-integrity;ev-th04-main-module-th04-mb-inv-cpp-12124-boundary;ev-toolchain-surfaces;ev-th04-main-module-th04-mb-inv-cpp-12124-toolchain-replay;ev-th04-main-module-th04-mb-inv-cpp-12124-omf;ev-th04-main-module-th04-mb-inv-cpp-12124-cold;ev-th04-main-module-th04-mb-inv-cpp-12124-layout;ev-th04-main-module-th04-mb-inv-cpp-12124-raw;ev-ledger-consistency-exact14;ev-th04-main-module-th04-mb-inv-cpp-12124-aggregate,python3 scripts/replay_th04_main_exact_units.py --unit th04-main-module-th04-mb-inv-cpp-12124,"Complete maintained natural C/C++ translation unit passes two isolated cold builds with exact map contribution, relocation overlap, deterministic valid OMF, and zero raw byte differences. Internal function-boundary accounting remains separate from module byte ownership."
th04-main-module-th04-boss-bd-cpp-12157,th04-main,module-candidate,BOSS_BD_TEXT,0x7667,0x13957,0x27,0x27,reviewed,authored,exact,th04/boss_bd.cpp,src/main/boss/backdrop.cpp,ev-th04-main-authored-screen-target;ev-th04-main-authored-screen-map;ev-th04-main-target;ev-th04-main-format-integrity;ev-th04-main-module-th04-boss-bd-cpp-12157-boundary;ev-toolchain-surfaces;ev-th04-main-module-th04-boss-bd-cpp-12157-toolchain-replay;ev-th04-main-module-th04-boss-bd-cpp-12157-omf;ev-th04-main-module-th04-boss-bd-cpp-12157-cold;ev-th04-main-module-th04-boss-bd-cpp-12157-layout;ev-th04-main-module-th04-boss-bd-cpp-12157-raw;ev-ledger-consistency-exact14;ev-th04-main-module-th04-boss-bd-cpp-12157-aggregate,python3 scripts/replay_th04_main_exact_units.py --unit th04-main-module-th04-boss-bd-cpp-12157,"Complete maintained natural C/C++ translation unit passes two isolated cold builds with exact map contribution, relocation overlap, deterministic valid OMF, and zero raw byte differences. Internal function-boundary accounting remains separate from module byte ownership."
th04-main-module-th04-score-rm-cpp-12a0a,th04-main,module-candidate,SCORE_TEXT,0x7F1A,0x1420A,0x2DB,0x2DB,reviewed,authored,exact,th04/score_rm.cpp,src/main/score/ranking.cpp,ev-th04-main-authored-screen-target;ev-th04-main-authored-screen-map;ev-th04-main-target;ev-th04-main-format-integrity;ev-th04-main-module-th04-score-rm-cpp-12a0a-boundary;ev-toolchain-surfaces;ev-th04-main-module-th04-score-rm-cpp-12a0a-toolchain-replay;ev-th04-main-module-th04-score-rm-cpp-12a0a-omf;ev-th04-main-module-th04-score-rm-cpp-12a0a-cold;ev-th04-main-module-th04-score-rm-cpp-12a0a-layout;ev-th04-main-module-th04-score-rm-cpp-12a0a-raw;ev-ledger-consistency-exact14;ev-th04-main-module-th04-score-rm-cpp-12a0a-aggregate,python3 scripts/replay_th04_main_exact_units.py --unit th04-main-module-th04-score-rm-cpp-12a0a,"Complete maintained natural C/C++ translation unit passes two isolated cold builds with exact map contribution, relocation overlap, deterministic valid OMF, and zero raw byte differences. Internal function-boundary accounting remains separate from module byte ownership."
th04-main-vram-planes-set,th04-main,function,SHARED,0x000E,0x148EE,0x29,0x29,reviewed,authored,exact,vram_planes_set,src/shared/hardware/vram_planes.cpp,ev-th04-main-authored-screen-target;ev-th04-main-authored-screen-map;ev-th04-main-target;ev-th04-main-format-integrity;ev-th04-main-vram-planes-set-boundary;ev-toolchain-surfaces;ev-th04-main-vram-planes-set-toolchain-replay;ev-th04-main-vram-planes-set-omf;ev-th04-main-vram-planes-set-cold;ev-th04-main-vram-planes-set-layout;ev-th04-main-vram-planes-set-raw;ev-ledger-consistency-exact14;ev-th04-main-vram-planes-set-aggregate;ev-th04-vram-planes-shared-source-v210;ev-th04-vram-planes-shared-focused-v210;ev-th04-vram-planes-shared-aggregate-v210,python3 scripts/replay_th04_main_exact_units.py --unit th04-main-vram-planes-set,Repository-maintained natural source remains exact after v210 migration to src/shared/hardware. MAIN/OP/MAINE fixed producer identity proves shared TH04 source ownership; exact replay credit remains MAIN-local.
th04-main-module-th03-vector-cpp-13117,th04-main,module-candidate,SHARED,0x0037,0x14917,0xA0,0xA0,reviewed,original-asm,exact,vector_far_asm_owner,src/main/math/vector_far.asm,ev-th04-main-vector-far-boundary-v205;ev-th04-main-vector-far-lineage-v205;ev-th04-main-vector-far-codegen-negative-v205;ev-th04-main-vector-far-asm-probe-v205;ev-th04-main-vector-far-alignment-negative-v205;ev-th04-main-vector-far-alignment-fix-v205;ev-th04-main-target;ev-th04-main-format-integrity;ev-toolchain-surfaces;ev-th04-main-vector-far-toolchain-v205;ev-th04-main-vector-far-omf-v205;ev-th04-main-vector-far-cold-v205;ev-th04-main-vector-far-layout-v205;ev-th04-main-vector-far-raw-v205;ev-ledger-consistency-exact14;ev-th04-main-vector-far-aggregate-candidate-v205;ev-th04-main-vector-far-aggregate-final-v205,python3 scripts/replay_th04_main_exact_units.py --unit th04-main-module-th03-vector-cpp-13117,"Evidence-backed TH03/TH04/TH05-lineage irreducible/original-style symbolic TASM exactly reconstructs the complete MAIN SHARED 0xA0 producer: VECTOR2 (0x45), genuine EVEN NOP, and VECTOR2_BETWEEN_PLUS (0x5A). Legal TC4J mechanisms fail the target EDX/ECX register lifetime. Focused two-cold and 246-owner candidate aggregate replay pass raw bytes, exact byte-aligned MAP placement, the ordered IATAN2 MZ relocation, and deterministic valid OMF."
th04-main-frame-delay,th04-main,function,SHARED,0x00D7,0x149B7,0x15,0x15,reviewed,authored,exact,frame_delay,src/shared/hardware/frame_delay.cpp,ev-th04-main-authored-screen-target;ev-th04-main-authored-screen-map;ev-th04-main-target;ev-th04-main-format-integrity;ev-th04-main-frame-delay-boundary;ev-toolchain-surfaces;ev-th04-main-frame-delay-toolchain-replay;ev-th04-main-frame-delay-omf;ev-th04-main-frame-delay-cold;ev-th04-main-frame-delay-layout;ev-th04-main-frame-delay-raw;ev-ledger-consistency-exact14;ev-th04-main-frame-delay-aggregate;ev-th04-frame-delay-shared-source-v209;ev-th04-frame-delay-shared-focused-v209;ev-th04-frame-delay-shared-aggregate-v209,python3 scripts/replay_th04_main_exact_units.py --unit th04-main-frame-delay,Repository-maintained natural source passes exact cold replay. v209 target-first MAIN/OP/MAINE comparison proves one TH04 shared natural producer after masking only OMF-derived _vsync_Count1 link fields; exact replay credit remains MAIN-local.
th04-main-module-th03-hfliplut-asm-131cc,th04-main,module-candidate,SHARED,0x00EC,0x149CC,0x1E,0x1E,reviewed,original-asm,exact,th03/hfliplut.asm,src/main/hardware/hflip_lut.asm,ev-th04-main-authored-screen-target;ev-th04-main-authored-screen-map;ev-th04-main-target;ev-th04-main-format-integrity;ev-th04-main-module-th03-hfliplut-asm-131cc-boundary;ev-toolchain-surfaces;ev-th04-main-module-th03-hfliplut-asm-131cc-toolchain-replay;ev-th04-main-module-th03-hfliplut-asm-131cc-omf;ev-th04-main-module-th03-hfliplut-asm-131cc-cold;ev-th04-main-module-th03-hfliplut-asm-131cc-layout;ev-th04-main-module-th03-hfliplut-asm-131cc-raw;ev-ledger-consistency-exact14;ev-th04-main-module-th03-hfliplut-asm-131cc-aggregate,python3 scripts/replay_th04_main_exact_units.py --unit th04-main-module-th03-hfliplut-asm-131cc,"Complete maintained standalone TASM translation unit passes two isolated cold builds with exact map contribution, relocation overlap, deterministic valid OMF, and zero raw byte differences. Internal function-boundary accounting remains separate from module byte ownership."
th04-main-mpn-free,th04-main,function,SHARED,0x010A,0x149EA,0x29,0x29,reviewed,authored,exact,mpn_free,src/main/formats/mpn_free.cpp,ev-th04-main-authored-screen-target;ev-th04-main-authored-screen-map;ev-th04-main-target;ev-th04-main-format-integrity;ev-th04-main-mpn-free-boundary;ev-toolchain-surfaces;ev-th04-main-mpn-free-toolchain-replay;ev-th04-main-mpn-free-omf;ev-th04-main-mpn-free-cold;ev-th04-main-mpn-free-layout;ev-th04-main-mpn-free-raw;ev-ledger-consistency-exact14;ev-th04-main-mpn-free-aggregate,python3 scripts/replay_th04_main_exact_units.py --unit th04-main-mpn-free,"Repository-maintained natural source passes two isolated cold builds with exact map extent, relocation overlap, valid deterministic OMF, and zero raw byte differences; see gptweb-batch14-003 evidence rows."
th04-main-input-wait-for-change,th04-main,function,SHARED,0x0133,0x14A13,0x56,0x56,reviewed,authored,exact,input_wait_for_change,src/main/hardware/input_wait.cpp,ev-th04-main-authored-screen-target;ev-th04-main-authored-screen-map;ev-th04-main-target;ev-th04-main-format-integrity;ev-th04-main-input-wait-for-change-boundary;ev-toolchain-surfaces;ev-th04-main-input-wait-for-change-toolchain-replay;ev-th04-main-input-wait-for-change-omf;ev-th04-main-input-wait-for-change-cold;ev-th04-main-input-wait-for-change-layout;ev-th04-main-input-wait-for-change-raw;ev-ledger-consistency-exact14;ev-th04-main-input-wait-for-change-aggregate,python3 scripts/replay_th04_main_exact_units.py --unit th04-main-input-wait-for-change,"Repository-maintained natural source passes two isolated cold builds with exact map extent, relocation overlap, valid deterministic OMF, and zero raw byte differences; see gptweb-batch14-003 evidence rows."
th04-main-module-th04-mpn-l-i-cpp-13269,th04-main,module-candidate,SHARED,0x0189,0x14A69,0xB7,0xB7,reviewed,authored,exact,th04/mpn_l_i.cpp,src/main/formats/mpn_load.cpp,ev-th04-main-authored-screen-target;ev-th04-main-authored-screen-map;ev-th04-main-target;ev-th04-main-format-integrity;ev-th04-main-module-th04-mpn-l-i-cpp-13269-boundary;ev-toolchain-surfaces;ev-th04-main-module-th04-mpn-l-i-cpp-13269-toolchain-replay;ev-th04-main-module-th04-mpn-l-i-cpp-13269-omf;ev-th04-main-module-th04-mpn-l-i-cpp-13269-cold;ev-th04-main-module-th04-mpn-l-i-cpp-13269-layout;ev-th04-main-module-th04-mpn-l-i-cpp-13269-raw;ev-ledger-consistency-exact14;ev-th04-main-module-th04-mpn-l-i-cpp-13269-aggregate,python3 scripts/replay_th04_main_exact_units.py --unit th04-main-module-th04-mpn-l-i-cpp-13269,"Complete maintained natural C/C++ translation unit passes two isolated cold builds with exact map contribution, relocation overlap, deterministic valid OMF, and zero raw byte differences. Internal function-boundary accounting remains separate from module byte ownership."
th04-main-module-th04-vector-cpp-13320,th04-main,module-candidate,SHARED,0x0240,0x14B20,0x5E,0x5E,reviewed,authored,exact,th04/vector.cpp,src/main/math/vector.cpp,ev-th04-main-authored-screen-target;ev-th04-main-authored-screen-map;ev-th04-main-target;ev-th04-main-format-integrity;ev-th04-main-module-th04-vector-cpp-13320-boundary;ev-toolchain-surfaces;ev-th04-main-module-th04-vector-cpp-13320-toolchain-replay;ev-th04-main-module-th04-vector-cpp-13320-omf;ev-th04-main-module-th04-vector-cpp-13320-cold;ev-th04-main-module-th04-vector-cpp-13320-layout;ev-th04-main-module-th04-vector-cpp-13320-raw;ev-ledger-consistency-exact14;ev-th04-main-module-th04-vector-cpp-13320-aggregate,python3 scripts/replay_th04_main_exact_units.py --unit th04-main-module-th04-vector-cpp-13320,"Complete maintained natural C/C++ translation unit passes two isolated cold builds with exact map contribution, relocation overlap, deterministic valid OMF, and zero raw byte differences. Internal function-boundary accounting remains separate from module byte ownership."
th04-main-module-th04-snd-mmdr-c-133ac,th04-main,module-candidate,SHARED,0x02CC,,0x30,0x30,provisional,unknown,excluded,th04/snd_mmdr.c,,ev-th04-main-authored-screen-map;ev-th04-main-authored-screen-target,,Historical routing umbrella resolved into the exact 0x2F-byte authored function plus one reviewed padding byte.
th04-main-snd-kaja-interrupt,th04-main,function,SHARED,0x02FC,0x14BDC,0x1E,0x1E,reviewed,authored,exact,snd_kaja_interrupt,src/shared/sound/kaja_interrupt.cpp,ev-th04-main-authored-screen-target;ev-th04-main-authored-screen-map;ev-th04-main-target;ev-th04-main-format-integrity;ev-th04-main-snd-kaja-interrupt-boundary;ev-toolchain-surfaces;ev-th04-main-snd-kaja-interrupt-toolchain-replay;ev-th04-main-snd-kaja-interrupt-omf;ev-th04-main-snd-kaja-interrupt-cold;ev-th04-main-snd-kaja-interrupt-layout;ev-th04-main-snd-kaja-interrupt-raw;ev-ledger-consistency-exact14;ev-th04-main-snd-kaja-interrupt-aggregate;ev-th04-snd-kaja-shared-source-v207;ev-th04-snd-kaja-shared-focused-v207;ev-th04-snd-kaja-shared-aggregate-v207,python3 scripts/replay_th04_main_exact_units.py --unit th04-main-snd-kaja-interrupt,"Repository-maintained natural source passes two isolated cold builds with exact map extent, relocation overlap, valid deterministic OMF, and zero raw byte differences; see gptweb-batch14-003 evidence rows. v207 target-first MAIN/OP/MAINE comparison proves TH04 multi-artifact shared natural-source ownership; exact replay credit remains MAIN-local."
th04-main-snd-determine-modes,th04-main,function,SHARED,0x031A,0x14BFA,0x9C,0x9C,reviewed,authored,exact,snd_determine_modes,src/shared/sound/determine_modes.cpp,ev-th04-main-authored-screen-target;ev-th04-main-authored-screen-map;ev-th04-main-target;ev-th04-main-format-integrity;ev-th04-main-snd-determine-modes-boundary;ev-toolchain-surfaces;ev-th04-main-snd-determine-modes-toolchain-replay;ev-th04-main-snd-determine-modes-omf;ev-th04-main-snd-determine-modes-cold;ev-th04-main-snd-determine-modes-layout;ev-th04-main-snd-determine-modes-raw;ev-ledger-consistency-exact14;ev-th04-main-snd-determine-modes-aggregate;ev-th04-snd-mode-shared-source-v207;ev-th04-snd-mode-shared-focused-v207;ev-th04-snd-mode-shared-aggregate-v207,python3 scripts/replay_th04_main_exact_units.py --unit th04-main-snd-determine-modes,"Repository-maintained natural source passes two isolated cold builds with exact map extent, relocation overlap, valid deterministic OMF, and zero raw byte differences; see gptweb-batch14-003 evidence rows. v207 target-first MAIN/OP/MAINE comparison proves TH04 multi-artifact shared natural-source ownership; exact replay credit remains MAIN-local."
th04-main-module-th04-cdg-put-asm-13580,th04-main,module-candidate,SHARED,0x04A0,0x14D80,0x9E,0x9E,reviewed,original-asm,exact,th04/cdg_put.asm,src/main/formats/cdg_put.asm,ev-th04-main-authored-screen-target;ev-th04-main-authored-screen-map;ev-th04-main-target;ev-th04-main-format-integrity;ev-th04-main-module-th04-cdg-put-asm-13580-boundary;ev-toolchain-surfaces;ev-th04-main-module-th04-cdg-put-asm-13580-toolchain-replay;ev-th04-main-module-th04-cdg-put-asm-13580-omf;ev-th04-main-module-th04-cdg-put-asm-13580-cold;ev-th04-main-module-th04-cdg-put-asm-13580-layout;ev-th04-main-module-th04-cdg-put-asm-13580-raw;ev-ledger-consistency-exact14;ev-th04-main-module-th04-cdg-put-asm-13580-aggregate,python3 scripts/replay_th04_main_exact_units.py --unit th04-main-module-th04-cdg-put-asm-13580,"Complete maintained standalone TASM translation unit passes two isolated cold builds with exact map contribution, relocation overlap, deterministic valid OMF, and zero raw byte differences. Internal function-boundary accounting remains separate from module byte ownership."
th04-main-game-exit,th04-main,function,SHARED,0x053E,0x14E1E,0x48,0x48,reviewed,authored,exact,game_exit,src/main/core/exit.cpp,ev-th04-main-authored-screen-target;ev-th04-main-authored-screen-map;ev-th04-main-target;ev-th04-main-format-integrity;ev-th04-main-game-exit-boundary;ev-toolchain-surfaces;ev-th04-main-game-exit-toolchain-replay;ev-th04-main-game-exit-omf;ev-th04-main-game-exit-cold;ev-th04-main-game-exit-layout;ev-th04-main-game-exit-raw;ev-ledger-consistency-exact14;ev-th04-main-game-exit-aggregate,python3 scripts/replay_th04_main_exact_units.py --unit th04-main-game-exit,"Repository-maintained natural source passes two isolated cold builds with exact map extent, relocation overlap, valid deterministic OMF, and zero raw byte differences; see gptweb-batch14-003 evidence rows."
th04-main-module-th04-initmain-cpp-13666,th04-main,module-candidate,SHARED,0x0586,,0x4E,0x4E,provisional,unknown,excluded,th04/initmain.cpp,,ev-th04-main-authored-screen-map;ev-th04-main-authored-screen-target,,Routing umbrella superseded: exact authored game_init_main (0x4D) + reviewed 0x00 padding cover all 0x4E bytes.
th04-main-module-th04-cdg-p-na-cpp-136b4,th04-main,module-candidate,SHARED,0x05D4,0x14EB4,0x66,0x66,reviewed,original-asm,exact,shared_cdg_put_noalpha_8_asm_owner,src/shared/formats/cdg_put_noalpha_8.asm,ev-th04-main-cdg-noalpha-boundary-v204;ev-th04-main-cdg-noalpha-shared-v204;ev-th04-main-cdg-noalpha-codegen-negative-v204;ev-th04-main-cdg-noalpha-asm-probe-v204;ev-th04-main-cdg-noalpha-toolchain-v204;ev-th04-main-cdg-noalpha-omf-v204;ev-th04-main-cdg-noalpha-cold-v204;ev-th04-main-cdg-noalpha-layout-v204;ev-th04-main-cdg-noalpha-raw-v204;ev-th04-main-cdg-noalpha-aggregate-candidate-v204;ev-th04-main-target;ev-th04-main-format-integrity;ev-toolchain-surfaces;ev-ledger-consistency-exact14;ev-th04-main-cdg-noalpha-aggregate-final-v204,python3 scripts/replay_th04_main_exact_units.py --unit th04-main-module-th04-cdg-p-na-cpp-136b4 --run-id gptweb-v204-cdg-noalpha-focused-candidate-001,"Evidence-backed TH04-shared irreducible/original-style symbolic TASM exactly reconstructs the 0x66 SHARED producer (0x65 FAR body plus EVEN NOP) in MAIN.EXE. Focused two-cold and 245-owner candidate aggregate replay pass raw bytes, exact MAP placement, empty MZ-relocation overlap, deterministic valid OMF, and the _cdg_slots link fixup. OP independently preserves the same fixed producer but receives no MAIN exactness credit."
th04-main-module-th04-cdg-p-pr-asm-1371a,th04-main,module-candidate,SHARED,0x063A,0x14F1A,0x82,0x82,reviewed,original-asm,exact,th04/cdg_p_pr.asm,src/main/formats/cdg_put_plane_roll.asm,ev-th04-main-authored-screen-target;ev-th04-main-authored-screen-map;ev-th04-main-target;ev-th04-main-format-integrity;ev-th04-main-module-th04-cdg-p-pr-asm-1371a-boundary;ev-toolchain-surfaces;ev-th04-main-module-th04-cdg-p-pr-asm-1371a-toolchain-replay;ev-th04-main-module-th04-cdg-p-pr-asm-1371a-omf;ev-th04-main-module-th04-cdg-p-pr-asm-1371a-cold;ev-th04-main-module-th04-cdg-p-pr-asm-1371a-layout;ev-th04-main-module-th04-cdg-p-pr-asm-1371a-raw;ev-ledger-consistency-exact14;ev-th04-main-module-th04-cdg-p-pr-asm-1371a-aggregate,python3 scripts/replay_th04_main_exact_units.py --unit th04-main-module-th04-cdg-p-pr-asm-1371a,"Complete maintained standalone TASM translation unit passes two isolated cold builds with exact map contribution, relocation overlap, deterministic valid OMF, and zero raw byte differences. Internal function-boundary accounting remains separate from module byte ownership."
th04-main-module-th04-input-s-asm-1379c,th04-main,module-candidate,SHARED,0x06BC,0x14F9C,0x10A,0x10A,reviewed,original-asm,exact,th04/input_s.asm,src/main/hardware/input.asm,ev-th04-main-authored-screen-target;ev-th04-main-authored-screen-map;ev-th04-main-target;ev-th04-main-format-integrity;ev-th04-main-module-th04-input-s-asm-1379c-boundary;ev-toolchain-surfaces;ev-th04-main-module-th04-input-s-asm-1379c-toolchain-replay;ev-th04-main-module-th04-input-s-asm-1379c-omf;ev-th04-main-module-th04-input-s-asm-1379c-cold;ev-th04-main-module-th04-input-s-asm-1379c-layout;ev-th04-main-module-th04-input-s-asm-1379c-raw;ev-ledger-consistency-exact14;ev-th04-main-module-th04-input-s-asm-1379c-aggregate,python3 scripts/replay_th04_main_exact_units.py --unit th04-main-module-th04-input-s-asm-1379c,"Complete maintained standalone TASM translation unit passes two isolated cold builds with exact map contribution, relocation overlap, deterministic valid OMF, and zero raw byte differences. Internal function-boundary accounting remains separate from module byte ownership."
th04-main-module-th02-snd-se-r-cpp-138a6,th04-main,module-candidate,SHARED,0x07C6,,0xC,0xC,provisional,unknown,excluded,th02/snd_se_r.cpp,,ev-th04-main-authored-screen-map;ev-th04-main-authored-screen-target,,Routing umbrella superseded: exact authored snd_se_reset (0x0B) + reviewed 0x90 padding cover all 0x0C bytes.
th04-main-module-th04-snd-se-cpp-138b2,th04-main,module-candidate,SHARED,0x07D2,,0x86,0x86,provisional,unknown,excluded,th04/snd_se.cpp,,ev-th04-main-authored-screen-map;ev-th04-main-authored-screen-target,,Routing umbrella superseded: exact snd_se_play (0x39) + reviewed 0x90 padding + exact snd_se_update (0x4C) cover all 0x86 bytes.
th04-main-module-th04-cdg-load-asm-13938,th04-main,module-candidate,SHARED,0x0858,0x15138,0x164,0x164,reviewed,original-asm,exact,th04/cdg_load.asm,src/main/formats/cdg_load.asm,ev-th04-main-authored-screen-target;ev-th04-main-authored-screen-map;ev-th04-main-target;ev-th04-main-format-integrity;ev-th04-main-module-th04-cdg-load-asm-13938-boundary;ev-toolchain-surfaces;ev-th04-main-module-th04-cdg-load-asm-13938-toolchain-replay;ev-th04-main-module-th04-cdg-load-asm-13938-omf;ev-th04-main-module-th04-cdg-load-asm-13938-cold;ev-th04-main-module-th04-cdg-load-asm-13938-layout;ev-th04-main-module-th04-cdg-load-asm-13938-raw;ev-ledger-consistency-exact14;ev-th04-main-module-th04-cdg-load-asm-13938-aggregate,python3 scripts/replay_th04_main_exact_units.py --unit th04-main-module-th04-cdg-load-asm-13938,"Complete maintained standalone TASM translation unit passes two isolated cold builds with exact map contribution, relocation overlap, deterministic valid OMF, and zero raw byte differences. Internal function-boundary accounting remains separate from module byte ownership."
th04-main-module-th04-gather-cpp-13a9c,th04-main,module-candidate,GATHER_TEXT,0x000C,0x1529C,0x24B,0x24B,reviewed,authored,exact,th04/gather.cpp,src/main/gather.cpp,ev-th04-main-authored-screen-target;ev-th04-main-authored-screen-map;ev-th04-main-target;ev-th04-main-format-integrity;ev-th04-main-module-th04-gather-cpp-13a9c-boundary;ev-toolchain-surfaces;ev-th04-main-module-th04-gather-cpp-13a9c-toolchain-replay;ev-th04-main-module-th04-gather-cpp-13a9c-omf;ev-th04-main-module-th04-gather-cpp-13a9c-cold;ev-th04-main-module-th04-gather-cpp-13a9c-layout;ev-th04-main-module-th04-gather-cpp-13a9c-raw;ev-ledger-consistency-exact14;ev-th04-main-module-th04-gather-cpp-13a9c-aggregate,python3 scripts/replay_th04_main_exact_units.py --unit th04-main-module-th04-gather-cpp-13a9c,"Complete maintained natural C/C++ translation unit passes two isolated cold builds with exact map contribution, relocation overlap, deterministic valid OMF, and zero raw byte differences. Internal function-boundary accounting remains separate from module byte ownership."
th04-main-module-th04-scrolly3-cpp-13ce8,th04-main,module-candidate,SCROLLY3_TEXT,0x0258,,0x4A,0x4A,provisional,unknown,excluded,th04/scrolly3.cpp,,ev-th04-main-authored-screen-map;ev-th04-main-authored-screen-target,,Routing umbrella superseded: exact 0x49-byte scroll_subpixel_y owner + reviewed 0x90 padding cover all 0x4A bytes.
th04-main-module-th04-motion-3-asm-13d32,th04-main,module-candidate,MOTION_3_TEXT,0x02A2,0x15532,0x20,0x20,reviewed,original-asm,exact,th04/motion_3.asm,src/main/math/motion.asm,ev-th04-main-authored-screen-target;ev-th04-main-authored-screen-map;ev-th04-main-target;ev-th04-main-format-integrity;ev-th04-main-module-th04-motion-3-asm-13d32-boundary;ev-toolchain-surfaces;ev-th04-main-module-th04-motion-3-asm-13d32-toolchain-replay;ev-th04-main-module-th04-motion-3-asm-13d32-omf;ev-th04-main-module-th04-motion-3-asm-13d32-cold;ev-th04-main-module-th04-motion-3-asm-13d32-layout;ev-th04-main-module-th04-motion-3-asm-13d32-raw;ev-ledger-consistency-exact14;ev-th04-main-module-th04-motion-3-asm-13d32-aggregate,python3 scripts/replay_th04_main_exact_units.py --unit th04-main-module-th04-motion-3-asm-13d32,"Complete maintained standalone TASM translation unit passes two isolated cold builds with exact map contribution, relocation overlap, deterministic valid OMF, and zero raw byte differences. Internal function-boundary accounting remains separate from module byte ownership."
th04-main-module-th04-vector2n-asm-13df2,th04-main,module-candidate,VECTOR2N_TEXT,0x0362,0x155F2,0x38,0x38,reviewed,original-asm,exact,th04/vector2n.asm,src/main/math/vector2.asm,ev-th04-main-authored-screen-target;ev-th04-main-authored-screen-map;ev-th04-main-target;ev-th04-main-format-integrity;ev-th04-main-module-th04-vector2n-asm-13df2-boundary;ev-toolchain-surfaces;ev-th04-main-module-th04-vector2n-asm-13df2-toolchain-replay;ev-th04-main-module-th04-vector2n-asm-13df2-omf;ev-th04-main-module-th04-vector2n-asm-13df2-cold;ev-th04-main-module-th04-vector2n-asm-13df2-layout;ev-th04-main-module-th04-vector2n-asm-13df2-raw;ev-ledger-consistency-exact14;ev-th04-main-module-th04-vector2n-asm-13df2-aggregate,python3 scripts/replay_th04_main_exact_units.py --unit th04-main-module-th04-vector2n-asm-13df2,"Complete maintained standalone TASM translation unit passes two isolated cold builds with exact map contribution, relocation overlap, deterministic valid OMF, and zero raw byte differences. Internal function-boundary accounting remains separate from module byte ownership."
th04-main-module-th04-spark-a-asm-13e2a,th04-main,module-candidate,SPARK_A_TEXT,0x039A,0x1562A,0xCC,0xCC,reviewed,original-asm,exact,th04/spark_a.asm,src/main/spark.asm,ev-th04-main-authored-screen-target;ev-th04-main-authored-screen-map;ev-th04-main-target;ev-th04-main-format-integrity;ev-th04-main-module-th04-spark-a-asm-13e2a-boundary;ev-toolchain-surfaces;ev-th04-main-module-th04-spark-a-asm-13e2a-toolchain-replay;ev-th04-main-module-th04-spark-a-asm-13e2a-omf;ev-th04-main-module-th04-spark-a-asm-13e2a-cold;ev-th04-main-module-th04-spark-a-asm-13e2a-layout;ev-th04-main-module-th04-spark-a-asm-13e2a-raw;ev-ledger-consistency-exact14;ev-th04-main-module-th04-spark-a-asm-13e2a-aggregate,python3 scripts/replay_th04_main_exact_units.py --unit th04-main-module-th04-spark-a-asm-13e2a,"Complete maintained standalone TASM translation unit passes two isolated cold builds with exact map contribution, relocation overlap, deterministic valid OMF, and zero raw byte differences. Internal function-boundary accounting remains separate from module byte ownership."
th04-main-module-th04-grcg-3-cpp-13ef6,th04-main,module-candidate,GRCG_3_TEXT,0x0466,,0x20,0x20,provisional,unknown,excluded,th04/grcg_3.cpp,,ev-th04-main-authored-screen-map;ev-th04-main-authored-screen-target,,Routing umbrella superseded: exact 0x1F-byte grcg3 owner + reviewed 0x90 padding cover all 0x20 bytes.
th04-main-module-th04-it-spl-u-cpp-13f16,th04-main,module-candidate,IT_SPL_U_TEXT,0x0486,,0x9C,0x9C,provisional,unknown,excluded,th04/it_spl_u.cpp,,ev-th04-main-authored-screen-map;ev-th04-main-authored-screen-target;ev-th04-main-item-splashes-init-reviewed-boundary-v390;ev-th04-main-item-splashes-init-codegen-negative-v390,,Routing umbrella superseded: reviewed blocked item_splashes_init (0x1A) plus exact maintained item_splashes_add/update suffix (0x82) cover the complete 0x9C IT_SPL_U_TEXT contribution. The umbrella receives no authored-function or exact-byte credit.
th04-main-marisa-flystep-pointreflected,th04-main,function,B4M_UPDATE_TEXT,0x30F5,0x18385,0x80,0x80,reviewed,authored,exact,marisa_flystep_pointreflected,src/main/boss/marisa.cpp,ev-th04-main-authored-screen-target;ev-th04-main-authored-screen-map;ev-th04-main-target;ev-th04-main-format-integrity;ev-th04-main-marisa-flystep-pointreflected-boundary;ev-toolchain-surfaces;ev-th04-main-marisa-flystep-pointreflected-toolchain-replay;ev-th04-main-marisa-flystep-pointreflected-omf;ev-th04-main-marisa-flystep-pointreflected-cold;ev-th04-main-marisa-flystep-pointreflected-layout;ev-th04-main-marisa-flystep-pointreflected-raw;ev-ledger-consistency-exact14;ev-th04-main-marisa-flystep-pointreflected-aggregate,python3 scripts/replay_th04_main_exact_units.py --unit th04-main-marisa-flystep-pointreflected,"Repository-maintained natural source passes two isolated cold builds with exact map extent, relocation overlap, valid deterministic OMF, and zero raw byte differences; see gptweb-batch14-003 evidence rows."
th04-main-module-th04-midboss-cpp-19ebc,th04-main,module-candidate,MIDBOSS_TEXT,0x642C,,0x5A,0x5A,provisional,unknown,excluded,th04/midboss.cpp,,ev-th04-main-authored-screen-target;ev-th04-main-authored-screen-map;ev-th04-main-target;ev-th04-main-format-integrity;ev-th04-main-module-th04-midboss-cpp-19ebc-boundary;ev-toolchain-surfaces;ev-th04-main-module-th04-midboss-cpp-19ebc-toolchain-replay;ev-th04-main-module-th04-midboss-cpp-19ebc-omf;ev-th04-main-module-th04-midboss-cpp-19ebc-cold;ev-th04-main-module-th04-midboss-cpp-19ebc-layout;ev-th04-main-module-th04-midboss-cpp-19ebc-raw;ev-ledger-consistency-exact14;ev-th04-main-module-th04-midboss-cpp-19ebc-aggregate,,"Historical reconstructed sub-boundary superseded by the reviewed contiguous MIDBOSS/HUD_HP/MB_DFT authored TU owner; byte ownership coordinate retired, original segment offset/size retained for archaeology."
th04-main-hud-hp-update-and-render,th04-main,function,HUD_HP_TEXT,0x6486,,0x58,0x58,provisional,unknown,excluded,hud_hp_update_and_render,,ev-th04-main-authored-screen-target;ev-th04-main-authored-screen-map;ev-th04-main-target;ev-th04-main-format-integrity;ev-th04-main-hud-hp-update-and-render-boundary;ev-toolchain-surfaces;ev-th04-main-hud-hp-update-and-render-toolchain-replay;ev-th04-main-hud-hp-update-and-render-omf;ev-th04-main-hud-hp-update-and-render-cold;ev-th04-main-hud-hp-update-and-render-layout;ev-th04-main-hud-hp-update-and-render-raw;ev-ledger-consistency-exact14;ev-th04-main-hud-hp-update-and-render-aggregate,,"Historical reconstructed sub-boundary superseded by the reviewed contiguous MIDBOSS/HUD_HP/MB_DFT authored TU owner; byte ownership coordinate retired, original segment offset/size retained for archaeology."
th04-main-module-th04-mb-dft-cpp-19f6e,th04-main,module-candidate,MB_DFT_TEXT,0x64DE,,0x119,0x119,provisional,unknown,excluded,th04/mb_dft.cpp,,ev-th04-main-authored-screen-map;ev-th04-main-authored-screen-target,,Historical MB_DFT routing umbrella superseded by the reviewed exact 0x1CB contiguous MIDBOSS/HUD_HP/MB_DFT natural-C++ owner; all 0x119 bytes lie within that accepted owner. Original coordinate retained for archaeology.
th04-main-module-th04-bullet-u-cpp-1c6ce,th04-main,module-candidate,BULLET_U_TEXT,0x8C3E,,0x565,0x565,provisional,unknown,excluded,th04/bullet_u.cpp,,ev-th04-main-authored-screen-map;ev-th04-main-authored-screen-target,,Routing umbrella superseded: exact 0x1FA-byte natural prefix + exact 0x36B-byte bullets_update cover the complete 0x565-byte contribution.
th04-main-module-th04-bullet-a-cpp-1cc33,th04-main,module-candidate,BULLET_A_TEXT,0x91A3,0x1E433,0x85B,0x85B,reviewed,authored,exact,th04/bullet_a.cpp,src/main/bullet/add.cpp,ev-th04-main-authored-screen-target;ev-th04-main-authored-screen-map;ev-th04-main-target;ev-th04-main-format-integrity;ev-th04-main-module-th04-bullet-a-cpp-1cc33-boundary;ev-toolchain-surfaces;ev-th04-main-module-th04-bullet-a-cpp-1cc33-toolchain-replay;ev-th04-main-module-th04-bullet-a-cpp-1cc33-omf;ev-th04-main-module-th04-bullet-a-cpp-1cc33-cold;ev-th04-main-module-th04-bullet-a-cpp-1cc33-layout;ev-th04-main-module-th04-bullet-a-cpp-1cc33-raw;ev-ledger-consistency-exact14;ev-th04-main-module-th04-bullet-a-cpp-1cc33-aggregate,python3 scripts/replay_th04_main_exact_units.py --unit th04-main-module-th04-bullet-a-cpp-1cc33,"Complete maintained natural C/C++ translation unit passes two isolated cold builds with exact map contribution, relocation overlap, deterministic valid OMF, and zero raw byte differences. Internal function-boundary accounting remains separate from module byte ownership."
th04-main-module-th04-boss-cpp-1e5d8,th04-main,module-candidate,BOSS_TEXT,0xAB48,,0x33F,0x33F,provisional,unknown,excluded,th04/boss.cpp,,ev-th04-main-authored-screen-map;ev-th04-main-authored-screen-target,,"Historical BOSS_TEXT routing umbrella superseded by exact contiguous th04-main-main035-boss-tu, which proves the old MAIN_035/BOSS segment boundary false and covers all 0x33F bytes plus the preceding 0x677 authored suffix."
th04-main-snd-pmd-resident-les-gap,th04-main,code-region,SHARED,0x02B0,,0x5,0x5,provisional,authored,excluded,snd_pmd_resident_les_gap,,ev-th04-main-authored-screen-target;ev-th04-main-authored-screen-map,,Historical partial PMD ownership superseded by the full pure-C snd_pmd_resident reconstruction; retained only so prior evidence remains addressable.
th04-main-snd-load-inline-gap,th04-main,code-region,SHARED,0x046E,,0x29,0x29,provisional,authored,excluded,snd_load_inline_gap,,ev-th04-main-authored-screen-target;ev-th04-main-authored-screen-map,,Historical 41-byte snd_load middle-gap umbrella retained only so prior probe evidence remains addressable. Current ownership is split into three exact natural-source subspans totaling 37 bytes and three reviewed blocked residual spans totaling four bytes; this umbrella has no file offset and is excluded from byte accounting.
th04-main-dialog-std-prefix,th04-main,code-region,DIALOG_TEXT,0x244D,0xE73D,0x81,0x81,reviewed,authored,exact,dialog_std_prefix,src/main/dialog/stage_transition.inl,ev-th04-main-authored-screen-target;ev-th04-main-authored-screen-map;ev-th04-main-target;ev-th04-main-format-integrity;ev-th04-main-dialog-std-prefix-boundary;ev-toolchain-surfaces;ev-th04-main-dialog-std-prefix-toolchain-replay;ev-th04-main-dialog-std-prefix-omf;ev-th04-main-dialog-std-prefix-cold;ev-th04-main-dialog-std-prefix-layout;ev-th04-main-dialog-std-prefix-raw;ev-ledger-consistency-exact14;ev-th04-main-dialog-std-prefix-aggregate,python3 scripts/replay_th04_main_exact_units.py --unit th04-main-dialog-std-prefix,"Repository-maintained natural C/C++ fragment passes the sixty-unit two-cold-build acceptance cohort with exact raw bytes, containing map ownership, ordered relocations, deterministic valid OMF, and no accepted inline-assembly/codestring bytes."
th04-main-dialog-fade-in,th04-main,code-region,DIALOG_TEXT,0x25A8,0xE898,0x32,0x32,reviewed,authored,exact,dialog_box_fade_in_animate,src/main/dialog/fade_in.inl,ev-th04-main-authored-screen-target;ev-th04-main-authored-screen-map;ev-th04-main-target;ev-th04-main-format-integrity;ev-th04-main-dialog-fade-in-boundary;ev-toolchain-surfaces;ev-th04-main-dialog-fade-in-toolchain-replay;ev-th04-main-dialog-fade-in-omf;ev-th04-main-dialog-fade-in-cold;ev-th04-main-dialog-fade-in-layout;ev-th04-main-dialog-fade-in-raw;ev-ledger-consistency-exact14;ev-th04-main-dialog-fade-in-aggregate,python3 scripts/replay_th04_main_exact_units.py --unit th04-main-dialog-fade-in,"Repository-maintained natural C/C++ fragment passes the sixty-unit two-cold-build acceptance cohort with exact raw bytes, containing map ownership, ordered relocations, deterministic valid OMF, and no accepted inline-assembly/codestring bytes."
th04-main-dialog-op,th04-main,code-region,DIALOG_TEXT,0x26CC,0xE9BC,0x3B0,0x3B0,reviewed,authored,exact,dialog_op,src/main/dialog/op.inl,ev-th04-main-authored-screen-target;ev-th04-main-authored-screen-map;ev-th04-main-dialog-op-boundary-v180;ev-th04-main-dialog-op-relocation-order-blocker;ev-th04-main-dialog-natural-boundary-matrix-v2-negative;ev-th04-main-dialog-historical-asm-fixupp-negative;ev-th04-main-dialog-function-review-v180;ev-th04-main-dialog-op-fixupp-order-v213;ev-th04-main-dialog-fused-toolchain-v381;ev-th04-main-dialog-fused-omf-v381;ev-th04-main-dialog-op-layout-v381;ev-th04-main-dialog-op-raw-v381;ev-th04-main-dialog-aggregate-candidate-v381;ev-th04-main-target;ev-th04-main-format-integrity;ev-toolchain-surfaces;ev-ledger-consistency-exact14;ev-th04-main-dialog-function-exact-review-v381;ev-th04-main-dialog-fused-cold-v381;ev-th04-main-dialog-op-aggregate-final-v381,python3 scripts/replay_th04_main_exact_units.py --unit th04-main-dialog-run --run-id gpt-web-dialog-v381-focused-003,"v381 restores the historical fused f_dialog/shared-dialog TC4J producer. Focused-003 and the 258-owner candidate aggregate reproduce all 0x3B0 physical owner bytes, exact MAP placement, and all 26 ordered overlapping MZ relocations. The reviewed function body is 0x374 bytes; the trailing 0x3C bytes are compiler-owned compare/jump tables."
th04-main-dialog-run,th04-main,code-region,DIALOG_TEXT,0x2A7C,0xED6C,0x17F,0x17F,reviewed,authored,exact,dialog_run,src/main/dialog/run.inl,ev-th04-main-authored-screen-target;ev-th04-main-authored-screen-map;ev-th04-main-dialog-run-boundary-v180;ev-th04-main-dialog-run-relocation-order-blocker;ev-th04-main-dialog-run-wrapper-fixupp-negative;ev-th04-main-dialog-run-pc98-ide-v19-negative;ev-th04-main-dialog-run-fixupp-flush-v19-negative;ev-th04-main-dialog-run-extern-order-v19-negative;ev-th04-main-dialog-function-review-v180;ev-th04-main-dialog-run-fixupp-order-v213;ev-th04-main-dialog-run-toolchain-v381;ev-th04-main-dialog-run-omf-v381;ev-th04-main-dialog-run-layout-v381;ev-th04-main-dialog-run-raw-v381;ev-th04-main-dialog-run-aggregate-candidate-v381;ev-th04-main-target;ev-th04-main-format-integrity;ev-toolchain-surfaces;ev-ledger-consistency-exact14;ev-th04-main-dialog-run-function-exact-review-v381;ev-th04-main-dialog-run-cold-v381;ev-th04-main-dialog-run-aggregate-final-v381,python3 scripts/replay_th04_main_exact_units.py --unit th04-main-dialog-run --run-id gpt-web-dialog-v381-focused-003,"v381 restores the historical fused f_dialog/shared-dialog TC4J producer. Focused-003 and the 258-owner candidate aggregate reproduce all 0x17F dialog_run bytes, exact MAP placement, and all four ordered overlapping MZ relocations."
th04-main-dialog-init,th04-main,code-region,DIALOG_TEXT,0x2C39,0xEF29,0xC5,0xC5,reviewed,authored,exact,dialog_init,src/main/dialog/init.inl,ev-th04-main-authored-screen-target;ev-th04-main-authored-screen-map;ev-th04-main-target;ev-th04-main-format-integrity;ev-th04-main-dialog-init-boundary-split-v1;ev-toolchain-surfaces;ev-th04-main-dialog-init-toolchain-split-v1;ev-th04-main-dialog-init-omf-split-v1;ev-th04-main-dialog-init-cold-split-v1;ev-th04-main-dialog-init-layout-split-v1;ev-th04-main-dialog-init-raw-split-v1;ev-ledger-consistency-exact14;ev-th04-main-dialog-init-aggregate-split-v1,python3 scripts/replay_th04_main_exact_units.py --unit th04-main-dialog-init,"Exact 197-byte pure-C++ dialog_init recovered by restoring the original two-TU ownership: init/exit move to a second DIALOG_TEXT object, preserving raw code while restoring target FIXUPP/MZ relocation order. No inline assembly or byte injection is used."
th04-main-dialog-exit,th04-main,code-region,DIALOG_TEXT,0x2CFE,0xEFEE,0x9E,0x9E,reviewed,authored,exact,dialog_exit,src/main/dialog/exit.inl,ev-th04-main-authored-screen-target;ev-th04-main-authored-screen-map;ev-th04-main-target;ev-th04-main-format-integrity;ev-th04-main-dialog-exit-boundary;ev-toolchain-surfaces;ev-th04-main-dialog-exit-toolchain-replay;ev-th04-main-dialog-exit-omf;ev-th04-main-dialog-exit-cold;ev-th04-main-dialog-exit-layout;ev-th04-main-dialog-exit-raw;ev-ledger-consistency-exact14;ev-th04-main-dialog-exit-aggregate,python3 scripts/replay_th04_main_exact_units.py --unit th04-main-dialog-exit,"Repository-maintained natural C/C++ fragment passes the sixty-unit two-cold-build acceptance cohort with exact raw bytes, containing map ownership, ordered relocations, deterministic valid OMF, and no accepted inline-assembly/codestring bytes."
th04-main-stages-render-suffix,th04-main,code-region,STAGES_TEXT,0x3FF4,0x102E4,0x1AA,0x1AA,reviewed,authored,exact,stage4_stage5_render_suffix,src/main/stage/render.inl,ev-th04-main-authored-screen-target;ev-th04-main-authored-screen-map;ev-th04-main-target;ev-th04-main-format-integrity;ev-th04-main-stages-render-suffix-boundary;ev-toolchain-surfaces;ev-th04-main-stages-render-suffix-toolchain-replay;ev-th04-main-stages-render-suffix-omf;ev-th04-main-stages-render-suffix-cold;ev-th04-main-stages-render-suffix-layout;ev-th04-main-stages-render-suffix-raw;ev-ledger-consistency-exact14;ev-th04-main-stages-render-suffix-aggregate,python3 scripts/replay_th04_main_exact_units.py --unit th04-main-stages-render-suffix,"Repository-maintained natural C/C++ fragment passes the sixty-unit two-cold-build acceptance cohort with exact raw bytes, containing map ownership, ordered relocations, deterministic valid OMF, and no accepted inline-assembly/codestring bytes."
th04-main-item-splashes-suffix,th04-main,code-region,IT_SPL_U_TEXT,0x04A0,0x15730,0x82,0x82,reviewed,authored,exact,item_splashes_add_update,src/main/item/splashes.inl,ev-th04-main-authored-screen-target;ev-th04-main-authored-screen-map;ev-th04-main-target;ev-th04-main-format-integrity;ev-th04-main-item-splashes-suffix-boundary;ev-toolchain-surfaces;ev-th04-main-item-splashes-suffix-toolchain-replay;ev-th04-main-item-splashes-suffix-omf;ev-th04-main-item-splashes-suffix-cold;ev-th04-main-item-splashes-suffix-layout;ev-th04-main-item-splashes-suffix-raw;ev-ledger-consistency-exact14;ev-th04-main-item-splashes-suffix-aggregate,python3 scripts/replay_th04_main_exact_units.py --unit th04-main-item-splashes-suffix,"Repository-maintained natural C/C++ fragment passes the sixty-unit two-cold-build acceptance cohort with exact raw bytes, containing map ownership, ordered relocations, deterministic valid OMF, and no accepted inline-assembly/codestring bytes."
th04-main-bullet-u-prefix,th04-main,code-region,BULLET_U_TEXT,0x8C3E,0x1DECE,0x1FA,0x1FA,reviewed,authored,exact,bullet_u_natural_prefix,src/main/bullet/update_prefix.inl,ev-th04-main-authored-screen-target;ev-th04-main-authored-screen-map;ev-th04-main-target;ev-th04-main-format-integrity;ev-th04-main-bullet-u-prefix-boundary;ev-toolchain-surfaces;ev-th04-main-bullet-u-prefix-toolchain-replay;ev-th04-main-bullet-u-prefix-omf;ev-th04-main-bullet-u-prefix-cold;ev-th04-main-bullet-u-prefix-layout;ev-th04-main-bullet-u-prefix-raw;ev-ledger-consistency-exact14;ev-th04-main-bullet-u-prefix-aggregate,python3 scripts/replay_th04_main_exact_units.py --unit th04-main-bullet-u-prefix,"Repository-maintained natural C/C++ fragment passes the sixty-unit two-cold-build acceptance cohort with exact raw bytes, containing map ownership, ordered relocations, deterministic valid OMF, and no accepted inline-assembly/codestring bytes."
th04-main-bullets-update-pre-inline,th04-main,code-region,BULLET_U_TEXT,0x8E38,,0x1CC,0x1CC,provisional,authored,excluded,bullets_update_pre_inline,src/main/bullet/update_pre.inl,ev-th04-main-authored-screen-target;ev-th04-main-authored-screen-map;ev-th04-main-target;ev-th04-main-format-integrity;ev-th04-main-bullets-update-pre-inline-boundary;ev-toolchain-surfaces;ev-th04-main-bullets-update-pre-inline-toolchain-replay;ev-th04-main-bullets-update-pre-inline-omf;ev-th04-main-bullets-update-pre-inline-cold;ev-th04-main-bullets-update-pre-inline-layout;ev-th04-main-bullets-update-pre-inline-raw;ev-ledger-consistency-exact14;ev-th04-main-bullets-update-pre-inline-aggregate,python3 scripts/replay_th04_main_exact_units.py --unit th04-main-bullets-update-pre-inline,Historical partial bullets_update ownership superseded by the full natural C++ function reconstruction; retained only so prior evidence remains addressable.
th04-main-bullets-update-post-inline,th04-main,code-region,BULLET_U_TEXT,0x9015,,0x18E,0x18E,provisional,authored,excluded,bullets_update_post_inline,src/main/bullet/update_post.inl,ev-th04-main-authored-screen-target;ev-th04-main-authored-screen-map;ev-th04-main-target;ev-th04-main-format-integrity;ev-th04-main-bullets-update-post-inline-boundary;ev-toolchain-surfaces;ev-th04-main-bullets-update-post-inline-toolchain-replay;ev-th04-main-bullets-update-post-inline-omf;ev-th04-main-bullets-update-post-inline-cold;ev-th04-main-bullets-update-post-inline-layout;ev-th04-main-bullets-update-post-inline-raw;ev-ledger-consistency-exact14;ev-th04-main-bullets-update-post-inline-aggregate,python3 scripts/replay_th04_main_exact_units.py --unit th04-main-bullets-update-post-inline,Historical partial bullets_update ownership superseded by the full natural C++ function reconstruction; retained only so prior evidence remains addressable.
th04-main-boss-prefix,th04-main,code-region,BOSS_TEXT,0xAB48,,0x16B,0x16B,provisional,unknown,excluded,boss_natural_prefix,,ev-th04-main-authored-screen-target;ev-th04-main-authored-screen-map;ev-th04-main-target;ev-th04-main-format-integrity;ev-th04-main-boss-prefix-boundary;ev-toolchain-surfaces;ev-th04-main-boss-prefix-toolchain-replay;ev-th04-main-boss-prefix-omf;ev-th04-main-boss-prefix-cold;ev-th04-main-boss-prefix-layout;ev-th04-main-boss-prefix-raw;ev-ledger-consistency-exact14;ev-th04-main-boss-prefix-aggregate,,"Historical 0x16B BOSS_TEXT prefix superseded by the reviewed contiguous MAIN_035/BOSS natural-C++ TU candidate; byte ownership coordinate retired, old evidence retained for archaeology."
th04-main-tiles-invalidate-reset,th04-main,code-region,TILE_TEXT,0x203E,0xE32E,0x13,0x13,reviewed,authored,exact,tiles_invalidate_reset,src/main/tile/invalidate_reset.inl,ev-th04-main-authored-screen-target;ev-th04-main-authored-screen-map;ev-th04-main-target;ev-th04-main-format-integrity;ev-th04-main-tiles-invalidate-reset-boundary;ev-toolchain-surfaces;ev-th04-main-tiles-invalidate-reset-toolchain-replay;ev-th04-main-tiles-invalidate-reset-omf;ev-th04-main-tiles-invalidate-reset-cold;ev-th04-main-tiles-invalidate-reset-layout;ev-th04-main-tiles-invalidate-reset-raw;ev-ledger-consistency-exact14;ev-th04-main-tiles-invalidate-reset-aggregate,python3 scripts/replay_th04_main_exact_units.py --unit th04-main-tiles-invalidate-reset,"Repository-maintained natural C/C++ fragment passes the sixty-unit two-cold-build acceptance cohort with exact raw bytes, containing map ownership, ordered relocations, deterministic valid OMF, and no accepted inline-assembly/codestring bytes."
th04-main-tile-after-padding,th04-main,code-region,TILE_TEXT,0x2052,0xE342,0x75,0x75,reviewed,authored,exact,tile_after_codestring_padding,src/main/tile/render.inl,ev-th04-main-authored-screen-target;ev-th04-main-authored-screen-map;ev-th04-main-target;ev-th04-main-format-integrity;ev-th04-main-tile-after-padding-boundary;ev-toolchain-surfaces;ev-th04-main-tile-after-padding-toolchain-replay;ev-th04-main-tile-after-padding-omf;ev-th04-main-tile-after-padding-cold;ev-th04-main-tile-after-padding-layout;ev-th04-main-tile-after-padding-raw;ev-ledger-consistency-exact14;ev-th04-main-tile-after-padding-aggregate,python3 scripts/replay_th04_main_exact_units.py --unit th04-main-tile-after-padding,"Repository-maintained natural C/C++ fragment passes the sixty-unit two-cold-build acceptance cohort with exact raw bytes, containing map ownership, ordered relocations, deterministic valid OMF, and no accepted inline-assembly/codestring bytes."
th04-main-snd-se-play,th04-main,code-region,SHARED,0x07D2,0x150B2,0x39,0x39,reviewed,authored,exact,snd_se_play,src/main/sound/se_play.inl,ev-th04-main-authored-screen-target;ev-th04-main-authored-screen-map;ev-th04-main-target;ev-th04-main-format-integrity;ev-th04-main-snd-se-play-boundary;ev-toolchain-surfaces;ev-th04-main-snd-se-play-toolchain-replay;ev-th04-main-snd-se-play-omf;ev-th04-main-snd-se-play-cold;ev-th04-main-snd-se-play-layout;ev-th04-main-snd-se-play-raw;ev-ledger-consistency-exact14;ev-th04-main-snd-se-play-aggregate,python3 scripts/replay_th04_main_exact_units.py --unit th04-main-snd-se-play,"Repository-maintained natural C/C++ fragment passes the sixty-unit two-cold-build acceptance cohort with exact raw bytes, containing map ownership, ordered relocations, deterministic valid OMF, and no accepted inline-assembly/codestring bytes."
th04-main-snd-se-update,th04-main,code-region,SHARED,0x080C,0x150EC,0x4C,0x4C,reviewed,authored,exact,snd_se_update,src/main/sound/se_update.inl,ev-th04-main-authored-screen-target;ev-th04-main-authored-screen-map;ev-th04-main-target;ev-th04-main-format-integrity;ev-th04-main-snd-se-update-boundary;ev-toolchain-surfaces;ev-th04-main-snd-se-update-toolchain-replay;ev-th04-main-snd-se-update-omf;ev-th04-main-snd-se-update-cold;ev-th04-main-snd-se-update-layout;ev-th04-main-snd-se-update-raw;ev-ledger-consistency-exact14;ev-th04-main-snd-se-update-aggregate,python3 scripts/replay_th04_main_exact_units.py --unit th04-main-snd-se-update,"Repository-maintained natural C/C++ fragment passes the sixty-unit two-cold-build acceptance cohort with exact raw bytes, containing map ownership, ordered relocations, deterministic valid OMF, and no accepted inline-assembly/codestring bytes."
th04-main-scrolly-functions,th04-main,code-region,SCROLLY3_TEXT,0x0258,0x154E8,0x49,0x49,reviewed,authored,exact,scroll_subpixel_y_functions,src/main/scroll_y.inl,ev-th04-main-authored-screen-target;ev-th04-main-authored-screen-map;ev-th04-main-target;ev-th04-main-format-integrity;ev-th04-main-scrolly-functions-boundary;ev-toolchain-surfaces;ev-th04-main-scrolly-functions-toolchain-replay;ev-th04-main-scrolly-functions-omf;ev-th04-main-scrolly-functions-cold;ev-th04-main-scrolly-functions-layout;ev-th04-main-scrolly-functions-raw;ev-ledger-consistency-exact14;ev-th04-main-scrolly-functions-aggregate,python3 scripts/replay_th04_main_exact_units.py --unit th04-main-scrolly-functions,"Repository-maintained natural C/C++ fragment passes the sixty-unit two-cold-build acceptance cohort with exact raw bytes, containing map ownership, ordered relocations, deterministic valid OMF, and no accepted inline-assembly/codestring bytes."
th04-main-initmain-function,th04-main,code-region,SHARED,0x0586,0x14E66,0x4D,0x4D,reviewed,authored,exact,game_init_main,src/main/core/init.cpp,ev-th04-main-authored-screen-target;ev-th04-main-authored-screen-map;ev-th04-main-target;ev-th04-main-format-integrity;ev-th04-main-initmain-function-boundary;ev-toolchain-surfaces;ev-th04-main-initmain-function-toolchain-replay;ev-th04-main-initmain-function-omf;ev-th04-main-initmain-function-cold;ev-th04-main-initmain-function-layout;ev-th04-main-initmain-function-raw;ev-ledger-consistency-exact14;ev-th04-main-initmain-function-aggregate,python3 scripts/replay_th04_main_exact_units.py --unit th04-main-initmain-function,"Repository-maintained natural C/C++ fragment passes the sixty-unit two-cold-build acceptance cohort with exact raw bytes, containing map ownership, ordered relocations, deterministic valid OMF, and no accepted inline-assembly/codestring bytes."
th04-main-grcg3-functions,th04-main,code-region,GRCG_3_TEXT,0x0466,0x156F6,0x1F,0x1F,reviewed,authored,exact,grcg3_functions,src/main/hardware/grcg3.cpp,ev-th04-main-authored-screen-target;ev-th04-main-authored-screen-map;ev-th04-main-target;ev-th04-main-format-integrity;ev-th04-main-grcg3-functions-boundary;ev-toolchain-surfaces;ev-th04-main-grcg3-functions-toolchain-replay;ev-th04-main-grcg3-functions-omf;ev-th04-main-grcg3-functions-cold;ev-th04-main-grcg3-functions-layout;ev-th04-main-grcg3-functions-raw;ev-ledger-consistency-exact14;ev-th04-main-grcg3-functions-aggregate,python3 scripts/replay_th04_main_exact_units.py --unit th04-main-grcg3-functions,"Repository-maintained natural C/C++ fragment passes the sixty-unit two-cold-build acceptance cohort with exact raw bytes, containing map ownership, ordered relocations, deterministic valid OMF, and no accepted inline-assembly/codestring bytes."
th04-main-snd-pmd-prefix,th04-main,code-region,SHARED,0x029E,,0x12,0x12,provisional,authored,excluded,snd_pmd_resident_prefix,src/main/sound/pmd_resident_prefix.inl,ev-th04-main-authored-screen-target;ev-th04-main-authored-screen-map;ev-th04-main-target;ev-th04-main-format-integrity;ev-th04-main-snd-pmd-prefix-boundary;ev-toolchain-surfaces;ev-th04-main-snd-pmd-prefix-toolchain-replay;ev-th04-main-snd-pmd-prefix-omf;ev-th04-main-snd-pmd-prefix-cold;ev-th04-main-snd-pmd-prefix-layout;ev-th04-main-snd-pmd-prefix-raw;ev-ledger-consistency-exact14;ev-th04-main-snd-pmd-prefix-aggregate,python3 scripts/replay_th04_main_exact_units.py --unit th04-main-snd-pmd-prefix,Historical partial PMD ownership superseded by the full pure-C snd_pmd_resident reconstruction; retained only so prior evidence remains addressable.
th04-main-snd-pmd-suffix,th04-main,code-region,SHARED,0x02B5,,0x17,0x17,provisional,authored,excluded,snd_pmd_resident_suffix,src/main/sound/pmd_resident_suffix.inl,ev-th04-main-authored-screen-target;ev-th04-main-authored-screen-map;ev-th04-main-target;ev-th04-main-format-integrity;ev-th04-main-snd-pmd-suffix-boundary;ev-toolchain-surfaces;ev-th04-main-snd-pmd-suffix-toolchain-replay;ev-th04-main-snd-pmd-suffix-omf;ev-th04-main-snd-pmd-suffix-cold;ev-th04-main-snd-pmd-suffix-layout;ev-th04-main-snd-pmd-suffix-raw;ev-ledger-consistency-exact14;ev-th04-main-snd-pmd-suffix-aggregate,python3 scripts/replay_th04_main_exact_units.py --unit th04-main-snd-pmd-suffix,Historical partial PMD ownership superseded by the full pure-C snd_pmd_resident reconstruction; retained only so prior evidence remains addressable.
th04-main-snd-load-prefix,th04-main,code-region,SHARED,0x03B6,0x14C96,0xB8,0xB8,reviewed,authored,exact,snd_load_prefix,src/shared/sound/load_prefix.inl,ev-th04-main-authored-screen-target;ev-th04-main-authored-screen-map;ev-th04-main-target;ev-th04-main-format-integrity;ev-th04-main-snd-load-prefix-boundary;ev-toolchain-surfaces;ev-th04-main-snd-load-prefix-toolchain-replay;ev-th04-main-snd-load-prefix-omf;ev-th04-main-snd-load-prefix-cold;ev-th04-main-snd-load-prefix-layout;ev-th04-main-snd-load-prefix-raw;ev-ledger-consistency-exact14;ev-th04-main-snd-load-prefix-aggregate;ev-th04-snd-load-prefix-shared-source-v206;ev-th04-snd-load-prefix-shared-aggregate-v206;ev-th04-snd-load-prefix-shared-focused-v206,python3 scripts/replay_th04_main_exact_units.py --unit th04-main-snd-load-prefix,"Repository-maintained natural C/C++ fragment passes the sixty-unit two-cold-build acceptance cohort with exact raw bytes, containing map ownership, ordered relocations, deterministic valid OMF, and no accepted inline-assembly/codestring bytes. Cross-artifact v206 review proves the fixed producer bytes for this natural fragment are shared by TH04 MAIN, OP, and MAINE after masking only OMF-derived link fields; exact replay credit remains MAIN-local."
th04-main-snd-load-tail,th04-main,code-region,SHARED,0x0497,0x14D77,0x9,0x9,reviewed,authored,exact,snd_load_tail,src/shared/sound/load_tail.inl,ev-th04-main-authored-screen-target;ev-th04-main-authored-screen-map;ev-th04-main-target;ev-th04-main-format-integrity;ev-th04-main-snd-load-tail-boundary;ev-toolchain-surfaces;ev-th04-main-snd-load-tail-toolchain-replay;ev-th04-main-snd-load-tail-omf;ev-th04-main-snd-load-tail-cold;ev-th04-main-snd-load-tail-layout;ev-th04-main-snd-load-tail-raw;ev-ledger-consistency-exact14;ev-th04-main-snd-load-tail-aggregate;ev-th04-snd-load-tail-shared-source-v206;ev-th04-snd-load-tail-shared-aggregate-v206,python3 scripts/replay_th04_main_exact_units.py --unit th04-main-snd-load-tail,"Repository-maintained natural C/C++ fragment passes the sixty-unit two-cold-build acceptance cohort with exact raw bytes, containing map ownership, ordered relocations, deterministic valid OMF, and no accepted inline-assembly/codestring bytes. Cross-artifact v206 review proves the fixed producer bytes for this natural fragment are shared by TH04 MAIN, OP, and MAINE after masking only OMF-derived link fields; exact replay credit remains MAIN-local."
th04-main-snd-pmd-resident,th04-main,function,SHARED,0x029E,0x14B7E,0x2E,0x2E,reviewed,authored,exact,snd_pmd_resident,src/shared/sound/pmd_resident.c,ev-th04-main-authored-screen-target;ev-th04-main-authored-screen-map;ev-th04-main-target;ev-th04-main-format-integrity;ev-th04-main-snd-pmd-resident-boundary;ev-toolchain-surfaces;ev-th04-main-snd-pmd-resident-toolchain-replay;ev-th04-main-snd-pmd-resident-omf;ev-th04-main-snd-pmd-resident-cold;ev-th04-main-snd-pmd-resident-layout;ev-th04-main-snd-pmd-resident-raw;ev-ledger-consistency-exact14;ev-th04-main-snd-pmd-resident-aggregate;ev-th04-snd-pmd-shared-source-v208;ev-th04-snd-pmd-shared-focused-v208;ev-th04-snd-pmd-shared-aggregate-v208,python3 scripts/replay_th04_main_exact_units.py --unit th04-main-snd-pmd-resident,"Full 46-byte function is exact from maintained pure C. Borland __es pointer semantics generate the target LES BX,ES:[0180h] naturally; no inline assembly, codestring, __emit__, or target-byte injection is used. v208 target-first MAIN/OP/MAINE comparison proves TH04 shared natural-source ownership; exact replay credit remains MAIN-local."
th04-main-snd-load-push-ds,th04-main,code-region,SHARED,0x046E,0x14D4E,0x1,0x1,reviewed,authored,exact,snd_load_push_ds,src/shared/sound/load_push_ds.inl,ev-th04-main-authored-screen-target;ev-th04-main-authored-screen-map;ev-th04-main-snd-load-reviewed-boundary-v2;ev-th04-main-snd-load-ds-preserve-crossgame-v391;ev-th04-main-snd-load-push-ds-source-v391;ev-th04-main-target;ev-th04-main-format-integrity;ev-th04-main-snd-load-push-ds-boundary-v391;ev-toolchain-surfaces;ev-th04-main-snd-load-push-ds-toolchain-v391;ev-th04-main-snd-load-push-ds-omf-v391;ev-th04-main-snd-load-push-ds-cold-v391;ev-th04-main-snd-load-push-ds-layout-v391;ev-th04-main-snd-load-push-ds-raw-v391;ev-ledger-consistency-exact14;ev-th04-main-snd-load-push-ds-aggregate-candidate-v391;ev-th04-main-snd-load-push-ds-aggregate-final-v391,python3 scripts/replay_th04_main_exact_units.py --unit th04-main-snd-load-push-ds --unit th04-main-snd-load-pop-ds --run-id gpt-web-snd-load-ds-v391-focused-002 --stage finalize,"Evidence-backed symbolic inline-assembly fragment exactly owns only the one-byte PUSH DS span inside snd_load(). TH02/TH04/TH05 target behavior independently corroborates DS preservation across the song-data read. Focused A/B and full candidate aggregate pass raw/MAP/relocation/OMF gates. The adjacent TH04-only MOV BX,AX encoding remains blocked and receives no credit."
th04-main-snd-load-open,th04-main,code-region,SHARED,0x046F,0x14D4F,0x8,0x8,reviewed,authored,exact,snd_load_dos_open,src/shared/sound/load_open.inl,ev-th04-main-authored-screen-target;ev-th04-main-authored-screen-map;ev-th04-main-target;ev-th04-main-format-integrity;ev-snd-load-open-boundary-v1;ev-toolchain-surfaces;ev-snd-load-open-toolchain-replay-v1;ev-snd-load-open-omf-v1;ev-snd-load-open-cold-v1;ev-snd-load-open-layout-v1;ev-snd-load-open-raw-v1;ev-ledger-consistency-exact14;ev-snd-load-open-aggregate-v1;ev-th04-snd-load-open-shared-source-v206;ev-th04-snd-load-open-shared-aggregate-v206,python3 scripts/replay_th04_main_exact_units.py --unit th04-main-snd-load-open,"Repository-maintained natural C++ fragment passes fresh two-cold raw/map/ordered-relocation/OMF/determinism replay. The surrounding excluded low-level snd_load bytes remain outside this exact extent. Cross-artifact v206 review proves the fixed producer bytes for this natural fragment are shared by TH04 MAIN, OP, and MAINE after masking only OMF-derived link fields; exact replay credit remains MAIN-local."
th04-main-snd-load-handle-mov,th04-main,code-region,SHARED,0x0477,0x14D57,0x2,0x2,reviewed,authored,blocked,snd_load_handle_mov,,ev-th04-main-authored-screen-target;ev-th04-main-authored-screen-map;ev-th04-main-snd-load-reviewed-boundary-v2;ev-th04-main-tasm-mov-bx-ax-negative;ev-th04-main-snd-load-register-allocation-negative;ev-th04-main-snd-load-pseudoreg-alias-negative;ev-th04-main-snd-load-handle-crossgame-v391-negative;ev-th04-main-snd-load-mov-inline-fingerprint-v392;ev-th04-main-snd-load-mov-corpus-negative-v396;ev-th04-main-register-encoding-surface-v411-negative;ev-th04-main-hdi-deleted-build-provenance-v413-negative;ev-th04-main-hdi-partial-trial-v414-negative,python3 scripts/probes/probe_tc4_mov_bx_ax_encoding.py,"Target 89 C3 is compiler-explained: TC4J ordinary _BX=_AX emits 8B D8, while its integrated inline assembler emits 89 C3 for mov bx,ax. Cross-game TH02/TH05 loaders use 8B D8 and no independent original-source provenance supports TH04 inline assembly, so these two bytes remain blocked without target-derived source promotion."
th04-main-snd-load-func-load,th04-main,code-region,SHARED,0x0479,0x14D59,0x3,0x3,reviewed,authored,exact,snd_load_func_load,src/shared/sound/load_func.inl,ev-th04-main-authored-screen-target;ev-th04-main-authored-screen-map;ev-th04-main-snd-load-reviewed-boundary-v2;ev-th04-main-target;ev-th04-main-format-integrity;ev-snd-load-func-load-boundary-v1;ev-toolchain-surfaces;ev-snd-load-func-load-toolchain-replay-v1;ev-snd-load-func-load-omf-v1;ev-snd-load-func-load-cold-v1;ev-snd-load-func-load-layout-v1;ev-snd-load-func-load-raw-v1;ev-ledger-consistency-exact14;ev-snd-load-func-load-aggregate-v1;ev-th04-snd-load-func-load-shared-source-v206;ev-th04-snd-load-func-load-shared-aggregate-v206;ev-th04-snd-load-func-load-shared-focused-v206,python3 scripts/replay_th04_main_exact_units.py --unit th04-main-snd-load-func-load,"Repository-maintained pure C++ parameter-memory load is applied through a pinned-scaffold offset/hash replacement gate and passes two-cold raw/map/ordered-relocation/OMF/determinism replay. No inline assembly or target-byte emission is accepted. Cross-artifact v206 review proves the fixed producer bytes for this natural fragment are shared by TH04 MAIN, OP, and MAINE after masking only OMF-derived link fields; exact replay credit remains MAIN-local."
th04-main-snd-load-dispatch-read,th04-main,code-region,SHARED,0x047C,0x14D5C,0x1A,0x1A,reviewed,authored,exact,snd_load_dispatch_and_read,src/shared/sound/load_dispatch_read.inl,ev-th04-main-authored-screen-target;ev-th04-main-authored-screen-map;ev-th04-main-target;ev-th04-main-format-integrity;ev-snd-load-dispatch-read-boundary-v1;ev-toolchain-surfaces;ev-snd-load-dispatch-read-toolchain-replay-v1;ev-snd-load-dispatch-read-omf-v1;ev-snd-load-dispatch-read-cold-v1;ev-snd-load-dispatch-read-layout-v1;ev-snd-load-dispatch-read-raw-v1;ev-ledger-consistency-exact14;ev-snd-load-dispatch-read-aggregate-v1;ev-th04-snd-load-dispatch-read-shared-source-v206;ev-th04-snd-load-dispatch-read-shared-aggregate-v206,python3 scripts/replay_th04_main_exact_units.py --unit th04-main-snd-load-dispatch-read,"Repository-maintained natural C++ fragment passes fresh two-cold raw/map/ordered-relocation/OMF/determinism replay. The surrounding excluded low-level snd_load bytes remain outside this exact extent. Cross-artifact v206 review proves the fixed producer bytes for this natural fragment are shared by TH04 MAIN, OP, and MAINE after masking only OMF-derived link fields; exact replay credit remains MAIN-local."
th04-main-snd-load-pop-ds,th04-main,code-region,SHARED,0x0496,0x14D76,0x1,0x1,reviewed,authored,exact,snd_load_pop_ds,src/shared/sound/load_pop_ds.inl,ev-th04-main-authored-screen-target;ev-th04-main-authored-screen-map;ev-th04-main-snd-load-reviewed-boundary-v2;ev-th04-main-snd-load-ds-preserve-crossgame-v391;ev-th04-main-snd-load-pop-ds-source-v391;ev-th04-main-target;ev-th04-main-format-integrity;ev-th04-main-snd-load-pop-ds-boundary-v391;ev-toolchain-surfaces;ev-th04-main-snd-load-pop-ds-toolchain-v391;ev-th04-main-snd-load-pop-ds-omf-v391;ev-th04-main-snd-load-pop-ds-cold-v391;ev-th04-main-snd-load-pop-ds-layout-v391;ev-th04-main-snd-load-pop-ds-raw-v391;ev-ledger-consistency-exact14;ev-th04-main-snd-load-pop-ds-aggregate-candidate-v391;ev-th04-main-snd-load-pop-ds-aggregate-final-v391,python3 scripts/replay_th04_main_exact_units.py --unit th04-main-snd-load-push-ds --unit th04-main-snd-load-pop-ds --run-id gpt-web-snd-load-ds-v391-focused-002 --stage finalize,"Evidence-backed symbolic inline-assembly fragment exactly owns only the one-byte POP DS span inside snd_load(). TH02/TH04/TH05 target behavior independently corroborates DS preservation across the song-data read. Focused A/B and full candidate aggregate pass raw/MAP/relocation/OMF gates. The adjacent TH04-only MOV BX,AX encoding remains blocked and receives no credit."
th04-main-bullets-update-spark-call-gap,th04-main,code-region,BULLET_U_TEXT,0x03C6,,0x11,0x11,provisional,authored,excluded,bullets_update_sparks_add_random_call,,ev-th04-main-authored-screen-target;ev-th04-main-authored-screen-map;ev-th04-main-bullets-update-reviewed-boundary-v1;ev-th04-main-bullets-natural-call-bridge-negative,,Historical 17-byte bullets_update spark-call umbrella retained only so prior bridge evidence remains addressable. Current byte ownership is split into a 12-byte maintained natural-call argument span plus the five-byte blocked call-form span; this umbrella is excluded from byte accounting.
th04-main-bullets-update-spark-args,th04-main,code-region,BULLET_U_TEXT,0x03C6,,0xC,0xC,provisional,authored,excluded,bullets_update_sparks_add_random_args,src/main/bullet/update_spark_args.inl,ev-th04-main-authored-screen-target;ev-th04-main-authored-screen-map;ev-th04-main-target;ev-th04-main-format-integrity;ev-th04-main-bullet-spark-args-boundary-v1;ev-toolchain-surfaces;ev-th04-main-bullet-spark-args-toolchain-v1;ev-th04-main-bullet-spark-args-omf-v1;ev-th04-main-bullet-spark-args-cold-v1;ev-th04-main-bullet-spark-args-layout-v1;ev-th04-main-bullet-spark-args-raw-v1;ev-ledger-consistency-exact14;ev-th04-main-bullet-spark-args-aggregate-v1,python3 scripts/replay_th04_main_exact_units.py --unit th04-main-bullets-update-spark-args,Historical partial bullets_update ownership superseded by the full natural C++ function reconstruction; retained only so prior evidence remains addressable.
th04-main-bullets-update-spark-call,th04-main,code-region,BULLET_U_TEXT,0x03D2,,0x5,0x5,provisional,authored,excluded,bullets_update_sparks_add_random_call_form,,ev-th04-main-authored-screen-target;ev-th04-main-authored-screen-map;ev-th04-main-bullets-update-reviewed-boundary-v1;ev-th04-main-bullets-natural-call-bridge-negative,,Historical partial bullets_update ownership superseded by the full natural C++ function reconstruction; retained only so prior evidence remains addressable.
th04-main-bullets-update,th04-main,function,BULLET_U_TEXT,0x8E38,0x1E0C8,0x36B,0x36B,reviewed,authored,exact,bullets_update,src/main/bullet/update_body.inl,ev-th04-main-authored-screen-target;ev-th04-main-authored-screen-map;ev-th04-main-bullets-update-reviewed-boundary-v2;ev-th04-main-target;ev-th04-main-format-integrity;ev-th04-main-bullets-update-full-boundary-v1;ev-toolchain-surfaces;ev-th04-main-bullets-update-full-toolchain-v1;ev-th04-main-bullets-update-full-omf-v1;ev-th04-main-bullets-update-full-cold-v1;ev-th04-main-bullets-update-full-layout-v1;ev-th04-main-bullets-update-full-raw-v1;ev-ledger-consistency-exact14;ev-th04-main-bullets-update-full-aggregate-v1,python3 scripts/replay_th04_main_exact_units.py --unit th04-main-bullets-update,"Full 875-byte bullets_update extent is exact from maintained natural C++. #pragma samecodeseg supplies the OMF frame hint; normal TLINK far-call optimization emits target NOP/PUSH CS/near CALL. No inline assembly, codestring, byte injection, or patched object is used."
th04-main-snd-mmd-resident,th04-main,function,SHARED,0x02CC,0x14BAC,0x2F,0x2F,reviewed,authored,exact,snd_mmd_resident,src/shared/sound/mmd_resident.c,ev-th04-main-authored-screen-target;ev-th04-main-authored-screen-map;ev-th04-main-target;ev-th04-main-format-integrity;ev-th04-main-snd-mmd-resident-boundary-v2;ev-toolchain-surfaces;ev-th04-main-snd-mmd-resident-toolchain-v2;ev-th04-main-snd-mmd-resident-omf-v2;ev-th04-main-snd-mmd-resident-cold-v2;ev-th04-main-snd-mmd-resident-layout-v2;ev-th04-main-snd-mmd-resident-raw-v2;ev-ledger-consistency-exact14;ev-th04-main-snd-mmd-resident-aggregate-v2;ev-th04-snd-mmd-shared-source-v207;ev-th04-snd-mmd-shared-focused-v207;ev-th04-snd-mmd-shared-aggregate-v207,python3 scripts/replay_th04_main_exact_units.py --unit th04-main-snd-mmd-resident,Exact 47-byte natural-C function: removing -WX restores the target two-RETF control flow; a checked-in zero-code word-aligned SHARED build input restores following layout. The trailing target 0x90 is separate excluded padding. v207 target-first MAIN/OP/MAINE comparison proves TH04 multi-artifact shared natural-source ownership; exact replay credit remains MAIN-local.
th04-main-midboss-score-bonuses,th04-main,code-region,MB_DFT_TEXT,0x64DE,,0xD9,0xD9,provisional,unknown,excluded,midboss_and_boss_score_bonus,,ev-th04-main-authored-screen-target;ev-th04-main-authored-screen-map;ev-th04-main-target;ev-th04-main-format-integrity;ev-th04-main-midboss-score-bonuses-boundary-v1;ev-toolchain-surfaces;ev-th04-main-midboss-score-bonuses-toolchain-v1;ev-th04-main-midboss-score-bonuses-omf-v1;ev-th04-main-midboss-score-bonuses-cold-v1;ev-th04-main-midboss-score-bonuses-layout-v1;ev-th04-main-midboss-score-bonuses-raw-v1;ev-ledger-consistency-exact14;ev-th04-main-midboss-score-bonuses-aggregate-v1,,"Historical reconstructed sub-boundary superseded by the reviewed contiguous MIDBOSS/HUD_HP/MB_DFT authored TU owner; byte ownership coordinate retired, original segment offset/size retained for archaeology."
th04-main-snd-se-reset,th04-main,code-region,SHARED,0x07C6,0x150A6,0x0B,0x0B,reviewed,authored,exact,snd_se_reset,src/main/sound/se_reset.inl,ev-th04-main-authored-screen-target;ev-th04-main-authored-screen-map;ev-th04-main-target;ev-th04-main-format-integrity;ev-th04-main-snd-se-reset-boundary-v1;ev-toolchain-surfaces;ev-th04-main-snd-se-reset-toolchain-v1;ev-th04-main-snd-se-reset-omf-v1;ev-th04-main-snd-se-reset-cold-v1;ev-th04-main-snd-se-reset-layout-v1;ev-th04-main-snd-se-reset-raw-v1;ev-ledger-consistency-exact14;ev-th04-main-snd-se-reset-aggregate-v1,python3 scripts/replay_th04_main_exact_units.py --unit th04-main-snd-se-reset,"Reviewed TLINK-public/raw-decode 11-byte pure-C reset body ends at RETF 0x238B0; the following 0x238B1 NOP is upstream codestring padding and deliberately outside this authored C/C++ owner. Focused and 64-unit aggregate two-cold replay are exact. Ghidra currently has no function at 0x238A6, so byte ownership is exact without inventing a function-ledger claim."
th04-main-tile-codestring-padding,th04-main,padding,TILE_TEXT,0x2051,0xE341,0x1,0x1,reviewed,padding,excluded,tile_codestring_padding,,ev-th04-main-authored-screen-target;ev-th04-main-authored-screen-map,,Target-observed one-byte 0x90 gap between/after reviewed exact owners; pinned ReC98 independently corroborates the same #pragma codestring value. Excluded from authored C/C++ accounting.
th04-main-initmain-codestring-padding,th04-main,padding,SHARED,0x05D3,0x14EB3,0x1,0x1,reviewed,padding,excluded,initmain_codestring_padding,,ev-th04-main-authored-screen-target;ev-th04-main-authored-screen-map,,Target-observed one-byte 0x00 gap between/after reviewed exact owners; pinned ReC98 independently corroborates the same #pragma codestring value. Excluded from authored C/C++ accounting.
th04-main-snd-se-reset-codestring-padding,th04-main,padding,SHARED,0x07D1,0x150B1,0x1,0x1,reviewed,padding,excluded,snd_se_reset_codestring_padding,,ev-th04-main-authored-screen-target;ev-th04-main-authored-screen-map,,Target-observed one-byte 0x90 gap between/after reviewed exact owners; pinned ReC98 independently corroborates the same #pragma codestring value. Excluded from authored C/C++ accounting.
th04-main-snd-se-codestring-padding,th04-main,padding,SHARED,0x080B,0x150EB,0x1,0x1,reviewed,padding,excluded,snd_se_codestring_padding,,ev-th04-main-authored-screen-target;ev-th04-main-authored-screen-map,,Target-observed one-byte 0x90 gap between/after reviewed exact owners; pinned ReC98 independently corroborates the same #pragma codestring value. Excluded from authored C/C++ accounting.
th04-main-scrolly3-codestring-padding,th04-main,padding,SCROLLY3_TEXT,0x02A1,0x15531,0x1,0x1,reviewed,padding,excluded,scrolly3_codestring_padding,,ev-th04-main-authored-screen-target;ev-th04-main-authored-screen-map,,Target-observed one-byte 0x90 gap between/after reviewed exact owners; pinned ReC98 independently corroborates the same #pragma codestring value. Excluded from authored C/C++ accounting.
th04-main-grcg3-codestring-padding,th04-main,padding,GRCG_3_TEXT,0x0485,0x15715,0x1,0x1,reviewed,padding,excluded,grcg3_codestring_padding,,ev-th04-main-authored-screen-target;ev-th04-main-authored-screen-map,,Target-observed one-byte 0x90 gap between/after reviewed exact owners; pinned ReC98 independently corroborates the same #pragma codestring value. Excluded from authored C/C++ accounting.
th04-main-dialog-animate,th04-main,function,DIALOG_TEXT,0x2BFB,0xEEEB,0x3E,0x3E,reviewed,authored,exact,dialog_animate,src/main/dialog/animate.inl,ev-th04-main-authored-screen-target;ev-th04-main-authored-screen-map;ev-th04-main-target;ev-th04-main-format-integrity;ev-th04-main-dialog-animate-boundary-v1;ev-toolchain-surfaces;ev-th04-main-dialog-animate-toolchain-v1;ev-th04-main-dialog-animate-omf-v1;ev-th04-main-dialog-animate-cold-v1;ev-th04-main-dialog-animate-layout-v1;ev-th04-main-dialog-animate-raw-v1;ev-ledger-consistency-exact14;ev-th04-main-dialog-animate-aggregate-v1,python3 scripts/replay_th04_main_exact_units.py --unit th04-main-dialog-animate,"Full 62-byte dialog_animate function is exact from maintained natural C++. #pragma samecodeseg on the ordinary tiles_activate_and_render_all_for_next_N_frames call changes the TC86 fixup frame; normal TLINK far-call optimization emits target NOP/PUSH CS/near CALL. No inline assembly, codestring, __emit__, or object patching is used."
th04-main-dialog-script-params,th04-main,code-region,DIALOG_TEXT,0x25DA,0xE8CA,0xF2,0xF2,reviewed,authored,exact,dialog_script_param_readers,src/main/dialog/script_params.inl,ev-th04-main-authored-screen-target;ev-th04-main-authored-screen-map;ev-th04-main-target;ev-th04-main-format-integrity;ev-th04-main-dialog-script-params-boundary-v1;ev-toolchain-surfaces;ev-th04-main-dialog-script-params-toolchain-v1;ev-th04-main-dialog-script-params-omf-v1;ev-th04-main-dialog-script-params-cold-v1;ev-th04-main-dialog-script-params-layout-v1;ev-th04-main-dialog-script-params-raw-v1;ev-ledger-consistency-exact14;ev-th04-main-dialog-script-params-aggregate-v1,python3 scripts/replay_th04_main_exact_units.py --unit th04-main-dialog-script-params,"Two contiguous pure-C++ script parameter helpers total 242 bytes and pass focused plus 66-unit aggregate two-cold raw/map/ordered-relocation/OMF/determinism replay. Fresh target Ghidra, TLINK publics, and raw decode independently bind the complete extent; no inline assembly, codestring, __emit__, or object patching is used."
th04-main-snd-mmd-padding,th04-main,padding,SHARED,0x02FB,0x14BDB,0x1,0x1,reviewed,padding,excluded,snd_mmd_trailing_padding,,ev-th04-main-authored-screen-target;ev-th04-main-authored-screen-map;ev-th04-main-snd-mmd-padding-v2,,Target 0x90 byte lies after the RETF-terminated function and before the next SHARED public/module; excluded as padding. The zero-code alignment TU emits no LEDATA and does not claim this byte.
th04-main-midboss-hud-defeat-tu,th04-main,code-region,MIDBOSS_TEXT,0x642C,0x1B6BC,0x1CB,0x1CB,reviewed,authored,exact,midboss_hud_defeat_tu,src/main/midboss/midboss.cpp,ev-th04-main-authored-screen-target;ev-th04-main-authored-screen-map;ev-th04-main-target;ev-th04-main-format-integrity;ev-th04-main-midboss-hud-defeat-boundary-v20;ev-toolchain-surfaces;ev-th04-main-midboss-hud-defeat-toolchain-v20;ev-th04-main-midboss-hud-defeat-omf-v20;ev-th04-main-midboss-hud-defeat-cold-v20;ev-th04-main-midboss-hud-defeat-layout-v20;ev-th04-main-midboss-hud-defeat-raw-v20;ev-ledger-consistency-exact14;ev-th04-main-midboss-hud-defeat-aggregate-v20,python3 scripts/replay_th04_main_exact_units.py --unit th04-main-midboss-hud-defeat-tu,Exact 0x1CB natural-C++ TU spanning former MIDBOSS/HUD_HP/MB_DFT subdivisions. An ordinary midboss_reset() call naturally emits the target PUSH CS/CALL near once the false TU/segment boundary is removed; focused and 65-unit two-cold replay pass without inline ASM or byte emission.
th04-main-chasecrosses-add,th04-main,function,MAIN_034_TEXT,0x65F7,0x1B887,0x4B6,0x4B6,reviewed,authored,exact,main034_yuuka6_center_prefix,src/main/boss/chasecrosses_add.cpp,ev-th04-main-authored-screen-target;ev-th04-main-authored-screen-map;ev-th04-main-target;ev-th04-main-format-integrity;ev-th04-main-main034-prefix-boundary-v25;ev-toolchain-surfaces;ev-th04-main-main034-prefix-toolchain-v25;ev-th04-main-main034-prefix-omf-v25;ev-th04-main-main034-prefix-anchor-v25;ev-th04-main-main034-prefix-cold-v25;ev-th04-main-main034-prefix-layout-v25;ev-th04-main-main034-prefix-raw-v25;ev-ledger-consistency-exact14;ev-th04-main-main034-prefix-aggregate-v25;ev-th04-main-main034-prefix-boundary-v26;ev-th04-main-main034-prefix-toolchain-v26;ev-th04-main-main034-prefix-omf-v26;ev-th04-main-main034-prefix-anchor-v26;ev-th04-main-main034-prefix-cold-v26;ev-th04-main-main034-prefix-layout-v26;ev-th04-main-main034-prefix-raw-v26;ev-th04-main-main034-prefix-aggregate-v26;ev-th04-main-main034-prefix-boundary-v27;ev-th04-main-main034-prefix-toolchain-v27;ev-th04-main-main034-prefix-omf-v27;ev-th04-main-main034-prefix-cold-v27;ev-th04-main-main034-prefix-layout-v27;ev-th04-main-main034-prefix-raw-v27;ev-th04-main-main034-prefix-aggregate-v27;ev-th04-main-main034-prefix-boundary-v28;ev-th04-main-main034-prefix-toolchain-v28;ev-th04-main-main034-prefix-omf-v28;ev-th04-main-main034-prefix-cold-v28;ev-th04-main-main034-prefix-layout-v28;ev-th04-main-main034-prefix-raw-v28;ev-th04-main-main034-prefix-aggregate-v28,python3 scripts/replay_th04_main_exact_units.py --unit th04-main-chasecrosses-add,Target-derived natural C++ MAIN_034 prefix is exact through yuuka6_move_to_center (0x4B6 bytes total). Focused v28 two-cold replay and 66-unit aggregate pass raw/map/ordered-relocation/OMF/determinism; residual ASM resumes at the next target entry.
th04-main-yuuka6-animations,th04-main,code-region,MAIN_034_TEXT,0x6AAD,0x1BD3D,0x3CA,0x3CA,reviewed,authored,exact,yuuka6_animation_helpers,src/main/boss/yuuka6_animations.cpp,ev-th04-main-authored-screen-target;ev-th04-main-authored-screen-map;ev-th04-main-target;ev-th04-main-format-integrity;ev-th04-main-yuuka6-animations-boundary-v29;ev-toolchain-surfaces;ev-th04-main-yuuka6-animations-toolchain-v29;ev-th04-main-yuuka6-animations-omf-v29;ev-th04-main-yuuka6-animations-cold-v29;ev-th04-main-yuuka6-animations-layout-v29;ev-th04-main-yuuka6-animations-raw-v29;ev-ledger-consistency-exact14;ev-th04-main-yuuka6-animations-aggregate-v29,python3 scripts/replay_th04_main_exact_units.py --unit th04-main-yuuka6-animations,Eight target-derived natural C++ Yuuka6 animation helpers total 0x3CA bytes and pass dependency-closed focused plus 67-unit aggregate two-cold raw/map/ordered-relocation/OMF/determinism replay. TC86 naturally emits the target sparse/dense switch tables and alignment bytes; no inline ASM/codestring/__emit__/object patch/target-byte injection is used.
th04-main-main035-boss-tu,th04-main,code-region,MAIN_035_TEXT,0xA4D1,0x1F761,0x9B6,0x9B6,reviewed,authored,exact,boss_stage_setup_tu,src/main/boss/boss.cpp,ev-th04-main-authored-screen-target;ev-th04-main-authored-screen-map;ev-th04-main-target;ev-th04-main-format-integrity;ev-th04-main-main035-boss-boundary-v21;ev-toolchain-surfaces;ev-th04-main-main035-boss-toolchain-v21;ev-th04-main-main035-boss-omf-v21;ev-th04-main-main035-boss-cold-v21;ev-th04-main-main035-boss-layout-v21;ev-th04-main-main035-boss-raw-v21;ev-ledger-consistency-exact14;ev-th04-main-main035-boss-aggregate-v21,python3 scripts/replay_th04_main_exact_units.py --unit th04-main-main035-boss-tu,Exact 0x9B6 natural-C++ TU spanning the previously unowned 0x677 MAIN_035 boss/stage-setup suffix plus the former 0x33F BOSS_TEXT. Focused and 65-unit two-cold replay reproduce all bytes and ordered relocations; ordinary bb_boss_free() and target CFG source forms require no inline ASM or byte emission.
th04-main-yuuka6-gather-patterns,th04-main,code-region,MAIN_034_TEXT,0x6E77,0x1C107,0x256,0x256,reviewed,authored,exact,yuuka6_gather_patterns,src/main/boss/yuuka6_gather_patterns.cpp,ev-th04-main-authored-screen-target;ev-th04-main-authored-screen-map;ev-th04-main-target;ev-th04-main-format-integrity;ev-toolchain-surfaces;ev-th04-main-yuuka6-gather-patterns-boundary-v30;ev-th04-main-yuuka6-gather-patterns-toolchain-v30;ev-th04-main-yuuka6-gather-patterns-omf-v30;ev-th04-main-yuuka6-gather-patterns-cold-v30;ev-th04-main-yuuka6-gather-patterns-layout-v30;ev-th04-main-yuuka6-gather-patterns-raw-v30;ev-th04-main-yuuka6-gather-patterns-aggregate-v30;ev-ledger-consistency-exact14,python3 scripts/replay_th04_main_exact_units.py --unit th04-main-yuuka6-gather-patterns,Five target-driven natural C++ Yuuka6 gather helpers total 0x256 bytes and pass dependency-closed focused plus 68-unit aggregate two-cold raw/map/ordered-relocation/OMF/determinism replay. Target/TASM boundaries and compiler-owned switch tables account for the complete extent; no inline ASM/codestring/__emit__/object patch/target-byte injection is used.
th04-main-yuuka6-attack-patterns,th04-main,code-region,MAIN_034_TEXT,0x70CD,0x1C35D,0x332,0x332,reviewed,authored,exact,yuuka6_attack_patterns,src/main/boss/yuuka6_main034.cpp,ev-th04-main-authored-screen-target;ev-th04-main-authored-screen-map;ev-th04-main-target;ev-th04-main-format-integrity;ev-toolchain-surfaces;ev-th04-main-yuuka6-attack-patterns-boundary-v31;ev-th04-main-yuuka6-attack-patterns-producer-v31;ev-th04-main-yuuka6-attack-patterns-toolchain-v31;ev-th04-main-yuuka6-attack-patterns-omf-v31;ev-th04-main-yuuka6-attack-patterns-cold-v31;ev-th04-main-yuuka6-attack-patterns-layout-v31;ev-th04-main-yuuka6-attack-patterns-raw-v31;ev-th04-main-yuuka6-attack-patterns-aggregate-v31;ev-ledger-consistency-exact14,python3 scripts/replay_th04_main_exact_units.py --unit th04-main-yuuka6-attack-patterns,Five target-driven Yuuka6 attack helpers tile runtime 0x2AB5D..0x2AE8E (0x332 bytes). Independent natural C++ first reproduced all raw bytes but exposed a different MZ relocation order; target relocation ordering proves chase/animation/gather/attack are one physical TC86 producer. The maintained fused MAIN_034 source reproduces the complete 0xE08 producer and the attack extent with exact raw/map/ordered-relocation/OMF surfaces in focused and 69-unit aggregate two-cold replay; no inline ASM/codestring/__emit__/object patch/target-byte injection is used.
th04-main-yuuka6-late-phase-patterns,th04-main,code-region,MAIN_034_TEXT,0x73FF,0x1C68F,0x5A0,0x5A0,reviewed,authored,exact,yuuka6_late_phase_patterns,src/main/boss/yuuka6_main034.cpp,ev-th04-main-authored-screen-target;ev-th04-main-authored-screen-map;ev-th04-main-target;ev-th04-main-format-integrity;ev-toolchain-surfaces;ev-th04-main-yuuka6-late-phase-patterns-boundary-v32;ev-th04-main-yuuka6-late-phase-patterns-toolchain-v32;ev-th04-main-yuuka6-late-phase-patterns-omf-v32;ev-th04-main-yuuka6-late-phase-patterns-cold-v32;ev-th04-main-yuuka6-late-phase-patterns-layout-v32;ev-th04-main-yuuka6-late-phase-patterns-raw-v32;ev-th04-main-yuuka6-late-phase-patterns-aggregate-v32;ev-ledger-consistency-exact14,python3 scripts/replay_th04_main_exact_units.py --unit th04-main-yuuka6-late-phase-patterns,"Eight target-driven Yuuka6 late-phase helpers tile runtime 0x2AE8F..0x2B42E (0x5A0 bytes) immediately before yuuka6_update(). Natural TC86 C++ reproduces all eight starts, sizes, bytes, map placement, and ordered relocations. A five-byte first-helper mismatch exposed a stale ReC98 C++ ABI model: the target TASM thicklaser_t has four unknown bytes after origin, not one; a SHA-locked replay transform restores that target-verified padding. Focused and 70-unit aggregate two-cold replay are exact with deterministic valid OMF and no inline ASM/codestring/__emit__/object patch/target-byte injection."
th04-main-yuuka6-update-v33,th04-main,code-region,MAIN_034_TEXT,0x799F,0x1CC2F,0x52D,0x52D,reviewed,authored,exact,yuuka6_phase_transition_and_update,src/main/boss/yuuka6_main034.cpp,ev-th04-main-authored-screen-target;ev-th04-main-authored-screen-map;ev-th04-main-target;ev-th04-main-format-integrity;ev-toolchain-surfaces;ev-th04-main-yuuka6-phase-dispatch-boundary-v33;ev-th04-main-yuuka6-phase-dispatch-toolchain-v33;ev-th04-main-yuuka6-phase-dispatch-omf-v33;ev-th04-main-yuuka6-phase-dispatch-cold-v33;ev-th04-main-yuuka6-phase-dispatch-layout-v33;ev-th04-main-yuuka6-phase-dispatch-raw-v33;ev-ledger-consistency-exact14;ev-th04-main-yuuka6-phase-dispatch-aggregate-v33,python3 scripts/replay_th04_main_exact_units.py --unit th04-main-yuuka6-update-v33,Corrected target-first boundary: the old single-function interpretation was false. The 0x52D exact owner contains 0x4F-byte YUUKA6_PHASE_NEXT at runtime 0x2B42F..0x2B47D followed by yuuka6_update() at 0x2B47E: 0x48A FAR code bytes plus 0x54 bytes of four compiler switch-table regions through 0x2B95B. Natural TC86 C++ reproduces the entire region and restores all earlier y6all logical extents; focused two-cold replay gptweb-yuuka6-update-v33-probe-web-011 passes raw/map/ordered-relocation/OMF/determinism with no inline ASM/codestring/__emit__/object patch/target-byte injection.
th04-main-elly-scythe-v34,th04-main,code-region,MAIN_034_TEXT,0x7ECC,0x1D15C,0x2E0,0x2E0,reviewed,authored,exact,elly_scythe_update,src/main/boss/elly_scythe.cpp,ev-th04-main-authored-screen-target;ev-th04-main-authored-screen-map;ev-th04-main-target;ev-th04-main-format-integrity;ev-toolchain-surfaces;ev-th04-main-elly-scythe-boundary-v34;ev-th04-main-elly-scythe-toolchain-v34;ev-th04-main-elly-scythe-omf-v34;ev-th04-main-elly-scythe-cold-v34;ev-th04-main-elly-scythe-layout-v34;ev-th04-main-elly-scythe-raw-v34;ev-ledger-consistency-exact14;ev-th04-main-elly-scythe-aggregate-v34,python3 scripts/replay_th04_main_exact_units.py --unit th04-main-elly-scythe-v34,"Target-first Elly local-PROC rescreen recovers 0x2E0 bytes at runtime 0x2B95C..0x2BC3B: 0x2D0 natural C++ code bytes through RET plus the compiler-owned eight-entry jump table. Ghidra false-splits the body into multiple functions, while pinned TASM/raw/next-PROC evidence closes the true extent. Focused and 72-unit aggregate two-cold replay are raw/map/ordered-relocation/OMF exact with no inline ASM/codestring/__emit__/object patch/target-byte injection."
th04-main-elly-scythe-init-v35,th04-main,function,MAIN_034_TEXT,0x81AC,0x1D43C,0x37,0x37,reviewed,authored,exact,elly_scythe_init,src/main/boss/elly_scythe_init.cpp,ev-th04-main-authored-screen-target;ev-th04-main-authored-screen-map;ev-th04-main-target;ev-th04-main-format-integrity;ev-toolchain-surfaces;ev-th04-main-elly-scythe-init-boundary-v35;ev-th04-main-elly-scythe-init-toolchain-v35;ev-th04-main-elly-scythe-init-omf-v35;ev-th04-main-elly-scythe-init-cold-v35;ev-th04-main-elly-scythe-init-layout-v35;ev-th04-main-elly-scythe-init-raw-v35;ev-th04-main-elly-scythe-init-aggregate-v35;ev-ledger-consistency-exact14,python3 scripts/replay_th04_main_exact_units.py --unit th04-main-elly-scythe-init-v35,Adjacent 55-byte target-local Elly scythe initializer is exact from natural C++; target raw/TASM/Ghidra agree on the complete boundary and the 74-unit aggregate passes twice.
th04-main-elly-orbit-v36,th04-main,function,MAIN_034_TEXT,0x81E3,0x1D473,0xB0,0xB0,reviewed,authored,exact,elly_orbit_update,src/main/boss/elly_orbit.cpp,ev-th04-main-authored-screen-target;ev-th04-main-authored-screen-map;ev-th04-main-target;ev-th04-main-format-integrity;ev-toolchain-surfaces;ev-th04-main-elly-orbit-boundary-v36;ev-th04-main-elly-orbit-toolchain-v36;ev-th04-main-elly-orbit-omf-v36;ev-th04-main-elly-orbit-cold-v36;ev-th04-main-elly-orbit-layout-v36;ev-th04-main-elly-orbit-raw-v36;ev-th04-main-elly-orbit-aggregate-v36;ev-ledger-consistency-exact14,python3 scripts/replay_th04_main_exact_units.py --unit th04-main-elly-orbit-v36,"Target-first 176-byte Elly orbit helper is exact from natural C++. Signed frame comparisons, the shared move-left tail, and a target-observed redundant >=768 branch reproduce TC86 code naturally; Ghidra sees only 19/176 body bytes, so raw/TASM/next-PROC evidence owns the boundary."
th04-main-elly-phase-scythe-v37,th04-main,function,MAIN_034_TEXT,0x8293,0x1D523,0x28,0x28,reviewed,authored,exact,elly_phase_scythe,src/main/boss/elly_phase_scythe.cpp,ev-th04-main-authored-screen-target;ev-th04-main-authored-screen-map;ev-th04-main-target;ev-th04-main-format-integrity;ev-toolchain-surfaces;ev-th04-main-elly-phase-scythe-boundary-v37;ev-th04-main-elly-phase-scythe-toolchain-v37;ev-th04-main-elly-phase-scythe-omf-v37;ev-th04-main-elly-phase-scythe-cold-v37;ev-th04-main-elly-phase-scythe-layout-v37;ev-th04-main-elly-phase-scythe-raw-v37;ev-th04-main-elly-phase-scythe-aggregate-v37;ev-ledger-consistency-exact14,python3 scripts/replay_th04_main_exact_units.py --unit th04-main-elly-phase-scythe-v37,Target-first Elly local helper at runtime 0x2BD23..0x2BD4A (40 bytes) is exact from maintained natural C++. Focused two-cold gptweb-elly-phase-scythe-v37-focused-web-002 and 86-unit aggregate gptweb-elly-local-family-v48-precommit-web-002 pass raw/map/ordered-relocation/OMF/determinism; boundary review uses target raw/TASM with Ghidra only as provisional corroboration.
th04-main-elly-phase-orbit-v38,th04-main,function,MAIN_034_TEXT,0x82BB,0x1D54B,0x69,0x69,reviewed,authored,exact,elly_phase_orbit,src/main/boss/elly_phase_orbit.cpp,ev-th04-main-authored-screen-target;ev-th04-main-authored-screen-map;ev-th04-main-target;ev-th04-main-format-integrity;ev-toolchain-surfaces;ev-th04-main-elly-phase-orbit-boundary-v38;ev-th04-main-elly-phase-orbit-toolchain-v38;ev-th04-main-elly-phase-orbit-omf-v38;ev-th04-main-elly-phase-orbit-cold-v38;ev-th04-main-elly-phase-orbit-layout-v38;ev-th04-main-elly-phase-orbit-raw-v38;ev-th04-main-elly-phase-orbit-aggregate-v38;ev-ledger-consistency-exact14,python3 scripts/replay_th04_main_exact_units.py --unit th04-main-elly-phase-orbit-v38,Target-first Elly local helper at runtime 0x2BD4B..0x2BDB3 (105 bytes) is exact from maintained natural C++. Focused two-cold gptweb-elly-phase-orbit-v38-focused-web-003 and 86-unit aggregate gptweb-elly-local-family-v48-precommit-web-002 pass raw/map/ordered-relocation/OMF/determinism; boundary review uses target raw/TASM with Ghidra only as provisional corroboration.
th04-main-elly-gather-v39,th04-main,function,MAIN_034_TEXT,0x8324,0x1D5B4,0x8F,0x8F,reviewed,authored,exact,elly_gather_update,src/main/boss/elly_gather.cpp,ev-th04-main-authored-screen-target;ev-th04-main-authored-screen-map;ev-th04-main-target;ev-th04-main-format-integrity;ev-toolchain-surfaces;ev-th04-main-elly-gather-boundary-v39;ev-th04-main-elly-gather-toolchain-v39;ev-th04-main-elly-gather-omf-v39;ev-th04-main-elly-gather-cold-v39;ev-th04-main-elly-gather-layout-v39;ev-th04-main-elly-gather-raw-v39;ev-th04-main-elly-gather-aggregate-v39;ev-ledger-consistency-exact14,python3 scripts/replay_th04_main_exact_units.py --unit th04-main-elly-gather-v39,Target-first Elly local helper at runtime 0x2BDB4..0x2BE42 (143 bytes) is exact from maintained natural C++. Focused two-cold gptweb-elly-gather-v39-focused-web-001 and 86-unit aggregate gptweb-elly-local-family-v48-precommit-web-002 pass raw/map/ordered-relocation/OMF/determinism; boundary review uses target raw/TASM with Ghidra only as provisional corroboration.
th04-main-elly-phase-burst-v40,th04-main,function,MAIN_034_TEXT,0x83B3,0x1D643,0x35,0x35,reviewed,authored,exact,elly_phase_burst,src/main/boss/elly_phase_burst.cpp,ev-th04-main-authored-screen-target;ev-th04-main-authored-screen-map;ev-th04-main-target;ev-th04-main-format-integrity;ev-toolchain-surfaces;ev-th04-main-elly-phase-burst-boundary-v40;ev-th04-main-elly-phase-burst-toolchain-v40;ev-th04-main-elly-phase-burst-omf-v40;ev-th04-main-elly-phase-burst-cold-v40;ev-th04-main-elly-phase-burst-layout-v40;ev-th04-main-elly-phase-burst-raw-v40;ev-th04-main-elly-phase-burst-aggregate-v40;ev-ledger-consistency-exact14,python3 scripts/replay_th04_main_exact_units.py --unit th04-main-elly-phase-burst-v40,Target-first Elly local helper at runtime 0x2BE43..0x2BE77 (53 bytes) is exact from maintained natural C++. Focused two-cold gptweb-elly-phase-burst-v40-focused-web-002 and 86-unit aggregate gptweb-elly-local-family-v48-precommit-web-002 pass raw/map/ordered-relocation/OMF/determinism; boundary review uses target raw/TASM with Ghidra only as provisional corroboration.
th04-main-elly-phase-sweep-v41,th04-main,function,MAIN_034_TEXT,0x83E8,0x1D678,0xDA,0xDA,reviewed,authored,exact,elly_phase_sweep,src/main/boss/elly_phase_sweep.cpp,ev-th04-main-authored-screen-target;ev-th04-main-authored-screen-map;ev-th04-main-target;ev-th04-main-format-integrity;ev-toolchain-surfaces;ev-th04-main-elly-phase-sweep-boundary-v41;ev-th04-main-elly-phase-sweep-toolchain-v41;ev-th04-main-elly-phase-sweep-omf-v41;ev-th04-main-elly-phase-sweep-cold-v41;ev-th04-main-elly-phase-sweep-layout-v41;ev-th04-main-elly-phase-sweep-raw-v41;ev-th04-main-elly-phase-sweep-aggregate-v41;ev-ledger-consistency-exact14,python3 scripts/replay_th04_main_exact_units.py --unit th04-main-elly-phase-sweep-v41,Target-first Elly local helper at runtime 0x2BE78..0x2BF51 (218 bytes) is exact from maintained natural C++. Focused two-cold gptweb-elly-phase-sweep-v41-focused-web-002 and 86-unit aggregate gptweb-elly-local-family-v48-precommit-web-002 pass raw/map/ordered-relocation/OMF/determinism; boundary review uses target raw/TASM with Ghidra only as provisional corroboration.
th04-main-elly-phase-ring-v42,th04-main,function,MAIN_034_TEXT,0x84C2,0x1D752,0x59,0x59,reviewed,authored,exact,elly_phase_ring,src/main/boss/elly_phase_ring.cpp,ev-th04-main-authored-screen-target;ev-th04-main-authored-screen-map;ev-th04-main-target;ev-th04-main-format-integrity;ev-toolchain-surfaces;ev-th04-main-elly-phase-ring-boundary-v42;ev-th04-main-elly-phase-ring-toolchain-v42;ev-th04-main-elly-phase-ring-omf-v42;ev-th04-main-elly-phase-ring-cold-v42;ev-th04-main-elly-phase-ring-layout-v42;ev-th04-main-elly-phase-ring-raw-v42;ev-th04-main-elly-phase-ring-aggregate-v42;ev-ledger-consistency-exact14,python3 scripts/replay_th04_main_exact_units.py --unit th04-main-elly-phase-ring-v42,Target-first Elly local helper at runtime 0x2BF52..0x2BFAA (89 bytes) is exact from maintained natural C++. Focused two-cold gptweb-elly-phase-ring-v42-focused-web-001 and 86-unit aggregate gptweb-elly-local-family-v48-precommit-web-002 pass raw/map/ordered-relocation/OMF/determinism; boundary review uses target raw/TASM with Ghidra only as provisional corroboration.
th04-main-elly-phase-cloud-v43,th04-main,function,MAIN_034_TEXT,0x851B,0x1D7AB,0x99,0x99,reviewed,authored,exact,elly_phase_cloud,src/main/boss/elly_phase_cloud.cpp,ev-th04-main-authored-screen-target;ev-th04-main-authored-screen-map;ev-th04-main-target;ev-th04-main-format-integrity;ev-toolchain-surfaces;ev-th04-main-elly-phase-cloud-boundary-v43;ev-th04-main-elly-phase-cloud-toolchain-v43;ev-th04-main-elly-phase-cloud-omf-v43;ev-th04-main-elly-phase-cloud-cold-v43;ev-th04-main-elly-phase-cloud-layout-v43;ev-th04-main-elly-phase-cloud-raw-v43;ev-th04-main-elly-phase-cloud-aggregate-v43;ev-ledger-consistency-exact14,python3 scripts/replay_th04_main_exact_units.py --unit th04-main-elly-phase-cloud-v43,Target-first Elly local helper at runtime 0x2BFAB..0x2C043 (153 bytes) is exact from maintained natural C++. Focused two-cold gptweb-elly-phase-cloud-v43-focused-web-001 and 86-unit aggregate gptweb-elly-local-family-v48-precommit-web-002 pass raw/map/ordered-relocation/OMF/determinism; boundary review uses target raw/TASM with Ghidra only as provisional corroboration.
th04-main-elly-phase-dual-v44,th04-main,function,MAIN_034_TEXT,0x85B4,0x1D844,0x7B,0x7B,reviewed,authored,exact,elly_phase_dual,src/main/boss/elly_phase_dual.cpp,ev-th04-main-authored-screen-target;ev-th04-main-authored-screen-map;ev-th04-main-target;ev-th04-main-format-integrity;ev-toolchain-surfaces;ev-th04-main-elly-phase-dual-boundary-v44;ev-th04-main-elly-phase-dual-toolchain-v44;ev-th04-main-elly-phase-dual-omf-v44;ev-th04-main-elly-phase-dual-cold-v44;ev-th04-main-elly-phase-dual-layout-v44;ev-th04-main-elly-phase-dual-raw-v44;ev-th04-main-elly-phase-dual-aggregate-v44;ev-ledger-consistency-exact14,python3 scripts/replay_th04_main_exact_units.py --unit th04-main-elly-phase-dual-v44,Target-first Elly local helper at runtime 0x2C044..0x2C0BE (123 bytes) is exact from maintained natural C++. Focused two-cold gptweb-elly-phase-dual-v44-focused-web-001 and 86-unit aggregate gptweb-elly-local-family-v48-precommit-web-002 pass raw/map/ordered-relocation/OMF/determinism; boundary review uses target raw/TASM with Ghidra only as provisional corroboration.
th04-main-elly-phase-cloud-reverse-v45,th04-main,function,MAIN_034_TEXT,0x862F,0x1D8BF,0xA5,0xA5,reviewed,authored,exact,elly_phase_cloud_reverse,src/main/boss/elly_phase_cloud_reverse.cpp,ev-th04-main-authored-screen-target;ev-th04-main-authored-screen-map;ev-th04-main-target;ev-th04-main-format-integrity;ev-toolchain-surfaces;ev-th04-main-elly-phase-cloud-reverse-boundary-v45;ev-th04-main-elly-phase-cloud-reverse-toolchain-v45;ev-th04-main-elly-phase-cloud-reverse-omf-v45;ev-th04-main-elly-phase-cloud-reverse-cold-v45;ev-th04-main-elly-phase-cloud-reverse-layout-v45;ev-th04-main-elly-phase-cloud-reverse-raw-v45;ev-th04-main-elly-phase-cloud-reverse-aggregate-v45;ev-ledger-consistency-exact14,python3 scripts/replay_th04_main_exact_units.py --unit th04-main-elly-phase-cloud-reverse-v45,Target-first Elly local helper at runtime 0x2C0BF..0x2C163 (165 bytes) is exact from maintained natural C++. Focused two-cold gptweb-elly-phase-cloud-reverse-v45-focused-web-001 and 86-unit aggregate gptweb-elly-local-family-v48-precommit-web-002 pass raw/map/ordered-relocation/OMF/determinism; boundary review uses target raw/TASM with Ghidra only as provisional corroboration.
th04-main-elly-phase-ring16-v46,th04-main,function,MAIN_034_TEXT,0x86D4,0x1D964,0x6B,0x6B,reviewed,authored,exact,elly_phase_ring16,src/main/boss/elly_phase_ring16.cpp,ev-th04-main-authored-screen-target;ev-th04-main-authored-screen-map;ev-th04-main-target;ev-th04-main-format-integrity;ev-toolchain-surfaces;ev-th04-main-elly-phase-ring16-boundary-v46;ev-th04-main-elly-phase-ring16-toolchain-v46;ev-th04-main-elly-phase-ring16-omf-v46;ev-th04-main-elly-phase-ring16-cold-v46;ev-th04-main-elly-phase-ring16-layout-v46;ev-th04-main-elly-phase-ring16-raw-v46;ev-th04-main-elly-phase-ring16-aggregate-v46;ev-ledger-consistency-exact14,python3 scripts/replay_th04_main_exact_units.py --unit th04-main-elly-phase-ring16-v46,Target-first Elly local helper at runtime 0x2C164..0x2C1CE (107 bytes) is exact from maintained natural C++. Focused two-cold gptweb-elly-phase-ring16-v46-focused-web-001 and 86-unit aggregate gptweb-elly-local-family-v48-precommit-web-002 pass raw/map/ordered-relocation/OMF/determinism; boundary review uses target raw/TASM with Ghidra only as provisional corroboration.
th04-main-elly-phase-four-rings-v47,th04-main,function,MAIN_034_TEXT,0x873F,0x1D9CF,0x82,0x82,reviewed,authored,exact,elly_phase_four_rings,src/main/boss/elly_phase_four_rings.cpp,ev-th04-main-authored-screen-target;ev-th04-main-authored-screen-map;ev-th04-main-target;ev-th04-main-format-integrity;ev-toolchain-surfaces;ev-th04-main-elly-phase-four-rings-boundary-v47;ev-th04-main-elly-phase-four-rings-toolchain-v47;ev-th04-main-elly-phase-four-rings-omf-v47;ev-th04-main-elly-phase-four-rings-cold-v47;ev-th04-main-elly-phase-four-rings-layout-v47;ev-th04-main-elly-phase-four-rings-raw-v47;ev-th04-main-elly-phase-four-rings-aggregate-v47;ev-ledger-consistency-exact14,python3 scripts/replay_th04_main_exact_units.py --unit th04-main-elly-phase-four-rings-v47,Target-first Elly local helper at runtime 0x2C1CF..0x2C250 (130 bytes) is exact from maintained natural C++. Focused two-cold gptweb-elly-phase-four-rings-v47-focused-web-001 and 86-unit aggregate gptweb-elly-local-family-v48-precommit-web-002 pass raw/map/ordered-relocation/OMF/determinism; boundary review uses target raw/TASM with Ghidra only as provisional corroboration.
th04-main-elly-phase-final-v48,th04-main,function,MAIN_034_TEXT,0x87C1,0x1DA51,0x94,0x94,reviewed,authored,exact,elly_phase_final,src/main/boss/elly_phase_final.cpp,ev-th04-main-authored-screen-target;ev-th04-main-authored-screen-map;ev-th04-main-target;ev-th04-main-format-integrity;ev-toolchain-surfaces;ev-th04-main-elly-phase-final-boundary-v48;ev-th04-main-elly-phase-final-toolchain-v48;ev-th04-main-elly-phase-final-omf-v48;ev-th04-main-elly-phase-final-cold-v48;ev-th04-main-elly-phase-final-layout-v48;ev-th04-main-elly-phase-final-raw-v48;ev-th04-main-elly-phase-final-aggregate-v48;ev-ledger-consistency-exact14,python3 scripts/replay_th04_main_exact_units.py --unit th04-main-elly-phase-final-v48,Target-first Elly local helper at runtime 0x2C251..0x2C2E4 (148 bytes) is exact from maintained natural C++. Focused two-cold gptweb-elly-phase-final-v48-focused-web-001 and 86-unit aggregate gptweb-elly-local-family-v48-precommit-web-002 pass raw/map/ordered-relocation/OMF/determinism; boundary review uses target raw/TASM with Ghidra only as provisional corroboration.
th04-main-elly-update-v49,th04-main,code-region,MAIN_034_TEXT,0x8855,0x1DAE5,0x3E9,0x3E9,reviewed,authored,exact,elly_update,src/main/boss/elly_update.cpp,ev-th04-main-authored-screen-target;ev-th04-main-authored-screen-map;ev-th04-main-target;ev-th04-main-format-integrity;ev-toolchain-surfaces;ev-th04-main-elly-update-boundary-v49;ev-th04-main-elly-update-toolchain-v49;ev-th04-main-elly-update-omf-v49;ev-th04-main-elly-update-cold-v49;ev-th04-main-elly-update-layout-v49;ev-th04-main-elly-update-raw-v49;ev-th04-main-elly-update-aggregate-v49;ev-ledger-consistency-exact14,python3 scripts/replay_th04_main_exact_units.py --unit th04-main-elly-update-v49,Target-first public FAR Elly dispatcher at runtime 0x2C2E5..0x2C6CD is exact from maintained natural C++: 0x3AD code bytes through RETF plus 0x3C bytes of three compiler switch-table regions. Focused and 87-unit aggregate two-cold replay pass all exactness surfaces; Pascal FAR ABI and uppercase OMF external spelling resolve the residual ASM and exact boss callback.
th04-main-marisa-bits-init-v50,th04-main,function,MAIN_033_TEXT,0x3175,0x18405,0x65,0x65,reviewed,authored,exact,marisa_bits_init,src/main/boss/marisa4_bits_init.cpp,ev-th04-main-authored-screen-target;ev-th04-main-authored-screen-map;ev-th04-main-target;ev-th04-main-format-integrity;ev-toolchain-surfaces;ev-th04-main-marisa-bits-init-boundary;ev-th04-main-marisa-bits-init-toolchain;ev-th04-main-marisa-bits-init-omf;ev-th04-main-marisa-bits-init-cold;ev-th04-main-marisa-bits-init-layout;ev-th04-main-marisa-bits-init-raw;ev-th04-main-marisa-bits-init-aggregate;ev-ledger-consistency-exact14,python3 scripts/replay_th04_main_exact_units.py --unit th04-main-marisa-bits-init-v50,"Marisa bit initializer at runtime 0x26C05..0x26C69 is exact from maintained natural C++. Focused gptweb-marisa-main033-v58-focused-web-002 and 96-unit aggregate gptweb-marisa-main033-v58-precommit-web-003 pass two cold materializations across raw bytes, map ownership, ordered relocations, valid deterministic OMF, and no low-level byte emission."
th04-main-marisa-bits-update-v51,th04-main,function,MAIN_033_TEXT,0x31DA,0x1846A,0x16D,0x16D,reviewed,authored,exact,marisa_bits_update,src/main/boss/marisa4_bits_init.cpp,ev-th04-main-authored-screen-target;ev-th04-main-authored-screen-map;ev-th04-main-target;ev-th04-main-format-integrity;ev-toolchain-surfaces;ev-th04-main-marisa-bits-update-boundary;ev-th04-main-marisa-bits-update-toolchain;ev-th04-main-marisa-bits-update-omf;ev-th04-main-marisa-bits-update-cold;ev-th04-main-marisa-bits-update-layout;ev-th04-main-marisa-bits-update-raw;ev-th04-main-marisa-bits-update-aggregate;ev-ledger-consistency-exact14,python3 scripts/replay_th04_main_exact_units.py --unit th04-main-marisa-bits-update-v51,"Marisa bit update loop at runtime 0x26C6A..0x26DD6 is exact from maintained natural C++. Focused gptweb-marisa-main033-v58-focused-web-002 and 96-unit aggregate gptweb-marisa-main033-v58-precommit-web-003 pass two cold materializations across raw bytes, map ownership, ordered relocations, valid deterministic OMF, and no low-level byte emission."
th04-main-marisa-bits-fire-v52,th04-main,function,MAIN_033_TEXT,0x3347,0x185D7,0x28,0x28,reviewed,authored,exact,marisa_bits_fire,src/main/boss/marisa4_bits_init.cpp,ev-th04-main-authored-screen-target;ev-th04-main-authored-screen-map;ev-th04-main-target;ev-th04-main-format-integrity;ev-toolchain-surfaces;ev-th04-main-marisa-bits-fire-boundary;ev-th04-main-marisa-bits-fire-toolchain;ev-th04-main-marisa-bits-fire-omf;ev-th04-main-marisa-bits-fire-cold;ev-th04-main-marisa-bits-fire-layout;ev-th04-main-marisa-bits-fire-raw;ev-th04-main-marisa-bits-fire-aggregate;ev-ledger-consistency-exact14,python3 scripts/replay_th04_main_exact_units.py --unit th04-main-marisa-bits-fire-v52,"Marisa bit callback dispatcher at runtime 0x26DD7..0x26DFE is exact from maintained natural C++. Focused gptweb-marisa-main033-v58-focused-web-002 and 96-unit aggregate gptweb-marisa-main033-v58-precommit-web-003 pass two cold materializations across raw bytes, map ownership, ordered relocations, valid deterministic OMF, and no low-level byte emission."
th04-main-marisa-cloud-pair-v53,th04-main,function,MAIN_033_TEXT,0x336F,0x185FF,0x9E,0x9E,reviewed,authored,exact,marisa_phase_cloud_pair,src/main/boss/marisa4_bits_init.cpp,ev-th04-main-authored-screen-target;ev-th04-main-authored-screen-map;ev-th04-main-target;ev-th04-main-format-integrity;ev-toolchain-surfaces;ev-th04-main-marisa-cloud-pair-boundary;ev-th04-main-marisa-cloud-pair-toolchain;ev-th04-main-marisa-cloud-pair-omf;ev-th04-main-marisa-cloud-pair-cold;ev-th04-main-marisa-cloud-pair-layout;ev-th04-main-marisa-cloud-pair-raw;ev-th04-main-marisa-cloud-pair-aggregate;ev-ledger-consistency-exact14,python3 scripts/replay_th04_main_exact_units.py --unit th04-main-marisa-cloud-pair-v53,"Marisa cloud-pair phase at runtime 0x26DFF..0x26E9C is exact from maintained natural C++. Focused gptweb-marisa-main033-v58-focused-web-002 and 96-unit aggregate gptweb-marisa-main033-v58-precommit-web-003 pass two cold materializations across raw bytes, map ownership, ordered relocations, valid deterministic OMF, and no low-level byte emission."
th04-main-marisa-gather-bits-v54,th04-main,function,MAIN_033_TEXT,0x340D,0x1869D,0x87,0x87,reviewed,authored,exact,marisa_phase_gather_bits,src/main/boss/marisa4_bits_init.cpp,ev-th04-main-authored-screen-target;ev-th04-main-authored-screen-map;ev-th04-main-target;ev-th04-main-format-integrity;ev-toolchain-surfaces;ev-th04-main-marisa-gather-bits-boundary;ev-th04-main-marisa-gather-bits-toolchain;ev-th04-main-marisa-gather-bits-omf;ev-th04-main-marisa-gather-bits-cold;ev-th04-main-marisa-gather-bits-layout;ev-th04-main-marisa-gather-bits-raw;ev-th04-main-marisa-gather-bits-aggregate;ev-ledger-consistency-exact14,python3 scripts/replay_th04_main_exact_units.py --unit th04-main-marisa-gather-bits-v54,"Marisa sparse gather phase at runtime 0x26E9D..0x26F23 is exact from maintained natural C++. Focused gptweb-marisa-main033-v58-focused-web-002 and 96-unit aggregate gptweb-marisa-main033-v58-precommit-web-003 pass two cold materializations across raw bytes, map ownership, ordered relocations, valid deterministic OMF, and no low-level byte emission."
th04-main-marisa-bit-fire-v55,th04-main,function,MAIN_033_TEXT,0x3494,0x18724,0x3D,0x3D,reviewed,authored,exact,marisa_bit_fire_spread,src/main/boss/marisa4_bits_init.cpp,ev-th04-main-authored-screen-target;ev-th04-main-authored-screen-map;ev-th04-main-target;ev-th04-main-format-integrity;ev-toolchain-surfaces;ev-th04-main-marisa-bit-fire-boundary;ev-th04-main-marisa-bit-fire-toolchain;ev-th04-main-marisa-bit-fire-omf;ev-th04-main-marisa-bit-fire-cold;ev-th04-main-marisa-bit-fire-layout;ev-th04-main-marisa-bit-fire-raw;ev-th04-main-marisa-bit-fire-aggregate;ev-ledger-consistency-exact14,python3 scripts/replay_th04_main_exact_units.py --unit th04-main-marisa-bit-fire-v55,"Marisa spread bit-fire callback at runtime 0x26F24..0x26F60 is exact from maintained natural C++. Focused gptweb-marisa-main033-v58-focused-web-002 and 96-unit aggregate gptweb-marisa-main033-v58-precommit-web-003 pass two cold materializations across raw bytes, map ownership, ordered relocations, valid deterministic OMF, and no low-level byte emission."
th04-main-marisa-spread-bits-v56,th04-main,function,MAIN_033_TEXT,0x34D1,0x18761,0x100,0x100,reviewed,authored,exact,marisa_phase_spread_bits,src/main/boss/marisa4_bits_init.cpp,ev-th04-main-authored-screen-target;ev-th04-main-authored-screen-map;ev-th04-main-target;ev-th04-main-format-integrity;ev-toolchain-surfaces;ev-th04-main-marisa-spread-bits-boundary;ev-th04-main-marisa-spread-bits-toolchain;ev-th04-main-marisa-spread-bits-omf;ev-th04-main-marisa-spread-bits-cold;ev-th04-main-marisa-spread-bits-layout;ev-th04-main-marisa-spread-bits-raw;ev-th04-main-marisa-spread-bits-aggregate;ev-ledger-consistency-exact14,python3 scripts/replay_th04_main_exact_units.py --unit th04-main-marisa-spread-bits-v56,"Marisa spread-bits phase at runtime 0x26F61..0x27060 is exact from maintained natural C++. Focused gptweb-marisa-main033-v58-focused-web-002 and 96-unit aggregate gptweb-marisa-main033-v58-precommit-web-003 pass two cold materializations across raw bytes, map ownership, ordered relocations, valid deterministic OMF, and no low-level byte emission."
th04-main-marisa-bit-fire-single-v57,th04-main,function,MAIN_033_TEXT,0x35D1,0x18861,0x18,0x18,reviewed,authored,exact,marisa_bit_fire_single,src/main/boss/marisa4_bits_init.cpp,ev-th04-main-authored-screen-target;ev-th04-main-authored-screen-map;ev-th04-main-target;ev-th04-main-format-integrity;ev-toolchain-surfaces;ev-th04-main-marisa-bit-fire-single-boundary;ev-th04-main-marisa-bit-fire-single-toolchain;ev-th04-main-marisa-bit-fire-single-omf;ev-th04-main-marisa-bit-fire-single-cold;ev-th04-main-marisa-bit-fire-single-layout;ev-th04-main-marisa-bit-fire-single-raw;ev-th04-main-marisa-bit-fire-single-aggregate;ev-ledger-consistency-exact14,python3 scripts/replay_th04_main_exact_units.py --unit th04-main-marisa-bit-fire-single-v57,"Marisa single bit-fire callback at runtime 0x27061..0x27078 is exact from maintained natural C++. Focused gptweb-marisa-main033-v58-focused-web-002 and 96-unit aggregate gptweb-marisa-main033-v58-precommit-web-003 pass two cold materializations across raw bytes, map ownership, ordered relocations, valid deterministic OMF, and no low-level byte emission."
th04-main-marisa-star-bits-v58,th04-main,function,MAIN_033_TEXT,0x35E9,0x18879,0x104,0x104,reviewed,authored,exact,marisa_phase_star_bits,src/main/boss/marisa4_bits_init.cpp,ev-th04-main-authored-screen-target;ev-th04-main-authored-screen-map;ev-th04-main-target;ev-th04-main-format-integrity;ev-toolchain-surfaces;ev-th04-main-marisa-star-bits-boundary;ev-th04-main-marisa-star-bits-toolchain;ev-th04-main-marisa-star-bits-omf;ev-th04-main-marisa-star-bits-cold;ev-th04-main-marisa-star-bits-layout;ev-th04-main-marisa-star-bits-raw;ev-th04-main-marisa-star-bits-aggregate;ev-ledger-consistency-exact14,python3 scripts/replay_th04_main_exact_units.py --unit th04-main-marisa-star-bits-v58,"Marisa star-bits phase at runtime 0x27079..0x2717C is exact from maintained natural C++. Focused gptweb-marisa-main033-v58-focused-web-002 and 96-unit aggregate gptweb-marisa-main033-v58-precommit-web-003 pass two cold materializations across raw bytes, map ownership, ordered relocations, valid deterministic OMF, and no low-level byte emission."
th04-main-marisa-orbit-cloud-v59,th04-main,function,MAIN_033_TEXT,0x36ED,0x1897D,0x1B8,0x1B8,reviewed,authored,exact,marisa_phase_orbit_cloud,src/main/boss/marisa4_late.cpp,ev-th04-main-authored-screen-target;ev-th04-main-authored-screen-map;ev-th04-main-target;ev-th04-main-format-integrity;ev-toolchain-surfaces;ev-th04-main-marisa-orbit-cloud-boundary;ev-th04-main-marisa-orbit-cloud-toolchain;ev-th04-main-marisa-orbit-cloud-omf;ev-th04-main-marisa-orbit-cloud-cold;ev-th04-main-marisa-orbit-cloud-layout;ev-th04-main-marisa-orbit-cloud-raw;ev-th04-main-marisa-orbit-cloud-aggregate;ev-ledger-consistency-exact14,python3 scripts/replay_th04_main_exact_units.py --unit th04-main-marisa-orbit-cloud-v59,"Target-first MAIN_033 Marisa extent is exact from maintained natural C++. Focused gptweb-marisa-main033-v66-focused-final-web-001 and 104-owner aggregate gptweb-marisa-main033-v66-precommit-web-009 pass two cold materializations across raw bytes, map ownership, ordered relocations, valid deterministic OMF, and no low-level byte emission."
th04-main-marisa-random-burst-v60,th04-main,function,MAIN_033_TEXT,0x38A5,0x18B35,0x15C,0x15C,reviewed,authored,exact,marisa_phase_random_burst,src/main/boss/marisa4_late.cpp,ev-th04-main-authored-screen-target;ev-th04-main-authored-screen-map;ev-th04-main-target;ev-th04-main-format-integrity;ev-toolchain-surfaces;ev-th04-main-marisa-random-burst-boundary;ev-th04-main-marisa-random-burst-toolchain;ev-th04-main-marisa-random-burst-omf;ev-th04-main-marisa-random-burst-cold;ev-th04-main-marisa-random-burst-layout;ev-th04-main-marisa-random-burst-raw;ev-th04-main-marisa-random-burst-aggregate;ev-ledger-consistency-exact14,python3 scripts/replay_th04_main_exact_units.py --unit th04-main-marisa-random-burst-v60,"Target-first MAIN_033 Marisa extent is exact from maintained natural C++. Focused gptweb-marisa-main033-v66-focused-final-web-001 and 104-owner aggregate gptweb-marisa-main033-v66-precommit-web-009 pass two cold materializations across raw bytes, map ownership, ordered relocations, valid deterministic OMF, and no low-level byte emission."
th04-main-marisa-special-angles-v61,th04-main,function,MAIN_033_TEXT,0x3A01,0x18C91,0x20D,0x20D,reviewed,authored,exact,marisa_phase_special_angles,src/main/boss/marisa4_late.cpp,ev-th04-main-authored-screen-target;ev-th04-main-authored-screen-map;ev-th04-main-target;ev-th04-main-format-integrity;ev-toolchain-surfaces;ev-th04-main-marisa-special-angles-boundary;ev-th04-main-marisa-special-angles-toolchain;ev-th04-main-marisa-special-angles-omf;ev-th04-main-marisa-special-angles-cold;ev-th04-main-marisa-special-angles-layout;ev-th04-main-marisa-special-angles-raw;ev-th04-main-marisa-special-angles-aggregate;ev-ledger-consistency-exact14,python3 scripts/replay_th04_main_exact_units.py --unit th04-main-marisa-special-angles-v61,"Target-first MAIN_033 Marisa extent is exact from maintained natural C++. Focused gptweb-marisa-main033-v66-focused-final-web-001 and 104-owner aggregate gptweb-marisa-main033-v66-precommit-web-009 pass two cold materializations across raw bytes, map ownership, ordered relocations, valid deterministic OMF, and no low-level byte emission."
th04-main-marisa-edge-stars-v62,th04-main,function,MAIN_033_TEXT,0x3C0E,0x18E9E,0x175,0x175,reviewed,authored,exact,marisa_phase_edge_stars,src/main/boss/marisa4_late.cpp,ev-th04-main-authored-screen-target;ev-th04-main-authored-screen-map;ev-th04-main-target;ev-th04-main-format-integrity;ev-toolchain-surfaces;ev-th04-main-marisa-edge-stars-boundary;ev-th04-main-marisa-edge-stars-toolchain;ev-th04-main-marisa-edge-stars-omf;ev-th04-main-marisa-edge-stars-cold;ev-th04-main-marisa-edge-stars-layout;ev-th04-main-marisa-edge-stars-raw;ev-th04-main-marisa-edge-stars-aggregate;ev-ledger-consistency-exact14,python3 scripts/replay_th04_main_exact_units.py --unit th04-main-marisa-edge-stars-v62,"Target-first MAIN_033 Marisa extent is exact from maintained natural C++. Focused gptweb-marisa-main033-v66-focused-final-web-001 and 104-owner aggregate gptweb-marisa-main033-v66-precommit-web-009 pass two cold materializations across raw bytes, map ownership, ordered relocations, valid deterministic OMF, and no low-level byte emission."
th04-main-marisa-ring-cycle-v63,th04-main,function,MAIN_033_TEXT,0x3D83,0x19013,0x7B,0x7B,reviewed,authored,exact,marisa_phase_ring_cycle,src/main/boss/marisa4_late.cpp,ev-th04-main-authored-screen-target;ev-th04-main-authored-screen-map;ev-th04-main-target;ev-th04-main-format-integrity;ev-toolchain-surfaces;ev-th04-main-marisa-ring-cycle-boundary;ev-th04-main-marisa-ring-cycle-toolchain;ev-th04-main-marisa-ring-cycle-omf;ev-th04-main-marisa-ring-cycle-cold;ev-th04-main-marisa-ring-cycle-layout;ev-th04-main-marisa-ring-cycle-raw;ev-th04-main-marisa-ring-cycle-aggregate;ev-ledger-consistency-exact14,python3 scripts/replay_th04_main_exact_units.py --unit th04-main-marisa-ring-cycle-v63,"Target-first MAIN_033 Marisa extent is exact from maintained natural C++. Focused gptweb-marisa-main033-v66-focused-final-web-001 and 104-owner aggregate gptweb-marisa-main033-v66-precommit-web-009 pass two cold materializations across raw bytes, map ownership, ordered relocations, valid deterministic OMF, and no low-level byte emission."
th04-main-marisa-spread-mirror-v64,th04-main,function,MAIN_033_TEXT,0x3DFE,0x1908E,0x12E,0x12E,reviewed,authored,exact,marisa_phase_spread_mirror,src/main/boss/marisa4_tail.cpp,ev-th04-main-authored-screen-target;ev-th04-main-authored-screen-map;ev-th04-main-target;ev-th04-main-format-integrity;ev-toolchain-surfaces;ev-th04-main-marisa-spread-mirror-boundary;ev-th04-main-marisa-spread-mirror-toolchain;ev-th04-main-marisa-spread-mirror-omf;ev-th04-main-marisa-spread-mirror-cold;ev-th04-main-marisa-spread-mirror-layout;ev-th04-main-marisa-spread-mirror-raw;ev-th04-main-marisa-spread-mirror-aggregate;ev-ledger-consistency-exact14,python3 scripts/replay_th04_main_exact_units.py --unit th04-main-marisa-spread-mirror-v64,"Target-first MAIN_033 Marisa extent is exact from maintained natural C++. Focused gptweb-marisa-main033-v66-focused-final-web-001 and 104-owner aggregate gptweb-marisa-main033-v66-precommit-web-009 pass two cold materializations across raw bytes, map ownership, ordered relocations, valid deterministic OMF, and no low-level byte emission."
th04-main-marisa-hittest-v65,th04-main,function,MAIN_033_TEXT,0x3F2C,0x191BC,0x38,0x38,reviewed,authored,exact,marisa_hittest_phase,src/main/boss/marisa4_tail.cpp,ev-th04-main-authored-screen-target;ev-th04-main-authored-screen-map;ev-th04-main-target;ev-th04-main-format-integrity;ev-toolchain-surfaces;ev-th04-main-marisa-hittest-boundary;ev-th04-main-marisa-hittest-toolchain;ev-th04-main-marisa-hittest-omf;ev-th04-main-marisa-hittest-cold;ev-th04-main-marisa-hittest-layout;ev-th04-main-marisa-hittest-raw;ev-th04-main-marisa-hittest-aggregate;ev-ledger-consistency-exact14,python3 scripts/replay_th04_main_exact_units.py --unit th04-main-marisa-hittest-v65,"Target-first MAIN_033 Marisa extent is exact from maintained natural C++. Focused gptweb-marisa-main033-v66-focused-final-web-001 and 104-owner aggregate gptweb-marisa-main033-v66-precommit-web-009 pass two cold materializations across raw bytes, map ownership, ordered relocations, valid deterministic OMF, and no low-level byte emission."
th04-main-marisa-update-v66,th04-main,code-region,MAIN_033_TEXT,0x3F64,0x191F4,0x2FF,0x2FF,reviewed,authored,exact,marisa_update,src/main/boss/marisa4_tail.cpp,ev-th04-main-authored-screen-target;ev-th04-main-authored-screen-map;ev-th04-main-target;ev-th04-main-format-integrity;ev-toolchain-surfaces;ev-th04-main-marisa-update-boundary;ev-th04-main-marisa-update-toolchain;ev-th04-main-marisa-update-omf;ev-th04-main-marisa-update-cold;ev-th04-main-marisa-update-layout;ev-th04-main-marisa-update-raw;ev-th04-main-marisa-update-aggregate;ev-ledger-consistency-exact14,python3 scripts/replay_th04_main_exact_units.py --unit th04-main-marisa-update-v66,"Target-first MAIN_033 Marisa extent is exact from maintained natural C++. Focused gptweb-marisa-main033-v66-focused-final-web-001 and 104-owner aggregate gptweb-marisa-main033-v66-precommit-web-009 pass two cold materializations across raw bytes, map ownership, ordered relocations, valid deterministic OMF, and no low-level byte emission."
th04-main-enemies-add-v67,th04-main,function,MAIN_033_TEXT,0x4263,0x194F3,0xDE,0xDE,reviewed,authored,exact,enemies_add,src/main/enemy/enemies_add.cpp,ev-th04-main-authored-screen-target;ev-th04-main-authored-screen-map;ev-th04-main-target;ev-th04-main-format-integrity;ev-toolchain-surfaces;ev-th04-main-enemies-add-boundary-v67;ev-th04-main-enemies-add-toolchain-v67;ev-th04-main-enemies-add-omf-v67;ev-th04-main-enemies-add-cold-v67;ev-th04-main-enemies-add-layout-v67;ev-th04-main-enemies-add-raw-v67;ev-th04-main-enemies-add-aggregate-v67;ev-ledger-consistency-exact14,python3 scripts/replay_th04_main_exact_units.py --unit th04-main-enemies-add-v67,Target-first MAIN_033 public ENEMIES_ADD at runtime 0x27CF3..0x27DD0 remains exact after target-driven correction of its final item parameter to unsigned char. Current v68 focused and 106-owner aggregate cold replay revalidate all 222 bytes and exactness surfaces.
th04-main-std-run-v68,th04-main,function,MAIN_033_TEXT,0x4341,0x195D1,0x6D,0x6D,reviewed,authored,exact,std_run,src/main/stage/std_run.cpp,ev-th04-main-authored-screen-target;ev-th04-main-authored-screen-map;ev-th04-main-target;ev-th04-main-format-integrity;ev-toolchain-surfaces;ev-th04-main-std-run-boundary-v68;ev-th04-main-std-run-toolchain-v68;ev-th04-main-std-run-omf-v68;ev-th04-main-std-run-cold-v68;ev-th04-main-std-run-layout-v68;ev-th04-main-std-run-raw-v68;ev-th04-main-std-run-aggregate-v68;ev-ledger-consistency-exact14,python3 scripts/replay_th04_main_exact_units.py --unit th04-main-std-run-v68,Target-first MAIN_033 public std_run at runtime 0x27DD1..0x27E3D is exact from maintained natural C++. Current focused and 106-owner aggregate two-cold replay pass raw/map/ordered-relocation/OMF/determinism; next public is ENEMY_BULLET_TEMPLATE_PUSH at 0x27E3E.
th04-main-enemy-bullet-template-push-v69,th04-main,function,MAIN_033_TEXT,0x43AE,0x1963E,0x1B,0x1B,reviewed,original-asm,exact,enemy_bullet_template_push,src/main/enemy/bullet_template_push.asm,ev-th04-main-authored-screen-target;ev-th04-main-authored-screen-map;ev-th04-main-target;ev-th04-main-format-integrity;ev-toolchain-surfaces;ev-ledger-consistency-exact14;ev-th04-main-enemy-bullet-template-push-boundary-v69;ev-th04-main-enemy-bullet-template-push-codegen-v69-negative;ev-th04-main-enemy-bullet-template-push-origin-v142;ev-th04-main-enemy-bullet-template-push-toolchain-v142;ev-th04-main-enemy-bullet-template-push-omf-v142;ev-th04-main-enemy-bullet-template-push-cold-v142;ev-th04-main-enemy-bullet-template-push-layout-v142;ev-th04-main-enemy-bullet-template-push-raw-v142;ev-th04-main-enemy-bullet-template-push-aggregate-v142,python3 scripts/replay_th04_main_exact_units.py --unit th04-main-enemy-bullet-template-push-v69 --run-id gptweb-v142-enemy-btpush-focused-candidate-001,"Original-style symbolic TASM exactly reconstructs the reviewed 27-byte Pascal-near template-copy helper. Independent TH05 target load 0x16BCF preserves the same CX-first SI/DI DS-to-ES REP MOVSW producer order with a direct template pointer and 7-word size; TH04 adds the validated enemy_t member offset and copies 9 words. v69 natural TC4J assignment, intrinsic memcpy, and helper probes all miss this order. Focused 43-owner, candidate-state 177-owner aggregate, and post-promotion 177-owner aggregate two-cold replay pass raw/map/relocation/OMF/determinism while the adjacent ENEMIES_UPDATE exact owner is independently revalidated."
th04-main-enemies-update-v70,th04-main,function,MAIN_033_TEXT,0x43C9,0x19659,0x1D6,0x1D6,reviewed,authored,exact,enemies_update,src/main/enemy/enemies_update.cpp,ev-th04-main-authored-screen-target;ev-th04-main-authored-screen-map;ev-th04-main-target;ev-th04-main-format-integrity;ev-toolchain-surfaces;ev-th04-main-enemies-update-boundary-v70;ev-ledger-consistency-exact14;ev-th04-main-enemies-update-toolchain-v142;ev-th04-main-enemies-update-omf-v142;ev-th04-main-enemies-update-cold-v142;ev-th04-main-enemies-update-layout-v142;ev-th04-main-enemies-update-raw-v142;ev-th04-main-enemies-update-aggregate-v142,python3 scripts/replay_th04_main_exact_units.py --unit th04-main-enemy-bullet-template-push-v69 --run-id gptweb-v142-enemy-btpush-focused-candidate-001,"ENEMIES_UPDATE remains exact over all 470 authored bytes after v142 splits the formerly co-produced 27-byte copy helper into a separate symbolic-TASM owner. Focused dependency replay, candidate-state 177-owner aggregate, and post-promotion 177-owner aggregate reproduce the exact 13A9:43C9 0x1D6 TC86 contribution, all raw bytes, and ordered relocations [98201, 98150, 98074]."
th04-main-reimu-phase-move-a-v71,th04-main,function,MAIN_036_TEXT,0xAE87,0x20117,0x9A,0x9A,reviewed,authored,exact,reimu_phase_move_a,src/main/boss/reimu4_main036.cpp,ev-th04-main-authored-screen-target;ev-th04-main-authored-screen-map;ev-th04-main-target;ev-th04-main-format-integrity;ev-toolchain-surfaces;ev-th04-main-reimu-phase-move-a-boundary-v71;ev-th04-main-reimu-phase-move-a-toolchain-v71;ev-th04-main-reimu-phase-move-a-omf-v71;ev-th04-main-reimu-phase-move-a-cold-v71;ev-th04-main-reimu-phase-move-a-layout-v71;ev-th04-main-reimu-phase-move-a-raw-v71;ev-th04-main-reimu-phase-move-a-aggregate-v71;ev-ledger-consistency-exact14,python3 scripts/replay_th04_main_exact_units.py --unit th04-main-reimu-phase-move-a-v71,"Target-first MAIN_036 Reimu movement helper A is exact from maintained natural C++. Focused gptweb-v70-v73-current-web-006 and 110-owner aggregate gptweb-v70-v73-precommit-web-005 pass two cold materializations across raw bytes, map ownership, ordered relocations, valid deterministic OMF, and no low-level byte emission."
th04-main-reimu-phase-move-b-v72,th04-main,function,MAIN_036_TEXT,0xAF21,0x201B1,0x9A,0x9A,reviewed,authored,exact,reimu_phase_move_b,src/main/boss/reimu4_main036_b.cpp,ev-th04-main-authored-screen-target;ev-th04-main-authored-screen-map;ev-th04-main-target;ev-th04-main-format-integrity;ev-toolchain-surfaces;ev-th04-main-reimu-phase-move-b-boundary-v72;ev-th04-main-reimu-phase-move-b-toolchain-v72;ev-th04-main-reimu-phase-move-b-omf-v72;ev-th04-main-reimu-phase-move-b-cold-v72;ev-th04-main-reimu-phase-move-b-layout-v72;ev-th04-main-reimu-phase-move-b-raw-v72;ev-th04-main-reimu-phase-move-b-aggregate-v72;ev-ledger-consistency-exact14,python3 scripts/replay_th04_main_exact_units.py --unit th04-main-reimu-phase-move-b-v72,"Target-first MAIN_036 Reimu movement helper B is exact from maintained natural C++. Focused gptweb-v70-v73-current-web-006 and 110-owner aggregate gptweb-v70-v73-precommit-web-005 pass two cold materializations across raw bytes, map ownership, ordered relocations, valid deterministic OMF, and no low-level byte emission."
th04-main-reimu-gather-intro-v73,th04-main,code-region,MAIN_036_TEXT,0xAFBB,0x2024B,0xE6,0xE6,reviewed,authored,exact,reimu_gather_intro,src/main/boss/reimu4_gather_intro.cpp,ev-th04-main-authored-screen-target;ev-th04-main-authored-screen-map;ev-th04-main-target;ev-th04-main-format-integrity;ev-toolchain-surfaces;ev-th04-main-reimu-gather-intro-boundary-v73;ev-th04-main-reimu-gather-intro-toolchain-v73;ev-th04-main-reimu-gather-intro-omf-v73;ev-th04-main-reimu-gather-intro-cold-v73;ev-th04-main-reimu-gather-intro-layout-v73;ev-th04-main-reimu-gather-intro-raw-v73;ev-th04-main-reimu-gather-intro-aggregate-v73;ev-ledger-consistency-exact14,python3 scripts/replay_th04_main_exact_units.py --unit th04-main-reimu-gather-intro-v73,"Target-first MAIN_036 Reimu sparse-switch helper is exact across code plus the compiler-owned alignment/compare/jump-table tail. #pragma option -a after headers naturally reproduces the target table alignment. Focused gptweb-v70-v73-current-web-006 and 110-owner aggregate gptweb-v70-v73-precommit-web-005 pass two cold materializations across raw bytes, map ownership, ordered relocations, valid deterministic OMF, and no low-level byte emission."
th04-main-reimu-orbs-add-moving-v74,th04-main,function,MAIN_036_TEXT,0xB0A1,0x20331,0x5B,0x5B,reviewed,authored,exact,orbs_add_moving,src/main/boss/reimu4_orb_add.cpp,ev-th04-main-authored-screen-target;ev-th04-main-authored-screen-map;ev-th04-main-target;ev-th04-main-format-integrity;ev-toolchain-surfaces;ev-th04-main-reimu-orbs-add-moving-boundary-v74;ev-th04-main-reimu-orbs-add-moving-toolchain-v74;ev-th04-main-reimu-orbs-add-moving-omf-v74;ev-th04-main-reimu-orbs-add-moving-cold-v74;ev-th04-main-reimu-orbs-add-moving-layout-v74;ev-th04-main-reimu-orbs-add-moving-raw-v74;ev-th04-main-reimu-orbs-add-moving-aggregate-v74;ev-ledger-consistency-exact14,python3 scripts/replay_th04_main_exact_units.py --unit th04-main-reimu-orbs-add-moving-v74,"Target-first MAIN_036 orbs_add_moving is exact from maintained natural C++. Focused gptweb-reimu-orbs-v75-focused-web-004 and 112-owner aggregate gptweb-reimu-orbs-v75-precommit-web-003 pass two cold materializations across raw bytes, map ownership, ordered relocations, valid deterministic OMF, and no low-level byte emission."
th04-main-reimu-orbs-add-spinning-v75,th04-main,function,MAIN_036_TEXT,0xB0FC,0x2038C,0x67,0x67,reviewed,authored,exact,orbs_add_spinning,src/main/boss/reimu4_orb_spin.cpp,ev-th04-main-authored-screen-target;ev-th04-main-authored-screen-map;ev-th04-main-target;ev-th04-main-format-integrity;ev-toolchain-surfaces;ev-th04-main-reimu-orbs-add-spinning-boundary-v75;ev-th04-main-reimu-orbs-add-spinning-toolchain-v75;ev-th04-main-reimu-orbs-add-spinning-omf-v75;ev-th04-main-reimu-orbs-add-spinning-cold-v75;ev-th04-main-reimu-orbs-add-spinning-layout-v75;ev-th04-main-reimu-orbs-add-spinning-raw-v75;ev-th04-main-reimu-orbs-add-spinning-aggregate-v75;ev-ledger-consistency-exact14,python3 scripts/replay_th04_main_exact_units.py --unit th04-main-reimu-orbs-add-spinning-v75,"Target-first MAIN_036 orbs_add_spinning is exact from maintained natural C++. Focused gptweb-reimu-orbs-v75-focused-web-004 and 112-owner aggregate gptweb-reimu-orbs-v75-precommit-web-003 pass two cold materializations across raw bytes, map ownership, ordered relocations, valid deterministic OMF, and no low-level byte emission."
th04-main-reimu-orbs-update-v76,th04-main,function,MAIN_036_TEXT,0xB163,0x203F3,0x122,0x122,reviewed,authored,exact,reimu_orbs_update,src/main/boss/reimu4_orbs_update.cpp,ev-th04-main-authored-screen-target;ev-th04-main-authored-screen-map;ev-th04-main-target;ev-th04-main-format-integrity;ev-toolchain-surfaces;ev-th04-main-reimu-orbs-update-boundary-v76;ev-th04-main-reimu-orbs-update-toolchain-v76;ev-th04-main-reimu-orbs-update-omf-v76;ev-th04-main-reimu-orbs-update-cold-v76;ev-th04-main-reimu-orbs-update-layout-v76;ev-th04-main-reimu-orbs-update-raw-v76;ev-th04-main-reimu-orbs-update-aggregate-v76;ev-ledger-consistency-exact14,python3 scripts/replay_th04_main_exact_units.py --unit th04-main-reimu-orbs-update-v76,"Target-first MAIN_036 reimu_orbs_update is exact from maintained natural C++. Focused gptweb-reimu-v87-focused-web-001 and 124-owner aggregate gptweb-reimu-v87-precommit-web-001 pass two cold materializations across raw bytes, map ownership, ordered relocations, valid deterministic OMF, and no low-level byte emission."
th04-main-reimu-phase-spread-yellow-v77,th04-main,function,MAIN_036_TEXT,0xB285,0x20515,0xA7,0xA7,reviewed,authored,exact,reimu_phase_spread_yellow,src/main/boss/reimu4_phase_spread_yellow.cpp,ev-th04-main-authored-screen-target;ev-th04-main-authored-screen-map;ev-th04-main-target;ev-th04-main-format-integrity;ev-toolchain-surfaces;ev-th04-main-reimu-phase-spread-yellow-boundary-v77;ev-th04-main-reimu-phase-spread-yellow-toolchain-v77;ev-th04-main-reimu-phase-spread-yellow-omf-v77;ev-th04-main-reimu-phase-spread-yellow-cold-v77;ev-th04-main-reimu-phase-spread-yellow-layout-v77;ev-th04-main-reimu-phase-spread-yellow-raw-v77;ev-th04-main-reimu-phase-spread-yellow-aggregate-v77;ev-ledger-consistency-exact14,python3 scripts/replay_th04_main_exact_units.py --unit th04-main-reimu-phase-spread-yellow-v77,"Target-first MAIN_036 reimu_phase_spread_yellow is exact from maintained natural C++. Focused gptweb-reimu-v87-focused-web-001 and 124-owner aggregate gptweb-reimu-v87-precommit-web-001 pass two cold materializations across raw bytes, map ownership, ordered relocations, valid deterministic OMF, and no low-level byte emission."
th04-main-reimu-phase-special-blue-v78,th04-main,function,MAIN_036_TEXT,0xB32C,0x205BC,0x65,0x65,reviewed,authored,exact,reimu_phase_special_blue,src/main/boss/reimu4_phase_special_blue.cpp,ev-th04-main-authored-screen-target;ev-th04-main-authored-screen-map;ev-th04-main-target;ev-th04-main-format-integrity;ev-toolchain-surfaces;ev-th04-main-reimu-phase-special-blue-boundary-v78;ev-th04-main-reimu-phase-special-blue-toolchain-v78;ev-th04-main-reimu-phase-special-blue-omf-v78;ev-th04-main-reimu-phase-special-blue-cold-v78;ev-th04-main-reimu-phase-special-blue-layout-v78;ev-th04-main-reimu-phase-special-blue-raw-v78;ev-th04-main-reimu-phase-special-blue-aggregate-v78;ev-ledger-consistency-exact14,python3 scripts/replay_th04_main_exact_units.py --unit th04-main-reimu-phase-special-blue-v78,"Target-first MAIN_036 reimu_phase_special_blue is exact from maintained natural C++. Focused gptweb-reimu-v87-focused-web-001 and 124-owner aggregate gptweb-reimu-v87-precommit-web-001 pass two cold materializations across raw bytes, map ownership, ordered relocations, valid deterministic OMF, and no low-level byte emission."
th04-main-reimu-phase-orb-spawn-v79,th04-main,function,MAIN_036_TEXT,0xB391,0x20621,0x52,0x52,reviewed,authored,exact,reimu_phase_orb_spawn,src/main/boss/reimu4_phase_orb_spawn.cpp,ev-th04-main-authored-screen-target;ev-th04-main-authored-screen-map;ev-th04-main-target;ev-th04-main-format-integrity;ev-toolchain-surfaces;ev-th04-main-reimu-phase-orb-spawn-boundary-v79;ev-th04-main-reimu-phase-orb-spawn-toolchain-v79;ev-th04-main-reimu-phase-orb-spawn-omf-v79;ev-th04-main-reimu-phase-orb-spawn-cold-v79;ev-th04-main-reimu-phase-orb-spawn-layout-v79;ev-th04-main-reimu-phase-orb-spawn-raw-v79;ev-th04-main-reimu-phase-orb-spawn-aggregate-v79;ev-ledger-consistency-exact14,python3 scripts/replay_th04_main_exact_units.py --unit th04-main-reimu-phase-orb-spawn-v79,"Target-first MAIN_036 reimu_phase_orb_spawn is exact from maintained natural C++. Focused gptweb-reimu-v87-focused-web-001 and 124-owner aggregate gptweb-reimu-v87-precommit-web-001 pass two cold materializations across raw bytes, map ownership, ordered relocations, valid deterministic OMF, and no low-level byte emission."
th04-main-reimu-phase-cloud-ring-stack-v80,th04-main,function,MAIN_036_TEXT,0xB3E3,0x20673,0x114,0x114,reviewed,authored,exact,reimu_phase_cloud_ring_stack,src/main/boss/reimu4_phase_cloud_ring_stack.cpp,ev-th04-main-authored-screen-target;ev-th04-main-authored-screen-map;ev-th04-main-target;ev-th04-main-format-integrity;ev-toolchain-surfaces;ev-th04-main-reimu-phase-cloud-ring-stack-boundary-v80;ev-th04-main-reimu-phase-cloud-ring-stack-toolchain-v80;ev-th04-main-reimu-phase-cloud-ring-stack-omf-v80;ev-th04-main-reimu-phase-cloud-ring-stack-cold-v80;ev-th04-main-reimu-phase-cloud-ring-stack-layout-v80;ev-th04-main-reimu-phase-cloud-ring-stack-raw-v80;ev-th04-main-reimu-phase-cloud-ring-stack-aggregate-v80;ev-ledger-consistency-exact14,python3 scripts/replay_th04_main_exact_units.py --unit th04-main-reimu-phase-cloud-ring-stack-v80,"Target-first MAIN_036 reimu_phase_cloud_ring_stack is exact from maintained natural C++. Focused gptweb-reimu-v87-focused-web-001 and 124-owner aggregate gptweb-reimu-v87-precommit-web-001 pass two cold materializations across raw bytes, map ownership, ordered relocations, valid deterministic OMF, and no low-level byte emission."
th04-main-reimu-phase-pellet-cloud-v81,th04-main,function,MAIN_036_TEXT,0xB4F7,0x20787,0xC7,0xC7,reviewed,authored,exact,reimu_phase_pellet_and_cloud,src/main/boss/reimu4_phase_pellet_cloud.cpp,ev-th04-main-authored-screen-target;ev-th04-main-authored-screen-map;ev-th04-main-target;ev-th04-main-format-integrity;ev-toolchain-surfaces;ev-th04-main-reimu-phase-pellet-cloud-boundary-v81;ev-th04-main-reimu-phase-pellet-cloud-toolchain-v81;ev-th04-main-reimu-phase-pellet-cloud-omf-v81;ev-th04-main-reimu-phase-pellet-cloud-cold-v81;ev-th04-main-reimu-phase-pellet-cloud-layout-v81;ev-th04-main-reimu-phase-pellet-cloud-raw-v81;ev-th04-main-reimu-phase-pellet-cloud-aggregate-v81;ev-ledger-consistency-exact14,python3 scripts/replay_th04_main_exact_units.py --unit th04-main-reimu-phase-pellet-cloud-v81,"Target-first MAIN_036 reimu_phase_pellet_and_cloud is exact from maintained natural C++. Focused gptweb-reimu-v87-focused-web-001 and 124-owner aggregate gptweb-reimu-v87-precommit-web-001 pass two cold materializations across raw bytes, map ownership, ordered relocations, valid deterministic OMF, and no low-level byte emission."
th04-main-reimu-phase-random-aimed-v82,th04-main,function,MAIN_036_TEXT,0xB5BE,0x2084E,0xC3,0xC3,reviewed,authored,exact,reimu_phase_random_aimed,src/main/boss/reimu4_phase_random_aimed.cpp,ev-th04-main-authored-screen-target;ev-th04-main-authored-screen-map;ev-th04-main-target;ev-th04-main-format-integrity;ev-toolchain-surfaces;ev-th04-main-reimu-phase-random-aimed-boundary-v82;ev-th04-main-reimu-phase-random-aimed-toolchain-v82;ev-th04-main-reimu-phase-random-aimed-omf-v82;ev-th04-main-reimu-phase-random-aimed-cold-v82;ev-th04-main-reimu-phase-random-aimed-layout-v82;ev-th04-main-reimu-phase-random-aimed-raw-v82;ev-th04-main-reimu-phase-random-aimed-aggregate-v82;ev-ledger-consistency-exact14,python3 scripts/replay_th04_main_exact_units.py --unit th04-main-reimu-phase-random-aimed-v82,"Target-first MAIN_036 reimu_phase_random_aimed is exact from maintained natural C++. Focused gptweb-reimu-v87-focused-web-001 and 124-owner aggregate gptweb-reimu-v87-precommit-web-001 pass two cold materializations across raw bytes, map ownership, ordered relocations, valid deterministic OMF, and no low-level byte emission."
th04-main-reimu-phase-orb-stream-v83,th04-main,function,MAIN_036_TEXT,0xB681,0x20911,0x6B,0x6B,reviewed,authored,exact,reimu_phase_orb_stream,src/main/boss/reimu4_phase_orb_stream.cpp,ev-th04-main-authored-screen-target;ev-th04-main-authored-screen-map;ev-th04-main-target;ev-th04-main-format-integrity;ev-toolchain-surfaces;ev-th04-main-reimu-phase-orb-stream-boundary-v83;ev-th04-main-reimu-phase-orb-stream-toolchain-v83;ev-th04-main-reimu-phase-orb-stream-omf-v83;ev-th04-main-reimu-phase-orb-stream-cold-v83;ev-th04-main-reimu-phase-orb-stream-layout-v83;ev-th04-main-reimu-phase-orb-stream-raw-v83;ev-th04-main-reimu-phase-orb-stream-aggregate-v83;ev-ledger-consistency-exact14,python3 scripts/replay_th04_main_exact_units.py --unit th04-main-reimu-phase-orb-stream-v83,"Target-first MAIN_036 reimu_phase_orb_stream is exact from maintained natural C++. Focused gptweb-reimu-v87-focused-web-001 and 124-owner aggregate gptweb-reimu-v87-precommit-web-001 pass two cold materializations across raw bytes, map ownership, ordered relocations, valid deterministic OMF, and no low-level byte emission."
th04-main-reimu-phase-stack-octet-v84,th04-main,function,MAIN_036_TEXT,0xB6EC,0x2097C,0xAE,0xAE,reviewed,authored,exact,reimu_phase_stack_octet,src/main/boss/reimu4_phase_stack_octet.cpp,ev-th04-main-authored-screen-target;ev-th04-main-authored-screen-map;ev-th04-main-target;ev-th04-main-format-integrity;ev-toolchain-surfaces;ev-th04-main-reimu-phase-stack-octet-boundary-v84;ev-th04-main-reimu-phase-stack-octet-toolchain-v84;ev-th04-main-reimu-phase-stack-octet-omf-v84;ev-th04-main-reimu-phase-stack-octet-cold-v84;ev-th04-main-reimu-phase-stack-octet-layout-v84;ev-th04-main-reimu-phase-stack-octet-raw-v84;ev-th04-main-reimu-phase-stack-octet-aggregate-v84;ev-ledger-consistency-exact14,python3 scripts/replay_th04_main_exact_units.py --unit th04-main-reimu-phase-stack-octet-v84,"Target-first MAIN_036 reimu_phase_stack_octet is exact from maintained natural C++. Focused gptweb-reimu-v87-focused-web-001 and 124-owner aggregate gptweb-reimu-v87-precommit-web-001 pass two cold materializations across raw bytes, map ownership, ordered relocations, valid deterministic OMF, and no low-level byte emission."
th04-main-reimu-phase-dual-special-v85,th04-main,function,MAIN_036_TEXT,0xB79A,0x20A2A,0xC9,0xC9,reviewed,authored,exact,reimu_phase_dual_special,src/main/boss/reimu4_phase_dual_special.cpp,ev-th04-main-authored-screen-target;ev-th04-main-authored-screen-map;ev-th04-main-target;ev-th04-main-format-integrity;ev-toolchain-surfaces;ev-th04-main-reimu-phase-dual-special-boundary-v85;ev-th04-main-reimu-phase-dual-special-toolchain-v85;ev-th04-main-reimu-phase-dual-special-omf-v85;ev-th04-main-reimu-phase-dual-special-cold-v85;ev-th04-main-reimu-phase-dual-special-layout-v85;ev-th04-main-reimu-phase-dual-special-raw-v85;ev-th04-main-reimu-phase-dual-special-aggregate-v85;ev-ledger-consistency-exact14,python3 scripts/replay_th04_main_exact_units.py --unit th04-main-reimu-phase-dual-special-v85,"Target-first MAIN_036 reimu_phase_dual_special is exact from maintained natural C++. Focused gptweb-reimu-v87-focused-web-001 and 124-owner aggregate gptweb-reimu-v87-precommit-web-001 pass two cold materializations across raw bytes, map ownership, ordered relocations, valid deterministic OMF, and no low-level byte emission."
th04-main-reimu-phase-stack-fan-v86,th04-main,function,MAIN_036_TEXT,0xB863,0x20AF3,0x85,0x85,reviewed,authored,exact,reimu_phase_stack_fan,src/main/boss/reimu4_phase_stack_fan.cpp,ev-th04-main-authored-screen-target;ev-th04-main-authored-screen-map;ev-th04-main-target;ev-th04-main-format-integrity;ev-toolchain-surfaces;ev-th04-main-reimu-phase-stack-fan-boundary-v86;ev-th04-main-reimu-phase-stack-fan-toolchain-v86;ev-th04-main-reimu-phase-stack-fan-omf-v86;ev-th04-main-reimu-phase-stack-fan-cold-v86;ev-th04-main-reimu-phase-stack-fan-layout-v86;ev-th04-main-reimu-phase-stack-fan-raw-v86;ev-th04-main-reimu-phase-stack-fan-aggregate-v86;ev-ledger-consistency-exact14,python3 scripts/replay_th04_main_exact_units.py --unit th04-main-reimu-phase-stack-fan-v86,"Target-first MAIN_036 reimu_phase_stack_fan is exact from maintained natural C++. Focused gptweb-reimu-v87-focused-web-001 and 124-owner aggregate gptweb-reimu-v87-precommit-web-001 pass two cold materializations across raw bytes, map ownership, ordered relocations, valid deterministic OMF, and no low-level byte emission."
th04-main-reimu-bg-pulse-v87,th04-main,function,MAIN_036_TEXT,0xB8E8,0x20B78,0x33,0x33,reviewed,authored,exact,reimu_bg_pulse,src/main/boss/reimu4_bg_pulse.cpp,ev-th04-main-authored-screen-target;ev-th04-main-authored-screen-map;ev-th04-main-target;ev-th04-main-format-integrity;ev-toolchain-surfaces;ev-th04-main-reimu-bg-pulse-boundary-v87;ev-th04-main-reimu-bg-pulse-toolchain-v87;ev-th04-main-reimu-bg-pulse-omf-v87;ev-th04-main-reimu-bg-pulse-cold-v87;ev-th04-main-reimu-bg-pulse-layout-v87;ev-th04-main-reimu-bg-pulse-raw-v87;ev-th04-main-reimu-bg-pulse-aggregate-v87;ev-ledger-consistency-exact14,python3 scripts/replay_th04_main_exact_units.py --unit th04-main-reimu-bg-pulse-v87,"Target-first MAIN_036 reimu_bg_pulse is exact from maintained natural C++. Focused gptweb-reimu-v87-focused-web-001 and 124-owner aggregate gptweb-reimu-v87-precommit-web-001 pass two cold materializations across raw bytes, map ownership, ordered relocations, valid deterministic OMF, and no low-level byte emission."
th04-main-reimu-update-v88,th04-main,code-region,MAIN_036_TEXT,0xB91B,0x20BAB,0x543,0x543,reviewed,authored,exact,reimu_update,src/main/boss/reimu4_update.cpp,ev-th04-main-authored-screen-target;ev-th04-main-authored-screen-map;ev-th04-main-target;ev-th04-main-format-integrity;ev-toolchain-surfaces;ev-th04-main-reimu-update-boundary-v88;ev-th04-main-reimu-update-toolchain-v88;ev-th04-main-reimu-update-omf-v88;ev-th04-main-reimu-update-cold-v88;ev-th04-main-reimu-update-layout-v88;ev-th04-main-reimu-update-raw-v88;ev-th04-main-reimu-update-aggregate-v88;ev-ledger-consistency-exact14,python3 scripts/replay_th04_main_exact_units.py --unit th04-main-reimu-update-v88,"Target-first MAIN_036 public reimu_update is exact across 0x543 bytes (0x515 code + 0x2E compiler switch tables). Focused gptweb-reimu-v88-focused-web-001 and 125-owner aggregate gptweb-reimu-v88-precommit-web-001 pass two cold materializations across raw bytes, map ownership, ordered relocations, valid deterministic OMF, and no low-level byte emission."
th04-main-gengetsu-prefix-v89,th04-main,code-region,MAIN_036_TEXT,0xBE5E,0x210EE,0xD7,0xD7,reviewed,authored,exact,gengetsu_prefix_3func,src/main/boss/gengetsu6_prefix.cpp,ev-th04-main-authored-screen-target;ev-th04-main-authored-screen-map;ev-th04-main-target;ev-th04-main-format-integrity;ev-toolchain-surfaces;ev-th04-main-gengetsu-prefix-boundary-v89;ev-th04-main-gengetsu-prefix-toolchain-v89;ev-th04-main-gengetsu-prefix-omf-v89;ev-th04-main-gengetsu-prefix-cold-v89;ev-th04-main-gengetsu-prefix-layout-v89;ev-th04-main-gengetsu-prefix-raw-v89;ev-th04-main-gengetsu-prefix-aggregate-v89;ev-ledger-consistency-exact14,python3 scripts/replay_th04_main_exact_units.py --unit th04-main-gengetsu-prefix-v89,"Target-first MAIN_036 Gengetsu prefix owner spans three true functions at 0x2F8EE, 0x2F903, and 0x2F97A. One physical TC86 producer preserves the target alignment byte. Focused codex-final-v94-focused-001 and 132-owner aggregate codex-final-v94-aggregate-001 pass two cold materializations across raw bytes, map ownership, ordered relocations, valid deterministic OMF, and no low-level byte emission."
th04-main-gengetsu-wave-bounce-v90,th04-main,function,MAIN_036_TEXT,0xBF35,0x211C5,0x6E,0x6E,reviewed,authored,exact,gengetsu_wave_bounce,src/main/boss/gengetsu6_wave_bounce.cpp,ev-th04-main-authored-screen-target;ev-th04-main-authored-screen-map;ev-th04-main-target;ev-th04-main-format-integrity;ev-toolchain-surfaces;ev-th04-main-gengetsu-wave-bounce-boundary-v90;ev-th04-main-gengetsu-wave-bounce-toolchain-v90;ev-th04-main-gengetsu-wave-bounce-omf-v90;ev-th04-main-gengetsu-wave-bounce-cold-v90;ev-th04-main-gengetsu-wave-bounce-layout-v90;ev-th04-main-gengetsu-wave-bounce-raw-v90;ev-th04-main-gengetsu-wave-bounce-aggregate-v90;ev-ledger-consistency-exact14,python3 scripts/replay_th04_main_exact_units.py --unit th04-main-gengetsu-wave-bounce-v90,"Target-first Gengetsu wave-bounce helper is exact from maintained natural C++. Focused codex-final-v94-focused-001 and 132-owner aggregate codex-final-v94-aggregate-001 pass two cold materializations across raw bytes, map ownership, ordered relocations, valid deterministic OMF, and no low-level byte emission."
th04-main-gengetsu-anim-ring-v91,th04-main,code-region,MAIN_036_TEXT,0xBFA3,0x21233,0xC4,0xC4,reviewed,authored,exact,gengetsu_anim_ring_pair,src/main/boss/gengetsu6_anim_ring.cpp,ev-th04-main-authored-screen-target;ev-th04-main-authored-screen-map;ev-th04-main-target;ev-th04-main-format-integrity;ev-toolchain-surfaces;ev-th04-main-gengetsu-anim-ring-boundary-v91;ev-th04-main-gengetsu-anim-ring-toolchain-v91;ev-th04-main-gengetsu-anim-ring-omf-v91;ev-th04-main-gengetsu-anim-ring-cold-v91;ev-th04-main-gengetsu-anim-ring-layout-v91;ev-th04-main-gengetsu-anim-ring-raw-v91;ev-th04-main-gengetsu-anim-ring-aggregate-v91;ev-ledger-consistency-exact14,python3 scripts/replay_th04_main_exact_units.py --unit th04-main-gengetsu-anim-ring-v91,"Target-first Gengetsu animation/ring pair is exact from maintained natural C++. Focused codex-final-v94-focused-001 and 132-owner aggregate codex-final-v94-aggregate-001 pass two cold materializations across raw bytes, map ownership, ordered relocations, valid deterministic OMF, and no low-level byte emission."
th04-main-gengetsu-patterns1-v92,th04-main,code-region,MAIN_036_TEXT,0xC067,0x212F7,0x14F,0x14F,reviewed,authored,exact,gengetsu_patterns1_pair,src/main/boss/gengetsu6_patterns1.cpp,ev-th04-main-authored-screen-target;ev-th04-main-authored-screen-map;ev-th04-main-target;ev-th04-main-format-integrity;ev-toolchain-surfaces;ev-th04-main-gengetsu-patterns1-boundary-v92;ev-th04-main-gengetsu-patterns1-toolchain-v92;ev-th04-main-gengetsu-patterns1-omf-v92;ev-th04-main-gengetsu-patterns1-cold-v92;ev-th04-main-gengetsu-patterns1-layout-v92;ev-th04-main-gengetsu-patterns1-raw-v92;ev-th04-main-gengetsu-patterns1-aggregate-v92;ev-ledger-consistency-exact14,python3 scripts/replay_th04_main_exact_units.py --unit th04-main-gengetsu-patterns1-v92,"Target-first Gengetsu spread/bounce pair is exact from maintained natural C++. Focused codex-final-v94-focused-001 and 132-owner aggregate codex-final-v94-aggregate-001 pass two cold materializations across raw bytes, map ownership, ordered relocations, valid deterministic OMF, and no low-level byte emission."
th04-main-gengetsu-turn-gather-v93,th04-main,function,MAIN_036_TEXT,0xC1B6,0x21446,0xEA,0xEA,reviewed,authored,exact,gengetsu_turn_gather_phase,src/main/boss/gengetsu6_turn_gather.cpp,ev-th04-main-authored-screen-target;ev-th04-main-authored-screen-map;ev-th04-main-target;ev-th04-main-format-integrity;ev-toolchain-surfaces;ev-th04-main-gengetsu-turn-gather-boundary-v93;ev-th04-main-gengetsu-turn-gather-toolchain-v93;ev-th04-main-gengetsu-turn-gather-omf-v93;ev-th04-main-gengetsu-turn-gather-cold-v93;ev-th04-main-gengetsu-turn-gather-layout-v93;ev-th04-main-gengetsu-turn-gather-raw-v93;ev-th04-main-gengetsu-turn-gather-aggregate-v93;ev-ledger-consistency-exact14,python3 scripts/replay_th04_main_exact_units.py --unit th04-main-gengetsu-turn-gather-v93,"Target-first Gengetsu turn/gather producer boundary is exact from maintained natural C++. Focused codex-final-v94-focused-001 and 132-owner aggregate codex-final-v94-aggregate-001 pass two cold materializations across raw bytes, map ownership, ordered relocations, valid deterministic OMF, and no low-level byte emission."
th04-main-gengetsu-cycle-v93b,th04-main,code-region,MAIN_036_TEXT,0xC2A0,0x21530,0xCE,0xCE,reviewed,authored,exact,gengetsu_cycle_phase,src/main/boss/gengetsu6_cycle.cpp,ev-th04-main-authored-screen-target;ev-th04-main-authored-screen-map;ev-th04-main-target;ev-th04-main-format-integrity;ev-toolchain-surfaces;ev-th04-main-gengetsu-cycle-boundary-v93b;ev-th04-main-gengetsu-cycle-toolchain-v93b;ev-th04-main-gengetsu-cycle-omf-v93b;ev-th04-main-gengetsu-cycle-cold-v93b;ev-th04-main-gengetsu-cycle-layout-v93b;ev-th04-main-gengetsu-cycle-raw-v93b;ev-th04-main-gengetsu-cycle-aggregate-v93b;ev-ledger-consistency-exact14,python3 scripts/replay_th04_main_exact_units.py --unit th04-main-gengetsu-cycle-v93b,"Target-first Gengetsu cycle helper and its five-entry compiler switch table are exact from maintained natural C++. Focused codex-final-v94-focused-001 and 132-owner aggregate codex-final-v94-aggregate-001 pass two cold materializations across raw bytes, map ownership, ordered relocations, valid deterministic OMF, and no low-level byte emission."
th04-main-gengetsu-patterns3-v94,th04-main,code-region,MAIN_036_TEXT,0xC36E,0x215FE,0xE1,0xE1,reviewed,authored,exact,gengetsu_patterns3_pair,src/main/boss/gengetsu6_patterns3.cpp,ev-th04-main-authored-screen-target;ev-th04-main-authored-screen-map;ev-th04-main-target;ev-th04-main-format-integrity;ev-toolchain-surfaces;ev-th04-main-gengetsu-patterns3-boundary-v94;ev-th04-main-gengetsu-patterns3-toolchain-v94;ev-th04-main-gengetsu-patterns3-omf-v94;ev-th04-main-gengetsu-patterns3-cold-v94;ev-th04-main-gengetsu-patterns3-layout-v94;ev-th04-main-gengetsu-patterns3-raw-v94;ev-th04-main-gengetsu-patterns3-aggregate-v94;ev-ledger-consistency-exact14,python3 scripts/replay_th04_main_exact_units.py --unit th04-main-gengetsu-patterns3-v94,"Target-first Gengetsu aimed/mirrored spread pair is exact from maintained natural C++. Focused codex-final-v94-focused-001 and 132-owner aggregate codex-final-v94-aggregate-001 pass two cold materializations across raw bytes, map ownership, ordered relocations, valid deterministic OMF, and no low-level byte emission."
th04-main-gengetsu-columns-v95,th04-main,code-region,MAIN_036_TEXT,0xC44F,0x216DF,0x171,0x171,reviewed,authored,exact,gengetsu_columns_phase,src/main/boss/gengetsu6_columns.cpp,ev-th04-main-authored-screen-target;ev-th04-main-authored-screen-map;ev-th04-main-target;ev-th04-main-format-integrity;ev-toolchain-surfaces;ev-th04-main-gengetsu-columns-boundary-v95;ev-th04-main-gengetsu-columns-toolchain-v95;ev-th04-main-gengetsu-columns-omf-v95;ev-th04-main-gengetsu-columns-cold-v95;ev-th04-main-gengetsu-columns-layout-v95;ev-th04-main-gengetsu-columns-raw-v95;ev-th04-main-gengetsu-columns-aggregate-v95;ev-ledger-consistency-exact14,python3 scripts/replay_th04_main_exact_units.py --unit th04-main-gengetsu-columns-v95,"Focused v95 replay and the final 136-owner aggregate gptweb-main036-complete-aggregate-004 pass two cold materializations across all 0x171 bytes, exact map ownership, ordered relocations, valid deterministic TC86 OMF, and no low-level byte emission."
th04-main-gengetsu-random-ring-v96,th04-main,function,MAIN_036_TEXT,0xC5C0,0x21850,0x66,0x66,reviewed,authored,exact,gengetsu_random_ring,src/main/boss/gengetsu6_random_ring.cpp,ev-th04-main-authored-screen-target;ev-th04-main-authored-screen-map;ev-th04-main-target;ev-th04-main-format-integrity;ev-toolchain-surfaces;ev-th04-main-gengetsu-random-ring-boundary-v96;ev-th04-main-gengetsu-random-ring-toolchain-v96;ev-th04-main-gengetsu-random-ring-omf-v96;ev-th04-main-gengetsu-random-ring-cold-v96;ev-th04-main-gengetsu-random-ring-layout-v96;ev-th04-main-gengetsu-random-ring-raw-v96;ev-th04-main-gengetsu-random-ring-aggregate-v96;ev-ledger-consistency-exact14,python3 scripts/replay_th04_main_exact_units.py --unit th04-main-gengetsu-random-ring-v96,"Ghidra misses the 0x30050 entry entirely, but pinned TASM/raw/next-PROC review proves the 0x66-byte function. Focused v96 replay and the final 136-owner aggregate pass raw/map/ordered-relocation exact in two cold materializations."
th04-main-gengetsu-helpers-v97,th04-main,code-region,MAIN_036_TEXT,0xC626,0x218B6,0x1B4,0x1B4,reviewed,authored,exact,gengetsu_late_helpers,src/main/boss/gengetsu6_helpers.cpp,ev-th04-main-authored-screen-target;ev-th04-main-authored-screen-map;ev-th04-main-target;ev-th04-main-format-integrity;ev-toolchain-surfaces;ev-th04-main-gengetsu-helpers-boundary-v97;ev-th04-main-gengetsu-helpers-toolchain-v97;ev-th04-main-gengetsu-helpers-omf-v97;ev-th04-main-gengetsu-helpers-cold-v97;ev-th04-main-gengetsu-helpers-layout-v97;ev-th04-main-gengetsu-helpers-raw-v97;ev-th04-main-gengetsu-helpers-aggregate-v97;ev-ledger-consistency-exact14,python3 scripts/replay_th04_main_exact_units.py --unit th04-main-gengetsu-helpers-v97,Four true adjacent Gengetsu helpers tile this 0x1B4-byte TC86 producer. Focused v97 replay and the final 136-owner aggregate pass raw/map/ordered-relocation exact in two cold materializations with deterministic OMF.
th04-main-gengetsu-update-v98,th04-main,code-region,MAIN_036_TEXT,0xC7DA,0x21A6A,0x482,0x482,reviewed,authored,exact,gengetsu_update,src/main/boss/gengetsu6_update.cpp,ev-th04-main-authored-screen-target;ev-th04-main-authored-screen-map;ev-th04-main-target;ev-th04-main-format-integrity;ev-toolchain-surfaces;ev-th04-main-gengetsu-update-boundary-v98;ev-th04-main-gengetsu-update-toolchain-v98;ev-th04-main-gengetsu-update-omf-v98;ev-th04-main-gengetsu-update-cold-v98;ev-th04-main-gengetsu-update-layout-v98;ev-th04-main-gengetsu-update-raw-v98;ev-th04-main-gengetsu-update-aggregate-v98;ev-ledger-consistency-exact14,python3 scripts/replay_th04_main_exact_units.py --unit th04-main-gengetsu-update-v98,"The complete Gengetsu FAR dispatcher owner includes code through RETF plus its trailing 10-word switch table and closes MAIN_036_TEXT. Focused v98 replay and the final 136-owner aggregate pass all 0x482 bytes, map placement, ordered relocations, and deterministic OMF."
th04-main-end-family-v99,th04-main,code-region,END_TEXT,0x0CC9,0xCFB9,0x7C,0x7C,reviewed,authored,exact,end_family_3func,src/main/end/ending.cpp,ev-th04-main-authored-screen-target;ev-th04-main-authored-screen-map;ev-th04-main-target;ev-th04-main-format-integrity;ev-toolchain-surfaces;ev-th04-main-end-family-boundary-v99;ev-th04-main-end-family-toolchain-v99;ev-th04-main-end-family-omf-v99;ev-th04-main-end-family-cold-v99;ev-th04-main-end-family-layout-v99;ev-th04-main-end-family-raw-v99;ev-th04-main-end-family-aggregate-v99;ev-ledger-consistency-exact14,python3 scripts/replay_th04_main_exact_units.py --unit th04-main-end-family-v99,"Three corroborated END_TEXT FAR functions are exact from one maintained pure-C++ producer. Focused gptweb-v99-probe-003 and 137-owner aggregate gptweb-end-v99-aggregate-001 pass raw bytes, exact map placement, ordered relocations, and deterministic TC86 OMF. #pragma samecodeseg only selects the target TLINK far-to-near fixup shape for GameExecl; no inline ASM, codestring, or byte injection is used."
th04-main-end-map-v100,th04-main,code-region,END_TEXT,0x0E81,0xD171,0x65,0x65,reviewed,authored,exact,map_load_free,src/main/formats/map.cpp,ev-th04-main-authored-screen-target;ev-th04-main-authored-screen-map;ev-th04-main-target;ev-th04-main-format-integrity;ev-toolchain-surfaces;ev-th04-main-end-map-boundary-v100;ev-th04-main-end-map-toolchain-v100;ev-th04-main-end-map-omf-v100;ev-th04-main-end-map-cold-v100;ev-th04-main-end-map-layout-v100;ev-th04-main-end-map-raw-v100;ev-th04-main-end-map-aggregate-v100;ev-ledger-consistency-exact14,python3 scripts/replay_th04_main_exact_units.py --unit th04-main-end-map-v100,END_TEXT suffix map_load/map_free is exact from maintained pure C++. Focused gptweb-v100-probe-001 and 138-owner aggregate gptweb-v100-aggregate-001 pass raw/map/ordered-relocation/OMF/determinism.
th04-main-gengetsu-fg-v101,th04-main,function,BOSS_FG_TEXT,0x846F,0x1475F,0x18E,0x18E,reviewed,authored,exact,gengetsu_fg_render,src/main/boss/gengetsu6_fg_render.cpp,ev-th04-main-authored-screen-target;ev-th04-main-authored-screen-map;ev-th04-main-target;ev-th04-main-format-integrity;ev-toolchain-surfaces;ev-th04-main-gengetsu-fg-boundary-v101;ev-th04-main-gengetsu-fg-toolchain-v101;ev-th04-main-gengetsu-fg-omf-v101;ev-th04-main-gengetsu-fg-cold-v101;ev-th04-main-gengetsu-fg-layout-v101;ev-th04-main-gengetsu-fg-raw-v101;ev-th04-main-gengetsu-fg-aggregate-v101;ev-ledger-consistency-exact14,python3 scripts/replay_th04_main_exact_units.py --unit th04-main-gengetsu-fg-v101,"Fresh Ghidra truncates gengetsu_fg_render after ENTER/PUSH SI at 5 bytes. Pinned TASM, segment-end tiling, target raw decode through RET at 0x230EC, and natural-C++ focused plus 139-owner aggregate replay prove the complete 0x18E-byte function."
th04-main-mugetsu-gengetsu-bg-v102,th04-main,function,BOSS_BG_TEXT,0x7E89,0x14179,0x91,0x91,reviewed,authored,exact,mugetsu_gengetsu_bg_render,src/main/boss/mugetsu_gengetsu_bg_render.cpp,ev-th04-main-authored-screen-target;ev-th04-main-authored-screen-map;ev-th04-main-target;ev-th04-main-format-integrity;ev-toolchain-surfaces;ev-th04-main-mugetsu-gengetsu-bg-boundary-v102;ev-th04-main-mugetsu-gengetsu-bg-toolchain-v102;ev-th04-main-mugetsu-gengetsu-bg-omf-v102;ev-th04-main-mugetsu-gengetsu-bg-cold-v102;ev-th04-main-mugetsu-gengetsu-bg-layout-v102;ev-th04-main-mugetsu-gengetsu-bg-raw-v102;ev-th04-main-mugetsu-gengetsu-bg-aggregate-v102;ev-ledger-consistency-exact14,python3 scripts/replay_th04_main_exact_units.py --unit th04-main-mugetsu-gengetsu-bg-v102,"Full 0x91-byte BOSS_BG_TEXT suffix is exact from target-first natural C++. Ghidra/TASM/MAP/raw agree on the boundary. Target packed Pascal arguments prove backdrop coordinates (32,16), correcting the initially hypothesized (16,32) order."
th04-main-enemies-invalidate-v103,th04-main,function,TILE_TEXT,0x1C5C,0xDF4C,0x2B,0x2B,reviewed,authored,exact,enemies_invalidate,src/main/enemy/enemies_invalidate.cpp,ev-th04-main-authored-screen-target;ev-th04-main-authored-screen-map;ev-th04-main-target;ev-th04-main-format-integrity;ev-toolchain-surfaces;ev-th04-main-enemies-invalidate-boundary-v103;ev-th04-main-enemies-invalidate-toolchain-v103;ev-th04-main-enemies-invalidate-omf-v103;ev-th04-main-enemies-invalidate-cold-v103;ev-th04-main-enemies-invalidate-layout-v103;ev-th04-main-enemies-invalidate-raw-v103;ev-th04-main-enemies-invalidate-aggregate-v103;ev-ledger-consistency-exact14,python3 scripts/replay_th04_main_exact_units.py --unit th04-main-enemies-invalidate-v103,Pure-C++ enemies_invalidate is exact over its 0x2B function body. Focused gptweb-v103-probe-001 and 141-owner aggregate gptweb-v103-aggregate-001 pass raw/map/ordered-relocation/OMF/determinism; the following target 0x90 remains excluded alignment padding.
th04-main-bb-txt-v104,th04-main,code-region,MAIN_01_TEXT,0x6A61,0x12D51,0x65,0x65,reviewed,authored,exact,bb_txt_load_free,src/main/formats/bb_txt.cpp,ev-th04-main-authored-screen-target;ev-th04-main-authored-screen-map;ev-th04-main-target;ev-th04-main-format-integrity;ev-toolchain-surfaces;ev-th04-main-bb-txt-boundary-v104;ev-th04-main-bb-txt-toolchain-v104;ev-th04-main-bb-txt-omf-v104;ev-th04-main-bb-txt-cold-v104;ev-th04-main-bb-txt-layout-v104;ev-th04-main-bb-txt-raw-v104;ev-th04-main-bb-txt-aggregate-v104;ev-ledger-consistency-exact14,python3 scripts/replay_th04_main_exact_units.py --unit th04-main-bb-txt-v104,Pure-C++ BB text load/free prefix is exact over 0x65 bytes. Focused gptweb-v104-probe-001 and 142-owner aggregate gptweb-v104-aggregate-001 pass raw/map/ordered-relocation/OMF/determinism; existing target filename data is referenced through byte-preserving aliases.
th04-main-mugetsu-fg-v105,th04-main,function,MAIN_01_TEXT,0x6AC6,0x12DB6,0x91,0x91,reviewed,authored,exact,mugetsu_fg_render,src/main/boss/mugetsu_fg_render.cpp,ev-th04-main-authored-screen-target;ev-th04-main-authored-screen-map;ev-th04-main-target;ev-th04-main-format-integrity;ev-toolchain-surfaces;ev-th04-main-mugetsu-fg-boundary-v105;ev-th04-main-mugetsu-fg-toolchain-v105;ev-th04-main-mugetsu-fg-omf-v105;ev-th04-main-mugetsu-fg-cold-v105;ev-th04-main-mugetsu-fg-layout-v105;ev-th04-main-mugetsu-fg-raw-v105;ev-th04-main-mugetsu-fg-aggregate-v105;ev-ledger-consistency-exact14,python3 scripts/replay_th04_main_exact_units.py --unit th04-main-mugetsu-fg-v105,Pure-C++ Mugetsu foreground renderer is exact over 0x91 bytes. Focused gptweb-v105-probe-002 and 143-owner aggregate gptweb-v105-aggregate-001 pass raw/map/ordered-relocation/OMF/determinism; symbol ownership is transferred from TASM public to the TC4J public without changing bytes.
th04-main-gengetsu-bomb-inv-render-v106,th04-main,function,MAIN_01_TEXT,0x6B57,0x12E47,0x4B,0x4B,reviewed,authored,exact,gengetsu_bomb_inv_render,src/main/boss/gengetsu_bomb_inv_render.cpp,ev-th04-main-authored-screen-target;ev-th04-main-authored-screen-map;ev-th04-main-target;ev-th04-main-format-integrity;ev-toolchain-surfaces;ev-th04-main-gengetsu-bomb-inv-render-boundary-v106;ev-th04-main-gengetsu-bomb-inv-render-toolchain-v106;ev-th04-main-gengetsu-bomb-inv-render-omf-v106;ev-th04-main-gengetsu-bomb-inv-render-cold-v106;ev-th04-main-gengetsu-bomb-inv-render-layout-v106;ev-th04-main-gengetsu-bomb-inv-render-raw-v106;ev-th04-main-gengetsu-bomb-inv-render-aggregate-v106;ev-ledger-consistency-exact14,python3 scripts/replay_th04_main_exact_units.py --unit th04-main-gengetsu-bomb-inv-render-v106,Pure-C++ Gengetsu bombing-invincibility renderer is exact over 0x4B bytes. Focused gptweb-v106-probe-002 and 144-owner aggregate gptweb-v106-aggregate-001 pass raw/map/ordered-relocation/OMF/determinism; compiler-managed register liveness selects target LEA without inline assembly.
th04-main-mugetsu-gather-prefix-v107,th04-main,code-region,MAIN_033_TEXT,0x459F,0x1982F,0x8C,0x8C,reviewed,authored,exact,mugetsu_gather_prefix_2func,src/main/boss/mugetsu_prefix.cpp,ev-th04-main-authored-screen-target;ev-th04-main-authored-screen-map;ev-th04-main-target;ev-th04-main-format-integrity;ev-toolchain-surfaces;ev-th04-main-mugetsu-gather-prefix-boundary-v107;ev-th04-main-mugetsu-gather-prefix-toolchain-v107;ev-th04-main-mugetsu-gather-prefix-omf-v107;ev-th04-main-mugetsu-gather-prefix-cold-v107;ev-th04-main-mugetsu-gather-prefix-layout-v107;ev-th04-main-mugetsu-gather-prefix-raw-v107;ev-th04-main-mugetsu-gather-prefix-aggregate-v107;ev-ledger-consistency-exact14,python3 scripts/replay_th04_main_exact_units.py --unit th04-main-mugetsu-gather-prefix-v107,Pure-C++ Mugetsu gather prefix is exact over 0x8C bytes. Focused gptweb-v107m-probe-001 and 145-owner aggregate gptweb-v107m-aggregate-001 pass raw/map/ordered-relocation/OMF/determinism; the second function owns 0x67 code bytes plus contiguous 0x10 TC86 compare/jump tables despite Ghidra truncating its body to 0x11.
th04-main-mugetsu-transition-a-v108,th04-main,function,MAIN_033_TEXT,0x462B,0x198BB,0x6F,0x6F,reviewed,authored,exact,mugetsu_180BB,src/main/boss/mugetsu_180bb.cpp,ev-th04-main-authored-screen-target;ev-th04-main-authored-screen-map;ev-th04-main-target;ev-th04-main-format-integrity;ev-toolchain-surfaces;ev-th04-main-mugetsu-transition-a-boundary-v108;ev-th04-main-mugetsu-transition-a-toolchain-v108;ev-th04-main-mugetsu-transition-a-omf-v108;ev-th04-main-mugetsu-transition-a-cold-v108;ev-th04-main-mugetsu-transition-a-layout-v108;ev-th04-main-mugetsu-transition-a-raw-v108;ev-th04-main-mugetsu-transition-a-aggregate-v108;ev-ledger-consistency-exact14,python3 scripts/replay_th04_main_exact_units.py --unit th04-main-mugetsu-transition-a-v108,Pure-C++ Ghidra-missed Mugetsu phase-state callback is exact over 0x6F bytes. Focused gptweb-v108-probe-002 and 146-owner aggregate gptweb-v108-aggregate-001 pass raw/map/ordered-relocation/OMF/determinism; shared ret0 control flow is expressed with ordinary C++ goto labels.
th04-main-reimu-fg-v109,th04-main,function,BOSS_FG_TEXT,0x83A3,0x14693,0xCC,0xCC,reviewed,authored,exact,reimu_fg_render,src/main/boss/reimu_fg_render.cpp,ev-th04-main-authored-screen-target;ev-th04-main-authored-screen-map;ev-th04-main-target;ev-th04-main-format-integrity;ev-toolchain-surfaces;ev-th04-main-reimu-fg-boundary-v109;ev-th04-main-reimu-fg-toolchain-v109;ev-th04-main-reimu-fg-omf-v109;ev-th04-main-reimu-fg-cold-v109;ev-th04-main-reimu-fg-layout-v109;ev-th04-main-reimu-fg-raw-v109;ev-th04-main-reimu-fg-aggregate-v109;ev-ledger-consistency-exact14,python3 scripts/replay_th04_main_exact_units.py --unit th04-main-reimu-fg-v109,Pure-C++ Reimu foreground renderer is exact over 0xCC bytes. Focused gptweb-v109r-probe-001 and 147-owner aggregate gptweb-v109r-aggregate-001 pass raw/map/ordered-relocation/OMF/determinism; existing Reimu trail alias and a byte-preserving orb-render helper alias expose dependencies without changing target data/code.
th04-main-reimu-orbs-render-v110,th04-main,function,BOSS_FG_TEXT,0x8347,0x14637,0x5C,0x5C,reviewed,authored,exact,reimu_orbs_render,src/main/boss/reimu_orbs_render.cpp,ev-th04-main-authored-screen-target;ev-th04-main-authored-screen-map;ev-th04-main-target;ev-th04-main-format-integrity;ev-toolchain-surfaces;ev-th04-main-reimu-orbs-render-boundary-v110;ev-th04-main-reimu-orbs-render-toolchain-v110;ev-th04-main-reimu-orbs-render-omf-v110;ev-th04-main-reimu-orbs-render-cold-v110;ev-th04-main-reimu-orbs-render-layout-v110;ev-th04-main-reimu-orbs-render-raw-v110;ev-th04-main-reimu-orbs-render-aggregate-v110;ev-ledger-consistency-exact14,python3 scripts/replay_th04_main_exact_units.py --unit th04-main-reimu-orbs-render-v110,Pure-C++ Reimu orb renderer is exact over 0x5C bytes. Focused gptweb-v110-probe-001 and 149-owner aggregate gptweb-v111-aggregate-001 pass raw/map/ordered-relocation/OMF/determinism; the former ASM alias is replaced by maintained source.
th04-main-items-render-v111,th04-main,function,BOSS_FG_TEXT,0x8300,0x145F0,0x47,0x47,reviewed,authored,exact,items_render,src/main/item/items_render.cpp,ev-th04-main-authored-screen-target;ev-th04-main-authored-screen-map;ev-th04-main-target;ev-th04-main-format-integrity;ev-toolchain-surfaces;ev-th04-main-items-render-boundary-v111;ev-th04-main-items-render-toolchain-v111;ev-th04-main-items-render-omf-v111;ev-th04-main-items-render-cold-v111;ev-th04-main-items-render-layout-v111;ev-th04-main-items-render-raw-v111;ev-th04-main-items-render-aggregate-v111;ev-ledger-consistency-exact14,python3 scripts/replay_th04_main_exact_units.py --unit th04-main-items-render-v111,Pure-C++ items_render is exact over 0x47 bytes. Focused gptweb-v111-probe-003 and 149-owner aggregate gptweb-v111-aggregate-001 pass raw/map/ordered-relocation/OMF/determinism; Borland _ES pseudo-register assignment naturally emits the target VRAM segment setup.
th04-main-bullets-render-v112,th04-main,function,BOSS_FG_TEXT,0x81F5,0x144E5,0x10B,0x10B,reviewed,authored,exact,bullets_render,src/main/bullet/render.cpp,ev-th04-main-authored-screen-target;ev-th04-main-authored-screen-map;ev-th04-main-target;ev-th04-main-format-integrity;ev-toolchain-surfaces;ev-th04-main-bullets-render-boundary-v112;ev-th04-main-bullets-render-toolchain-v112;ev-th04-main-bullets-render-omf-v112;ev-th04-main-bullets-render-cold-v112;ev-th04-main-bullets-render-layout-v112;ev-th04-main-bullets-render-raw-v112;ev-th04-main-bullets-render-aggregate-v112;ev-ledger-consistency-exact14,python3 scripts/replay_th04_main_exact_units.py --unit th04-main-bullets-render-v112,Pure-C++ bullets_render is exact over 0x10B bytes. Focused gptweb-v112-probe-007 and 150-owner aggregate gptweb-v112-aggregate-001 pass raw/map/ordered-relocation/OMF/determinism; this closes target-derived ASM ownership in BOSS_FG_TEXT.
th04-main-yuuka6-bg-v113,th04-main,function,BOSS_BG_TEXT,0x7DC9,0x140B9,0xC0,0xC0,reviewed,authored,exact,yuuka6_bg_render,src/main/boss/yuuka6_bg_render.cpp,ev-th04-main-authored-screen-target;ev-th04-main-authored-screen-map;ev-th04-main-target;ev-th04-main-format-integrity;ev-toolchain-surfaces;ev-th04-main-yuuka6-bg-boundary-v113;ev-th04-main-yuuka6-bg-toolchain-v113;ev-th04-main-yuuka6-bg-omf-v113;ev-th04-main-yuuka6-bg-cold-v113;ev-th04-main-yuuka6-bg-layout-v113;ev-th04-main-yuuka6-bg-raw-v113;ev-th04-main-yuuka6-bg-aggregate-v113;ev-ledger-consistency-exact14,python3 scripts/replay_th04_main_exact_units.py --unit th04-main-yuuka6-bg-v113,Pure-C++ Ghidra-missed Yuuka6 background renderer is exact over 0xC0 bytes. Focused gptweb-v113-probe-002 and 151-owner aggregate gptweb-v113-aggregate-001 pass raw/map/ordered-relocation/OMF/determinism; exact owner ends at the next exact BOSS_BG public.
th04-main-stage-state-init-v115,th04-main,function,MAIN_012_TEXT,0x73DB,0x136CB,0xCB,0xCB,reviewed,authored,exact,stage_state_init,src/main/stage_state_init.cpp,ev-th04-main-authored-screen-target;ev-th04-main-authored-screen-map;ev-th04-main-target;ev-th04-main-format-integrity;ev-toolchain-surfaces;ev-th04-main-stage-state-init-boundary-v115;ev-th04-main-stage-state-init-toolchain-v115;ev-th04-main-stage-state-init-omf-v115;ev-th04-main-stage-state-init-cold-v115;ev-th04-main-stage-state-init-layout-v115;ev-th04-main-stage-state-init-raw-v115;ev-th04-main-stage-state-init-aggregate-v115;ev-ledger-consistency-exact14,python3 scripts/replay_th04_main_exact_units.py --unit th04-main-stage-state-init-v115,Pure-C++ stage state initializer is exact over the target-proved 0xCB MAIN_012_TEXT suffix. Focused gptweb-v115-probe-001 and 152-owner aggregate gptweb-v115-aggregate-001 pass raw/map/ordered-relocation/OMF/determinism; Ghidra truncates the function to its first 0x2C bytes.
th04-main-elly-fg-v116,th04-main,function,MAIN_012_TEXT,0x7322,0x13612,0xB9,0xB9,reviewed,authored,exact,elly_fg_render,src/main/boss/elly_fg_render.cpp,ev-th04-main-authored-screen-target;ev-th04-main-authored-screen-map;ev-th04-main-target;ev-th04-main-format-integrity;ev-toolchain-surfaces;ev-th04-main-elly-fg-boundary-v116;ev-th04-main-elly-fg-toolchain-v116;ev-th04-main-elly-fg-omf-v116;ev-th04-main-elly-fg-cold-v116;ev-th04-main-elly-fg-layout-v116;ev-th04-main-elly-fg-raw-v116;ev-th04-main-elly-fg-aggregate-v116;ev-ledger-consistency-exact14,python3 scripts/replay_th04_main_exact_units.py --unit th04-main-elly-fg-v116,Pure-C++ Ghidra-missed Elly foreground renderer is exact over the target-proved 0xB9 MAIN_012_TEXT suffix. Focused gptweb-v116-probe-002 and 153-owner aggregate gptweb-v116-aggregate-001 pass raw/map/ordered-relocation/OMF/determinism; exact owner ends at stage_state_init.
th04-main-shots-add-v117,th04-main,function,MAIN_012_TEXT,0x72A6,0x13596,0x34,0x34,reviewed,authored,exact,shots_add,src/main/player/shots_add.cpp,ev-th04-main-authored-screen-target;ev-th04-main-authored-screen-map;ev-th04-main-target;ev-th04-main-format-integrity;ev-toolchain-surfaces;ev-ledger-consistency-exact14;ev-th04-main-shots-add-boundary-v119;ev-th04-main-shots-add-toolchain-v119;ev-th04-main-shots-add-omf-v119;ev-th04-main-shots-add-cold-v119;ev-th04-main-shots-add-layout-v119;ev-th04-main-shots-add-raw-v119;ev-th04-main-shots-add-aggregate-v119,python3 scripts/replay_th04_main_exact_units.py --unit th04-main-shots-add-v117,Pure-C++ shots_add is exact over the target-proved 0x34 MAIN_012_TEXT extent. Focused gptweb-v119-shots-focused-001 and 155-owner aggregate gptweb-v119-aggregate-001 pass raw/map/ordered-relocation/OMF/determinism. The following 0x48 unresolved assembler residual is hash-extracted only inside replay and receives no reconstruction credit.
th04-main-yuuka6-fg-v118,th04-main,function,MAIN_012_TEXT,0x712A,0x1341A,0x17C,0x17C,reviewed,authored,exact,yuuka6_fg_render,src/main/boss/yuuka6_fg_render.cpp,ev-th04-main-authored-screen-target;ev-th04-main-authored-screen-map;ev-th04-main-target;ev-th04-main-format-integrity;ev-toolchain-surfaces;ev-ledger-consistency-exact14;ev-th04-main-yuuka6-fg-boundary-v118;ev-th04-main-yuuka6-fg-toolchain-v119;ev-th04-main-yuuka6-fg-omf-v119;ev-th04-main-yuuka6-fg-cold-v119;ev-th04-main-yuuka6-fg-layout-v119;ev-th04-main-yuuka6-fg-raw-v119;ev-th04-main-yuuka6-fg-aggregate-v119,python3 scripts/replay_th04_main_exact_units.py --unit th04-main-yuuka6-fg-v118,Pure-C++ Yuuka6 foreground renderer is exact over all 0x17C target bytes. Focused gptweb-v119-yuuka-focused-001 and 155-owner aggregate gptweb-v119-aggregate-001 pass raw/map/ordered-relocation/OMF/determinism. Hash-bound replay extraction resolves the physical producer seam without accepting shot_velocity_set or sub_11DE6.
th04-main-yuuka6-entities-render-v120,th04-main,function,MAIN_012_TEXT,0x7054,0x13344,0xD6,0xD6,reviewed,authored,exact,yuuka6_entities_render,src/main/boss/yuuka6_entities_render.cpp,ev-th04-main-authored-screen-target;ev-th04-main-authored-screen-map;ev-th04-main-target;ev-th04-main-format-integrity;ev-toolchain-surfaces;ev-ledger-consistency-exact14;ev-th04-main-yuuka6-entities-boundary-v120;ev-th04-main-yuuka6-entities-toolchain-v120;ev-th04-main-yuuka6-entities-omf-v120;ev-th04-main-yuuka6-entities-cold-v120;ev-th04-main-yuuka6-entities-layout-v120;ev-th04-main-yuuka6-entities-raw-v120;ev-th04-main-yuuka6-entities-aggregate-v120,python3 scripts/replay_th04_main_exact_units.py --unit th04-main-yuuka6-entities-render-v120,Pure-C++ Yuuka6 chase-cross and safety-circle renderer is exact over the target-proved 0xD6 MAIN_012_TEXT extent. Focused gptweb-v120-yuuka-entities-focused-001 and 156-owner aggregate gptweb-v120-yuuka-entities-aggregate-001 pass raw/map/ordered-relocation/OMF/determinism.
th04-main-midboss-defeat-render-v121,th04-main,function,MAIN_012_TEXT,0x6FAA,0x1329A,0xAA,0xAA,reviewed,authored,exact,midboss_defeat_render,src/main/midboss/defeat_render.cpp,ev-th04-main-authored-screen-target;ev-th04-main-authored-screen-map;ev-th04-main-target;ev-th04-main-format-integrity;ev-toolchain-surfaces;ev-ledger-consistency-exact14;ev-th04-main-midboss-defeat-boundary-v121;ev-th04-main-midboss-defeat-toolchain-v121;ev-th04-main-midboss-defeat-omf-v121;ev-th04-main-midboss-defeat-cold-v121;ev-th04-main-midboss-defeat-layout-v121;ev-th04-main-midboss-defeat-raw-v121;ev-th04-main-midboss-defeat-aggregate-v121,python3 scripts/replay_th04_main_exact_units.py --unit th04-main-midboss-defeat-render-v121,Pure-C++ default midboss defeat renderer is exact over the target-proved 0xAA MAIN_012_TEXT extent. Focused gptweb-v121-midboss-defeat-focused-001 and 157-owner aggregate gptweb-v121-midboss-defeat-aggregate-001 pass raw/map/ordered-relocation/OMF/determinism.
th04-main-orange-fg-v122,th04-main,function,MAIN_012_TEXT,0x6E7B,0x1316B,0x12F,0x12F,reviewed,authored,exact,orange_fg_render,src/main/boss/orange_fg_render.cpp,ev-th04-main-authored-screen-target;ev-th04-main-authored-screen-map;ev-th04-main-target;ev-th04-main-format-integrity;ev-toolchain-surfaces;ev-ledger-consistency-exact14;ev-th04-main-orange-fg-boundary-v122;ev-th04-main-orange-fg-compiler-shape-v122;ev-th04-main-orange-fg-toolchain-v122;ev-th04-main-orange-fg-omf-v122;ev-th04-main-orange-fg-cold-v122;ev-th04-main-orange-fg-layout-v122;ev-th04-main-orange-fg-raw-v122;ev-th04-main-orange-fg-aggregate-v122,python3 scripts/replay_th04_main_exact_units.py --unit th04-main-orange-fg-v122,Pure-C++ Orange foreground renderer is exact over the target-proved 0x12F MAIN_012_TEXT extent. Focused gptweb-v122-orange-fg-focused-001 and 158-owner aggregate gptweb-v122-orange-fg-aggregate-001 pass raw/map/ordered-relocation/OMF/determinism.
th04-main-kurumi-fg-v123,th04-main,function,MAIN_012_TEXT,0x6CA3,0x12F93,0x1D8,0x1D8,reviewed,authored,exact,kurumi_fg_render,src/main/boss/kurumi_fg_render.cpp,ev-th04-main-authored-screen-target;ev-th04-main-authored-screen-map;ev-th04-main-target;ev-th04-main-format-integrity;ev-toolchain-surfaces;ev-ledger-consistency-exact14;ev-th04-main-kurumi-fg-boundary-v123;ev-th04-main-kurumi-fg-compiler-shape-v123;ev-th04-main-kurumi-fg-toolchain-v123;ev-th04-main-kurumi-fg-omf-v123;ev-th04-main-kurumi-fg-cold-v123;ev-th04-main-kurumi-fg-layout-v123;ev-th04-main-kurumi-fg-raw-v123;ev-th04-main-kurumi-fg-aggregate-v123,python3 scripts/replay_th04_main_exact_units.py --unit th04-main-kurumi-fg-v123,Pure-C++ Kurumi foreground renderer is exact over the target-proved 0x1D8 no-Ghidra MAIN_012_TEXT extent. Focused gptweb-v123-kurumi-fg-focused-001 and 159-owner aggregate gptweb-v123-kurumi-fg-aggregate-001 pass raw/map/ordered-relocation/OMF/determinism.
th04-main-kurumi-spawnrays-v124,th04-main,function,MAIN_033_TEXT,0x4F84,0x1A214,0x154,0x154,reviewed,authored,exact,kurumi_spawnrays,src/main/boss/kurumi_spawnrays.cpp,ev-th04-main-authored-screen-target;ev-th04-main-authored-screen-map;ev-th04-main-target;ev-th04-main-format-integrity;ev-toolchain-surfaces;ev-ledger-consistency-exact14;ev-th04-main-kurumi-spawnrays-boundary-v124;ev-th04-main-kurumi-spawnrays-compiler-shape-v124;ev-th04-main-kurumi-spawnrays-toolchain-v124;ev-th04-main-kurumi-spawnrays-omf-v124;ev-th04-main-kurumi-spawnrays-cold-v124;ev-th04-main-kurumi-spawnrays-layout-v124;ev-th04-main-kurumi-spawnrays-raw-v124;ev-th04-main-kurumi-spawnrays-aggregate-v124,python3 scripts/replay_th04_main_exact_units.py --unit th04-main-kurumi-spawnrays-v124,Pure-C++ Kurumi spawn-ray allocator/updater cohort is exact over the target-proved 0x154 MAIN_033_TEXT extent. Focused gptweb-v124-kurumi-spawnrays-focused-004 and 160-owner aggregate gptweb-v124-kurumi-spawnrays-aggregate-001 pass raw/map/four ordered relocations/OMF/determinism. Hash-bound suffix extraction preserves physical producer order without granting the residual suffix reconstruction credit.
th04-main-kurumi-spawnray-phases-v125,th04-main,function,MAIN_033_TEXT,0x5156,0x1A3E6,0x1D0,0x1D0,reviewed,authored,exact,kurumi_spawnray_phases,src/main/boss/kurumi_spawnray_phases.cpp,ev-th04-main-authored-screen-target;ev-th04-main-authored-screen-map;ev-th04-main-target;ev-th04-main-format-integrity;ev-toolchain-surfaces;ev-ledger-consistency-exact14;ev-th04-main-kurumi-spawnray-phases-boundary-v125;ev-th04-main-kurumi-spawnray-phases-compiler-shape-v125;ev-th04-main-kurumi-spawnray-phases-toolchain-v125;ev-th04-main-kurumi-spawnray-phases-omf-v125;ev-th04-main-kurumi-spawnray-phases-cold-v125;ev-th04-main-kurumi-spawnray-phases-layout-v125;ev-th04-main-kurumi-spawnray-phases-raw-v125;ev-th04-main-kurumi-spawnray-phases-aggregate-v125,python3 scripts/replay_th04_main_exact_units.py --unit th04-main-kurumi-spawnray-phases-v125,Pure-C++ Kurumi spawn-ray phase-handler cohort is exact over the target-proved 0x1D0 MAIN_033_TEXT extent. Focused gptweb-v125-kurumi-phases-focused-001 and 161-owner aggregate gptweb-v125-kurumi-phases-aggregate-001 pass raw/map/seven ordered relocations/OMF/determinism. Hash-bound replay-only pre/suffix seams preserve physical producer order without granting residual reconstruction credit.
th04-main-kurumi-late-phases-v126,th04-main,function,MAIN_033_TEXT,0x5326,0x1A5B6,0x2A4,0x2A4,reviewed,authored,exact,kurumi_late_phases,src/main/boss/kurumi_late_phases.cpp,ev-th04-main-authored-screen-target;ev-th04-main-authored-screen-map;ev-th04-main-target;ev-th04-main-format-integrity;ev-toolchain-surfaces;ev-th04-main-kurumi-late-phases-boundary-v126;ev-th04-main-kurumi-late-phases-compiler-shape-v126;ev-th04-main-kurumi-late-phases-toolchain-v126;ev-th04-main-kurumi-late-phases-omf-v126;ev-th04-main-kurumi-late-phases-cold-v126;ev-th04-main-kurumi-late-phases-layout-v126;ev-th04-main-kurumi-late-phases-raw-v126;ev-th04-main-kurumi-late-phases-aggregate-v126;ev-ledger-consistency-exact14,python3 scripts/replay_th04_main_exact_units.py --unit th04-main-kurumi-late-phases-v126,Pure-C++ Kurumi late phase-handler cohort is exact over the target-proved 0x2A4 MAIN_033_TEXT extent. Focused gptweb-v126-kurumi-late-phases-focused-001 and 162-owner aggregate gptweb-v126-kurumi-late-phases-aggregate-001 pass raw/map/seven ordered relocations/OMF/determinism. Hash-bound replay-only pre/suffix seams and zero-byte semantic aliases preserve physical/storage ownership without granting residual reconstruction credit.
th04-main-kurumi-bullet-stacks-v127,th04-main,function,MAIN_033_TEXT,0x55CA,0x1A85A,0x103,0x103,reviewed,authored,exact,kurumi_bullet_stacks_phase,src/main/boss/kurumi_bullet_stacks.cpp,ev-th04-main-authored-screen-target;ev-th04-main-authored-screen-map;ev-th04-main-target;ev-th04-main-format-integrity;ev-toolchain-surfaces;ev-th04-main-kurumi-bullet-stacks-boundary-v127;ev-th04-main-kurumi-bullet-stacks-compiler-shape-v127;ev-th04-main-kurumi-bullet-stacks-toolchain-v127;ev-th04-main-kurumi-bullet-stacks-omf-v127;ev-th04-main-kurumi-bullet-stacks-cold-v127;ev-th04-main-kurumi-bullet-stacks-layout-v127;ev-th04-main-kurumi-bullet-stacks-raw-v127;ev-th04-main-kurumi-bullet-stacks-aggregate-v127;ev-ledger-consistency-exact14,python3 scripts/replay_th04_main_exact_units.py --unit th04-main-kurumi-bullet-stacks-v127,"Natural C++ exactly reconstructs the complete reviewed 0x103-byte MAIN_033_TEXT owner. Final-manifest focused double cold replay and 163-owner aggregate replay prove raw bytes, map placement, the sole ordered MZ relocation, valid deterministic TC86 OMF, and no accepted-owner regression."
th04-main-kurumi-update-v128,th04-main,function,MAIN_033_TEXT,0x56CD,0x1A95D,0x487,0x487,reviewed,authored,exact,kurumi_update,src/main/boss/kurumi_update.cpp,ev-th04-main-kurumi-update-boundary-v128;ev-th04-main-kurumi-update-compiler-shape-v128;ev-th04-main-authored-screen-target;ev-th04-main-authored-screen-map;ev-th04-main-target;ev-th04-main-format-integrity;ev-toolchain-surfaces;ev-th04-main-kurumi-update-toolchain-v128;ev-th04-main-kurumi-update-omf-v128;ev-th04-main-kurumi-update-cold-v128;ev-th04-main-kurumi-update-layout-v128;ev-th04-main-kurumi-update-raw-v128;ev-th04-main-kurumi-update-aggregate-v128;ev-ledger-consistency-exact14,python3 scripts/replay_th04_main_exact_units.py --unit th04-main-kurumi-orbit-v128 --run-id gptweb-v128-kurumi-full-focused-002,"Natural C++ exactly reconstructs the reviewed 0x487-byte far-dispatcher/compiler-table owner inside the recovered 0xBD0-byte Kurumi MAIN_033 TC4J physical producer. Final focused and 165-owner aggregate cold replay prove raw bytes, map placement, all five ordered overlapping MZ relocations, deterministic valid OMF, and no accepted-owner regression."
th04-main-kurumi-orbit-v128,th04-main,function,MAIN_033_TEXT,0x50D8,0x1A368,0x7E,0x7E,reviewed,authored,exact,kurumi_orbit_steps,src/main/boss/kurumi_update.cpp,ev-th04-main-kurumi-orbit-boundary-v128;ev-th04-main-kurumi-orbit-compiler-shape-v128;ev-th04-main-authored-screen-target;ev-th04-main-authored-screen-map;ev-th04-main-target;ev-th04-main-format-integrity;ev-toolchain-surfaces;ev-th04-main-kurumi-orbit-toolchain-v128;ev-th04-main-kurumi-orbit-omf-v128;ev-th04-main-kurumi-orbit-cold-v128;ev-th04-main-kurumi-orbit-layout-v128;ev-th04-main-kurumi-orbit-raw-v128;ev-th04-main-kurumi-orbit-aggregate-v128;ev-ledger-consistency-exact14,python3 scripts/replay_th04_main_exact_units.py --unit th04-main-kurumi-orbit-v128 --run-id gptweb-v128-kurumi-full-focused-002,"Natural C++ exactly reconstructs the adjacent 0x7E-byte two-function orbit cohort inside the recovered 0xBD0-byte Kurumi MAIN_033 TC4J physical producer. Final focused and 165-owner aggregate replay prove raw bytes, map placement, four ordered MZ relocations, deterministic valid OMF, and no accepted-owner regression."
th04-main-orange-phase-entry-v129,th04-main,function,MAIN_033_TEXT,0x5B54,0x1ADE4,0xA2,0xA2,reviewed,authored,exact,orange_phase_entry,src/main/boss/orange_phase_entry.cpp,ev-th04-main-orange-phase-entry-boundary-v129;ev-th04-main-orange-phase-entry-compiler-shape-v129;ev-th04-main-orange-phase-entry-link-diagnostic-v129;ev-th04-main-authored-screen-target;ev-th04-main-authored-screen-map;ev-th04-main-target;ev-th04-main-format-integrity;ev-toolchain-surfaces;ev-th04-main-orange-phase-entry-toolchain-v130;ev-th04-main-orange-phase-entry-omf-v130;ev-th04-main-orange-phase-entry-cold-v130;ev-th04-main-orange-phase-entry-layout-v130;ev-th04-main-orange-phase-entry-raw-v130;ev-th04-main-orange-phase-entry-aggregate-v130;ev-ledger-consistency-exact14,python3 scripts/replay_th04_main_exact_units.py --unit th04-main-orange-phase-entry-v129 --run-id gptweb-v130-orange-phase-entry-focused-001,"Natural C++ exactly reconstructs the reviewed 0xA2-byte Orange phase-entry near function. Final focused and 166-owner aggregate two-cold replay prove raw bytes, exact map placement, the sole ordered overlapping MZ relocation at load 0x19668, valid deterministic OMF, and no accepted-owner regression."
th04-main-orange-mode-phases-v131,th04-main,code-region,MAIN_033_TEXT,0x5BF6,0x1AE86,0x1F2,0x1F2,reviewed,authored,exact,orange_mode_phases,src/main/boss/orange_mode_phases.cpp,ev-th04-main-orange-mode-phases-boundary-v131;ev-th04-main-orange-mode-phases-compiler-shape-v131;ev-th04-main-orange-mode-phases-link-diagnostic-v131;ev-th04-main-authored-screen-target;ev-th04-main-authored-screen-map;ev-th04-main-target;ev-th04-main-format-integrity;ev-toolchain-surfaces;ev-th04-main-orange-mode-phases-toolchain-v131;ev-th04-main-orange-mode-phases-omf-v131;ev-th04-main-orange-mode-phases-cold-v131;ev-th04-main-orange-mode-phases-layout-v131;ev-th04-main-orange-mode-phases-raw-v131;ev-th04-main-orange-mode-phases-aggregate-v131;ev-ledger-consistency-exact14,python3 scripts/replay_th04_main_exact_units.py --unit th04-main-orange-mode-phases-v131 --run-id gptweb-v131-orange-mode-phases-focused-001,"Natural C++ physical producer for four contiguous Orange mode handlers. Focused and 167-owner aggregate two-cold replay reproduce all 498 target bytes, exact four-public map placement, all five ordered overlapping relocations, valid deterministic OMF, and no accepted-owner regression."
th04-main-orange-bounce-random-v132,th04-main,code-region,MAIN_033_TEXT,0x5DE8,0x1B078,0x113,0x113,reviewed,authored,exact,orange_phase_bounce_random,src/main/boss/orange_phase_bounce_random.cpp,ev-th04-main-orange-bounce-random-boundary-v132;ev-th04-main-orange-bounce-random-compiler-shape-v132;ev-th04-main-authored-screen-target;ev-th04-main-authored-screen-map;ev-th04-main-target;ev-th04-main-format-integrity;ev-toolchain-surfaces;ev-th04-main-orange-bounce-random-toolchain-v132;ev-th04-main-orange-bounce-random-omf-v132;ev-th04-main-orange-bounce-random-cold-v132;ev-th04-main-orange-bounce-random-layout-v132;ev-th04-main-orange-bounce-random-raw-v132;ev-th04-main-orange-bounce-random-aggregate-v132;ev-ledger-consistency-exact14,python3 scripts/replay_th04_main_exact_units.py --unit th04-main-orange-bounce-random-v132 --run-id gptweb-v132-orange-bounce-random-focused-002,"Natural C++ exactly reconstructs the reviewed 0x113-byte Orange bounce/random near function. Focused 104-owner dependency replay and 168-owner aggregate two-cold replay prove all 275 raw bytes, exact 13A9:5DE8 map placement, the sole ordered overlapping MZ relocation at load 0x198AD, valid deterministic TC86 OMF, and no accepted-owner regression."
th04-main-orange-tail-v133,th04-main,code-region,MAIN_033_TEXT,0x5EFB,0x1B18B,0x531,0x531,reviewed,authored,exact,orange_tail,src/main/boss/orange_update.cpp,ev-th04-main-orange-tail-boundary-v133;ev-th04-main-orange-tail-compiler-shape-v133;ev-th04-main-orange-tail-link-diagnostic-v133;ev-th04-main-authored-screen-target;ev-th04-main-authored-screen-map;ev-th04-main-target;ev-th04-main-format-integrity;ev-toolchain-surfaces;ev-th04-main-orange-tail-toolchain-v133;ev-th04-main-orange-tail-omf-v133;ev-th04-main-orange-tail-cold-v133;ev-th04-main-orange-tail-layout-v133;ev-th04-main-orange-tail-raw-v133;ev-th04-main-orange-tail-aggregate-v133;ev-ledger-consistency-exact14,python3 scripts/replay_th04_main_exact_units.py --unit th04-main-orange-tail-v133 --run-id gptweb-v133-orange-tail-focused-002,"Natural C++ exactly reconstructs the complete 0x531-byte MAIN_033_TEXT Orange tail: the 0x118 near helper, 0x403-byte FAR orange_update() body, and 0x16 bytes of compiler-generated switch tables. Focused 105-owner dependency replay and 169-owner aggregate two-cold replay prove all 1329 raw bytes, exact 13A9:5EFB map placement, all six ordered overlapping MZ relocations, valid deterministic TC86 OMF, a valid zero-code residual assembler object, and no accepted-owner regression."
th04-main-randring2-next16-v134,th04-main,function,MAIN_032_TEXT,0x02C2,0x15552,0xD,0xD,reviewed,authored,exact,randring2_next16,src/main/math/randring2_next16.cpp,ev-th04-main-randring2-next16-boundary-v134;ev-th04-main-randring2-next16-compiler-shape-v134;ev-th04-main-authored-screen-target;ev-th04-main-authored-screen-map;ev-th04-main-target;ev-th04-main-format-integrity;ev-toolchain-surfaces;ev-th04-main-randring2-next16-toolchain-v134;ev-th04-main-randring2-next16-omf-v134;ev-th04-main-randring2-next16-cold-v134;ev-th04-main-randring2-next16-layout-v134;ev-th04-main-randring2-next16-raw-v134;ev-th04-main-randring2-next16-aggregate-v134;ev-ledger-consistency-exact14,python3 scripts/replay_th04_main_exact_units.py --unit th04-main-randring2-next16-v134 --run-id gptweb-v134-randring2-next16-focused-003,"Natural C++ exactly reconstructs the reviewed 0xD-byte randring2_next16() near function. Focused 106-owner dependency replay and 170-owner aggregate two-cold replay prove all 13 raw bytes, exact MAIN_032_TEXT 13A9:02C2 map placement, empty ordered relocation overlap, valid deterministic TC86 OMF, and no accepted-owner regression. The following target NOP remains residual layout outside reconstruction credit."
th04-main-randring1-next16-v137,th04-main,function,CIRCLE_TEXT,0x1180,0xD470,0xD,0xD,reviewed,authored,exact,randring1_next16,src/main/math/randring1_next16.cpp,ev-th04-main-randring1-next16-boundary-v137;ev-th04-main-randring1-next16-compiler-v137;ev-th04-main-authored-screen-target;ev-th04-main-authored-screen-map;ev-th04-main-target;ev-th04-main-format-integrity;ev-toolchain-surfaces;ev-th04-main-randring1-next16-toolchain-v137;ev-th04-main-randring1-next16-omf-v137;ev-th04-main-randring1-next16-cold-v137;ev-th04-main-randring1-next16-layout-v137;ev-th04-main-randring1-next16-raw-v137;ev-th04-main-randring1-next16-aggregate-v137;ev-ledger-consistency-exact14,python3 scripts/replay_th04_main_exact_units.py --unit th04-main-randring1-next16-v137 --run-id gptweb-v137-randring1-focused-001,"Natural C++ exactly reconstructs the reviewed 0xD-byte randring1_next16() near function. Focused 108-owner dependency replay and 172-owner aggregate two-cold replay prove all 13 raw bytes, exact CIRCLE_TEXT 0AAF:1180 map placement, empty ordered relocation overlap, valid deterministic TC86 OMF, and no accepted-owner regression. The following target NOP remains residual layout outside reconstruction credit."
th04-main-randring1-next16-and-v137,th04-main,function,CIRCLE_TEXT,0x118E,0xD47E,0x15,0x15,reviewed,authored,exact,randring1_next16_and,src/main/math/randring1_next16_and.cpp,ev-th04-main-randring1-and-boundary-v137;ev-th04-main-randring1-and-compiler-v137;ev-th04-main-authored-screen-target;ev-th04-main-authored-screen-map;ev-th04-main-target;ev-th04-main-format-integrity;ev-toolchain-surfaces;ev-th04-main-randring1-and-toolchain-v137;ev-th04-main-randring1-and-omf-v137;ev-th04-main-randring1-and-cold-v137;ev-th04-main-randring1-and-layout-v137;ev-th04-main-randring1-and-raw-v137;ev-th04-main-randring1-and-aggregate-v137;ev-ledger-consistency-exact14,python3 scripts/replay_th04_main_exact_units.py --unit th04-main-randring1-next16-and-v137 --run-id gptweb-v137-randring1-focused-001,"Natural C++ exactly reconstructs the reviewed 0x15-byte randring1_next16_and(unsigned int) near Pascal function. Focused 108-owner dependency replay and 172-owner aggregate two-cold replay prove all 21 raw bytes, exact CIRCLE_TEXT 0AAF:118E map placement, empty ordered relocation overlap, valid deterministic TC86 OMF, and no accepted-owner regression. Surrounding target NOPs remain residual layout outside reconstruction credit."
th04-main-pointnums-render-v138,th04-main,function,CIRCLE_TEXT,0x1274,0xD564,0x9A,0x9A,reviewed,original-asm,exact,POINTNUMS_RENDER,src/main/pointnum/render.asm,ev-th04-main-pointnum-lifecycle-boundary-v136;ev-th04-main-pointnum-render-put-boundary-v138;ev-th04-main-pointnum-put-codegen-v138-negative;ev-th04-main-pointnum-render-put-function-review-v138;ev-th04-main-pointnum-render-origin-v140;ev-th04-main-pointnum-render-toolchain-v140;ev-th04-main-authored-screen-target;ev-th04-main-authored-screen-map;ev-th04-main-target;ev-th04-main-format-integrity;ev-toolchain-surfaces;ev-th04-main-pointnum-render-omf-v140;ev-th04-main-pointnum-render-cold-v140;ev-th04-main-pointnum-render-layout-v140;ev-th04-main-pointnum-render-raw-v140;ev-th04-main-pointnum-render-aggregate-v140;ev-ledger-consistency-exact14,python3 scripts/replay_th04_main_exact_units.py --unit th04-main-pointnums-render-v138 --run-id gptweb-v140-pointnum-render-put-focused-candidate-002,"Original-style symbolic TASM exactly reconstructs the complete reviewed 0x9A renderer, including the target code-owned write into the immediate operand of its own later width store. No legal natural TC4J producer is known for that self-modifying behavior. Focused 110-owner and pre-promotion 175-owner aggregate two-cold replay pass raw/map/relocation/OMF/determinism."
th04-main-pointnum-put-v138,th04-main,function,CIRCLE_TEXT,0x130E,0xD5FE,0x6A,0x6A,reviewed,original-asm,exact,@pointnum_put,src/main/pointnum/put.asm,ev-th04-main-pointnum-lifecycle-boundary-v136;ev-th04-main-pointnum-render-put-boundary-v138;ev-th04-main-pointnum-put-codegen-v138-negative;ev-th04-main-pointnum-render-put-function-review-v138;ev-th04-main-pointnum-put-origin-v140;ev-th04-main-pointnum-put-toolchain-v140;ev-th04-main-authored-screen-target;ev-th04-main-authored-screen-map;ev-th04-main-target;ev-th04-main-format-integrity;ev-toolchain-surfaces;ev-th04-main-pointnum-put-omf-v140;ev-th04-main-pointnum-put-cold-v140;ev-th04-main-pointnum-put-layout-v140;ev-th04-main-pointnum-put-raw-v140;ev-th04-main-pointnum-put-aggregate-v140;ev-ledger-consistency-exact14,python3 scripts/replay_th04_main_exact_units.py --unit th04-main-pointnums-render-v138 --run-id gptweb-v140-pointnum-render-put-focused-candidate-002,Original-style symbolic TASM exactly reconstructs the complete reviewed 0x6A register-ABI blitter. TH04 and TH05 original targets share 104/106 bytes exactly and differ only in the linked _sPOINTNUMS word; v138 legal TC4J probes fail the target frameless LODSW/LOOP/XCHG producer shape. Focused 110-owner and pre-promotion 175-owner aggregate two-cold replay pass raw/map/relocation/OMF/determinism.
th04-main-pointnums-add-asm-v139,th04-main,code-region,MAIN_032_TEXT,0x0300,0x15590,0x62,0x62,reviewed,original-asm,exact,pointnums_add_asm_owner,src/main/pointnum/add.asm,ev-th04-main-pointnums-add-boundary-v139;ev-th04-main-pointnums-add-toolchain-v139;ev-th04-main-authored-screen-target;ev-th04-main-authored-screen-map;ev-th04-main-target;ev-th04-main-format-integrity;ev-toolchain-surfaces;ev-th04-main-pointnums-add-omf-v139;ev-th04-main-pointnums-add-cold-v139;ev-th04-main-pointnums-add-layout-v139;ev-th04-main-pointnums-add-raw-v139;ev-th04-main-pointnums-add-aggregate-v139;ev-ledger-consistency-exact14,python3 scripts/replay_th04_main_exact_units.py --unit th04-main-pointnums-add-asm-v139 --run-id gptweb-v139-pointnums-add-focused-align-candidate-003,Original-style TASM physical owner for the two-public shared-tail point-number add PROC plus a post-ENDP alignment NOP generated by TASM EVEN. Independent TH04/TH05 original-target control-flow corroboration and failed natural-TC4J matrices support the origin classification. Focused 109-owner and aggregate 173-owner two-cold replay reproduce all 0x62 bytes at MAIN_032_TEXT 13A9:0300 with empty MZ relocation overlap. Logical yellow/white function extents remain separately accounted.
th04-main-pointnum-lifecycle-asm-v141,th04-main,code-region,CIRCLE_TEXT,0x11C2,0xD4B2,0xB2,0xB2,reviewed,original-asm,exact,pointnum_lifecycle_asm_owner,src/main/pointnum/lifecycle.asm,ev-th04-main-pointnum-lifecycle-boundary-v136;ev-th04-main-pointnum-lifecycle-codegen-v136;ev-th04-main-pointnum-lifecycle-origin-v141;ev-th04-main-pointnum-lifecycle-toolchain-v141;ev-th04-main-authored-screen-target;ev-th04-main-authored-screen-map;ev-th04-main-target;ev-th04-main-format-integrity;ev-toolchain-surfaces;ev-th04-main-pointnum-lifecycle-omf-v141;ev-th04-main-pointnum-lifecycle-cold-v141;ev-th04-main-pointnum-lifecycle-layout-v141;ev-th04-main-pointnum-lifecycle-raw-v141;ev-th04-main-pointnum-lifecycle-aggregate-v141;ev-ledger-consistency-exact14,python3 scripts/replay_th04_main_exact_units.py --unit th04-main-pointnum-lifecycle-asm-v141 --run-id gptweb-v141-pointnum-lifecycle-focused-candidate-002,"Original-style symbolic TASM physical owner for POINTNUMS_INIT, pointnums_invalidate(), POINTNUMS_UPDATE, and the two TASM EVEN alignment bytes at load 0xBCBD/0xBCF3. Independent TH04/TH05 original-target control-flow preserves the same low-level producer architecture while GAME-specific fields/constants differ; v136 legal TC4J probes fail the bare DEC DI; JNZ and duplicated F_REMOVE store shape. Focused 111-owner, candidate-state 176-owner aggregate, and post-promotion 176-owner aggregate all pass with all 0xB2 physical bytes exact and empty relocation overlap."
th04-main-shot-velocity-level-asm-v143,th04-main,code-region,MAIN_012_TEXT,0x72DA,0x135CA,0x48,0x48,reviewed,original-asm,exact,shot_velocity_level,src/main/player/shot_velocity.asm,ev-th04-main-shot-velocity-boundary-v117;ev-th04-main-shot-velocity-codegen-negative-v117;ev-th04-main-sub-11de6-loop-codegen-negative-v117;ev-th04-main-sub-11de6-loop-crosscheck-v118;ev-th04-main-shot-seam-origin-v143;ev-th04-main-shot-seam-toolchain-v143;ev-th04-main-authored-screen-target;ev-th04-main-authored-screen-map;ev-th04-main-target;ev-th04-main-format-integrity;ev-toolchain-surfaces;ev-th04-main-shot-seam-omf-v143;ev-th04-main-shot-seam-cold-v143;ev-th04-main-shot-seam-layout-v143;ev-th04-main-shot-seam-raw-v143;ev-th04-main-shot-seam-aggregate-v143;ev-ledger-consistency-exact14,python3 scripts/replay_th04_main_exact_units.py --unit th04-main-shot-velocity-level-asm-v143 --run-id gptweb-v143-shot-seam-focused-candidate-002,"Original-style symbolic TASM exactly reconstructs the complete reviewed 0x48 MAIN_012_TEXT physical seam containing shot_velocity_set() and sub_11DE6. Independent TH05 original-target structure plus v117/v118 legal TC4J negatives support the origin classification. Focused 91-owner replay, candidate-state 178-owner aggregate, and post-promotion 178-owner aggregate all pass raw/map/relocation/OMF/determinism. The former replay-only extracted residual is no longer used by the current manifest."
th04-main-mugetsu-dense-transitions-v144,th04-main,code-region,MAIN_033_TEXT,0x469A,0x1992A,0x1EA,0x1EA,reviewed,authored,exact,mugetsu_dense_transition_callbacks,src/main/boss/mugetsu_transitions.cpp,ev-th04-main-mugetsu-1812a-boundary-v144;ev-th04-main-mugetsu-1821e-boundary-v144;ev-th04-main-mugetsu-dense-transition-negative-v109;ev-th04-main-mugetsu-dense-compiler-v144;ev-th04-main-mugetsu-dense-crossgame-v144;ev-th04-main-mugetsu-jump-opt-negative-v144;ev-th04-main-mugetsu-selector-register-negative-v144;ev-th04-main-mugetsu-dense-owner-boundary-v147;ev-th04-main-mugetsu-dense-toolchain-v147;ev-th04-main-mugetsu-dense-omf-v147;ev-th04-main-mugetsu-dense-cold-v147;ev-th04-main-mugetsu-dense-layout-v147;ev-th04-main-mugetsu-dense-raw-v147;ev-th04-main-mugetsu-dense-aggregate-v147;ev-th04-main-target;ev-th04-main-format-integrity;ev-toolchain-surfaces;ev-toolchain-pc98-ide-v147;ev-ledger-consistency-exact14;ev-th04-main-mugetsu-dense-aggregate-final-v147,python3 scripts/replay_th04_main_exact_units.py --unit th04-main-mugetsu-late-v146 --run-id gptweb-v147-mugetsu-main033-focused-candidate-007,"Natural C++ exactly reconstructs this reviewed 0x1EA logical owner inside the recovered 0x9BF MAIN_033 M5A.CPP physical producer. The source-driven TC4J PC-98 IDE integrated compiler, focused 114-unit replay, and candidate-state and post-promotion 181-owner aggregates pass raw bytes, map placement, ordered relocations, valid deterministic OMF, and dependency closure. Earlier v109/v144/v145 nonexact or isolated-object failures remain retained as negative evidence for those producer hypotheses."
th04-main-mugetsu-phase2-callbacks-v145,th04-main,code-region,MAIN_033_TEXT,0x4884,0x19B14,0x14A,0x14A,reviewed,authored,exact,mugetsu_phase2_callbacks,src/main/boss/mugetsu_phase2_callbacks.cpp,ev-th04-main-mugetsu-18314-boundary-v145;ev-th04-main-mugetsu-1838a-boundary-v145;ev-th04-main-mugetsu-phase2-compiler-v145;ev-th04-main-mugetsu-phase2-raw-v145;ev-th04-main-mugetsu-phase2-relocation-blocker-v145;ev-th04-main-mugetsu-physical-tu-routing-v145;ev-th04-main-mugetsu-phase2-owner-boundary-v147;ev-th04-main-mugetsu-phase2-toolchain-v147;ev-th04-main-mugetsu-phase2-omf-v147;ev-th04-main-mugetsu-phase2-cold-v147;ev-th04-main-mugetsu-phase2-layout-v147;ev-th04-main-mugetsu-phase2-raw-v147;ev-th04-main-mugetsu-phase2-aggregate-v147;ev-th04-main-target;ev-th04-main-format-integrity;ev-toolchain-surfaces;ev-toolchain-pc98-ide-v147;ev-ledger-consistency-exact14;ev-th04-main-mugetsu-phase2-aggregate-final-v147,python3 scripts/replay_th04_main_exact_units.py --unit th04-main-mugetsu-late-v146 --run-id gptweb-v147-mugetsu-main033-focused-candidate-007,"Natural C++ exactly reconstructs this reviewed 0x14A logical owner inside the recovered 0x9BF MAIN_033 M5A.CPP physical producer. The source-driven TC4J PC-98 IDE integrated compiler, focused 114-unit replay, and candidate-state and post-promotion 181-owner aggregates pass raw bytes, map placement, ordered relocations, valid deterministic OMF, and dependency closure. Earlier v109/v144/v145 nonexact or isolated-object failures remain retained as negative evidence for those producer hypotheses."
th04-main-mugetsu-late-v146,th04-main,code-region,MAIN_033_TEXT,0x49CE,0x19C5E,0x590,0x590,reviewed,authored,exact,mugetsu_late_callbacks_and_update,src/main/boss/mugetsu_late.cpp,ev-th04-main-mugetsu-1845e-boundary-v146;ev-th04-main-mugetsu-184ac-boundary-v146;ev-th04-main-mugetsu-18556-boundary-v146;ev-th04-main-mugetsu-185e4-boundary-v146;ev-th04-main-mugetsu-18655-boundary-v146;ev-th04-main-mugetsu-18684-boundary-v146;ev-th04-main-mugetsu-186b9-boundary-v146;ev-th04-main-mugetsu-186eb-boundary-v146;ev-th04-main-mugetsu-late-compiler-v146;ev-th04-main-mugetsu-physical-tu-v146;ev-th04-main-mugetsu-late-owner-boundary-v147;ev-th04-main-mugetsu-late-toolchain-v147;ev-th04-main-mugetsu-late-omf-v147;ev-th04-main-mugetsu-late-cold-v147;ev-th04-main-mugetsu-late-layout-v147;ev-th04-main-mugetsu-late-raw-v147;ev-th04-main-mugetsu-late-aggregate-v147;ev-th04-main-target;ev-th04-main-format-integrity;ev-toolchain-surfaces;ev-toolchain-pc98-ide-v147;ev-ledger-consistency-exact14;ev-th04-main-mugetsu-late-aggregate-final-v147,python3 scripts/replay_th04_main_exact_units.py --unit th04-main-mugetsu-late-v146 --run-id gptweb-v147-mugetsu-main033-focused-candidate-007,"Natural C++ exactly reconstructs this reviewed 0x590 logical owner inside the recovered 0x9BF MAIN_033 M5A.CPP physical producer. The source-driven TC4J PC-98 IDE integrated compiler, focused 114-unit replay, and candidate-state and post-promotion 181-owner aggregates pass raw bytes, map placement, ordered relocations, valid deterministic OMF, and dependency closure. Earlier v109/v144/v145 nonexact or isolated-object failures remain retained as negative evidence for those producer hypotheses."
th04-main-yuuka6-bg-update-v148,th04-main,code-region,BOSS_BG_TEXT,0x768E,0x1397E,0x73B,0x73B,reviewed,authored,exact,boss_bg_main01_prefix,src/main/boss/boss_bg_main01.cpp,ev-th04-main-boss-bg-prefix-boundary-v148;ev-th04-main-orange-bg-boundary-v148;ev-th04-main-kurumi-bg-boundary-v148;ev-th04-main-elly-bg-invalidate-boundary-v148;ev-th04-main-elly-bg-boundary-v148;ev-th04-main-reimu-marisa-bg-boundary-v148;ev-th04-main-yuuka5-bg-boundary-v148;ev-th04-main-bg-shape-respawn-boundary-v148;ev-th04-main-bg-shape-wrap-boundary-v148;ev-th04-main-yuuka6-bg-update-boundary-v148;ev-th04-main-boss-bg-toolchain-v148;ev-th04-main-boss-bg-omf-v148;ev-th04-main-boss-bg-cold-v148;ev-th04-main-boss-bg-layout-v148;ev-th04-main-boss-bg-raw-v148;ev-th04-main-boss-bg-aggregate-v148;ev-th04-main-target;ev-th04-main-format-integrity;ev-toolchain-surfaces;ev-ledger-consistency-exact14;ev-th04-main-boss-bg-aggregate-final-v148,python3 scripts/replay_th04_main_exact_units.py --unit th04-main-yuuka6-bg-update-v148 --run-id gptweb-v148-boss-bg-focused-candidate-001,"Natural C++ exactly reconstructs the first 0x73B BOSS_BG logical owner inside the recovered complete 0x7FB TC4J physical producer. Focused 89-owner replay, candidate-state 182-owner aggregate, and post-promotion 182-owner aggregate all pass raw bytes, map placement, all five ordered MZ relocations, valid deterministic OMF, and dependency closure. The adjacent 0xC0 yuuka6_bg_render remains the separate exact v113 byte owner but shares b6all.obj when v148 is active."
th04-main-midboss4-update-v149,th04-main,code-region,B4M_UPDATE_TEXT,0x14E8,0x16778,0x5D7,0x5D7,reviewed,authored,exact,midboss4_patterns_and_update,src/main/midboss/m4_update.cpp,ev-th04-main-midboss4-random-spreads-boundary-v149;ev-th04-main-midboss4-stack-boundary-v149;ev-th04-main-midboss4-aimed-boundary-v149;ev-th04-main-midboss4-spiral-boundary-v149;ev-th04-main-midboss4-update-boundary-v149;ev-th04-main-midboss4-owner-boundary-v149;ev-th04-main-midboss4-toolchain-v149;ev-th04-main-midboss4-omf-v149;ev-th04-main-midboss4-cold-v149;ev-th04-main-midboss4-layout-v149;ev-th04-main-midboss4-raw-v149;ev-th04-main-midboss4-aggregate-v149;ev-th04-main-target;ev-th04-main-format-integrity;ev-toolchain-surfaces;ev-ledger-consistency-exact14;ev-th04-main-midboss4-aggregate-final-v149,python3 scripts/replay_th04_main_exact_units.py --unit th04-main-midboss4-update-v149 --run-id gptweb-v149-midboss4-focused-candidate-009,"Natural C++ exactly reconstructs the reviewed 0x5D7 Stage 4 midboss logical owner. Focused 91-owner replay, candidate-state 183-owner aggregate, and post-promotion 183-owner aggregate pass raw bytes, exact map placement, all ten ordered MZ relocations, valid deterministic OMF, and dependency closure. Hash-bound prefix/residual assembler remains zero-credit replay plumbing."
th04-main-midboss2-update-v150,th04-main,code-region,B4M_UPDATE_TEXT,0x1062,0x162F2,0x486,0x486,reviewed,authored,exact,midboss2_patterns_and_update,src/main/midboss/m2_update.cpp,ev-th04-main-midboss2-cloud-boundary-v150;ev-th04-main-midboss2-ring-boundary-v150;ev-th04-main-midboss2-quad-boundary-v150;ev-th04-main-midboss2-aimed-boundary-v150;ev-th04-main-midboss2-update-boundary-v150;ev-th04-main-midboss2-owner-boundary-v150;ev-th04-main-midboss2-codegen-v150;ev-th04-main-midboss2-toolchain-v150;ev-th04-main-midboss2-omf-v150;ev-th04-main-midboss2-cold-v150;ev-th04-main-midboss2-layout-v150;ev-th04-main-midboss2-raw-v150;ev-th04-main-midboss2-aggregate-v150;ev-th04-main-target;ev-th04-main-format-integrity;ev-toolchain-surfaces;ev-ledger-consistency-exact14;ev-th04-main-midboss2-aggregate-final-v150;ev-th04-main-midboss2-codegen-negative-v150,python3 scripts/replay_th04_main_exact_units.py --unit th04-main-midboss2-update-v150 --run-id gptweb-v150-midboss2-focused-candidate-001,"Natural C++ exactly reconstructs the reviewed 0x486 Stage 2 midboss logical owner. Focused 92-owner replay, candidate-state 184-owner aggregate, and post-promotion 184-owner aggregate pass raw bytes, exact map placement, all seven ordered MZ relocations, valid deterministic OMF, and dependency closure. Hash-bound prefix assembler remains zero-credit replay plumbing."
th04-main-midbossx-update-v151,th04-main,code-region,B4M_UPDATE_TEXT,0x0C1F,0x15EAF,0x3E9,0x3E9,reviewed,authored,exact,midbossx_patterns_and_update,src/main/midboss/mx_update.cpp,ev-th04-main-midbossx-orbit-boundary-v151;ev-th04-main-midbossx-wave-boundary-v151;ev-th04-main-midbossx-ring-boundary-v151;ev-th04-main-midbossx-cloud-boundary-v151;ev-th04-main-midbossx-bounce-boundary-v151;ev-th04-main-midbossx-dual-boundary-v151;ev-th04-main-midbossx-events-boundary-v151;ev-th04-main-midbossx-update-boundary-v151;ev-th04-main-midbossx-owner-boundary-v151;ev-th04-main-midbossx-codegen-v151;ev-th04-main-midbossx-codegen-negative-v151;ev-th04-main-midbossx-angle-negative-v151;ev-th04-main-midbossx-toolchain-v151;ev-th04-main-midbossx-omf-v151;ev-th04-main-midbossx-cold-v151;ev-th04-main-midbossx-layout-v151;ev-th04-main-midbossx-raw-v151;ev-th04-main-midbossx-aggregate-v151;ev-th04-main-target;ev-th04-main-format-integrity;ev-toolchain-surfaces;ev-ledger-consistency-exact14;ev-th04-main-midbossx-aggregate-final-v151,python3 scripts/replay_th04_main_exact_units.py --unit th04-main-midbossx-update-v151 --run-id gptweb-v151-midbossx-focused-candidate-003,"Natural C++ exactly reconstructs the reviewed 0x3E9 Stage X logical owner. Focused 93-owner replay, candidate-state 185-owner aggregate, and post-promotion 185-owner aggregate close raw bytes, exact map placement, all nine ordered MZ relocations, deterministic valid OMF, dependency closure, and the linked zero-credit gather auxiliary extent."
th04-main-midboss3-update-v152,th04-main,code-region,B4M_UPDATE_TEXT,0x0861,0x15AF1,0x3BE,0x3BE,reviewed,authored,exact,midboss3_patterns_and_update,src/main/midboss/m3_update.cpp,ev-th04-main-midboss3-aimed-boundary-v152;ev-th04-main-midboss3-cloud-boundary-v152;ev-th04-main-midboss3-rotate-boundary-v152;ev-th04-main-midboss3-random-boundary-v152;ev-th04-main-midboss3-update-boundary-v152;ev-th04-main-midboss3-owner-boundary-v152;ev-th04-main-midboss3-codegen-v152;ev-th04-main-midboss3-codegen-negative-v152;ev-th04-main-midboss3-prefix-reloc-negative-v152;ev-th04-main-midboss3-toolchain-v152;ev-th04-main-midboss3-omf-v152;ev-th04-main-midboss3-cold-v152;ev-th04-main-midboss3-layout-v152;ev-th04-main-midboss3-raw-v152;ev-th04-main-midboss3-aggregate-v152;ev-th04-main-target;ev-th04-main-format-integrity;ev-toolchain-surfaces;ev-ledger-consistency-exact14;ev-th04-main-midboss3-aggregate-final-v152,python3 scripts/replay_th04_main_exact_units.py --unit th04-main-midboss3-update-v152 --run-id gptweb-v152-midboss3-focused-candidate-003,"Natural C++ exactly reconstructs the reviewed 0x3BE Stage 3 logical owner. Focused 94-owner replay, candidate-state 186-owner aggregate, and post-promotion 186-owner aggregate pass raw bytes, exact map placement, all seven ordered MZ relocations, valid deterministic OMF, and dependency closure. The preceding shortened assembler prefix remains zero-credit replay plumbing; its split-object relocation-order negative is retained separately."
th04-main-midboss1-update-v153,th04-main,code-region,B4M_UPDATE_TEXT,0x0522,0x157B2,0x33F,0x33F,reviewed,authored,exact,midboss1_pattern_and_update,src/main/midboss/m1_update.cpp,ev-th04-main-midboss1-pattern-boundary-v153;ev-th04-main-midboss1-update-boundary-v153;ev-th04-main-midboss1-owner-boundary-v153;ev-th04-main-midboss1-codegen-v153;ev-th04-main-midboss1-toolchain-v153;ev-th04-main-midboss1-omf-v153;ev-th04-main-midboss1-b4mpre-zero-code-v153;ev-th04-main-midboss1-cold-v153;ev-th04-main-midboss1-layout-v153;ev-th04-main-midboss1-raw-v153;ev-th04-main-midboss1-aggregate-v153;ev-th04-main-target;ev-th04-main-format-integrity;ev-toolchain-surfaces;ev-ledger-consistency-exact14;ev-th04-main-midboss1-aggregate-final-v153,python3 scripts/replay_th04_main_exact_units.py --unit th04-main-midboss1-update-v153 --run-id gptweb-v153-midboss1-focused-candidate-001,"Natural C++ exactly reconstructs the complete reviewed 0x33F Stage 1 owner. Focused 95-owner replay, candidate-state 187-owner aggregate, and post-promotion 187-owner aggregate pass raw bytes, exact map placement, all fourteen ordered MZ relocations, deterministic valid OMF, and dependency closure. The former b4mpre code producer is now a validated zero-code structural anchor."
th04-main-items-update-v154,th04-main,code-region,MAIN_035_TEXT,0x9F8B,0x1F21B,0x546,0x546,reviewed,authored,exact,items_main035_update_tu,src/main/item/items_update.cpp,ev-th04-main-items-init-boundary-v154;ev-th04-main-items-add-boundary-v154;ev-th04-main-items-miss-add-boundary-v154;ev-th04-main-item-collect-boundary-v154;ev-th04-main-item-lower-boundary-v154;ev-th04-main-items-update-boundary-v154;ev-th04-main-items-owner-boundary-v154;ev-th04-main-items-focused-negative-v154;ev-th04-main-items-layout-v154;ev-th04-main-items-omf-v154;ev-th04-main-items-raw-negative-v154;ev-th04-main-items-function-slice-diagnostic-v154;ev-th04-main-items-compiler-negative-v154;ev-th04-main-items-pc98-ide-negative-v154;ev-th04-main-target;ev-th04-main-format-integrity;ev-toolchain-surfaces;ev-th04-main-items-inline-classification-v344;ev-th04-main-items-shot-alias-v344;ev-th04-main-items-toolchain-v344;ev-th04-main-items-omf-v344;ev-th04-main-items-cold-v344;ev-th04-main-items-layout-v344;ev-th04-main-items-raw-v344;ev-th04-main-items-aggregate-final-v344;ev-ledger-consistency-exact14,python3 scripts/replay_th04_main_exact_units.py --unit th04-main-items-update-v154 --run-id gpt-5-6-sol-v344-items-inline-focused-006,"Complete 0x546 item producer is exact. Independently corroborated symbolic low-level source selects the two historical SUB encodings; focused 96-owner and default 252-owner A/B cold replays pass raw bytes, exact MAP, all fifteen ordered relocations, valid deterministic OMF, and aggregate acceptance."
th04-main-stage-bonus-v155,th04-main,code-region,MAIN_035_TEXT,0x99FE,0x1EC8E,0x58D,0x58D,reviewed,authored,exact,stage_bonus_main035_tu,src/main/stage/bonus.cpp,ev-th04-main-stage-bonus-value-boundary-v155;ev-th04-main-stage-bonus-count-boundary-v155;ev-th04-main-stage-bonus-factor-boundary-v155;ev-th04-main-stage-bonus-modifiers-boundary-v155;ev-th04-main-stage-clear-boundary-v155;ev-th04-main-stage-allclear-boundary-v155;ev-th04-main-stage-bonus-artifact-tails-v155;ev-th04-main-stage-bonus-owner-boundary-v155;ev-th04-main-stage-bonus-codegen-negative-v155;ev-th04-main-stage-bonus-codegen-v155;ev-th04-main-stage-bonus-toolchain-v155;ev-th04-main-stage-bonus-omf-v155;ev-th04-main-stage-bonus-cold-v155;ev-th04-main-stage-bonus-layout-v155;ev-th04-main-stage-bonus-raw-v155;ev-th04-main-stage-bonus-aggregate-v155;ev-th04-main-target;ev-th04-main-format-integrity;ev-toolchain-surfaces;ev-ledger-consistency-exact14;ev-th04-main-stage-bonus-aggregate-final-v155;ev-th04-main-stage-bonus-hud-linkage-v172,python3 scripts/replay_th04_main_exact_units.py --unit th04-main-stage-bonus-v155 --run-id gptweb-v155-stage-bonus-focused-candidate-003,"Natural C++ exactly reconstructs the reviewed 0x58D Stage bonus physical owner. Focused 96-owner replay and candidate-state 188-owner aggregate pass raw bytes, exact map placement, all 26 ordered MZ relocations, valid deterministic OMF, and dependency closure. Post-promotion 188-owner aggregate also passes twice with failures=[]."
th04-main-boss-explosions-add-v156,th04-main,code-region,B4M_UPDATE_TEXT,0x21DD,0x1746D,0x107,0x107,reviewed,authored,exact,boss_explosions_add,src/main/boss/explosion_add.cpp,ev-th04-main-explosions-reset-boundary-v156;ev-th04-main-explode-small-boundary-v156;ev-th04-main-explode-big-boundary-v156;ev-th04-main-explosions-owner-boundary-v156;ev-th04-main-explosions-codegen-v156;ev-th04-main-explosions-toolchain-v156;ev-th04-main-explosions-omf-v156;ev-th04-main-explosions-cold-v156;ev-th04-main-explosions-layout-v156;ev-th04-main-explosions-raw-v156;ev-th04-main-explosions-aggregate-v156;ev-th04-main-target;ev-th04-main-format-integrity;ev-toolchain-surfaces;ev-ledger-consistency-exact14;ev-th04-main-explosions-aggregate-final-v156,python3 scripts/replay_th04_main_exact_units.py --unit th04-main-boss-explosions-add-v156 --run-id gptweb-v156-boss-explosions-focused-candidate-007,"Natural C++ exactly reconstructs the reviewed 0x107 B4M explosion producer. Focused 97-owner replay, candidate-state 189-owner aggregate, and post-promotion 189-owner aggregate pass raw bytes, exact map placement, both ordered MZ relocations, deterministic valid OMF, residual-suffix OMF validation, and dependency closure."
th04-main-yuuka5-first4-v157,th04-main,code-region,B4M_UPDATE_TEXT,0x243E,0x176CE,0x3D5,0x3D5,reviewed,authored,exact,yuuka5_first4_patterns,src/main/boss/yuuka5_patterns.cpp,ev-th04-main-yuuka5-owner-boundary-v157;ev-th04-main-yuuka5-codegen-v157;ev-th04-main-yuuka5-toolchain-v157;ev-th04-main-yuuka5-omf-v157;ev-th04-main-yuuka5-cold-v157;ev-th04-main-yuuka5-layout-v157;ev-th04-main-yuuka5-raw-v157;ev-th04-main-yuuka5-aggregate-v157;ev-th04-main-target;ev-th04-main-format-integrity;ev-toolchain-surfaces;ev-ledger-consistency-exact14;ev-th04-main-yuuka5-aggregate-final-v157,python3 scripts/replay_th04_main_exact_units.py --unit th04-main-yuuka5-first4-v157,"Natural TC4J owner for four contiguous reviewed Yuuka5 helpers at load 0x15ECE..0x162A2. Focused 98-owner and candidate-state 190-owner cold replay reproduce all 0x3D5 bytes, exact map placement, six ordered relocations, and deterministic valid OMF. Ghidra-only 0x15F56/0x15F8F entries are excluded internal blocks."
th04-main-yuuka5-tail-v158,th04-main,code-region,B4M_UPDATE_TEXT,0x2813,0x17AA3,0x777,0x777,reviewed,authored,exact,yuuka5_tail_patterns_update,src/main/boss/yuuka5.cpp,ev-th04-main-yuuka5-speedup-boundary-v158;ev-th04-main-yuuka5-aimed-boundary-v158;ev-th04-main-yuuka5-laser-boundary-v158;ev-th04-main-yuuka5-mirrored-boundary-v158;ev-th04-main-yuuka5-update-boundary-v158;ev-th04-main-yuuka5-physical-owner-v158;ev-th04-main-yuuka5-tail-owner-v158;ev-th04-main-yuuka5-tail-codegen-v158;ev-th04-main-yuuka5-tail-toolchain-v158;ev-th04-main-yuuka5-tail-omf-v158;ev-th04-main-yuuka5-tail-cold-v158;ev-th04-main-yuuka5-tail-layout-v158;ev-th04-main-yuuka5-tail-raw-v158;ev-th04-main-yuuka5-tail-aggregate-v158;ev-th04-main-yuuka5-tail-aggregate-final-v158;ev-th04-main-target;ev-th04-main-format-integrity;ev-toolchain-surfaces;ev-ledger-consistency-exact14,python3 scripts/replay_th04_main_exact_units.py --unit th04-main-yuuka5-tail-v158 --run-id gptweb-v158-yuuka5-tail-focused-candidate-005,"Natural C++ exactly reconstructs the newly reviewed 0x777 Yuuka5 tail while v157 and v158 share one exact 0xB4C fused physical producer. Focused 99-owner replay and candidate-state 191-owner aggregate pass raw bytes, exact map placement, all eleven ordered tail relocations, deterministic valid OMF, predecessor logical-owner override, and residual TASM Oracle checks."
th04-main-marisa-phase-v159,th04-main,code-region,B4M_UPDATE_TEXT,0x2F8A,0x1821A,0x16B,0x16B,reviewed,authored,exact,marisa_phase_entry_move,src/main/boss/marisa4_phase.cpp,ev-th04-main-marisa-phase-entry-boundary-v159;ev-th04-main-marisa-phase-move-boundary-v159;ev-th04-main-marisa-phase-owner-boundary-v159;ev-th04-main-marisa-phase-codegen-negative-001-v159;ev-th04-main-marisa-phase-codegen-negative-002-v159;ev-th04-main-marisa-phase-codegen-v159;ev-th04-main-marisa-phase-toolchain-v159;ev-th04-main-marisa-phase-omf-v159;ev-th04-main-marisa-phase-cold-v159;ev-th04-main-marisa-phase-layout-v159;ev-th04-main-marisa-phase-raw-v159;ev-th04-main-marisa-phase-aggregate-v159;ev-th04-main-target;ev-th04-main-format-integrity;ev-toolchain-surfaces;ev-ledger-consistency-exact14;ev-th04-main-marisa-phase-aggregate-final-v159,python3 scripts/replay_th04_main_exact_units.py --unit th04-main-marisa-phase-v159 --run-id gptweb-v159-marisa-phase-focused-candidate-003,"Natural C++ exactly reconstructs the reviewed 0x16B Marisa phase-entry/movement residual. Focused 100-owner and candidate-state 192-owner cold replay pass raw bytes, exact map placement, all three ordered MZ relocations, deterministic valid OMF, predecessor residual OMF validation, and dependency closure. Candidate 001/002 remain retained source-shape negatives."
th04-main-pellet-render-asm-v161,th04-main,code-region,TILE_TEXT,0x1EAC,0xE19C,0xFC,0xFC,reviewed,original-asm,exact,pellet_render_pair_asm_owner,src/main/bullet/pellet_render.asm,ev-th04-main-pellet-top-boundary-v161;ev-th04-main-pellet-bottom-boundary-v161;ev-th04-main-pellet-render-crossgame-v161;ev-th04-main-pellet-render-tc4j-negative-v161;ev-th04-main-pellet-render-origin-v161;ev-th04-main-pellet-render-toolchain-v161;ev-th04-main-pellet-render-omf-v161;ev-th04-main-pellet-render-cold-v161;ev-th04-main-pellet-render-layout-v161;ev-th04-main-pellet-render-raw-v161;ev-th04-main-pellet-render-aggregate-candidate-v161;ev-th04-main-target;ev-th04-main-format-integrity;ev-toolchain-surfaces;ev-ledger-consistency-exact14;ev-th04-main-pellet-render-aggregate-final-v161,python3 scripts/replay_th04_main_exact_units.py --unit th04-main-pellet-render-asm-v161 --run-id gptweb-v161-pellet-render-focused-candidate-001,"Original-style symbolic TASM exactly reconstructs the reviewed 0xFC physical pellet renderer owner: 0x91 top body + one source-owned EVEN byte + 0x6A bottom body. Focused 114-owner replay and candidate/post-promotion 193-owner aggregates pass raw bytes, containing TILE_TEXT map ownership, empty ordered relocation overlap, deterministic valid TASM OMF, and all dependencies. TH04/TH05 original-target structure plus legal TC4J negatives support the ASM origin classification."
th04-main-bullets-gather-invalidate-asm-v162,th04-main,code-region,TILE_TEXT,0x1FA8,0xE298,0x96,0x96,reviewed,original-asm,exact,bullets_gather_invalidate_asm_owner,src/main/bullet/invalidate.asm,ev-th04-main-bullets-gather-boundary-v162;ev-th04-main-bullets-gather-crossgame-v162;ev-th04-main-bullets-gather-tc4j-negative-v162;ev-th04-main-bullets-gather-origin-v162;ev-th04-main-target;ev-th04-main-format-integrity;ev-toolchain-surfaces;ev-th04-main-bullets-gather-toolchain-v162;ev-th04-main-bullets-gather-omf-v162;ev-th04-main-bullets-gather-cold-v162;ev-th04-main-bullets-gather-layout-v162;ev-th04-main-bullets-gather-raw-v162;ev-th04-main-bullets-gather-aggregate-candidate-v162;ev-ledger-consistency-exact14;ev-th04-main-bullets-gather-aggregate-final-v162,python3 scripts/replay_th04_main_exact_units.py --unit th04-main-bullets-gather-invalidate-asm-v162 --run-id gptweb-v162-bullets-gather-focused-candidate-001,"Original-style symbolic TASM exactly reconstructs the reviewed 0x95 bullet/gather invalidator plus its source-owned EVEN byte. Focused 115-owner replay and candidate/post-promotion 194-owner aggregates pass raw bytes, containing TILE_TEXT map ownership, empty ordered relocation overlap, deterministic normalized TASM OMF, and all dependencies. TH04/TH05 original-target structure plus legal TC4J negatives support the ASM origin classification."
th04-main-midboss3-render-v163,th04-main,code-region,TILE_TEXT,0x1D95,0xE085,0xC5,0xC5,reviewed,authored,exact,midboss3_render,src/main/midboss/m3_render.cpp,ev-th04-main-midboss3-render-boundary-v163;ev-th04-main-midboss3-codegen-probe-v163;ev-th04-main-target;ev-th04-main-format-integrity;ev-toolchain-surfaces;ev-th04-main-midboss3x-tu-shape-negative-v163;ev-th04-main-midboss3-render-toolchain-v163;ev-th04-main-midboss3-render-omf-v163;ev-th04-main-midboss3-render-cold-v163;ev-th04-main-midboss3-render-layout-v163;ev-th04-main-midboss3-render-raw-v163;ev-th04-main-midboss3-render-aggregate-candidate-v163;ev-ledger-consistency-exact14;ev-th04-main-midboss3-render-aggregate-final-v163,python3 scripts/replay_th04_main_exact_units.py --unit th04-main-midbossx-render-v163 --run-id gptweb-v163-midboss3x-focused-candidate-001,"Natural TC4J exactly reconstructs the reviewed renderer in its own TILE_TEXT object. Focused 117-owner and candidate-state 196-owner two-cold replays pass raw bytes, exact map placement, ordered relocations [0xC93F,0xC92D], deterministic valid OMF, and dependency closure. Separate Stage 3/Stage X objects are required by target relocation order; combined-TU shape remains negative evidence."
th04-main-midbossx-render-v163,th04-main,code-region,TILE_TEXT,0x1E5A,0xE14A,0x51,0x51,reviewed,authored,exact,midbossx_render,src/main/midboss/mx_render.cpp,ev-th04-main-midbossx-render-boundary-v163;ev-th04-main-midbossx-codegen-probe-v163;ev-th04-main-target;ev-th04-main-format-integrity;ev-toolchain-surfaces;ev-th04-main-midboss3x-tu-shape-negative-v163;ev-th04-main-midbossx-render-toolchain-v163;ev-th04-main-midbossx-render-omf-v163;ev-th04-main-midbossx-render-cold-v163;ev-th04-main-midbossx-render-layout-v163;ev-th04-main-midbossx-render-raw-v163;ev-th04-main-midbossx-render-aggregate-candidate-v163;ev-ledger-consistency-exact14;ev-th04-main-midbossx-render-aggregate-final-v163,python3 scripts/replay_th04_main_exact_units.py --unit th04-main-midbossx-render-v163 --run-id gptweb-v163-midboss3x-focused-candidate-001,"Natural TC4J exactly reconstructs the reviewed renderer in its own TILE_TEXT object. Focused 117-owner and candidate-state 196-owner two-cold replays pass raw bytes, exact map placement, ordered relocations [0xC997], deterministic valid OMF, and dependency closure. Separate Stage 3/Stage X objects are required by target relocation order; combined-TU shape remains negative evidence."
th04-main-midboss1-render-v164,th04-main,code-region,TILE_TEXT,0x1C88,0xDF78,0x10D,0x10D,reviewed,authored,exact,midboss1_render,src/main/midboss/m1_render.cpp,ev-th04-main-midboss1-render-boundary-v164;ev-th04-main-midboss1-render-codegen-v164;ev-th04-main-midboss1-render-linkprobe-v164;ev-th04-main-target;ev-th04-main-format-integrity;ev-toolchain-surfaces;ev-th04-main-midboss1-render-toolchain-v164;ev-th04-main-midboss1-render-omf-v164;ev-th04-main-midboss1-render-cold-v164;ev-th04-main-midboss1-render-layout-v164;ev-th04-main-midboss1-render-raw-v164;ev-th04-main-midboss1-render-aggregate-candidate-v164;ev-ledger-consistency-exact14;ev-th04-main-midboss1-render-aggregate-final-v164;ev-th04-main-midboss1-render-function-review-v164,python3 scripts/replay_th04_main_exact_units.py --unit th04-main-midboss1-render-v164 --run-id gptweb-v164-midboss1-render-focused-candidate-002,"Natural TC4J exactly reconstructs the reviewed 0x10D Stage 1 renderer in its own TILE_TEXT object. Focused 118-owner and candidate/post-promotion 197-owner two-cold replays pass raw bytes, exact map placement, ordered relocations [0xC86E,0xC853,0xC821,0xC7E1,0xC7C7], deterministic valid OMF, and dependency closure. Fail-closed function review admits the complete target body as one exact authored function."
th04-main-gameplay-loop-v165,th04-main,code-region,DEMO_TEXT,0x0098,0xC388,0x17B,0x17B,reviewed,authored,exact,gameplay_loop(),src/main/core/gameplay_loop.cpp,ev-th04-main-gameplay-loop-boundary-v165;ev-th04-main-gameplay-loop-compiler-negative-v165;ev-th04-main-gameplay-frame-source-v273;ev-th04-main-gameplay-frame-nonexact-v273;ev-th04-main-gameplay-wide-mask-v296;ev-th04-main-gameplay-conditional-eb00-v302;ev-th04-main-target;ev-th04-main-format-integrity;ev-toolchain-surfaces;ev-ledger-consistency-exact14;ev-th04-main-gameplay-toolchain-v375;ev-th04-main-gameplay-omf-v375;ev-th04-main-gameplay-cold-v375;ev-th04-main-gameplay-layout-v375;ev-th04-main-gameplay-raw-v375;ev-th04-main-gameplay-aggregate-candidate-v375;ev-th04-main-gameplay-aggregate-final-v375,python3 scripts/replay_th04_main_exact_units.py --unit th04-main-gameplay-loop-v165 --run-id gpt-web-gameplay-v375-focused-006,"Maintained natural C++ now exactly reconstructs the complete 0x17B DEMO_TEXT gameplay loop. Cross-game-corroborated TC4J source shapes preserve the 379-byte CODE producer; hash-bound residual byte alignment avoids split-object padding, linker aliases preserve historical names, and #pragma samecodeseg playperf_raise restores the target nopcall link translation. Focused 185-owner and candidate-state 254-owner A/B cold replays pass raw bytes, exact MAP placement, all twelve ordered MZ relocations, valid deterministic OMF, and dependency closure."
th04-main-gameplay-session-init-v165,th04-main,code-region,DEMO_TEXT,0x0213,0xC503,0x1CD,0x1CD,reviewed,authored,exact,gameplay_session_init(),src/main/core/gameplay_session_init.cpp,ev-th04-main-gameplay-session-init-boundary-v165;ev-th04-main-gameplay-session-init-compiler-negative-v165;ev-th04-main-gameplay-session-init-align-negative-v165;ev-th04-main-gameplay-session-switch-align-v377;ev-th04-main-gameplay-session-toolchain-v377;ev-th04-main-gameplay-session-omf-v377;ev-th04-main-gameplay-session-cold-v377;ev-th04-main-gameplay-session-layout-v377;ev-th04-main-gameplay-session-raw-v377;ev-th04-main-gameplay-session-aggregate-candidate-v377;ev-th04-main-target;ev-th04-main-format-integrity;ev-toolchain-surfaces;ev-ledger-consistency-exact14;ev-th04-main-gameplay-session-aggregate-final-v377,python3 scripts/replay_th04_main_exact_units.py --unit th04-main-gameplay-session-init-v165 --run-id gpt-web-session-v377-focused-003,"Maintained natural C++ exactly reconstructs the complete 0x1CD DEMO_TEXT gameplay session initializer inside a fused _main/gameplay/session TC4J producer. #pragma option -a naturally emits the target switch-table alignment byte at the real odd object offset; focused 186-owner and candidate-state 255-owner A/B replays pass raw bytes, MAP, empty ordered relocation overlap, valid deterministic OMF, and dependency closure. No maintained source emits a padding byte."
th04-main-demo-session-v166,th04-main,code-region,DEMO_TEXT,0x03E0,0xC6D0,0x51E,0x51E,reviewed,authored,exact,demo_session_init_tu,src/main/stage/session_init.cpp,ev-th04-main-stage-session-init-boundary-v165;ev-th04-main-stage-runtime-init-boundary-v166;ev-th04-main-stage-session-free-boundary-v166;ev-th04-main-pause-boundary-v166;ev-th04-main-demo-session-codegen-v166;ev-th04-main-demo-session-focused-negative-v166;ev-th04-main-demo-session-reloc-order-negative-v166;ev-th04-main-demo-session-producer-negative-v166;ev-th04-main-demo-session-header-order-negative-v166;ev-th04-main-demo-session-fixupp-order-v214;ev-th04-main-demo-midfunction-segment-negative-v337;ev-th04-main-demo-session-toolchain-v380;ev-th04-main-demo-session-omf-v380;ev-th04-main-demo-session-cold-v380;ev-th04-main-demo-session-layout-v380;ev-th04-main-demo-session-raw-v380;ev-th04-main-demo-session-aggregate-candidate-v380;ev-th04-main-target;ev-th04-main-format-integrity;ev-toolchain-surfaces;ev-ledger-consistency-exact14;ev-th04-main-stage-session-function-exact-review-v380;ev-th04-main-demo-session-aggregate-final-v380,python3 scripts/replay_th04_main_exact_units.py --unit th04-main-demo-session-v166 --run-id gpt-web-demo-session-v380-focused-008,"Natural TC4J exactly reconstructs the complete reviewed 0x51E DEMO_TEXT stage-session owner inside the recovered fused slowdown/DEMO producer. Focused replay, 256-owner candidate aggregate, fresh fail-closed four-function review, and 256-owner post-promotion aggregate all pass raw bytes, fused MAP placement, ordered relocations, deterministic valid OMF, and dependency closure."
th04-main-yuuka5-fg-v167,th04-main,function,MAIN_TEXT,0x3DB3,0x100A3,0x1CC,0x1CC,reviewed,authored,exact,yuuka5_fg_render,src/main/boss/yuuka5_fg_render.cpp,ev-th04-main-yuuka5-fg-boundary-v167;ev-th04-main-yuuka5-fg-compiler-shape-v167;ev-th04-main-target;ev-th04-main-format-integrity;ev-toolchain-surfaces;ev-th04-main-yuuka5-fg-toolchain-v167;ev-th04-main-yuuka5-fg-omf-v167;ev-th04-main-yuuka5-fg-cold-v167;ev-th04-main-yuuka5-fg-layout-v167;ev-th04-main-yuuka5-fg-raw-v167;ev-th04-main-yuuka5-fg-aggregate-candidate-v167;ev-ledger-consistency-exact14;ev-th04-main-yuuka5-fg-function-review-v167;ev-th04-main-yuuka5-fg-aggregate-final-v167,python3 scripts/replay_th04_main_exact_units.py --unit th04-main-yuuka5-fg-v167 --run-id gptweb-v167-yuuka5-fg-focused-candidate-006,Natural TC4J exactly reconstructs the 0x1CC Yuuka5 foreground renderer. The historical main.obj tail is now physically split: v167 owns only the independently checked leading zero layout byte at load 0xEA6F; v174 reconstructs the following Kurumi callback and keeps the trailing NOP as separate zero-credit replay plumbing.
th04-main-thicklasers-render-v168,th04-main,function,MAIN_TEXT,0x37D3,0xFAC3,0x19E,0x19E,reviewed,authored,exact,thicklasers_render,src/main/bullet/thicklaser_render.cpp,ev-th04-main-thicklasers-render-boundary-v168;ev-th04-main-thicklasers-render-prologue-negative-v168;ev-th04-main-thicklasers-render-codegen-v168;ev-th04-main-thicklasers-render-function-review-v168;ev-th04-main-target;ev-th04-main-format-integrity;ev-toolchain-surfaces;ev-th04-main-gameover-toolchain-v169;ev-th04-main-thicklasers-omf-v169;ev-th04-main-thicklasers-cold-v169;ev-th04-main-thicklasers-layout-v169;ev-th04-main-thicklasers-raw-v169;ev-th04-main-gameover-aggregate-candidate-v169;ev-th04-main-gameover-function-review-v169;ev-ledger-consistency-exact14;ev-th04-main-thicklasers-toolchain-v169;ev-th04-main-thicklasers-aggregate-candidate-v169;ev-th04-main-thicklasers-aggregate-final-v169,python3 scripts/replay_th04_main_exact_units.py --unit th04-main-gameexecl-v169 --run-id gptweb-v169-gameover-focused-candidate-003,"Natural TC4J exactly reconstructs the 0x19E thick-laser renderer after v169 recovers the following MAIN_TEXT physical producers. Focused 122-owner and candidate-state 201-owner cold replay pass raw bytes, exact map placement, all 13 ordered relocations, deterministic valid OMF, and dependency closure."
th04-main-gameover-ui-v169,th04-main,code-region,MAIN_TEXT,0x3971,0xFC61,0x39C,0x39C,reviewed,authored,exact,gameover_ui_score_cohort,src/main/core/gameover.cpp,ev-th04-main-gameover-cohort-boundary-v169;ev-th04-main-gameover-cohort-codegen-v169;ev-th04-main-target;ev-th04-main-format-integrity;ev-toolchain-surfaces;ev-th04-main-gameover-toolchain-v169;ev-th04-main-gameover-ui-omf-v169;ev-th04-main-gameover-ui-cold-v169;ev-th04-main-gameover-ui-layout-v169;ev-th04-main-gameover-ui-raw-v169;ev-th04-main-gameover-aggregate-candidate-v169;ev-th04-main-gameover-function-review-v169;ev-ledger-consistency-exact14;ev-th04-main-gameover-ui-toolchain-v169;ev-th04-main-gameover-ui-aggregate-candidate-v169;ev-th04-main-gameover-ui-boundary-v169;ev-th04-main-gameover-ui-aggregate-final-v169,python3 scripts/replay_th04_main_exact_units.py --unit th04-main-gameexecl-v169 --run-id gptweb-v169-gameover-focused-candidate-003,"Natural TC4J exactly reconstructs the five contiguous game-over/continue/score-save near functions as one 0x39C physical CODE producer. Focused 122-owner and candidate-state 201-owner cold replay pass raw bytes, exact map placement, all 29 ordered relocations, deterministic valid OMF, and dependency closure."
th04-main-gameexecl-v169,th04-main,function,MAIN_TEXT,0x3D0D,0xFFFD,0xA6,0xA6,reviewed,authored,exact,GameExecl,src/main/core/gameexecl.cpp,ev-th04-main-gameover-cohort-boundary-v169;ev-th04-main-gameover-cohort-codegen-v169;ev-th04-main-target;ev-th04-main-format-integrity;ev-toolchain-surfaces;ev-th04-main-gameover-toolchain-v169;ev-th04-main-gameexecl-omf-v169;ev-th04-main-gameexecl-cold-v169;ev-th04-main-gameexecl-layout-v169;ev-th04-main-gameexecl-raw-v169;ev-th04-main-gameover-aggregate-candidate-v169;ev-th04-main-gameover-function-review-v169;ev-ledger-consistency-exact14;ev-th04-main-gameexecl-toolchain-v169;ev-th04-main-gameexecl-aggregate-candidate-v169;ev-th04-main-gameexecl-boundary-v169;ev-th04-main-gameexecl-aggregate-final-v169,python3 scripts/replay_th04_main_exact_units.py --unit th04-main-gameexecl-v169 --run-id gptweb-v169-gameover-focused-candidate-003,"Natural TC4J exactly reconstructs FAR GameExecl() as the separate 0xA6 producer required by target relocation ordering. Focused 122-owner and candidate-state 201-owner cold replay pass raw bytes, exact map placement, all nine ordered relocations, deterministic valid OMF, and dependency closure."
th04-main-reimu-b-l5-l9-v170,th04-main,code-region,MAIN__TEXT,,,0x412,0x412,reviewed,authored,excluded,shot_reimu_b_l5_l9,src/main/player/reimu_shot_b.cpp,ev-th04-main-authored-screen-target;ev-th04-main-authored-screen-map;ev-th04-main-reimu-b-l5-l9-boundary-v170;ev-th04-main-target;ev-th04-main-format-integrity;ev-toolchain-surfaces;ev-th04-main-reimu-b-l5-l9-toolchain-v170;ev-th04-main-reimu-b-l5-l9-omf-v170;ev-th04-main-reimu-b-l5-l9-cold-v170;ev-th04-main-reimu-b-l5-l9-layout-v170;ev-th04-main-reimu-b-l5-l9-raw-v170;ev-th04-main-reimu-b-l5-l9-aggregate-candidate-v170;ev-ledger-consistency-exact14;ev-th04-main-reimu-b-function-review-v170;ev-th04-main-reimu-b-l5-l9-aggregate-final-v170,python3 scripts/replay_th04_main_exact_units.py --unit th04-main-reimu-b-l5-l9-v170 --run-id gptweb-v170-reimu-b-split-006,"Natural TC4J exactly reconstructs the complete 0x412 Reimu B-shot level 5-9 physical producer, including five compiler-owned post-RET switch tables. Focused 123-owner and candidate-state 202-owner cold replay pass raw bytes, exact map placement, empty ordered relocation overlap, deterministic valid OMF, and dependency closure. Logical function-body accounting remains separate from the 0x2C table bytes. Superseded as a standalone physical owner by the v171 unified Reimu producer; historical v170 exact subextent evidence remains valid."
th04-main-reimu-shots-v171,th04-main,code-region,MAIN__TEXT,0x484C,0x10B3C,0xBF8,0xBF8,reviewed,authored,exact,reimu_shots,src/main/player/reimu_shot.cpp,ev-th04-main-authored-screen-target;ev-th04-main-authored-screen-map;ev-th04-main-reimu-shots-boundary-v171;ev-th04-main-target;ev-th04-main-format-integrity;ev-toolchain-surfaces;ev-th04-main-reimu-shots-toolchain-v171;ev-th04-main-reimu-shots-omf-v171;ev-th04-main-reimu-shots-cold-v171;ev-th04-main-reimu-shots-layout-v171;ev-th04-main-reimu-shots-raw-v171;ev-th04-main-reimu-shots-aggregate-candidate-v171;ev-ledger-consistency-exact14;ev-th04-main-reimu-shots-functions-boundary-v171;ev-th04-main-reimu-shots-aggregate-final-v171,python3 scripts/replay_th04_main_exact_units.py --unit th04-main-reimu-shots-v171 --run-id gptweb-v171-reimu-shots-focused-002,"Natural TC4J exactly reconstructs the unified 0xBF8 Reimu shot producer from sub_F33C through B-shot level 9 tables. Focused 123-owner and candidate-state 202-owner cold replay pass raw bytes, exact map placement, the single ordered relocation at load 0xF355, deterministic valid OMF, and dependency closure. The v170 0x412 range remains historical exact subextent evidence, not a separate current byte owner."
th04-main-hud-score-v172,th04-main,code-region,MAIN__TEXT,0x4316,0x10606,0x536,0x536,reviewed,authored,exact,hud_score_main__text,src/main/hud/hud.cpp,ev-th04-main-authored-screen-target;ev-th04-main-authored-screen-map;ev-th04-main-hud-score-boundary-v172;ev-th04-main-target;ev-th04-main-format-integrity;ev-toolchain-surfaces;ev-th04-main-hud-score-toolchain-v172;ev-th04-main-hud-score-omf-v172;ev-th04-main-hud-score-cold-v172;ev-th04-main-hud-score-layout-v172;ev-th04-main-hud-score-raw-v172;ev-th04-main-hud-score-aggregate-candidate-v172;ev-ledger-consistency-exact14;ev-th04-main-hud-score-functions-boundary-v172;ev-th04-main-hud-score-aggregate-final-v172,python3 scripts/replay_th04_main_exact_units.py --unit th04-main-hud-score-v172 --run-id gptweb-v172-hud-score-focused-candidate-004,"Natural TC4J exactly reconstructs the complete 0x536 MAIN__TEXT HUD/score producer from score_extend_update_and_render through hud_put. Focused 124-owner and candidate-state 203-owner cold replay pass raw bytes, exact map placement, all 27 ordered relocations, deterministic valid OMF, and dependency closure. Logical function credit excludes the leading function's 0x0B compiler metadata/switch tail."
th04-main-marisa-render-v173,th04-main,code-region,MAIN__TEXT,0x419E,0x1048E,0x153,0x153,reviewed,authored,exact,marisa4_render,src/main/boss/marisa4_render.cpp,ev-th04-main-authored-screen-target;ev-th04-main-authored-screen-map;ev-th04-main-marisa-render-boundary-v173;ev-th04-main-target;ev-th04-main-format-integrity;ev-toolchain-surfaces;ev-th04-main-marisa-render-toolchain-v173;ev-th04-main-marisa-render-omf-v173;ev-th04-main-marisa-render-cold-v173;ev-th04-main-marisa-render-layout-v173;ev-th04-main-marisa-render-raw-v173;ev-th04-main-marisa-render-aggregate-candidate-v173;ev-ledger-consistency-exact14;ev-th04-main-marisa-orange-functions-boundary-v173;ev-th04-main-marisa-render-aggregate-final-v173,python3 scripts/replay_th04_main_exact_units.py --unit th04-main-orange-backdrop-v173 --run-id gptweb-v173-marisa-orange-focused-candidate-002,"Natural TC4J exactly reconstructs the 0x153 Marisa foreground producer containing the internal bit renderer and public callback. Focused 126-owner and candidate-state 205-owner cold replay pass raw bytes, exact map placement, all seven ordered MZ relocations, deterministic valid OMF, and the independent zero-byte seam auxiliary."
th04-main-orange-backdrop-v173,th04-main,function,MAIN__TEXT,0x42F2,0x105E2,0x24,0x24,reviewed,authored,exact,orange_backdrop_colorfill,src/main/boss/orange_backdrop.cpp,ev-th04-main-authored-screen-target;ev-th04-main-authored-screen-map;ev-th04-main-orange-backdrop-boundary-v173;ev-th04-main-target;ev-th04-main-format-integrity;ev-toolchain-surfaces;ev-th04-main-orange-backdrop-toolchain-v173;ev-th04-main-orange-backdrop-omf-v173;ev-th04-main-orange-backdrop-cold-v173;ev-th04-main-orange-backdrop-layout-v173;ev-th04-main-orange-backdrop-raw-v173;ev-th04-main-orange-backdrop-aggregate-candidate-v173;ev-ledger-consistency-exact14;ev-th04-main-marisa-orange-functions-boundary-v173;ev-th04-main-orange-backdrop-aggregate-final-v173,python3 scripts/replay_th04_main_exact_units.py --unit th04-main-orange-backdrop-v173 --run-id gptweb-v173-marisa-orange-focused-candidate-002,"Natural TC4J exactly reconstructs the Ghidra-missed 0x24 Orange backdrop callback. Focused 126-owner and candidate-state 205-owner cold replay pass all bytes, exact map placement, empty MZ relocation overlap, deterministic valid OMF, and the separately checked preceding zero layout seam."
th04-main-kurumi-backdrop-v174,th04-main,function,MAIN_TEXT,0x3F80,0x10270,0x19,0x19,reviewed,authored,exact,kurumi_backdrop_colorfill,src/main/boss/kurumi_backdrop.cpp,ev-th04-main-authored-screen-target;ev-th04-main-authored-screen-map;ev-th04-main-kurumi-backdrop-boundary-v174;ev-th04-main-target;ev-th04-main-format-integrity;ev-toolchain-surfaces;ev-th04-main-kurumi-backdrop-codegen-v174;ev-th04-main-kurumi-backdrop-toolchain-v174;ev-th04-main-kurumi-backdrop-omf-v174;ev-th04-main-kurumi-backdrop-cold-v174;ev-th04-main-kurumi-backdrop-layout-v174;ev-th04-main-kurumi-backdrop-raw-v174;ev-th04-main-kurumi-backdrop-aggregate-candidate-v174;ev-ledger-consistency-exact14;ev-th04-main-kurumi-backdrop-aggregate-final-v174,python3 scripts/replay_th04_main_exact_units.py --unit th04-main-kurumi-backdrop-v174 --run-id gptweb-v174-kurumi-backdrop-focused-candidate-003,"Natural TC4J exactly reconstructs the Ghidra-missed 0x19 Kurumi backdrop callback. Focused 127-owner and candidate-state 206-owner cold replay pass raw bytes, exact 0AAF:3F80 MAP placement, empty relocation overlap, deterministic valid OMF, and independent leading-zero/trailing-NOP auxiliary seams."
th04-main-carpet-lighting-v174,th04-main,function,STAGES_TEXT,0x3F9A,,0x5A,0x5A,reviewed,authored,excluded,carpet_lighting_put_new,src/main/stage/carpet_lighting.inl,ev-th04-main-authored-screen-target;ev-th04-main-authored-screen-map;ev-th04-main-carpet-lighting-boundary-v174;ev-th04-main-carpet-lighting-codegen-negative-v174;ev-th04-main-carpet-lighting-focused-negative-v174;ev-th04-main-carpet-lighting-raw-negative-v174;ev-th04-main-carpet-opcode-corpus-negative-v396;ev-th04-main-carpet-crossartifact-v405-negative;ev-th04-main-carpet-partition-v409;ev-th04-main-carpet-partition-v410;ev-th04-main-hdi-deleted-build-provenance-v413-negative;ev-th04-main-hdi-partial-trial-v414-negative;ev-th04-main-carpet-integrated-asm-fingerprint-v420;ev-th04-main-carpet-hybrid-focused-v421;ev-th04-main-carpet-hybrid-aggregate-candidate-v421;ev-th04-main-carpet-semantic-lineage-v423-negative,,"Historical 0x5A routing umbrella remains zero-credit. v409/v410 own 67 exact natural/compiler bytes plus 23 blocked low-level bytes. v420 fingerprints TC4J integrated assembly and v421 proves a raw-exact hybrid diagnostic, but replay equality supplies no independent historical source provenance; the target-derived hybrid is quarantined."
th04-main-player-update-v175,th04-main,code-region,MAIN_0_TEXT,0x5E98,0x12188,0x275,0x275,reviewed,authored,exact,player_miss_update_and_player_update,src/main/player/update.cpp,ev-th04-main-authored-screen-target;ev-th04-main-authored-screen-map;ev-th04-main-player-update-owner-boundary-v175;ev-th04-main-target;ev-th04-main-format-integrity;ev-toolchain-surfaces;ev-th04-main-player-update-toolchain-v175;ev-th04-main-player-update-omf-v175;ev-th04-main-player-update-cold-v175;ev-th04-main-player-update-layout-v175;ev-th04-main-player-update-raw-v175;ev-th04-main-player-update-aggregate-candidate-v175;ev-ledger-consistency-exact14;ev-th04-main-player-update-toolchain-final-v175;ev-th04-main-player-update-omf-final-v175;ev-th04-main-player-update-cold-final-v175;ev-th04-main-player-update-aggregate-final-v175,python3 scripts/replay_th04_main_exact_units.py --unit th04-main-player-render-v175 --run-id gptweb-v175-player-main0-focused-final-002,"Natural TC4J exactly reconstructs the contiguous 0x275 MAIN_0_TEXT physical producer containing player_miss_update() and player_update(). Current-source focused 129-owner and post-promotion 208-owner cold replay pass raw bytes, exact MAP placement, all three ordered MZ relocations, deterministic valid OMF, and dependency closure."
th04-main-player-render-v175,th04-main,function,MAIN_0_TEXT,0x610D,0x123FD,0x14E,0x14E,reviewed,authored,exact,player_render(),src/main/player/render.cpp,ev-th04-main-authored-screen-target;ev-th04-main-authored-screen-map;ev-th04-main-player-render-boundary-v175;ev-th04-main-target;ev-th04-main-format-integrity;ev-toolchain-surfaces;ev-th04-main-player-render-toolchain-v175;ev-th04-main-player-render-omf-v175;ev-th04-main-player-render-cold-v175;ev-th04-main-player-render-layout-v175;ev-th04-main-player-render-raw-v175;ev-th04-main-player-render-aggregate-candidate-v175;ev-ledger-consistency-exact14;ev-th04-main-player-render-toolchain-final-v175;ev-th04-main-player-render-omf-final-v175;ev-th04-main-player-render-cold-final-v175;ev-th04-main-player-render-aggregate-final-v175,python3 scripts/replay_th04_main_exact_units.py --unit th04-main-player-render-v175 --run-id gptweb-v175-player-main0-focused-final-002,"Natural TC4J exactly reconstructs the contiguous 0x14E MAIN_0_TEXT player renderer. Current-source focused 129-owner and post-promotion 208-owner cold replay pass raw bytes, exact MAP placement, all four ordered MZ relocations, deterministic valid OMF, and dependency closure."
th04-main-player-invalidate-v176,th04-main,function,MAIN__TEXT,0x5CF2,0x11FE2,0xB6,0xB6,reviewed,authored,exact,player_invalidate(),src/main/player/invalidate.cpp,ev-th04-main-authored-screen-target;ev-th04-main-authored-screen-map;ev-th04-main-player-invalidate-boundary-v176;ev-th04-main-target;ev-th04-main-format-integrity;ev-toolchain-surfaces;ev-th04-main-player-invalidate-codegen-v176;ev-th04-main-player-invalidate-toolchain-v176;ev-th04-main-player-invalidate-omf-v176;ev-th04-main-player-invalidate-cold-v176;ev-th04-main-player-invalidate-layout-v176;ev-th04-main-player-invalidate-raw-v176;ev-th04-main-player-invalidate-residual-v176;ev-th04-main-player-invalidate-aggregate-candidate-v176;ev-ledger-consistency-exact14;ev-th04-main-player-invalidate-aggregate-final-v176,python3 scripts/replay_th04_main_exact_units.py --unit th04-main-player-invalidate-v176 --run-id gptweb-v176-player-invalidate-focused-candidate-003,"Natural TC4J exactly reconstructs the corrected complete 0xB6 MAIN__TEXT player_invalidate() owner. Focused 130-owner and candidate-state 209-owner cold replay pass raw bytes, exact 0AAF:5CF2 MAP placement, the sole ordered MZ relocation at load 0x10837, deterministic valid OMF, and dependency closure. Ghidra body_size 0x94 is a noncontiguous undercount; raw/TASM/MAP/caller/next-segment evidence closes the full 0xB6 extent. Post-promotion 209-owner aggregate-final replay passes twice with no regression."
th04-main-shots-main01-v177,th04-main,code-region,MAIN__TEXT,0x593A,0x11C2A,0x2E9,0x2E9,reviewed,authored,exact,shots_main01_tu,src/main/player/shots.cpp,ev-th04-main-authored-screen-target;ev-th04-main-authored-screen-map;ev-th04-main-shots-main01-owner-boundary-v177;ev-th04-main-target;ev-th04-main-format-integrity;ev-toolchain-surfaces;ev-th04-main-shots-main01-codegen-v177;ev-th04-main-shots-main01-toolchain-v177;ev-th04-main-shots-main01-omf-v177;ev-th04-main-shots-main01-cold-v177;ev-th04-main-shots-main01-layout-v177;ev-th04-main-shots-main01-raw-v177;ev-th04-main-shots-main01-aggregate-candidate-v177;ev-th04-main-shots-main01-aggregate-final-v177;ev-ledger-consistency-exact14,python3 scripts/replay_th04_main_exact_units.py --unit th04-main-enemies-render-v177 --run-id gptweb-v177-shots-enemy-focused-candidate-003,"Natural TC4J exactly reconstructs the contiguous 0x2E9 MAIN__TEXT physical shot producer containing shots_reset(), shots_invalidate(), shots_update(), shots_render(), and FAR shots_hittest(). Focused 132-owner plus candidate-state and post-promotion 211-owner cold replay pass raw bytes, exact MAP placement, ordered relocations [0x10702,0x106D2,0x1065B], deterministic valid OMF, and dependency closure."
th04-main-enemies-render-v177,th04-main,function,MAIN__TEXT,0x5C23,0x11F13,0xCF,0xCF,reviewed,authored,exact,enemies_render(),src/main/enemy/enemies_render.cpp,ev-th04-main-authored-screen-target;ev-th04-main-authored-screen-map;ev-th04-main-enemies-render-boundary-v177;ev-th04-main-target;ev-th04-main-format-integrity;ev-toolchain-surfaces;ev-th04-main-enemies-render-codegen-v177;ev-th04-main-enemies-render-toolchain-v177;ev-th04-main-enemies-render-omf-v177;ev-th04-main-enemies-render-cold-v177;ev-th04-main-enemies-render-layout-v177;ev-th04-main-enemies-render-raw-v177;ev-th04-main-enemies-render-aggregate-candidate-v177;ev-th04-main-enemies-render-aggregate-final-v177;ev-ledger-consistency-exact14,python3 scripts/replay_th04_main_exact_units.py --unit th04-main-enemies-render-v177 --run-id gptweb-v177-shots-enemy-focused-candidate-003,"Natural TC4J exactly reconstructs the independent 0xCF MAIN__TEXT enemies_render() producer. Focused 132-owner plus candidate-state and post-promotion 211-owner cold replay pass raw bytes, exact MAP placement, ordered relocations [0x107CA,0x107B3], deterministic valid OMF, and dependency closure. Target relocation ordering supports its separation from the preceding shot producer."
th04-main-bomb-core-v178,th04-main,code-region,MAIN__TEXT,0x5444,0x11734,0x3D9,0x3D9,reviewed,authored,exact,bomb_core_tu,src/main/player/bomb.cpp,ev-th04-main-authored-screen-target;ev-th04-main-authored-screen-map;ev-th04-main-bomb-core-boundary-v178;ev-th04-main-target;ev-th04-main-format-integrity;ev-toolchain-surfaces;ev-th04-main-bomb-core-codegen-v178;ev-th04-main-bomb-core-toolchain-v178;ev-th04-main-bomb-core-omf-v178;ev-th04-main-bomb-core-cold-v178;ev-th04-main-bomb-core-layout-v178;ev-th04-main-bomb-core-raw-v178;ev-th04-main-bomb-core-aggregate-candidate-v178;ev-ledger-consistency-exact14;ev-th04-main-bomb-core-aggregate-final-v178,python3 scripts/replay_th04_main_exact_units.py --unit th04-main-bomb-stars-v178 --run-id gptweb-v178-bomb-focused-candidate-008,"Natural TC4J exactly reconstructs the contiguous 0x3D9 MAIN__TEXT bomb core containing eight reviewed functions. Focused 134-owner plus candidate-state and post-promotion 213-owner cold replay pass raw bytes, exact MAP placement, all 16 ordered MZ relocations, zero-code residual m1rsuf, deterministic valid OMF, and dependency closure."
th04-main-bomb-stars-v178,th04-main,function,MAIN__TEXT,0x581D,0x11B0D,0x11D,0x11D,reviewed,authored,exact,bomb_stars_update_and_render_for,src/main/player/bomb_stars.cpp,ev-th04-main-authored-screen-target;ev-th04-main-authored-screen-map;ev-th04-main-bomb-stars-boundary-v178;ev-th04-main-target;ev-th04-main-format-integrity;ev-toolchain-surfaces;ev-th04-main-bomb-stars-codegen-v178;ev-th04-main-bomb-stars-toolchain-v178;ev-th04-main-bomb-stars-omf-v178;ev-th04-main-bomb-stars-cold-v178;ev-th04-main-bomb-stars-layout-v178;ev-th04-main-bomb-stars-raw-v178;ev-th04-main-bomb-stars-aggregate-candidate-v178;ev-ledger-consistency-exact14;ev-th04-main-bomb-stars-aggregate-final-v178,python3 scripts/replay_th04_main_exact_units.py --unit th04-main-bomb-stars-v178 --run-id gptweb-v178-bomb-focused-candidate-008,"Natural TC4J exactly reconstructs the independent 0x11D MAIN__TEXT bomb-star renderer. Focused 134-owner plus candidate-state and post-promotion 213-owner cold replay pass raw bytes, exact MAP placement, the sole ordered MZ relocation, deterministic valid OMF, and dependency closure."
th04-main-marisa-shots-v179,th04-main,code-region,MAIN_TEXT,0x2F5F,0xF24F,0x874,0x874,reviewed,authored,exact,marisa_shots_tu,src/main/player/marisa_shot.cpp,ev-th04-main-target;ev-th04-main-format-integrity;ev-toolchain-surfaces;ev-th04-main-marisa-shots-owner-boundary-v179;ev-th04-main-marisa-late-boundaries-v179;ev-th04-main-marisa-shots-codegen-exact-v179;ev-th04-main-marisa-shots-toolchain-v179;ev-th04-main-marisa-shots-omf-exact-v179;ev-th04-main-marisa-shots-cold-v179;ev-th04-main-marisa-shots-layout-v179;ev-th04-main-marisa-shots-raw-v179;ev-th04-main-marisa-shots-aggregate-candidate-v179;ev-ledger-consistency-exact14;ev-th04-main-marisa-shots-aggregate-final-v179,python3 scripts/replay_th04_main_exact_units.py --unit th04-main-marisa-shots-v179 --run-id gptweb-v179-marisa-shots-focused-exact-003,"Natural TC4J exactly reconstructs the complete 0x874 MAIN_TEXT Marisa-shot producer, including five compiler-owned post-RET switch-metadata regions. Focused two-build replay and the pre-promotion default-cohort aggregate pass raw bytes, exact MAP placement, ordered relocations, deterministic valid OMF, and dependency closure. Historical focused-negative-002 remains retained as superseded source-shape evidence."
th04-main-thicklaser-update-v181,th04-main,code-region,B4M_UPDATE_TEXT,0x22E4,0x17574,0x15A,0x15A,reviewed,authored,exact,thicklaser_update_tu,src/main/bullet/thicklaser_update.cpp,ev-th04-main-thicklaser-owner-boundary-v181;ev-th04-main-thicklaser-codegen-negative-v181;ev-th04-main-thicklaser-omf-v181;ev-th04-main-thicklaser-layout-v181;ev-th04-main-thicklaser-raw-negative-v181;ev-th04-main-thicklaser-slice-diagnostic-v181;ev-th04-main-thicklaser-aggregate-negative-v181;ev-th04-main-thicklaser-function-review-v181;ev-th04-main-thicklaser-assignment-negative-v215;ev-th04-main-target;ev-th04-main-format-integrity;ev-toolchain-surfaces;ev-th04-main-thicklaser-count-negative-v277;ev-th04-main-thicklaser-copy-crossgame-v345;ev-th04-main-thicklaser-copy-explicit-v345;ev-th04-main-thicklaser-toolchain-v345;ev-th04-main-thicklaser-omf-v345;ev-th04-main-thicklaser-cold-v345;ev-th04-main-thicklaser-layout-v345;ev-th04-main-thicklaser-raw-v345;ev-th04-main-thicklaser-aggregate-final-v345;ev-ledger-consistency-exact14,python3 scripts/replay_th04_main_exact_units.py --unit th04-main-thicklaser-update-v181 --run-id gpt-5-6-sol-v345-thicklaser-symbolic-focused-003,"Complete 0x15A thick-laser producer is exact. Independently corroborated symbolic structure-copy source restores the historical register setup; focused 100-owner and default 253-owner A/B cold replays pass raw bytes, exact MAP, both ordered relocations, valid deterministic OMF, and aggregate acceptance."
th04-main-dialog-render-primitives-v182,th04-main,code-region,DIALOG_TEXT,0x24CE,0xE7BE,0xDA,0xDA,reviewed,authored,exact,dialog_render_primitives,src/main/dialog/render_primitives.inl,ev-th04-main-dialog-render-owner-boundary-v182;ev-th04-main-dialog-box-put-boundary-v182;ev-th04-main-dialog-copy-front-back-boundary-v182;ev-th04-main-dialog-face-unput-boundary-v182;ev-th04-main-dialog-render-layout-v182;ev-th04-main-dialog-render-raw-negative-v182;ev-th04-main-dialog-render-codegen-negative-v182;ev-th04-main-dialog-render-pc98-ide-negative-v182;ev-th04-main-dialog-render-natural-probe-v182;ev-th04-main-target;ev-th04-main-format-integrity;ev-toolchain-surfaces;ev-th04-main-dialog-render-crossgame-v382;ev-th04-main-dialog-render-hybrid-provenance-v394;ev-th04-main-dialog-render-fused-codegen-v394;ev-th04-main-dialog-render-toolchain-v394;ev-th04-main-dialog-render-omf-v394;ev-th04-main-dialog-render-cold-v394;ev-th04-main-dialog-render-layout-v394;ev-th04-main-dialog-render-raw-v394;ev-ledger-consistency-exact14;ev-th04-main-dialog-render-aggregate-candidate-v394;ev-th04-main-dialog-render-function-exact-review-v394;ev-th04-main-dialog-render-aggregate-final-v394,python3 scripts/replay_th04_main_exact_units.py --unit th04-main-dialog-render-primitives-v182 --run-id gpt-web-dialog-render-v394-focused-004 --stage finalize,"v394 hybrid authored C++ reconstructs the complete 0xDA dialog-render owner. Independent TH05 target evidence supports only the irreducible low-level REP STOSW, TEST BX, compact LOOP, and register-direction statements. Hash-bound source replacement, focused A/B replay, and the 268-owner candidate aggregate reproduce all 218 bytes, exact fused MAP ownership, three ordered relocations, and valid deterministic TC86 OMF."
th04-main-scroll-subpixel-y-seg1-v183,th04-main,function,CIRCLE_TEXT,0x1120,0xD410,0x28,0x28,reviewed,authored,exact,scroll_subpixel_y_to_vram_seg1,src/main/scroll/scroll_subpixel_y.cpp,ev-th04-main-scroll-seg1-boundary-v183;ev-th04-main-scroll-seg1-codegen-v183;ev-th04-main-scroll-seg1-toolchain-v183;ev-th04-main-scroll-seg1-omf-v183;ev-th04-main-scroll-seg1-cold-v183;ev-th04-main-scroll-seg1-layout-v183;ev-th04-main-scroll-seg1-raw-v183;ev-th04-main-scroll-seg1-aggregate-candidate-v183;ev-th04-main-target;ev-th04-main-format-integrity;ev-toolchain-surfaces;ev-ledger-consistency-exact14;ev-th04-main-scroll-seg1-aggregate-final-v183,python3 scripts/replay_th04_main_exact_units.py --unit th04-main-motion-seg1-asm-v183 --run-id gptweb-v183-motion-seg1-focused-002,"Natural TC4J exactly reconstructs the complete 0x28 CIRCLE_TEXT scroll conversion helper. Final focused two-cold replay plus candidate-state and post-promotion 216-owner aggregate replays pass raw bytes, exact MAP placement, empty ordered relocation overlap, deterministic valid OMF, and dependency closure."
th04-main-motion-seg1-asm-v183,th04-main,function,CIRCLE_TEXT,0x1148,0xD438,0x20,0x20,reviewed,original-asm,exact,PlayfieldMotion::update_seg1,src/main/math/motion_seg1.asm,ev-th04-main-motion-seg1-boundary-v183;ev-th04-main-motion-seg1-origin-v183;ev-th04-main-motion-seg1-tc4j-negative-v183;ev-th04-main-motion-seg1-toolchain-v183;ev-th04-main-motion-seg1-omf-v183;ev-th04-main-motion-seg1-cold-v183;ev-th04-main-motion-seg1-layout-v183;ev-th04-main-motion-seg1-raw-v183;ev-th04-main-motion-seg1-aggregate-candidate-v183;ev-th04-main-target;ev-th04-main-format-integrity;ev-toolchain-surfaces;ev-ledger-consistency-exact14;ev-th04-main-motion-seg1-aggregate-final-v183,python3 scripts/replay_th04_main_exact_units.py --unit th04-main-motion-seg1-asm-v183 --run-id gptweb-v183-motion-seg1-focused-002,Independent TH04/TH05 target and same-game exact-producer evidence classify this 0x20 frameless motion updater as original-style assembly. Maintained symbolic TASM is exact in final focused two-cold replay plus candidate-state and post-promotion 216-owner aggregate replays; credit remains on the separate ASM track.
th04-main-circle-tile-core-asm-v184,th04-main,code-region,CIRCLE_TEXT,0x0EE6,0xD1D6,0x23A,0x23A,reviewed,original-asm,exact,circle_tile_core_asm_owner,src/main/tile/circle_core.asm,ev-th04-main-circle-tile-core-boundary-v184;ev-th04-main-circle-tile-core-origin-v184;ev-th04-main-circle-tile-core-codegen-negative-v184;ev-th04-main-circle-tile-core-omf-probe-v184;ev-th04-main-circle-tile-core-toolchain-v184;ev-th04-main-circle-tile-core-omf-v184;ev-th04-main-circle-tile-core-cold-v184;ev-th04-main-circle-tile-core-layout-v184;ev-th04-main-circle-tile-core-raw-v184;ev-th04-main-circle-tile-core-aggregate-candidate-v184;ev-th04-main-target;ev-th04-main-format-integrity;ev-toolchain-surfaces;ev-ledger-consistency-exact14;ev-th04-main-circle-tile-core-aggregate-final-v184,python3 scripts/replay_th04_main_exact_units.py --unit th04-main-circle-tile-core-asm-v184 --run-id gptweb-v184-circle-tile-core-focused-003,"Original-style symbolic TASM exactly reconstructs the complete reviewed 0x23A CIRCLE_TEXT stage-tile core, including the source-owned EVEN byte. Independent TH05 target structure plus legal TC4J producer negatives support the origin classification. Focused 113-owner replay plus candidate-state and post-promotion 217-owner aggregates pass raw bytes, exact MAP ownership, ordered relocation overlap, valid deterministic OMF, and dependency closure."
th04-main-items-invalidate-v185,th04-main,function,CIRCLE_TEXT,0x160C,0xD8FC,0x4B,0x4B,reviewed,authored,exact,items_invalidate,src/main/item/invalidate.cpp,ev-th04-main-circle-dense-boundaries-v185;ev-th04-main-items-invalidate-boundary-v185;ev-th04-main-items-invalidate-codegen-v185;ev-th04-main-items-invalidate-layout-v185;ev-th04-main-items-invalidate-toolchain-v185;ev-th04-main-items-invalidate-omf-v185;ev-th04-main-items-invalidate-cold-v185;ev-th04-main-items-invalidate-layout-exact-v185;ev-th04-main-items-invalidate-raw-v185;ev-th04-main-items-invalidate-aggregate-candidate-v185;ev-th04-main-target;ev-th04-main-format-integrity;ev-toolchain-surfaces;ev-ledger-consistency-exact14;ev-th04-main-items-invalidate-aggregate-final-v185,python3 scripts/replay_th04_main_exact_units.py --unit th04-main-items-invalidate-v185 --run-id gptweb-v185-items-invalidate-focused-007,"Natural TC4J exactly reconstructs the complete reviewed 0x4B items_invalidate() body. Final focused two-cold replay plus candidate-state and post-promotion 218-owner aggregate replays pass raw bytes, exact MAP placement, empty relocation overlap, deterministic valid OMF, and dependency closure. The following source-owned NOP remains a separate zero-credit replay gap."
th04-main-sparks-invalidate-v186,th04-main,function,CIRCLE_TEXT,0x17FE,0xDAEE,0x26,0x26,reviewed,authored,exact,sparks_invalidate,src/main/spark/invalidate.cpp,ev-th04-main-spark-lifecycle-boundaries-v186;ev-th04-main-sparks-invalidate-boundary-v186;ev-th04-main-sparks-invalidate-codegen-v186;ev-th04-main-sparks-invalidate-toolchain-v186;ev-th04-main-sparks-invalidate-omf-v186;ev-th04-main-sparks-invalidate-cold-v186;ev-th04-main-sparks-invalidate-layout-v186;ev-th04-main-sparks-invalidate-raw-v186;ev-th04-main-sparks-invalidate-aggregate-candidate-v186;ev-th04-main-target;ev-th04-main-format-integrity;ev-toolchain-surfaces;ev-ledger-consistency-exact14;ev-th04-main-sparks-invalidate-aggregate-final-v186,python3 scripts/replay_th04_main_exact_units.py --unit th04-main-sparks-invalidate-v186 --run-id gptweb-v186-sparks-invalidate-focused-004,"Natural TC4J exactly reconstructs the complete reviewed 0x26 sparks_invalidate() body. Final focused two-cold replay plus the 219-owner candidate aggregate pass raw bytes, exact MAP placement, empty relocation overlap, deterministic valid OMF, and dependency closure. Neighboring spark update/render/init code remains zero-credit replay scaffold."
th04-main-sparks-init-v187,th04-main,function,CIRCLE_TEXT,0x1824,0xDB14,0x1E,0x1E,reviewed,authored,exact,sparks_init,src/main/spark/init.cpp,ev-th04-main-spark-lifecycle-boundaries-v186;ev-th04-main-sparks-init-codegen-v186;ev-th04-main-sparks-init-abi-v187;ev-th04-main-sparks-init-codegen-v187;ev-th04-main-sparks-init-boundary-v187;ev-th04-main-sparks-init-toolchain-v187;ev-th04-main-sparks-init-omf-v187;ev-th04-main-sparks-init-cold-v187;ev-th04-main-sparks-init-layout-v187;ev-th04-main-sparks-init-raw-v187;ev-th04-main-spark-header-impact-v187;ev-th04-main-sparks-init-aggregate-candidate-v187;ev-th04-main-target;ev-th04-main-format-integrity;ev-toolchain-surfaces;ev-ledger-consistency-exact14;ev-th04-main-sparks-init-function-exact-review-v187;ev-th04-main-sparks-init-aggregate-final-v187;ev-th04-main-sparks-init-current-focused-v187;ev-th04-main-sparks-init-current-aggregate-v187,python3 scripts/replay_th04_main_exact_units.py --unit th04-main-sparks-init-v187 --run-id gptweb-v187-sparks-init-focused-current-001,"Natural TC4J exactly reconstructs the complete reviewed 0x1E _sparks_init body after localizing the target-proved mixed spark lifecycle linkage surface and expressing low-byte-only initialization semantics. Focused 116-owner two-cold replay plus 220-owner candidate and post-promotion aggregates pass raw bytes, exact MAP placement, ordered relocation at 0xC31F, valid deterministic OMF, and dependency closure. The header input changes OMF identities for dependent objects, but the full aggregate proves every accepted linked owner remains exact."
th04-main-item-splashes-render-v188,th04-main,function,CIRCLE_TEXT,0x168C,0xD97C,0x83,0x83,reviewed,authored,exact,item_splashes_render,src/main/item/splashes_render.cpp,ev-th04-main-spark-lifecycle-boundaries-v186;ev-th04-main-item-splashes-render-boundary-v188;ev-th04-main-item-splashes-render-codegen-v188;ev-th04-main-item-splash-dot-abi-v188;ev-th04-main-circle-render-crossgame-v188;ev-th04-main-item-splashes-render-focused-v188;ev-th04-main-item-splashes-render-aggregate-candidate-v188;ev-th04-main-target;ev-th04-main-format-integrity;ev-toolchain-surfaces;ev-ledger-consistency-exact14;ev-th04-main-item-splashes-render-toolchain-v188;ev-th04-main-item-splashes-render-omf-v188;ev-th04-main-item-splashes-render-layout-v188;ev-th04-main-item-splashes-render-raw-v188;ev-th04-main-item-splashes-render-function-review-v188;ev-th04-main-item-splashes-render-aggregate-final-v188;ev-th04-main-item-splashes-render-current-aggregate-v188,python3 scripts/replay_th04_main_exact_units.py --unit th04-main-item-splashes-render-v188 --run-id gptweb-v188-item-splashes-render-focused-candidate-005,"Natural TC4J exactly reconstructs the complete reviewed 0x83 ITEM_SPLASHES_RENDER body. Focused 117-owner two-cold replay plus 221-owner candidate and post-promotion aggregates pass raw bytes, exact MAP placement, ordered relocation overlap, deterministic valid OMF, and the separate 0xC1FF byte-aligned layout/residual gates. Header-dependent accepted owners are revalidated by the full aggregate."
th04-main-spark-render-asm-v189,th04-main,code-region,CIRCLE_TEXT,0x1710,0xDA00,0x66,0x66,reviewed,original-asm,exact,spark_render_asm_owner,src/main/spark/render.asm,ev-th04-main-spark-lifecycle-boundaries-v186;ev-th04-main-circle-lowlevel-render-origin-v189;ev-th04-main-circle-lowlevel-render-codegen-negative-v189;ev-th04-main-circle-lowlevel-render-omf-probe-v189;ev-th04-main-spark-render-boundary-v189;ev-th04-main-spark-render-toolchain-v189;ev-th04-main-spark-render-omf-v189;ev-th04-main-spark-render-cold-v189;ev-th04-main-spark-render-layout-v189;ev-th04-main-spark-render-raw-v189;ev-th04-main-spark-render-aggregate-candidate-v189;ev-th04-main-target;ev-th04-main-format-integrity;ev-toolchain-surfaces;ev-ledger-consistency-exact14;ev-th04-main-spark-render-aggregate-final-v189;ev-th04-main-circle-lowlevel-render-lf-source-rebind-v189,python3 scripts/replay_th04_main_exact_units.py --unit th04-main-item-splash-dot-render-asm-v189 --run-id gptweb-v189-circle-lowlevel-render-focused-lf-003,Evidence-backed original-style symbolic TASM exactly reconstructs the complete 0x66 physical spark renderer owner: the 0x65 function body plus its genuine source-owned EVEN byte. Independent TH05 target identity and bounded legal TC4J negatives support origin classification; focused and candidate aggregate replays prove linked raw/MAP/relocation exactness; the 223-owner post-promotion aggregate revalidates the complete tracked default exact cohort; committed-LF focused and final aggregate replays rebind exactness to the source bytes stored by Git.
th04-main-item-splash-dot-render-asm-v189,th04-main,function,CIRCLE_TEXT,0x1842,0xDB32,0x1C,0x1C,reviewed,original-asm,exact,item_splash_dot_render_asm,src/main/item/splash_dot_render.asm,ev-th04-main-spark-lifecycle-boundaries-v186;ev-th04-main-circle-lowlevel-render-origin-v189;ev-th04-main-circle-lowlevel-render-codegen-negative-v189;ev-th04-main-circle-lowlevel-render-omf-probe-v189;ev-th04-main-item-splash-dot-render-boundary-v189;ev-th04-main-item-splash-dot-render-toolchain-v189;ev-th04-main-item-splash-dot-render-omf-v189;ev-th04-main-item-splash-dot-render-cold-v189;ev-th04-main-item-splash-dot-render-layout-v189;ev-th04-main-item-splash-dot-render-raw-v189;ev-th04-main-item-splash-dot-render-aggregate-candidate-v189;ev-th04-main-target;ev-th04-main-format-integrity;ev-toolchain-surfaces;ev-ledger-consistency-exact14;ev-th04-main-item-splash-dot-render-aggregate-final-v189;ev-th04-main-circle-lowlevel-render-lf-source-rebind-v189,python3 scripts/replay_th04_main_exact_units.py --unit th04-main-item-splash-dot-render-asm-v189 --run-id gptweb-v189-circle-lowlevel-render-focused-lf-003,Evidence-backed original-style symbolic TASM exactly reconstructs the complete 0x1C splash-dot primitive. The independently attested TH04/TH05 bodies are byte-identical; bounded legal TC4J probes remain nonexact. Focused and candidate aggregate replays prove linked raw/MAP/relocation exactness; the 223-owner post-promotion aggregate revalidates the complete tracked default exact cohort; committed-LF focused and final aggregate replays rebind exactness to the source bytes stored by Git.
th04-main-sparks-update-render-asm-v190,th04-main,code-region,CIRCLE_TEXT,0x1776,0xDA66,0x88,0x88,reviewed,original-asm,exact,sparks_update_render_asm_owner,src/main/spark/update_render.asm,ev-th04-main-spark-lifecycle-boundaries-v186;ev-th04-main-sparks-update-render-origin-v190;ev-th04-main-sparks-update-render-codegen-negative-v190;ev-th04-main-sparks-update-render-omf-probe-v190;ev-th04-main-sparks-update-render-toolchain-v190;ev-th04-main-sparks-update-render-omf-v190;ev-th04-main-sparks-update-render-cold-v190;ev-th04-main-sparks-update-render-layout-v190;ev-th04-main-sparks-update-render-raw-v190;ev-th04-main-sparks-update-render-aggregate-candidate-v190;ev-th04-main-target;ev-th04-main-format-integrity;ev-toolchain-surfaces;ev-ledger-consistency-exact14;ev-th04-main-sparks-update-render-aggregate-final-v190,python3 scripts/replay_th04_main_exact_units.py --unit th04-main-sparks-update-render-asm-v190 --run-id gptweb-v190-sparks-update-render-focused-candidate-001,"Evidence-backed original-style symbolic TASM exactly reconstructs the complete reviewed 0x88 spark update/render physical producer, including the source-owned EVEN byte. Independent TH04/TH05 original-target structure plus legal TC4J negatives support origin classification; focused and candidate aggregate replay pass raw bytes, exact MAP ownership, empty ordered relocation overlap, valid deterministic OMF, and dependency closure."
th04-main-mugetsu-gengetsu-backdrop-v191,th04-main,function,CIRCLE_TEXT,0x1658,0xD948,0x0E,0x0E,reviewed,authored,exact,mugetsu_gengetsu_backdrop_colorfill,src/main/boss/mugetsu_gengetsu_backdrop.cpp,ev-th04-main-circle-residual-boundaries-v191;ev-th04-main-mugetsu-gengetsu-backdrop-codegen-v191;ev-th04-main-mugetsu-gengetsu-backdrop-v191-boundary-v191;ev-th04-main-mugetsu-gengetsu-backdrop-v191-toolchain-v191;ev-th04-main-mugetsu-gengetsu-backdrop-v191-omf-v191;ev-th04-main-mugetsu-gengetsu-backdrop-v191-cold-v191;ev-th04-main-mugetsu-gengetsu-backdrop-v191-layout-v191;ev-th04-main-mugetsu-gengetsu-backdrop-v191-raw-v191;ev-th04-main-mugetsu-gengetsu-backdrop-v191-aggregate-candidate-v191;ev-th04-main-target;ev-th04-main-format-integrity;ev-toolchain-surfaces;ev-ledger-consistency-exact14;ev-th04-main-mugetsu-gengetsu-backdrop-function-exact-review-v191;ev-th04-main-mugetsu-gengetsu-backdrop-v191-aggregate-final-v191,python3 scripts/replay_th04_main_exact_units.py --unit th04-main-grcg-modecolor-asm-v191 --run-id gptweb-v191-circle-backdrop-grcg-focused-candidate-002,"Natural TC4J exactly reconstructs the complete reviewed 0x0E Ghidra-missed backdrop callback. Focused two-cold plus 226-owner candidate aggregate pass raw bytes, exact MAP placement, empty relocation overlap, valid deterministic OMF, and split-aware residual ownership."
th04-main-grcg-modecolor-asm-v191,th04-main,code-region,CIRCLE_TEXT,0x1666,0xD956,0x26,0x26,reviewed,original-asm,exact,grcg_modecolor_asm_owner,src/main/hardware/grcg_modecolor.asm,ev-th04-main-circle-residual-boundaries-v191;ev-th04-main-grcg-modecolor-origin-v191;ev-th04-main-grcg-modecolor-codegen-negative-v191;ev-th04-main-grcg-modecolor-omf-probe-v191;ev-th04-main-grcg-modecolor-v191-boundary-v191;ev-th04-main-grcg-modecolor-v191-toolchain-v191;ev-th04-main-grcg-modecolor-v191-omf-v191;ev-th04-main-grcg-modecolor-v191-cold-v191;ev-th04-main-grcg-modecolor-v191-layout-v191;ev-th04-main-grcg-modecolor-v191-raw-v191;ev-th04-main-grcg-modecolor-v191-aggregate-candidate-v191;ev-th04-main-target;ev-th04-main-format-integrity;ev-toolchain-surfaces;ev-ledger-consistency-exact14;ev-th04-main-grcg-modecolor-v191-aggregate-final-v191,python3 scripts/replay_th04_main_exact_units.py --unit th04-main-grcg-modecolor-asm-v191 --run-id gptweb-v191-circle-backdrop-grcg-focused-candidate-002,"Evidence-backed original-style symbolic TASM exactly reconstructs the complete 0x26 physical GRCG producer: RMW and TDW mode setters, both source-owned EVEN bytes, and direct-color expansion. TH04/TH05 original targets are byte-identical; legal TC4J mechanisms remain nonexact."
th04-main-clear-dwords-asm-v192,th04-main,code-region,CIRCLE_TEXT,0x185E,0xDB4E,0x16,0x16,reviewed,original-asm,exact,clear_dwords_asm_owner,src/main/core/clear_dwords.asm,ev-th04-main-circle-score-tail-boundaries-v192;ev-th04-main-clear-dwords-asm-v192-origin;ev-th04-main-clear-dwords-asm-v192-codegen-negative;ev-th04-main-clear-dwords-asm-v192-omf-probe;ev-th04-main-clear-dwords-asm-v192-boundary;ev-th04-main-clear-dwords-asm-v192-toolchain;ev-th04-main-clear-dwords-asm-v192-omf;ev-th04-main-clear-dwords-asm-v192-cold;ev-th04-main-clear-dwords-asm-v192-layout;ev-th04-main-clear-dwords-asm-v192-raw;ev-th04-main-clear-dwords-asm-v192-aggregate-candidate;ev-th04-main-target;ev-th04-main-format-integrity;ev-toolchain-surfaces;ev-ledger-consistency-exact14;ev-th04-main-clear-dwords-asm-v192-aggregate-final,python3 scripts/replay_th04_main_exact_units.py --unit th04-main-clear-dwords-asm-v192,Evidence-backed original-style symbolic ASM owner; focused two-cold and 230-owner candidate aggregate prove exact raw/MAP/relocation ownership.
th04-main-playperf-asm-v192,th04-main,code-region,CIRCLE_TEXT,0x1874,0xDB64,0x32,0x32,reviewed,original-asm,exact,playperf_asm_owner,src/main/playperf.asm,ev-th04-main-circle-score-tail-boundaries-v192;ev-th04-main-playperf-asm-v192-origin;ev-th04-main-playperf-asm-v192-codegen-negative;ev-th04-main-playperf-asm-v192-omf-probe;ev-th04-main-playperf-asm-v192-boundary;ev-th04-main-playperf-asm-v192-toolchain;ev-th04-main-playperf-asm-v192-omf;ev-th04-main-playperf-asm-v192-cold;ev-th04-main-playperf-asm-v192-layout;ev-th04-main-playperf-asm-v192-raw;ev-th04-main-playperf-asm-v192-aggregate-candidate;ev-th04-main-target;ev-th04-main-format-integrity;ev-toolchain-surfaces;ev-ledger-consistency-exact14;ev-th04-main-playperf-asm-v192-aggregate-final,python3 scripts/replay_th04_main_exact_units.py --unit th04-main-playperf-asm-v192,Evidence-backed original-style symbolic ASM owner; focused two-cold and 230-owner candidate aggregate prove exact raw/MAP/relocation ownership.
th04-main-select-for-rank-asm-v192,th04-main,code-region,CIRCLE_TEXT,0x18A6,0xDB96,0x14,0x14,reviewed,original-asm,exact,select_for_rank_asm_owner,src/main/select_for_rank.asm,ev-th04-main-circle-score-tail-boundaries-v192;ev-th04-main-select-for-rank-asm-v192-origin;ev-th04-main-select-for-rank-asm-v192-codegen-negative;ev-th04-main-select-for-rank-asm-v192-omf-probe;ev-th04-main-select-for-rank-asm-v192-boundary;ev-th04-main-select-for-rank-asm-v192-toolchain;ev-th04-main-select-for-rank-asm-v192-omf;ev-th04-main-select-for-rank-asm-v192-cold;ev-th04-main-select-for-rank-asm-v192-layout;ev-th04-main-select-for-rank-asm-v192-raw;ev-th04-main-select-for-rank-asm-v192-aggregate-candidate;ev-th04-main-target;ev-th04-main-format-integrity;ev-toolchain-surfaces;ev-ledger-consistency-exact14;ev-th04-main-select-for-rank-asm-v192-aggregate-final,python3 scripts/replay_th04_main_exact_units.py --unit th04-main-select-for-rank-asm-v192,Evidence-backed original-style symbolic ASM owner; focused two-cold and 230-owner candidate aggregate prove exact raw/MAP/relocation ownership.
th04-main-scoredat-code-asm-v192,th04-main,code-region,CIRCLE_TEXT,0x18BA,0xDBAA,0x80,0x80,reviewed,original-asm,exact,scoredat_code_asm_owner,src/main/score/scoredat_code.asm,ev-th04-main-circle-score-tail-boundaries-v192;ev-th04-main-scoredat-code-asm-v192-origin;ev-th04-main-scoredat-code-asm-v192-codegen-negative;ev-th04-main-scoredat-code-asm-v192-omf-probe;ev-th04-main-scoredat-code-asm-v192-boundary;ev-th04-main-scoredat-code-asm-v192-toolchain;ev-th04-main-scoredat-code-asm-v192-omf;ev-th04-main-scoredat-code-asm-v192-cold;ev-th04-main-scoredat-code-asm-v192-layout;ev-th04-main-scoredat-code-asm-v192-raw;ev-th04-main-scoredat-code-asm-v192-aggregate-candidate;ev-th04-main-target;ev-th04-main-format-integrity;ev-toolchain-surfaces;ev-ledger-consistency-exact14;ev-th04-main-scoredat-code-asm-v192-aggregate-final,python3 scripts/replay_th04_main_exact_units.py --unit th04-main-scoredat-code-asm-v192,Evidence-backed original-style symbolic ASM owner; focused two-cold and 230-owner candidate aggregate prove exact raw/MAP/relocation ownership.
th04-main-z-super-roll-put-tiny-asm-v193,th04-main,code-region,CIRCLE_TEXT,0x193A,0xDC2A,0x220,0x220,reviewed,original-asm,exact,z_super_roll_put_tiny_asm_owner,src/main/formats/z_super_roll_put_tiny.asm,ev-th04-main-zsuper-boundaries-v193;ev-th04-main-zsuper-origin-v193;ev-th04-main-zsuper-omf-probe-v193;ev-th04-main-zsuper-boundary-v193;ev-th04-main-zsuper-toolchain-v193;ev-th04-main-zsuper-omf-v193;ev-th04-main-zsuper-cold-v193;ev-th04-main-zsuper-layout-v193;ev-th04-main-zsuper-raw-v193;ev-th04-main-zsuper-aggregate-candidate-v193;ev-th04-main-target;ev-th04-main-format-integrity;ev-toolchain-surfaces;ev-ledger-consistency-exact14;ev-th04-main-zsuper-aggregate-final-v193,python3 scripts/replay_th04_main_exact_units.py --unit th04-main-z-super-roll-put-tiny-asm-v193 --run-id gptweb-v193-zsuper-focused-candidate-001,"Evidence-backed original-style symbolic TASM exactly reconstructs the complete 0x220 physical rolling-blitter producer: 2-byte private state plus 32x32 and 16x16 near routines. TH04/TH05 original targets share 534 fixed bytes; focused and candidate aggregate replay pass raw bytes, exact MAP placement, empty relocation overlap, deterministic OMF, and split-aware historical ownership."
th04-main-main013-grcg-asm-v194,th04-main,code-region,MAIN_013_TEXT,0x74D8,0x137C8,0xAE,0xAE,reviewed,original-asm,exact,main013_playfield_grcg_asm_owner,src/main/hardware/playfield_grcg.asm,ev-th04-main-main013-grcg-boundaries-v194;ev-th04-main-main013-grcg-origin-v194;ev-th04-main-main013-grcg-codegen-negative-v194;ev-th04-main-main013-grcg-omf-probe-v194;ev-th04-main-main013-grcg-public-case-v194;ev-th04-main-main013-grcg-boundary-v194;ev-th04-main-main013-grcg-toolchain-v194;ev-th04-main-main013-grcg-omf-v194;ev-th04-main-main013-grcg-cold-v194;ev-th04-main-main013-grcg-layout-v194;ev-th04-main-main013-grcg-raw-v194;ev-th04-main-main013-grcg-aggregate-candidate-v194;ev-th04-main-target;ev-th04-main-format-integrity;ev-toolchain-surfaces;ev-ledger-consistency-exact14;ev-th04-main-main013-grcg-aggregate-final-v194,python3 scripts/replay_th04_main_exact_units.py --unit th04-main-main013-grcg-asm-v194 --run-id gptweb-v194-main013-grcg-focused-candidate-007,"Evidence-backed original-style symbolic TASM exactly reconstructs the complete 0xAE MAIN_013_TEXT physical producer: five reviewed near routines plus two source-owned alignment NOPs. Focused and candidate aggregate replay pass raw bytes, exact MAP placement, empty relocation overlap, deterministic OMF, and historical-owner split closure."
th04-main-mpn-load-v195,th04-main,function,END_TEXT,0x0E0C,0xD0FC,0x75,0x75,reviewed,authored,exact,MPN_LOAD,src/main/formats/mpn_upload.cpp,ev-th04-main-mpn-load-boundary-v195;ev-th04-main-mpn-load-codegen-v195;ev-th04-main-mpn-load-sub3680-public-v195;ev-th04-main-target;ev-th04-main-format-integrity;ev-toolchain-surfaces;ev-th04-main-mpn-load-toolchain-v195;ev-th04-main-mpn-load-omf-v195;ev-th04-main-mpn-load-cold-v195;ev-th04-main-mpn-load-layout-v195;ev-th04-main-mpn-load-raw-v195;ev-ledger-consistency-exact14;ev-th04-main-mpn-load-aggregate-candidate-v195;ev-th04-main-mpn-load-function-review-v195;ev-th04-main-end-scroll-other-artifacts-v195;ev-th04-main-mpn-load-aggregate-final-v195,python3 scripts/replay_th04_main_exact_units.py --unit th04-main-mpn-load-v195 --run-id gptweb-v195-mpn-focused-candidate-003,"Maintained natural C++ exactly reconstructs the complete 0x75 END_TEXT MPN uploader. Focused two-cold and 233-owner candidate aggregate replay pass raw bytes, exact MAP placement, four ordered relocations, deterministic valid OMF, and residual-owner split closure."
th04-main-midboss2-render-v196,th04-main,function,MAI_TEXT,0x214A,0xE43A,0x9C,0x9C,reviewed,authored,exact,midboss2_render,src/main/midboss/m2_render.cpp,ev-th04-main-midboss2-render-boundary-v196;ev-th04-main-midboss2-render-codegen-v196;ev-th04-main-midboss2-suffix-omf-probe-v196;ev-th04-main-target;ev-th04-main-format-integrity;ev-toolchain-surfaces;ev-th04-main-midboss2-render-toolchain-v196;ev-th04-main-midboss2-render-omf-v196;ev-th04-main-midboss2-render-cold-v196;ev-th04-main-midboss2-render-layout-v196;ev-th04-main-midboss2-render-raw-v196;ev-ledger-consistency-exact14;ev-th04-main-midboss2-render-aggregate-candidate-v196;ev-th04-main-midboss2-suffix-semantic-v196;ev-th04-main-midboss2-storage-publics-v196;ev-th04-main-midboss2-other-artifacts-v196;ev-th04-main-midboss2-function-review-v196;ev-th04-main-midboss2-render-aggregate-final-v196,python3 scripts/replay_th04_main_exact_units.py --unit th04-main-midboss2-render-v196 --run-id gptweb-v196-midboss2-focused-candidate-003,"Maintained natural C++ exactly reconstructs the complete 0x9C MAI_TEXT Stage 2 midboss renderer. Focused two-cold and 234-owner candidate aggregate replay pass raw bytes, exact MAP placement, ordered relocations, deterministic natural OMF, and split-aware zero-credit scroll suffix ownership."
th04-main-mai-tile-render-asm-v197,th04-main,code-region,MAI_TEXT,0x20C8,0xE3B8,0x82,0x82,reviewed,original-asm,exact,mai_tile_render_asm_owner,src/main/tile/render_all.asm,ev-th04-main-mai-prefix-boundary-v197;ev-th04-main-mai-prefix-origin-v197;ev-th04-main-mai-egc-codegen-negative-v197;ev-th04-main-mai-prefix-omf-probe-v197;ev-th04-main-target;ev-th04-main-format-integrity;ev-toolchain-surfaces;ev-th04-main-mai-prefix-toolchain-v197;ev-th04-main-mai-prefix-omf-v197;ev-th04-main-mai-prefix-cold-v197;ev-th04-main-mai-prefix-layout-v197;ev-th04-main-mai-prefix-raw-v197;ev-ledger-consistency-exact14;ev-th04-main-mai-prefix-aggregate-candidate-v197;ev-th04-main-mai-prefix-aggregate-final-v197,python3 scripts/replay_th04_main_exact_units.py --unit th04-main-mai-tile-render-asm-v197 --run-id gptweb-v197-mai-prefix-focused-candidate-001,"Evidence-backed original-style symbolic TASM exactly reconstructs the complete 0x82 MAI_TEXT physical producer: tiles_render_all(), egc_start_copy_noframe(), and the source-owned alignment NOP. Focused two-cold and 235-owner candidate aggregate replay pass raw bytes, exact MAP placement, one ordered relocation, deterministic OMF, and split-aware v196 adjacency."
th04-main-bb-tile-mask-asm-v198,th04-main,code-region,CIRCLE_TEXT,0x1426,0xD716,0xE2,0xE2,reviewed,original-asm,exact,bb_tile_mask_asm_owner,src/main/tile/bb_mask.asm,ev-th04-main-bb-mask-boundary-v198;ev-th04-main-bb-mask-origin-v198;ev-th04-main-bb-mask-codegen-negative-v198;ev-th04-main-bb-mask-other-artifacts-v198;ev-th04-main-bb-mask-toolchain-v198;ev-th04-main-bb-mask-omf-v198;ev-th04-main-bb-mask-cold-v198;ev-th04-main-bb-mask-layout-v198;ev-th04-main-bb-mask-raw-v198;ev-ledger-consistency-exact14;ev-th04-main-target;ev-th04-main-format-integrity;ev-toolchain-surfaces;ev-th04-main-bb-mask-aggregate-candidate-v198;ev-th04-main-bb-mask-aggregate-final-v198,python3 scripts/replay_th04_main_exact_units.py --unit th04-main-bb-tile-mask-asm-v198 --run-id gptweb-v198-bb-mask-focused-candidate-001,"Evidence-backed irreducible/original-style symbolic TASM exactly reconstructs the reviewed 0xE2 CIRCLE_TEXT physical owner: tiles_bb_put_raw(), its source-owned EVEN NOP, and tiles_bb_invalidate_raw(). Focused 132-owner and pre-promotion 236-owner two-cold replay pass raw bytes, containing MAP ownership, one ordered relocation, valid normalized-deterministic OMF metadata, and dependency closure."
th04-main-yuuka5-backdrop-asm-v199,th04-main,code-region,CIRCLE_TEXT,0x1508,0xD7F8,0x22,0x22,reviewed,original-asm,exact,yuuka5_backdrop_asm_owner,src/main/boss/yuuka5_backdrop.asm,ev-th04-main-yuuka5-backdrop-boundary-v199;ev-th04-main-yuuka5-backdrop-origin-v199;ev-th04-main-yuuka5-backdrop-codegen-negative-v199;ev-th04-main-yuuka5-backdrop-other-artifacts-v199;ev-th04-main-yuuka5-backdrop-toolchain-v199;ev-th04-main-yuuka5-backdrop-omf-v199;ev-th04-main-yuuka5-backdrop-cold-v199;ev-th04-main-yuuka5-backdrop-layout-v199;ev-th04-main-yuuka5-backdrop-raw-v199;ev-ledger-consistency-exact14;ev-th04-main-target;ev-th04-main-format-integrity;ev-toolchain-surfaces;ev-th04-main-yuuka5-backdrop-aggregate-candidate-v199;ev-th04-main-yuuka5-backdrop-aggregate-final-v199,python3 scripts/replay_th04_main_exact_units.py --unit th04-main-bb-txt-put-asm-v199 --run-id gptweb-v199-circle-lowlevel-focused-candidate-001,Evidence-backed irreducible/original-style ASM owner; focused two-cold and candidate aggregate replay pass exact raw/MAP/relocation gates.
th04-main-z-super-put-mono-asm-v199,th04-main,code-region,CIRCLE_TEXT,0x152A,0xD81A,0x80,0x80,reviewed,original-asm,exact,z_super_put_16x16_mono_asm_owner,src/main/formats/z_super_put_16x16_mono.asm,ev-th04-main-z-super-put-mono-boundary-v199;ev-th04-main-z-super-put-mono-origin-v199;ev-th04-main-z-super-put-mono-codegen-negative-v199;ev-th04-main-z-super-put-mono-other-artifacts-v199;ev-th04-main-z-super-put-mono-toolchain-v199;ev-th04-main-z-super-put-mono-omf-v199;ev-th04-main-z-super-put-mono-cold-v199;ev-th04-main-z-super-put-mono-layout-v199;ev-th04-main-z-super-put-mono-raw-v199;ev-ledger-consistency-exact14;ev-th04-main-target;ev-th04-main-format-integrity;ev-toolchain-surfaces;ev-th04-main-z-super-put-mono-aggregate-candidate-v199;ev-th04-main-z-super-put-mono-aggregate-final-v199,python3 scripts/replay_th04_main_exact_units.py --unit th04-main-bb-txt-put-asm-v199 --run-id gptweb-v199-circle-lowlevel-focused-candidate-001,Evidence-backed irreducible/original-style ASM owner including source-owned final EVEN; no exact credit before cold replay.
th04-main-bb-txt-put-asm-v199,th04-main,code-region,CIRCLE_TEXT,0x15AA,0xD89A,0x62,0x62,reviewed,original-asm,exact,bb_txt_put_asm_owner,src/main/formats/bb_txt_put.asm,ev-th04-main-bb-txt-put-boundary-v199;ev-th04-main-bb-txt-put-origin-v199;ev-th04-main-bb-txt-put-codegen-negative-v199;ev-th04-main-bb-txt-put-other-artifacts-v199;ev-th04-main-bb-txt-put-toolchain-v199;ev-th04-main-bb-txt-put-omf-v199;ev-th04-main-bb-txt-put-cold-v199;ev-th04-main-bb-txt-put-layout-v199;ev-th04-main-bb-txt-put-raw-v199;ev-ledger-consistency-exact14;ev-th04-main-target;ev-th04-main-format-integrity;ev-toolchain-surfaces;ev-th04-main-bb-txt-put-aggregate-candidate-v199;ev-th04-main-bb-txt-put-aggregate-final-v199,python3 scripts/replay_th04_main_exact_units.py --unit th04-main-bb-txt-put-asm-v199 --run-id gptweb-v199-circle-lowlevel-focused-candidate-001,Evidence-backed irreducible/original-style ASM owner including source-owned final EVEN; TH05 target preserves 95/97 function bytes modulo one linked data word.
th04-main-shot-laser-put-asm-v200,th04-main,code-region,CIRCLE_TEXT,0x1378,0xD668,0x64,0x64,reviewed,original-asm,exact,shot_laser_put_asm_owner,src/main/player/shot_laser.asm,ev-th04-main-shot-laser-boundary-v200;ev-th04-main-shot-laser-origin-v200;ev-th04-main-shot-laser-codegen-negative-v200;ev-th04-main-circle-prebb-other-artifacts-v200;ev-th04-main-shot-laser-toolchain-v200;ev-th04-main-shot-laser-omf-v200;ev-th04-main-shot-laser-cold-v200;ev-th04-main-shot-laser-layout-v200;ev-th04-main-shot-laser-raw-v200;ev-ledger-consistency-exact14;ev-th04-main-target;ev-th04-main-format-integrity;ev-toolchain-surfaces;ev-th04-main-shot-laser-aggregate-candidate-v200;ev-th04-main-shot-laser-aggregate-final-v200,python3 scripts/replay_th04_main_exact_units.py --unit th04-main-fillm64-backdrop-asm-v200 --run-id gptweb-v200-circle-prebb-focused-candidate-001,Evidence-backed irreducible/original-style ASM owner. Focused two-cold and 241-owner candidate aggregate replay pass exact raw/MAP/empty-relocation gates for the 0x64 physical owner including final EVEN.
th04-main-elly-backdrop-v200,th04-main,function,CIRCLE_TEXT,0x13DC,0xD6CC,0x0E,0x0E,reviewed,authored,exact,elly_backdrop_colorfill,src/main/boss/elly_backdrop.cpp,ev-th04-main-elly-backdrop-boundary-v200;ev-th04-main-elly-backdrop-codegen-v200;ev-th04-main-elly-backdrop-layout-blocker-v200;ev-th04-main-circle-prebb-other-artifacts-v200;ev-th04-main-elly-backdrop-producer-split-v201;ev-th04-main-elly-backdrop-toolchain-v201;ev-th04-main-elly-backdrop-omf-v201;ev-th04-main-elly-backdrop-cold-v201;ev-th04-main-elly-backdrop-layout-v201;ev-th04-main-elly-backdrop-raw-v201;ev-th04-main-elly-backdrop-suffix-migration-v201;ev-th04-main-elly-backdrop-aggregate-candidate-v201;ev-th04-main-target;ev-th04-main-format-integrity;ev-toolchain-surfaces;ev-ledger-consistency-exact14;ev-th04-main-elly-backdrop-function-exact-review-v201;ev-th04-main-elly-backdrop-aggregate-final-v201;ev-th04-main-elly-other-artifacts-v201,python3 scripts/replay_th04_main_exact_units.py --unit th04-main-elly-backdrop-v200 --run-id gptweb-v201-elly-split-focused-candidate-003,"Natural TC4J Elly backdrop callback promoted after a real CIRCLE producer split: focused two-cold and 242-owner candidate aggregate replay prove exact raw bytes, MAP placement, empty relocation overlap, deterministic OMF, and trigger-scoped revalidation of all five migrated v198-v200 suffix owners."
th04-main-fillm64-backdrop-asm-v200,th04-main,code-region,CIRCLE_TEXT,0x13EA,0xD6DA,0x3C,0x3C,reviewed,original-asm,exact,fillm64_backdrop_asm_owner,src/main/hardware/fillm64_56_256_256.asm,ev-th04-main-fillm64-boundary-v200;ev-th04-main-fillm64-origin-v200;ev-th04-main-fillm64-codegen-negative-v200;ev-th04-main-circle-prebb-other-artifacts-v200;ev-th04-main-fillm64-toolchain-v200;ev-th04-main-fillm64-omf-v200;ev-th04-main-fillm64-cold-v200;ev-th04-main-fillm64-layout-v200;ev-th04-main-fillm64-raw-v200;ev-ledger-consistency-exact14;ev-th04-main-target;ev-th04-main-format-integrity;ev-toolchain-surfaces;ev-th04-main-fillm64-aggregate-candidate-v200;ev-th04-main-fillm64-aggregate-final-v200,python3 scripts/replay_th04_main_exact_units.py --unit th04-main-fillm64-backdrop-asm-v200 --run-id gptweb-v200-circle-prebb-focused-candidate-001,Evidence-backed shared low-level/original-style ASM owner. Focused two-cold and 241-owner candidate aggregate replay pass exact raw/MAP/empty-relocation gates for the 0x3C physical owner including final EVEN.
th04-main-main-entry-v202,th04-main,function,DEMO_TEXT,0x001C,0xC30C,0x7C,0x7C,reviewed,authored,exact,main,src/main/core/main.cpp,ev-th04-main-main-entry-boundary-v202;ev-th04-main-main-entry-codegen-v202;ev-th04-main-main-entry-toolchain-v202;ev-th04-main-main-entry-omf-v202;ev-th04-main-main-entry-cold-v202;ev-th04-main-main-entry-layout-v202;ev-th04-main-main-entry-raw-v202;ev-th04-main-main-entry-aggregate-candidate-v202;ev-th04-main-target;ev-th04-main-format-integrity;ev-toolchain-surfaces;ev-ledger-consistency-exact14;ev-th04-main-main-entry-function-exact-review-v202;ev-th04-main-main-entry-aggregate-final-v202;ev-th04-main-main-entry-other-artifacts-v202,python3 scripts/replay_th04_main_exact_units.py --unit th04-main-main-entry-v202 --run-id gptweb-v202-main-entry-focused-candidate-004,"Natural TC4J reconstructs the complete MZ-called FAR gameplay entry. Focused two-cold and 243-owner candidate aggregate replay prove exact raw bytes, exact DEMO_TEXT MAP placement, all six ordered MZ relocations, deterministic OMF, and the length-preserving same-group GameExecl call relaxation."
th04-main-mpn-render-asm-v203,th04-main,code-region,_TEXT,0x3680,0x4E80,0x75,0x75,reviewed,original-asm,exact,mpn_render_asm_owner,src/main/formats/mpn_render.asm,ev-th04-main-mpn-render-boundary-v203;ev-th04-main-mpn-render-origin-v203;ev-th04-main-mpn-render-codegen-negative-v203;ev-th04-main-mpn-render-toolchain-v203;ev-th04-main-mpn-render-omf-v203;ev-th04-main-mpn-render-cold-v203;ev-th04-main-mpn-render-layout-v203;ev-th04-main-mpn-render-raw-v203;ev-th04-main-mpn-render-aggregate-candidate-v203;ev-th04-main-target;ev-th04-main-format-integrity;ev-toolchain-surfaces;ev-ledger-consistency-exact14;ev-th04-main-mpn-render-other-artifacts-v203;ev-th04-main-mpn-render-aggregate-final-v203,python3 scripts/replay_th04_main_exact_units.py --unit th04-main-mpn-render-asm-v203 --run-id gptweb-v203-mpn-render-focused-candidate-002,"Evidence-backed original-style symbolic ASM exactly reconstructs the complete game-owned 0x75 _TEXT MPN renderer. Focused 140-owner and pre-promotion 244-owner two-cold replay pass raw bytes, containing MAP ownership, empty ordered-relocation overlap, valid normalized-deterministic TASM OMF, and the v195 MPN_LOAD caller seam. The following BGM EVEN NOP is excluded."
th04-main-randring-fill-v211,th04-main,function,CIRCLE_TEXT,0x1168,0xD458,0x18,0x18,reviewed,authored,exact,randring_fill,src/main/math/randring_fill.cpp,ev-th04-main-randring-fill-boundary-v211;ev-th04-main-randring-fill-toolchain-v211;ev-th04-main-randring-fill-omf-v211;ev-th04-main-randring-fill-cold-v211;ev-th04-main-randring-fill-layout-v211;ev-th04-main-randring-fill-raw-v211;ev-th04-main-randring-fill-aggregate-candidate-v211;ev-th04-main-target;ev-th04-main-format-integrity;ev-toolchain-surfaces;ev-ledger-consistency-exact14;ev-th04-main-randring-fill-function-review-v211;ev-th04-main-randring-fill-aggregate-final-v211,python3 scripts/replay_th04_main_exact_units.py --unit th04-main-randring-fill-v211,"Natural TC4J exactly reconstructs the complete 0x18 CIRCLE_TEXT body at 0AAF:1168. Focused 113-owner, candidate-state 247-owner, and post-promotion 247-owner two-cold replays pass raw bytes, exact MAP, the one ordered relocation at load 0xBC5F, valid deterministic OMF, and strict Ghidra/TLINK function review."
th04-main-randring2-and-v212,th04-main,function,MAIN_032_TEXT,0x02D0,0x15560,0x15,0x15,reviewed,authored,exact,randring2_next16_and,src/main/math/randring2_next16_and.cpp,ev-th04-main-randring2-and-boundary-v212;ev-th04-main-randring2-and-toolchain-v212;ev-th04-main-randring2-and-omf-v212;ev-th04-main-randring2-and-cold-v212;ev-th04-main-randring2-and-layout-v212;ev-th04-main-randring2-and-raw-v212;ev-th04-main-randring2-and-aggregate-candidate-v212;ev-th04-main-target;ev-th04-main-format-integrity;ev-toolchain-surfaces;ev-ledger-consistency-exact14;ev-th04-main-randring2-and-function-review-v212;ev-th04-main-randring2-and-aggregate-final-v212,python3 scripts/replay_th04_main_exact_units.py --unit th04-main-randring2-and-v212,"Natural TC4J exactly reconstructs the complete 0x15-byte near Pascal MAIN_032_TEXT body at 13A9:02D0. Focused 111-owner and candidate/final 248-owner two-cold replays pass raw bytes, MAP, empty ordered relocations, valid deterministic OMF, and strict function review. Original one-byte NEXT16 alignment is a zero-credit source-extracted replay scaffold."
th04-zun-cfg-init-v239,th04-zun,code-region,com-payload/_TEXT,0xDCF,,0x98,0x98,reviewed,authored,source-present,cfg_init(resident_t __seg *),src/zun/config/cfg_init.cpp,ev-th04-zun-cfg-init-boundary-v239;ev-th04-zun-cfg-init-upstream-v239;ev-th04-zun-cfg-init-compiler-v239;ev-th04-zun-cfg-init-payload-v239;ev-th04-zun-cfg-init-packed-v239;ev-th04-zun-cfg-init-replay-driver-v240;ev-th04-zun-cfg-function-local-v519;ev-th04-zun-cfg-link-block-v519;ev-th04-zun-cfg-current-link-cold-v539;ev-th04-zun-cfg-current-link-v539,python3 scripts/probes/replay_th04_zun_cfg_init.py,"Complete maintained natural C++ source and target-reviewed 152-byte decoded payload body. Product-source A/B overlay gives byte-identical OMF CODE, component COM, flat payload, and DIET packed file, but other ZUN components remain untrusted and packed code has no direct target file offset. No exact acceptance. v519 proves the standalone 152-byte natural object differs from target only at its 15 two-byte FIXUPP words; all non-fixup bytes are equal. Current raw component link remains nonexact at 13 fixup-field bytes, so source presence is retained but decoded exactness is blocked on link context. v539 revalidates this on the current compact-MASTER c0t+CT link: 3 FIXUPP words equal target and the other 12 are each target-6, accounting for all 13 linked raw differences."
th04-zun-main-v241,th04-zun,code-region,com-payload/_TEXT,0xE67,,0xFC,0xFC,reviewed,authored,source-present,_main,src/zun/resident/main.cpp,ev-th04-zun-main-boundary-v241;ev-th04-zun-main-compiler-v241;ev-th04-zun-main-exact-negative-v241;ev-th04-zun-main-comma-return-negative-v242;ev-th04-zun-main-optimizer-profile-v518;ev-th04-zun-main-barrier-provenance-v518,python3 scripts/probes/replay_th04_zun_main.py,"Complete target-reviewed resident initializer. Maintained natural C++ compiles six bytes shorter because TC4J merges two error-print calls when inert ReC98 barriers are omitted. Diagnostic A/B OMF and TLINK deterministic; no exact acceptance or standalone build. v518 closes the supported TC4J profile surface for the target selective-tail shape and rejects ReC98 inert barriers as independent source provenance. Source remains maintained, but function acceptance is blocked at 246/252."
th04-op-bgimage-snap-v247,th04-op,function,mz-load-module/SHARED,0xE428,,0x68,0x68,reviewed,authored,source-present,bgimage_snap,src/shared/hardware/bgimage.cpp,ev-th04-op-bgimage-boundary-v247;ev-th04-op-bgimage-source-v247;ev-th04-op-bgimage-nonexact-v247;ev-th04-op-bgimage-hmem-local-v250;ev-th04-bgimage-crossgame-v489;ev-th04-op-bgimage-toolchain-v489;ev-th04-op-bgimage-omf-v489;ev-th04-op-bgimage-cold-v489;ev-th04-op-bgimage-layout-v489;ev-th04-op-bgimage-raw-v489;ev-th04-op-bgimage-aggregate-v489,python3 scripts/probes/probe_th04_bgimage_hybrid_v489.py --current-snapshot --op-source-dir .analysis/gpt-web/v489-bgimage-hybrid-replay-003/a/op/source --maine-source-dir .analysis/gpt-web/v489-bgimage-hybrid-replay-003/a/maine/source --op-target-restored .analysis/reconstruction/diet-replay/v228-op-target-roundtrip/a/restored.bin --maine-target-restored .analysis/reconstruction/diet-replay/v228-maine-target-roundtrip/a/restored.bin,"v489 tracked hybrid C++ is decoded-body and link exact with cross-game TH05 provenance; the packed DIET artifact has no honest raw file_offset for this load-module function, so unit state remains source-present rather than claiming packed raw exactness."
th04-op-bgimage-put-v247,th04-op,function,mz-load-module/SHARED,0xE490,,0x35,0x35,reviewed,authored,source-present,bgimage_put,src/shared/hardware/bgimage.cpp,ev-th04-op-bgimage-boundary-v247;ev-th04-op-bgimage-source-v247;ev-th04-op-bgimage-nonexact-v247;ev-th04-op-bgimage-hmem-local-v250;ev-th04-bgimage-crossgame-v489;ev-th04-op-bgimage-toolchain-v489;ev-th04-op-bgimage-omf-v489;ev-th04-op-bgimage-cold-v489;ev-th04-op-bgimage-layout-v489;ev-th04-op-bgimage-raw-v489;ev-th04-op-bgimage-aggregate-v489,python3 scripts/probes/probe_th04_bgimage_hybrid_v489.py --current-snapshot --op-source-dir .analysis/gpt-web/v489-bgimage-hybrid-replay-003/a/op/source --maine-source-dir .analysis/gpt-web/v489-bgimage-hybrid-replay-003/a/maine/source --op-target-restored .analysis/reconstruction/diet-replay/v228-op-target-roundtrip/a/restored.bin --maine-target-restored .analysis/reconstruction/diet-replay/v228-maine-target-roundtrip/a/restored.bin,"v489 tracked hybrid C++ is decoded-body and link exact with cross-game TH05 provenance; the packed DIET artifact has no honest raw file_offset for this load-module function, so unit state remains source-present rather than claiming packed raw exactness."
th04-op-bgimage-free-v247,th04-op,function,mz-load-module/SHARED,0xE4C6,,0x32,0x32,reviewed,authored,source-present,bgimage_free,src/shared/hardware/bgimage.cpp,ev-th04-op-bgimage-boundary-v247;ev-th04-op-bgimage-source-v247;ev-th04-op-bgimage-nonexact-v247;ev-th04-op-bgimage-hmem-local-v250;ev-th04-bgimage-crossgame-v489;ev-th04-op-bgimage-toolchain-v489;ev-th04-op-bgimage-omf-v489;ev-th04-op-bgimage-cold-v489;ev-th04-op-bgimage-layout-v489;ev-th04-op-bgimage-raw-v489;ev-th04-op-bgimage-aggregate-v489,python3 scripts/probes/probe_th04_bgimage_hybrid_v489.py --current-snapshot --op-source-dir .analysis/gpt-web/v489-bgimage-hybrid-replay-003/a/op/source --maine-source-dir .analysis/gpt-web/v489-bgimage-hybrid-replay-003/a/maine/source --op-target-restored .analysis/reconstruction/diet-replay/v228-op-target-roundtrip/a/restored.bin --maine-target-restored .analysis/reconstruction/diet-replay/v228-maine-target-roundtrip/a/restored.bin,"v489 tracked hybrid C++ is decoded-body and link exact with cross-game TH05 provenance; the packed DIET artifact has no honest raw file_offset for this load-module function, so unit state remains source-present rather than claiming packed raw exactness."
th04-maine-bgimage-snap-v247,th04-maine,function,mz-load-module/SHARED,0xD626,,0x68,0x68,reviewed,authored,source-present,bgimage_snap,src/shared/hardware/bgimage.cpp,ev-th04-maine-bgimage-boundary-v247;ev-th04-maine-bgimage-source-v247;ev-th04-maine-bgimage-nonexact-v247;ev-th04-maine-bgimage-hmem-local-v250;ev-th04-bgimage-crossgame-v489;ev-th04-maine-bgimage-toolchain-v489;ev-th04-maine-bgimage-omf-v489;ev-th04-maine-bgimage-cold-v489;ev-th04-maine-bgimage-layout-v489;ev-th04-maine-bgimage-raw-v489;ev-th04-maine-bgimage-aggregate-v489,python3 scripts/probes/probe_th04_bgimage_hybrid_v489.py --current-snapshot --op-source-dir .analysis/gpt-web/v489-bgimage-hybrid-replay-003/a/op/source --maine-source-dir .analysis/gpt-web/v489-bgimage-hybrid-replay-003/a/maine/source --op-target-restored .analysis/reconstruction/diet-replay/v228-op-target-roundtrip/a/restored.bin --maine-target-restored .analysis/reconstruction/diet-replay/v228-maine-target-roundtrip/a/restored.bin,"v489 tracked hybrid C++ is decoded-body and link exact with cross-game TH05 provenance; the packed DIET artifact has no honest raw file_offset for this load-module function, so unit state remains source-present rather than claiming packed raw exactness."
th04-maine-bgimage-put-v247,th04-maine,function,mz-load-module/SHARED,0xD68E,,0x35,0x35,reviewed,authored,source-present,bgimage_put,src/shared/hardware/bgimage.cpp,ev-th04-maine-bgimage-boundary-v247;ev-th04-maine-bgimage-source-v247;ev-th04-maine-bgimage-nonexact-v247;ev-th04-maine-bgimage-hmem-local-v250;ev-th04-bgimage-crossgame-v489;ev-th04-maine-bgimage-toolchain-v489;ev-th04-maine-bgimage-omf-v489;ev-th04-maine-bgimage-cold-v489;ev-th04-maine-bgimage-layout-v489;ev-th04-maine-bgimage-raw-v489;ev-th04-maine-bgimage-aggregate-v489,python3 scripts/probes/probe_th04_bgimage_hybrid_v489.py --current-snapshot --op-source-dir .analysis/gpt-web/v489-bgimage-hybrid-replay-003/a/op/source --maine-source-dir .analysis/gpt-web/v489-bgimage-hybrid-replay-003/a/maine/source --op-target-restored .analysis/reconstruction/diet-replay/v228-op-target-roundtrip/a/restored.bin --maine-target-restored .analysis/reconstruction/diet-replay/v228-maine-target-roundtrip/a/restored.bin,"v489 tracked hybrid C++ is decoded-body and link exact with cross-game TH05 provenance; the packed DIET artifact has no honest raw file_offset for this load-module function, so unit state remains source-present rather than claiming packed raw exactness."
th04-maine-bgimage-free-v247,th04-maine,function,mz-load-module/SHARED,0xD6C4,,0x32,0x32,reviewed,authored,source-present,bgimage_free,src/shared/hardware/bgimage.cpp,ev-th04-maine-bgimage-boundary-v247;ev-th04-maine-bgimage-source-v247;ev-th04-maine-bgimage-nonexact-v247;ev-th04-maine-bgimage-hmem-local-v250;ev-th04-bgimage-crossgame-v489;ev-th04-maine-bgimage-toolchain-v489;ev-th04-maine-bgimage-omf-v489;ev-th04-maine-bgimage-cold-v489;ev-th04-maine-bgimage-layout-v489;ev-th04-maine-bgimage-raw-v489;ev-th04-maine-bgimage-aggregate-v489,python3 scripts/probes/probe_th04_bgimage_hybrid_v489.py --current-snapshot --op-source-dir .analysis/gpt-web/v489-bgimage-hybrid-replay-003/a/op/source --maine-source-dir .analysis/gpt-web/v489-bgimage-hybrid-replay-003/a/maine/source --op-target-restored .analysis/reconstruction/diet-replay/v228-op-target-roundtrip/a/restored.bin --maine-target-restored .analysis/reconstruction/diet-replay/v228-maine-target-roundtrip/a/restored.bin,"v489 tracked hybrid C++ is decoded-body and link exact with cross-game TH05 provenance; the packed DIET artifact has no honest raw file_offset for this load-module function, so unit state remains source-present rather than claiming packed raw exactness."
th04-main-scroll-driver-v268,th04-main,function,MAI_TEXT,0x21E6,0xE4D6,0x60,0x60,reviewed,authored,exact,scroll_driver,src/main/scroll/driver.cpp,ev-th04-main-scroll-driver-boundary-v195;ev-th04-main-scroll-driver-source-v268;ev-th04-main-scroll-driver-nonexact-v268;ev-th04-main-target;ev-th04-main-format-integrity;ev-toolchain-surfaces;ev-th04-main-scroll-driver-toolchain-v383;ev-th04-main-scroll-driver-omf-v383;ev-th04-main-scroll-driver-cold-v383;ev-th04-main-scroll-driver-layout-v383;ev-th04-main-scroll-driver-raw-v383;ev-ledger-consistency-exact14;ev-th04-main-scroll-driver-aggregate-candidate-v383;ev-th04-main-scroll-driver-function-exact-review-v383;ev-th04-main-scroll-driver-aggregate-final-v383,python3 scripts/replay_th04_main_exact_units.py --unit th04-main-scroll-driver-v268 --run-id gpt-web-scroll-driver-v383-staged-002,"v383 maintained natural TC4J scroll driver reconstructs the complete 0x60 MAI_TEXT owner. Focused staged A/B replay and the 259-owner candidate aggregate pass raw bytes, exact MAP placement, the single ordered relocation, deterministic valid OMF, and trigger-scoped replacement of the former zero-credit v196 suffix plumbing."
th04-main-scroll-tile-ring-v270,th04-main,function,END_TEXT,0x0D45,0xD035,0xC7,0xC7,reviewed,authored,exact,scroll_tile_ring_update,src/main/scroll/tile_ring_update.cpp,ev-th04-main-scroll-helper-boundary-v195;ev-th04-main-scroll-tile-ring-source-v270;ev-th04-main-scroll-tile-ring-nonexact-v270;ev-th04-main-scroll-tile-ring-codegen-v386;ev-th04-main-scroll-tile-ring-crossgame-v386;ev-th04-main-scroll-tile-ring-tasm-negative-v386;ev-th04-main-scroll-tile-ring-linked-v393;ev-th04-main-scroll-tile-ring-handwritten-v393;ev-th04-main-target;ev-th04-main-format-integrity;ev-th04-main-scroll-tile-ring-boundary-v393;ev-toolchain-surfaces;ev-th04-main-scroll-tile-ring-toolchain-v393;ev-th04-main-scroll-tile-ring-omf-v393;ev-th04-main-scroll-tile-ring-cold-v393;ev-th04-main-scroll-tile-ring-layout-v393;ev-th04-main-scroll-tile-ring-raw-v393;ev-ledger-consistency-exact14;ev-th04-main-scroll-tile-ring-aggregate-candidate-v393;ev-th04-main-scroll-tile-ring-function-exact-review-v393;ev-th04-main-scroll-tile-ring-aggregate-final-v393,python3 scripts/replay_th04_main_exact_units.py --unit th04-main-scroll-tile-ring-v270 --run-id gpt-web-sub-b835-v393-focused-005 --stage finalize,"v393 maintained hybrid authored C++ reconstructs the complete 0xC7 END_TEXT owner. Pure C++ v386 already reached target size/CFG; independent TH05 evidence classifies the remaining register-direction and DS/ES REP MOVSW statements as genuine handwritten low-level source. Focused A/B and the 267-owner candidate aggregate pass raw bytes, exact MAP, the sole ordered relocation, and valid deterministic TC86 OMF."
th04-zun-graph-clear-v319,th04-zun,code-region,com-payload/_TEXT,0xF64,,0x24,0x24,reviewed,library,source-present,GRAPH_CLEAR,src/shared/pc98/graph_clear.asm,ev-th04-zun-graph-clear-target-v319;ev-th04-zun-graph-clear-tasm-v319;ev-th04-zun-graph-clear-raw-v319;ev-th04-zun-graph-clear-cold-v509,python3 scripts/probes/replay_th04_zun_graph_clear.py --output-dir .analysis/reconstruction/probes/v509-zun-graph-clear-001,Complete 36-byte linked library body raw-matches decoded target in a fresh cold link from retained inputs. Source-present library origin; authored ZUN function and packed artifact exact acceptance remain open.
th04-zun-resdata-code-v323,th04-zun,code-region,com-payload/_TEXT,0xF88,,0xBE,0xBE,reviewed,library,source-present,RESDATA_EXIST;RESDATA_CREATE,src/shared/dos/resdata.asm,ev-th04-zun-resdata-code-target-v323;ev-th04-zun-resdata-code-tasm-v323;ev-th04-zun-resdata-code-raw-v323;ev-th04-zun-resdata-component-raw-v323,python3 scripts/probes/replay_th04_zun_resdata.py --output-dir .analysis/reconstruction/probes/v323-zun-resdata-archive-final-ab,"Target-reviewed 190-byte resident search/create support code. Checked-in TASM replaces the original library member in its physical archive position; target slice and linked bytes agree, but full ZUN artifact exactness remains open."
th04-zun-resdata-data-v323,th04-zun,data-region,com-payload/_DATA,0x2204,,0xA,0xA,reviewed,library,source-present,RESDATA_ResPalID,src/shared/dos/resdata.asm,ev-th04-zun-resdata-data-target-v323;ev-th04-zun-resdata-data-tasm-v323;ev-th04-zun-resdata-data-raw-v323;ev-th04-zun-resdata-component-raw-v323,python3 scripts/probes/replay_th04_zun_resdata.py --output-dir .analysis/reconstruction/probes/v323-zun-resdata-archive-final-ab,Target-reviewed ten-byte identifier emitted by the same TASM translation unit; candidate MAP projects _DATA:179C. It is source-present but not artifact-local exact.
th04-zun-file-read-v325,th04-zun,code-region,com-payload/_TEXT,0x1046,,0xB4,0xB4,reviewed,library,source-present,FILE_READ,src/shared/dos/file_read.asm,ev-th04-zun-file-read-target-v325;ev-th04-zun-file-read-tasm-v325;ev-th04-zun-file-read-raw-v325;ev-th04-zun-file-read-component-raw-v325,python3 scripts/probes/replay_th04_zun_file_read.py --output-dir .analysis/reconstruction/probes/v325-zun-file-read-final-ab,Target-reviewed 180-byte buffered/direct DOS read support code. Local TASM replaces the library member at original physical position with identical linked MAP and target slice; full artifact exactness remains open.
th04-main-gather-point-render-asm-v326,th04-main,code-region,B4M_UPDATE_TEXT,0x1008,0x16298,0x5A,0x5A,reviewed,original-asm,exact,gather_point_render,src/main/gather/point_render.asm,ev-th04-main-target;ev-th04-main-format-integrity;ev-th04-main-gather-boundary-v326;ev-toolchain-surfaces;ev-th04-main-gather-toolchain-v326;ev-th04-main-gather-omf-v326;ev-th04-main-gather-cold-v326;ev-th04-main-gather-layout-v326;ev-th04-main-gather-raw-v326;ev-ledger-consistency-exact14;ev-th04-main-gather-aggregate-final-v326,python3 scripts/replay_th04_main_exact_units.py --unit th04-main-gather-point-render-asm-v326 --run-id gpt-5-6-sol-v326-gather-focused-002,Original-style symbolic TASM reconstructs the complete 90-byte B4M renderer including source-owned EVEN alignment; two-cold focused and complete 249-owner aggregate replays pass raw MAP ordered-relocation and OMF gates. Credit is on the ASM track.
th04-main-enemy-script-owner-v327,th04-main,code-region,B4M_UPDATE_TEXT,,,0x71E,0x71E,reviewed,authored,excluded,enemy_script_helpers_and_dispatch,,ev-th04-main-enemy-script-boundary-v327;ev-th04-main-enemy-script-cfg-v327,python3 scripts/probes/review_th04_enemy_script_boundary.py --output-dir .analysis/reconstruction/probes/v327-enemy-script-boundary,Historical v327 full 0x71E boundary receipt; superseded for authored-byte accounting by the nonoverlapping v328 helper and dispatcher owners.
th04-main-enemy-script-helpers-v328,th04-main,code-region,B4M_UPDATE_TEXT,0x1ABF,0x16D4F,0x8E,0x8E,reviewed,authored,exact,enemy_script_three_helpers,src/main/enemy/script_helpers.cpp,ev-th04-main-target;ev-th04-main-format-integrity;ev-th04-main-enemy-helpers-boundary-v328;ev-th04-main-enemy-helpers-compiler-v328;ev-th04-main-enemy-helpers-nonexact-v328;ev-th04-main-enemy-helpers-compiler-v339;ev-th04-main-enemy-helpers-nonexact-v339;ev-th04-main-enemy-helper-es-target-v340;ev-th04-main-enemy-es-save-codegen-negative-v341;ev-th04-main-enemy-helpers-es-explicit-v342;ev-toolchain-surfaces;ev-th04-main-enemy-helpers-toolchain-v343;ev-th04-main-enemy-helpers-omf-v343;ev-th04-main-enemy-helpers-cold-v343;ev-th04-main-enemy-helpers-layout-v343;ev-th04-main-enemy-helpers-raw-v343;ev-ledger-consistency-exact14;ev-th04-main-enemy-helpers-aggregate-final-v343,python3 scripts/replay_th04_main_exact_units.py --unit th04-main-enemy-script-helpers-v328 --run-id gpt-5-6-sol-v342-enemy-helpers-candidate-001,"Maintained TC4J C++ plus two classified handwritten ES-preservation instructions reconstructs all three complete helpers. Focused and 251-owner aggregate A/B replays pass raw, exact MAP, ordered relocation, valid deterministic OMF, and cold determinism gates."
th04-main-enemy-script-dispatch-v328,th04-main,code-region,B4M_UPDATE_TEXT,0x1B4D,0x16DDD,0x690,0x690,reviewed,authored,exact,enemy_script_dispatch_and_table,src/main/enemy/script_update.cpp,ev-th04-main-target;ev-th04-main-format-integrity;ev-th04-main-enemy-dispatch-boundary-v328;ev-th04-main-enemy-dispatch-es-codegen-v329;ev-th04-main-enemy-dispatch-natural-v330;ev-th04-main-enemy-dispatch-nonexact-v330;ev-th04-main-enemy-dispatch-layout-v333;ev-th04-main-enemy-dispatch-nonexact-v333;ev-th04-main-enemy-dispatch-arithmetic-v335;ev-th04-main-enemy-dispatch-nonexact-v335;ev-th04-main-enemy-dispatch-physical-layout-v336;ev-th04-main-enemy-dispatch-nonexact-v336;ev-th04-main-enemy-dispatch-es-target-v340;ev-th04-main-enemy-dispatch-es-explicit-v342;ev-toolchain-surfaces;ev-th04-main-enemy-dispatch-toolchain-v343;ev-th04-main-enemy-dispatch-omf-v343;ev-th04-main-enemy-dispatch-cold-v343;ev-th04-main-enemy-dispatch-layout-v343;ev-th04-main-enemy-dispatch-raw-v343;ev-ledger-consistency-exact14;ev-th04-main-enemy-dispatch-aggregate-final-v343,python3 scripts/replay_th04_main_exact_units.py --unit th04-main-enemy-script-dispatch-v328 --run-id gpt-5-6-sol-v343-enemy-dispatch-candidate-003,"Maintained TC4J C++ plus classified handwritten ES preservation reconstructs the complete 1392-byte VM body and 288-byte switch table. Focused and 251-owner aggregate A/B replays pass raw, exact MAP, both ordered relocations, valid deterministic OMF, and cold determinism gates."
th04-main-nullfunc-near-v387,th04-main,function,CIRCLE_TEXT,0x11BE,0xD4AE,0x1,0x1,reviewed,authored,exact,NULLFUNC_NEAR,src/main/core/nullfunc_near.cpp,ev-th04-main-nullfunc-near-codegen-v387;ev-th04-main-nullfunc-near-boundary-v387;ev-th04-main-nullfunc-near-toolchain-v387;ev-th04-main-nullfunc-near-omf-v387;ev-th04-main-nullfunc-near-cold-v387;ev-th04-main-nullfunc-near-layout-v387;ev-th04-main-nullfunc-near-raw-v387;ev-th04-main-nullfunc-near-aggregate-candidate-v387;ev-th04-main-target;ev-th04-main-format-integrity;ev-toolchain-surfaces;ev-ledger-consistency-exact14;ev-th04-main-nullfunc-near-aggregate-final-v387,python3 scripts/replay_th04_main_exact_units.py --unit th04-main-nullfunc-near-v387 --run-id gpt-web-nullfunc-v387-focused-005 --stage finalize,v387 natural empty Pascal C++ with -k- reconstructs the complete one-byte NULLFUNC_NEAR callback. Focused A/B and 261-owner candidate aggregate replay pass raw/MAP/ordered-relocation/OMF gates; neighboring NOP/randring bytes remain zero-credit replay plumbing.
th04-main-nullfunc-far-v387,th04-main,function,CIRCLE_TEXT,0x11C0,0xD4B0,0x1,0x1,reviewed,authored,exact,NULLFUNC_FAR,src/main/core/nullfunc_far.cpp,ev-th04-main-nullfunc-far-codegen-v387;ev-th04-main-nullfunc-far-boundary-v387;ev-th04-main-nullfunc-far-toolchain-v387;ev-th04-main-nullfunc-far-omf-v387;ev-th04-main-nullfunc-far-cold-v387;ev-th04-main-nullfunc-far-layout-v387;ev-th04-main-nullfunc-far-raw-v387;ev-th04-main-nullfunc-far-aggregate-candidate-v387;ev-th04-main-target;ev-th04-main-format-integrity;ev-toolchain-surfaces;ev-ledger-consistency-exact14;ev-th04-main-nullfunc-far-aggregate-final-v387,python3 scripts/replay_th04_main_exact_units.py --unit th04-main-nullfunc-near-v387 --run-id gpt-web-nullfunc-v387-focused-005 --stage finalize,v387 natural empty Pascal C++ with -k- reconstructs the complete one-byte NULLFUNC_FAR callback. Focused A/B and 261-owner candidate aggregate replay pass raw/MAP/ordered-relocation/OMF gates; neighboring NOP/randring bytes remain zero-credit replay plumbing.
th04-main-randring1-next16-mod-asm-v388,th04-main,function,CIRCLE_TEXT,0x11A4,0xD494,0x19,0x19,reviewed,original-asm,exact,randring1_next16_mod,src/main/math/randring1_next16_mod.asm,ev-th04-main-randring1-mod-origin-v388;ev-th04-main-randring1-mod-asm-probe-v388;ev-th04-main-target;ev-th04-main-format-integrity;ev-th04-main-randring1-mod-boundary-v388;ev-toolchain-surfaces;ev-th04-main-randring1-mod-toolchain-v388;ev-th04-main-randring1-mod-omf-v388;ev-th04-main-randring1-mod-cold-v388;ev-th04-main-randring1-mod-layout-v388;ev-th04-main-randring1-mod-raw-v388;ev-ledger-consistency-exact14;ev-th04-main-randring1-mod-aggregate-candidate-v388;ev-th04-main-randring1-mod-aggregate-final-v388,python3 scripts/replay_th04_main_exact_units.py --unit th04-main-randring1-next16-mod-asm-v388 --unit th04-main-randring2-next16-mod-asm-v388 --run-id gpt-web-randring-mod-v388-focused-002 --stage finalize,"Evidence-backed original-style symbolic TASM exactly reconstructs the reviewed 25-byte Pascal-near randring modulo helper. Shared TH02-TH05 macro lineage and independent TH05 target bodies establish producer provenance; focused two-cold and 263-owner candidate aggregate replay pass raw bytes, MAP placement, empty ordered relocation overlap, and valid deterministic OMF. The following one-byte layout remains outside function credit."
th04-main-randring2-next16-mod-asm-v388,th04-main,function,MAIN_032_TEXT,0x02E6,0x15576,0x19,0x19,reviewed,original-asm,exact,randring2_next16_mod,src/main/math/randring2_next16_mod.asm,ev-th04-main-randring2-mod-origin-v388;ev-th04-main-randring2-mod-asm-probe-v388;ev-th04-main-target;ev-th04-main-format-integrity;ev-th04-main-randring2-mod-boundary-v388;ev-toolchain-surfaces;ev-th04-main-randring2-mod-toolchain-v388;ev-th04-main-randring2-mod-omf-v388;ev-th04-main-randring2-mod-cold-v388;ev-th04-main-randring2-mod-layout-v388;ev-th04-main-randring2-mod-raw-v388;ev-ledger-consistency-exact14;ev-th04-main-randring2-mod-aggregate-candidate-v388;ev-th04-main-randring2-mod-aggregate-final-v388,python3 scripts/replay_th04_main_exact_units.py --unit th04-main-randring1-next16-mod-asm-v388 --unit th04-main-randring2-next16-mod-asm-v388 --run-id gpt-web-randring-mod-v388-focused-002 --stage finalize,"Evidence-backed original-style symbolic TASM exactly reconstructs the reviewed 25-byte Pascal-near randring modulo helper. Shared TH02-TH05 macro lineage and independent TH05 target bodies establish producer provenance; focused two-cold and 263-owner candidate aggregate replay pass raw bytes, MAP placement, empty ordered relocation overlap, and valid deterministic OMF. The following one-byte layout remains outside function credit."
th04-main-pointnum-digits-set-asm-v389,th04-main,function,MAIN_033_TEXT,0x4F5E,0x1A1EE,0x25,0x25,reviewed,original-asm,exact,POINTNUM_DIGITS_SET,src/main/pointnum/digits.asm,ev-th04-main-pointnum-digits-origin-v389;ev-th04-main-pointnum-digits-asm-probe-v389;ev-th04-main-target;ev-th04-main-format-integrity;ev-th04-main-pointnum-digits-boundary-v389;ev-toolchain-surfaces;ev-th04-main-pointnum-digits-toolchain-v389;ev-th04-main-pointnum-digits-omf-v389;ev-th04-main-pointnum-digits-cold-v389;ev-th04-main-pointnum-digits-layout-v389;ev-th04-main-pointnum-digits-raw-v389;ev-ledger-consistency-exact14;ev-th04-main-pointnum-digits-aggregate-candidate-v389;ev-th04-main-pointnum-digits-aggregate-final-v389,python3 scripts/replay_th04_main_exact_units.py --unit th04-main-pointnum-digits-set-asm-v389 --run-id gpt-web-pointnum-digits-v389-focused-004 --stage finalize,"Evidence-backed original-style symbolic TASM exactly reconstructs the reviewed 37-byte Pascal-near POINTNUM_DIGITS_SET helper. Simultaneous TH04/TH05 reverse-engineering and independent TH05 target architecture establish producer provenance; focused two-cold and 264-owner candidate aggregate replay pass raw bytes, MAP, empty ordered relocation overlap, and deterministic OMF. The trailing NOP remains outside logical function credit."
th04-main-item-splashes-init-v390,th04-main,function,IT_SPL_U_TEXT,0x0486,0x15716,0x1A,0x1A,reviewed,authored,exact,item_splashes_init,src/main/item/splashes_init.inl,ev-th04-main-item-splashes-init-reviewed-boundary-v390;ev-th04-main-item-splashes-init-source-v390;ev-th04-main-item-splashes-init-natural-nonexact-v390;ev-th04-main-item-splashes-init-codegen-negative-v390;ev-th04-main-item-splashes-init-function-review-v390;ev-th04-main-item-splashes-init-crossgame-v395;ev-th04-main-item-splashes-init-hybrid-probe-v395;ev-th04-main-target;ev-th04-main-format-integrity;ev-th04-main-item-splashes-init-boundary-v395;ev-toolchain-surfaces;ev-th04-main-item-splashes-init-toolchain-v395;ev-th04-main-item-splashes-init-omf-v395;ev-th04-main-item-splashes-init-cold-v395;ev-th04-main-item-splashes-init-layout-v395;ev-th04-main-item-splashes-init-raw-v395;ev-ledger-consistency-exact14;ev-th04-main-item-splashes-init-aggregate-candidate-v395;ev-th04-main-item-splashes-init-function-exact-review-v395;ev-th04-main-item-splashes-init-aggregate-final-v395,python3 scripts/replay_th04_main_exact_units.py --unit th04-main-item-splashes-init-v390 --run-id gpt-web-item-splashes-init-v395-focused-001 --stage finalize,"v395 maintained hybrid authored C++ exactly reconstructs the complete 0x1A item_splashes_init owner. TH05 directly reuses the TH04 TU and its independent target preserves the same XOR AX,AX / REP STOSW architecture, establishing low-level provenance. Focused A/B and the 269-owner candidate aggregate pass raw bytes, MAP placement, empty relocation overlap, deterministic TC86 OMF, and preserve the exact 0x82 suffix."
th04-main-carpet-setup-indices-v409,th04-main,code-region,STAGES_TEXT,0x3FA1,0x10291,0x6,0x6,reviewed,authored,exact,carpet_setup_indices,src/main/stage/carpet_setup_indices.inl,ev-th04-main-target;ev-th04-main-format-integrity;ev-toolchain-surfaces;ev-ledger-consistency-exact14;ev-th04-main-carpet-setup-indices-boundary-v409;ev-th04-main-carpet-setup-indices-toolchain-v409;ev-th04-main-carpet-setup-indices-omf-v409;ev-th04-main-carpet-setup-indices-cold-v409;ev-th04-main-carpet-setup-indices-layout-v409;ev-th04-main-carpet-setup-indices-raw-v409;ev-th04-main-carpet-setup-indices-aggregate-candidate-v409;ev-th04-main-carpet-crossartifact-v405-negative;ev-th04-main-tc4j-pc98-ide-optimizer-surface-v406;ev-th04-main-carpet-setup-indices-aggregate-final-v409,python3 scripts/replay_th04_main_exact_units.py --unit th04-main-carpet-setup-indices-v409 --unit th04-main-carpet-anim-row-level-v409 --unit th04-main-carpet-image-base-v409 --unit th04-main-carpet-column-count-v409 --unit th04-main-carpet-active-test-v409 --unit th04-main-carpet-tile-store-v409 --unit th04-main-carpet-dirty-advance-v409 --run-id gpt-web-v409-carpet-fragments-focused-001,v409 exact natural identity fragment inside blocked carpet_lighting_put_new: file 0x10291 size 0x6. Focused A/B and 279-owner candidate aggregate pass raw/MAP/ordered-relocation/OMF/determinism gates; all historical inline-ASM/codegen-direction residuals remain outside this extent.
th04-main-carpet-anim-row-level-v409,th04-main,code-region,STAGES_TEXT,0x3FAB,0x1029B,0x7,0x7,reviewed,authored,exact,carpet_anim_row_level,src/main/stage/carpet_anim_row_level.inl,ev-th04-main-target;ev-th04-main-format-integrity;ev-toolchain-surfaces;ev-ledger-consistency-exact14;ev-th04-main-carpet-anim-row-level-boundary-v409;ev-th04-main-carpet-anim-row-level-toolchain-v409;ev-th04-main-carpet-anim-row-level-omf-v409;ev-th04-main-carpet-anim-row-level-cold-v409;ev-th04-main-carpet-anim-row-level-layout-v409;ev-th04-main-carpet-anim-row-level-raw-v409;ev-th04-main-carpet-anim-row-level-aggregate-candidate-v409;ev-th04-main-carpet-crossartifact-v405-negative;ev-th04-main-tc4j-pc98-ide-optimizer-surface-v406;ev-th04-main-carpet-anim-row-level-aggregate-final-v409,python3 scripts/replay_th04_main_exact_units.py --unit th04-main-carpet-setup-indices-v409 --unit th04-main-carpet-anim-row-level-v409 --unit th04-main-carpet-image-base-v409 --unit th04-main-carpet-column-count-v409 --unit th04-main-carpet-active-test-v409 --unit th04-main-carpet-tile-store-v409 --unit th04-main-carpet-dirty-advance-v409 --run-id gpt-web-v409-carpet-fragments-focused-001,v409 exact natural identity fragment inside blocked carpet_lighting_put_new: file 0x1029B size 0x7. Focused A/B and 279-owner candidate aggregate pass raw/MAP/ordered-relocation/OMF/determinism gates; all historical inline-ASM/codegen-direction residuals remain outside this extent.
th04-main-carpet-image-base-v409,th04-main,code-region,STAGES_TEXT,0x3FB6,0x102A6,0x3,0x3,reviewed,authored,exact,carpet_image_base,src/main/stage/carpet_image_base.inl,ev-th04-main-target;ev-th04-main-format-integrity;ev-toolchain-surfaces;ev-ledger-consistency-exact14;ev-th04-main-carpet-image-base-boundary-v409;ev-th04-main-carpet-image-base-toolchain-v409;ev-th04-main-carpet-image-base-omf-v409;ev-th04-main-carpet-image-base-cold-v409;ev-th04-main-carpet-image-base-layout-v409;ev-th04-main-carpet-image-base-raw-v409;ev-th04-main-carpet-image-base-aggregate-candidate-v409;ev-th04-main-carpet-crossartifact-v405-negative;ev-th04-main-tc4j-pc98-ide-optimizer-surface-v406;ev-th04-main-carpet-image-base-aggregate-final-v409,python3 scripts/replay_th04_main_exact_units.py --unit th04-main-carpet-setup-indices-v409 --unit th04-main-carpet-anim-row-level-v409 --unit th04-main-carpet-image-base-v409 --unit th04-main-carpet-column-count-v409 --unit th04-main-carpet-active-test-v409 --unit th04-main-carpet-tile-store-v409 --unit th04-main-carpet-dirty-advance-v409 --run-id gpt-web-v409-carpet-fragments-focused-001,v409 exact natural identity fragment inside blocked carpet_lighting_put_new: file 0x102A6 size 0x3. Focused A/B and 279-owner candidate aggregate pass raw/MAP/ordered-relocation/OMF/determinism gates; all historical inline-ASM/codegen-direction residuals remain outside this extent.
th04-main-carpet-column-count-v409,th04-main,code-region,STAGES_TEXT,0x3FBD,0x102AD,0x3,0x3,reviewed,authored,exact,carpet_column_count,src/main/stage/carpet_column_count.inl,ev-th04-main-target;ev-th04-main-format-integrity;ev-toolchain-surfaces;ev-ledger-consistency-exact14;ev-th04-main-carpet-column-count-boundary-v409;ev-th04-main-carpet-column-count-toolchain-v409;ev-th04-main-carpet-column-count-omf-v409;ev-th04-main-carpet-column-count-cold-v409;ev-th04-main-carpet-column-count-layout-v409;ev-th04-main-carpet-column-count-raw-v409;ev-th04-main-carpet-column-count-aggregate-candidate-v409;ev-th04-main-carpet-crossartifact-v405-negative;ev-th04-main-tc4j-pc98-ide-optimizer-surface-v406;ev-th04-main-carpet-column-count-aggregate-final-v409,python3 scripts/replay_th04_main_exact_units.py --unit th04-main-carpet-setup-indices-v409 --unit th04-main-carpet-anim-row-level-v409 --unit th04-main-carpet-image-base-v409 --unit th04-main-carpet-column-count-v409 --unit th04-main-carpet-active-test-v409 --unit th04-main-carpet-tile-store-v409 --unit th04-main-carpet-dirty-advance-v409 --run-id gpt-web-v409-carpet-fragments-focused-001,v409 exact natural identity fragment inside blocked carpet_lighting_put_new: file 0x102AD size 0x3. Focused A/B and 279-owner candidate aggregate pass raw/MAP/ordered-relocation/OMF/determinism gates; all historical inline-ASM/codegen-direction residuals remain outside this extent.
th04-main-carpet-active-test-v409,th04-main,code-region,STAGES_TEXT,0x3FC1,0x102B1,0x4,0x4,reviewed,authored,exact,carpet_active_test,src/main/stage/carpet_active_test.inl,ev-th04-main-target;ev-th04-main-format-integrity;ev-toolchain-surfaces;ev-ledger-consistency-exact14;ev-th04-main-carpet-active-test-boundary-v409;ev-th04-main-carpet-active-test-toolchain-v409;ev-th04-main-carpet-active-test-omf-v409;ev-th04-main-carpet-active-test-cold-v409;ev-th04-main-carpet-active-test-layout-v409;ev-th04-main-carpet-active-test-raw-v409;ev-th04-main-carpet-active-test-aggregate-candidate-v409;ev-th04-main-carpet-crossartifact-v405-negative;ev-th04-main-tc4j-pc98-ide-optimizer-surface-v406;ev-th04-main-carpet-active-test-aggregate-final-v409,python3 scripts/replay_th04_main_exact_units.py --unit th04-main-carpet-setup-indices-v409 --unit th04-main-carpet-anim-row-level-v409 --unit th04-main-carpet-image-base-v409 --unit th04-main-carpet-column-count-v409 --unit th04-main-carpet-active-test-v409 --unit th04-main-carpet-tile-store-v409 --unit th04-main-carpet-dirty-advance-v409 --run-id gpt-web-v409-carpet-fragments-focused-001,v409 exact natural identity fragment inside blocked carpet_lighting_put_new: file 0x102B1 size 0x4. Focused A/B and 279-owner candidate aggregate pass raw/MAP/ordered-relocation/OMF/determinism gates; all historical inline-ASM/codegen-direction residuals remain outside this extent.
th04-main-carpet-tile-store-v409,th04-main,code-region,STAGES_TEXT,0x3FC9,0x102B9,0xF,0xF,reviewed,authored,exact,carpet_tile_store,src/main/stage/carpet_tile_store.inl,ev-th04-main-target;ev-th04-main-format-integrity;ev-toolchain-surfaces;ev-ledger-consistency-exact14;ev-th04-main-carpet-tile-store-boundary-v409;ev-th04-main-carpet-tile-store-toolchain-v409;ev-th04-main-carpet-tile-store-omf-v409;ev-th04-main-carpet-tile-store-cold-v409;ev-th04-main-carpet-tile-store-layout-v409;ev-th04-main-carpet-tile-store-raw-v409;ev-th04-main-carpet-tile-store-aggregate-candidate-v409;ev-th04-main-carpet-crossartifact-v405-negative;ev-th04-main-tc4j-pc98-ide-optimizer-surface-v406;ev-th04-main-carpet-tile-store-aggregate-final-v409,python3 scripts/replay_th04_main_exact_units.py --unit th04-main-carpet-setup-indices-v409 --unit th04-main-carpet-anim-row-level-v409 --unit th04-main-carpet-image-base-v409 --unit th04-main-carpet-column-count-v409 --unit th04-main-carpet-active-test-v409 --unit th04-main-carpet-tile-store-v409 --unit th04-main-carpet-dirty-advance-v409 --run-id gpt-web-v409-carpet-fragments-focused-001,v409 exact natural identity fragment inside blocked carpet_lighting_put_new: file 0x102B9 size 0xF. Focused A/B and 279-owner candidate aggregate pass raw/MAP/ordered-relocation/OMF/determinism gates; all historical inline-ASM/codegen-direction residuals remain outside this extent.
th04-main-carpet-dirty-advance-v409,th04-main,code-region,STAGES_TEXT,0x3FDA,0x102CA,0x12,0x12,reviewed,authored,exact,carpet_dirty_advance,src/main/stage/carpet_dirty_advance.inl,ev-th04-main-target;ev-th04-main-format-integrity;ev-toolchain-surfaces;ev-ledger-consistency-exact14;ev-th04-main-carpet-dirty-advance-boundary-v409;ev-th04-main-carpet-dirty-advance-toolchain-v409;ev-th04-main-carpet-dirty-advance-omf-v409;ev-th04-main-carpet-dirty-advance-cold-v409;ev-th04-main-carpet-dirty-advance-layout-v409;ev-th04-main-carpet-dirty-advance-raw-v409;ev-th04-main-carpet-dirty-advance-aggregate-candidate-v409;ev-th04-main-carpet-crossartifact-v405-negative;ev-th04-main-tc4j-pc98-ide-optimizer-surface-v406;ev-th04-main-carpet-dirty-advance-aggregate-final-v409,python3 scripts/replay_th04_main_exact_units.py --unit th04-main-carpet-setup-indices-v409 --unit th04-main-carpet-anim-row-level-v409 --unit th04-main-carpet-image-base-v409 --unit th04-main-carpet-column-count-v409 --unit th04-main-carpet-active-test-v409 --unit th04-main-carpet-tile-store-v409 --unit th04-main-carpet-dirty-advance-v409 --run-id gpt-web-v409-carpet-fragments-focused-001,v409 exact natural identity fragment inside blocked carpet_lighting_put_new: file 0x102CA size 0x12. Focused A/B and 279-owner candidate aggregate pass raw/MAP/ordered-relocation/OMF/determinism gates; all historical inline-ASM/codegen-direction residuals remain outside this extent.
th04-main-carpet-entry-ds-bridge-v409,th04-main,code-region,STAGES_TEXT,0x3F9A,,0x7,0x7,reviewed,authored,excluded,carpet_entry_ds_bridge,,ev-th04-main-carpet-entry-ds-bridge-v409-boundary;ev-th04-main-carpet-lighting-codegen-negative-v174;ev-th04-main-carpet-opcode-corpus-negative-v396;ev-th04-main-carpet-crossartifact-v405-negative;ev-th04-main-tc4j-pc98-ide-optimizer-surface-v406,,v409 coarse blocked residual superseded by v410 exact function-boundary ownership plus a narrower two-byte blocked residual; zero byte credit retained on this historical routing row.
th04-main-carpet-first-mul-si-v409,th04-main,code-region,STAGES_TEXT,0x3FA7,0x10297,0x4,0x4,reviewed,authored,blocked,carpet_first_mul_si_move,,ev-th04-main-carpet-first-mul-si-v409-boundary;ev-th04-main-carpet-lighting-codegen-negative-v174;ev-th04-main-carpet-opcode-corpus-negative-v396;ev-th04-main-carpet-crossartifact-v405-negative;ev-th04-main-tc4j-pc98-ide-optimizer-surface-v406;ev-th04-main-register-encoding-surface-v411-negative;ev-th04-main-carpet-natural-context-v412-negative;ev-th04-main-carpet-unsigned-mul-v417-negative;ev-th04-main-carpet-integrated-asm-fingerprint-v420;ev-th04-main-carpet-semantic-lineage-v423-negative,python3 scripts/probes/probe_th04_final_blocker_crossartifact.py,"v409 reviewed physical residual inside carpet_lighting_put_new: historical MUL BX plus MOV SI,AX direction. No accepted natural producer or independent hybrid provenance; exactness withheld."
th04-main-carpet-scale-mul-v409,th04-main,code-region,STAGES_TEXT,0x3FB2,0x102A2,0x4,0x4,reviewed,authored,blocked,carpet_scale_mul,,ev-th04-main-carpet-scale-mul-v409-boundary;ev-th04-main-carpet-lighting-codegen-negative-v174;ev-th04-main-carpet-opcode-corpus-negative-v396;ev-th04-main-carpet-crossartifact-v405-negative;ev-th04-main-tc4j-pc98-ide-optimizer-surface-v406;ev-th04-main-register-encoding-surface-v411-negative;ev-th04-main-carpet-natural-context-v412-negative;ev-th04-main-carpet-unsigned-mul-v417-negative;ev-th04-main-carpet-integrated-asm-fingerprint-v420;ev-th04-main-carpet-semantic-lineage-v423-negative,python3 scripts/probes/probe_th04_final_blocker_crossartifact.py,"v409 reviewed physical residual inside carpet_lighting_put_new: ADD BX,BX direction plus historical MUL BX. No accepted natural producer or independent hybrid provenance; exactness withheld."
th04-main-carpet-bx-dx-moves-v409,th04-main,code-region,STAGES_TEXT,0x3FB9,0x102A9,0x4,0x4,reviewed,authored,blocked,carpet_bx_dx_moves,,ev-th04-main-carpet-bx-dx-moves-v409-boundary;ev-th04-main-carpet-lighting-codegen-negative-v174;ev-th04-main-carpet-opcode-corpus-negative-v396;ev-th04-main-carpet-crossartifact-v405-negative;ev-th04-main-tc4j-pc98-ide-optimizer-surface-v406;ev-th04-main-register-encoding-surface-v411-negative;ev-th04-main-carpet-natural-context-v412-negative;ev-th04-main-carpet-integrated-asm-fingerprint-v420;ev-th04-main-carpet-semantic-lineage-v423-negative,python3 scripts/probes/probe_th04_final_blocker_crossartifact.py,"v409 reviewed physical residual inside carpet_lighting_put_new: MOV BX,AX and XOR DX,DX encoding directions. No accepted natural producer or independent hybrid provenance; exactness withheld."
th04-main-carpet-lodsb-v409,th04-main,code-region,STAGES_TEXT,0x3FC0,0x102B0,0x1,0x1,reviewed,authored,blocked,carpet_lodsb,,ev-th04-main-carpet-lodsb-v409-boundary;ev-th04-main-carpet-lighting-codegen-negative-v174;ev-th04-main-carpet-opcode-corpus-negative-v396;ev-th04-main-carpet-crossartifact-v405-negative;ev-th04-main-tc4j-pc98-ide-optimizer-surface-v406;ev-th04-main-carpet-lodsb-segment-v418-negative;ev-th04-main-carpet-integrated-asm-fingerprint-v420;ev-th04-main-carpet-semantic-lineage-v423-negative,python3 scripts/probes/probe_th04_final_blocker_crossartifact.py,v409 reviewed physical residual inside carpet_lighting_put_new: historical LODSB. No accepted natural producer or independent hybrid provenance; exactness withheld.
th04-main-carpet-tile-index-shl-v409,th04-main,code-region,STAGES_TEXT,0x3FC5,0x102B5,0x4,0x4,reviewed,authored,blocked,carpet_tile_index_shl,,ev-th04-main-carpet-tile-index-shl-v409-boundary;ev-th04-main-carpet-lighting-codegen-negative-v174;ev-th04-main-carpet-opcode-corpus-negative-v396;ev-th04-main-carpet-crossartifact-v405-negative;ev-th04-main-tc4j-pc98-ide-optimizer-surface-v406;ev-th04-main-register-encoding-surface-v411-negative;ev-th04-main-carpet-natural-context-v412-negative;ev-th04-main-carpet-integrated-asm-fingerprint-v420;ev-th04-main-carpet-semantic-lineage-v423-negative,python3 scripts/probes/probe_th04_final_blocker_crossartifact.py,"v409 reviewed physical residual inside carpet_lighting_put_new: MOV DI,DX direction plus historical SHL DI,1. No accepted natural producer or independent hybrid provenance; exactness withheld."
th04-main-carpet-dirty-index-move-v409,th04-main,code-region,STAGES_TEXT,0x3FD8,0x102C8,0x2,0x2,reviewed,authored,blocked,carpet_dirty_index_move,,ev-th04-main-carpet-dirty-index-move-v409-boundary;ev-th04-main-carpet-lighting-codegen-negative-v174;ev-th04-main-carpet-opcode-corpus-negative-v396;ev-th04-main-carpet-crossartifact-v405-negative;ev-th04-main-tc4j-pc98-ide-optimizer-surface-v406;ev-th04-main-register-encoding-surface-v411-negative;ev-th04-main-carpet-natural-context-v412-negative;ev-th04-main-carpet-integrated-asm-fingerprint-v420;ev-th04-main-carpet-semantic-lineage-v423-negative,python3 scripts/probes/probe_th04_final_blocker_crossartifact.py,"v409 reviewed physical residual inside carpet_lighting_put_new: MOV DI,DX encoding direction. No accepted natural producer or independent hybrid provenance; exactness withheld."
th04-main-carpet-loop-epilogue-v409,th04-main,code-region,STAGES_TEXT,0x3FEC,,0x8,0x8,reviewed,authored,excluded,carpet_loop_epilogue,,ev-th04-main-carpet-loop-epilogue-v409-boundary;ev-th04-main-carpet-lighting-codegen-negative-v174;ev-th04-main-carpet-opcode-corpus-negative-v396;ev-th04-main-carpet-crossartifact-v405-negative;ev-th04-main-tc4j-pc98-ide-optimizer-surface-v406,,v409 coarse blocked residual superseded by v410 exact function-boundary ownership plus a narrower two-byte blocked residual; zero byte credit retained on this historical routing row.
th04-main-carpet-function-entry-v410,th04-main,code-region,STAGES_TEXT,0x3F9A,0x1028A,0x5,0x5,reviewed,authored,exact,carpet_function_entry,src/main/stage/carpet_function_entry.inl,ev-th04-main-target;ev-th04-main-format-integrity;ev-toolchain-surfaces;ev-ledger-consistency-exact14;ev-th04-main-carpet-function-entry-boundary-v410;ev-th04-main-carpet-function-entry-toolchain-v410;ev-th04-main-carpet-function-entry-omf-v410;ev-th04-main-carpet-function-entry-cold-v410;ev-th04-main-carpet-function-entry-layout-v410;ev-th04-main-carpet-function-entry-raw-v410;ev-th04-main-carpet-function-entry-aggregate-candidate-v410;ev-th04-main-carpet-partition-v409;ev-th04-main-carpet-function-entry-aggregate-final-v410,python3 scripts/replay_th04_main_exact_units.py --unit th04-main-carpet-function-entry-v410 --unit th04-main-carpet-function-exit-v410 --run-id gpt-web-v410-carpet-frame-focused-001,v410 exact compiler-generated carpet function-boundary span: file 0x1028A size 0x5. Unique natural signature/closing fragment; focused A/B and 281-owner candidate aggregate pass all exact gates. Historical PUSH DS/POP ES and LOOP are outside this extent.
th04-main-carpet-function-exit-v410,th04-main,code-region,STAGES_TEXT,0x3FEE,0x102DE,0x6,0x6,reviewed,authored,exact,carpet_function_exit,src/main/stage/carpet_function_exit.inl,ev-th04-main-target;ev-th04-main-format-integrity;ev-toolchain-surfaces;ev-ledger-consistency-exact14;ev-th04-main-carpet-function-exit-boundary-v410;ev-th04-main-carpet-function-exit-toolchain-v410;ev-th04-main-carpet-function-exit-omf-v410;ev-th04-main-carpet-function-exit-cold-v410;ev-th04-main-carpet-function-exit-layout-v410;ev-th04-main-carpet-function-exit-raw-v410;ev-th04-main-carpet-function-exit-aggregate-candidate-v410;ev-th04-main-carpet-partition-v409;ev-th04-main-carpet-function-exit-aggregate-final-v410,python3 scripts/replay_th04_main_exact_units.py --unit th04-main-carpet-function-entry-v410 --unit th04-main-carpet-function-exit-v410 --run-id gpt-web-v410-carpet-frame-focused-001,v410 exact compiler-generated carpet function-boundary span: file 0x102DE size 0x6. Unique natural signature/closing fragment; focused A/B and 281-owner candidate aggregate pass all exact gates. Historical PUSH DS/POP ES and LOOP are outside this extent.
th04-main-carpet-ds-bridge-v410,th04-main,code-region,STAGES_TEXT,0x3F9F,0x1028F,0x2,0x2,reviewed,authored,blocked,carpet_ds_bridge,,ev-th04-main-carpet-ds-bridge-v410-boundary;ev-th04-main-carpet-crossartifact-v405-negative;ev-th04-main-tc4j-pc98-ide-optimizer-surface-v406;ev-th04-main-carpet-lodsb-segment-v418-negative;ev-th04-main-carpet-integrated-asm-fingerprint-v420;ev-th04-main-carpet-semantic-lineage-v423-negative,python3 scripts/probes/probe_th04_final_blocker_crossartifact.py,v410 narrowed carpet residual: historical PUSH DS / POP ES. No accepted natural producer or independent hybrid provenance; exactness withheld.
th04-main-carpet-loop-v410,th04-main,code-region,STAGES_TEXT,0x3FEC,0x102DC,0x2,0x2,reviewed,authored,blocked,carpet_loop,,ev-th04-main-carpet-loop-v410-boundary;ev-th04-main-carpet-crossartifact-v405-negative;ev-th04-main-tc4j-pc98-ide-optimizer-surface-v406;ev-th04-main-carpet-integrated-asm-fingerprint-v420;ev-th04-main-carpet-semantic-lineage-v423-negative,python3 scripts/probes/probe_th04_final_blocker_crossartifact.py,v410 narrowed carpet residual: historical LOOP column_loop. No accepted natural producer or independent hybrid provenance; exactness withheld.
th04-op-vram-planes-v509,th04-op,function,mz-load-module/SHARED,0xDA12,,0x29,0x29,reviewed,authored,source-present,vram_planes_set,src/shared/hardware/vram_planes.cpp,ev-th04-op-target;ev-th04-op-vram-boundary-v509;ev-th04-op-vram-toolchain-v509;ev-th04-op-vram-omf-v509;ev-th04-op-vram-cold-v509;ev-th04-op-vram-layout-v509;ev-th04-op-vram-raw-v509;ev-th04-op-vram-aggregate-v509,python3 scripts/decoded_function_acceptance.py --artifact th04-op,Decoded function raw exact after cold artifact-local source relink; no honest packed DIET file offset so unit remains source-present.
th04-maine-vram-planes-v509,th04-maine,function,mz-load-module/SHARED,0xCC7A,,0x29,0x29,reviewed,authored,source-present,vram_planes_set,src/shared/hardware/vram_planes.cpp,ev-th04-maine-target;ev-th04-maine-vram-boundary-v509;ev-th04-maine-vram-toolchain-v509;ev-th04-maine-vram-omf-v509;ev-th04-maine-vram-cold-v509;ev-th04-maine-vram-layout-v509;ev-th04-maine-vram-raw-v509;ev-th04-maine-vram-aggregate-v509,python3 scripts/decoded_function_acceptance.py --artifact th04-maine,Decoded function raw exact after cold artifact-local source relink; no honest packed DIET file offset so unit remains source-present.
th04-op-frame-delay-v510,th04-op,function,mz-load-module/SHARED,0xDA3B,,0x15,0x15,reviewed,authored,source-present,frame_delay,src/shared/hardware/frame_delay.cpp,ev-th04-op-target;ev-th04-op-frame-delay-boundary-v510;ev-th04-op-frame-delay-toolchain-v510;ev-th04-op-frame-delay-omf-v510;ev-th04-op-frame-delay-cold-v510;ev-th04-op-frame-delay-layout-v510;ev-th04-op-frame-delay-raw-v510;ev-th04-op-frame-delay-aggregate-v510,python3 scripts/decoded_function_acceptance.py --artifact th04-op,Decoded function raw exact after cold artifact-local source relink; no honest packed DIET file offset so unit remains source-present.
th04-maine-frame-delay-v510,th04-maine,function,mz-load-module/SHARED,0xCCA3,,0x15,0x15,reviewed,authored,source-present,frame_delay,src/shared/hardware/frame_delay.cpp,ev-th04-maine-target;ev-th04-maine-frame-delay-boundary-v510;ev-th04-maine-frame-delay-toolchain-v510;ev-th04-maine-frame-delay-omf-v510;ev-th04-maine-frame-delay-cold-v510;ev-th04-maine-frame-delay-layout-v510;ev-th04-maine-frame-delay-raw-v510;ev-th04-maine-frame-delay-aggregate-v510,python3 scripts/decoded_function_acceptance.py --artifact th04-maine,Decoded function raw exact after cold artifact-local source relink; no honest packed DIET file offset so unit remains source-present.
th04-op-pi-palette-v511,th04-op,function,mz-load-module/SHARED,0xDA50,,0x25,0x25,reviewed,authored,source-present,pi_palette_apply,src/shared/formats/pi_put.cpp,ev-th04-op-target;ev-th04-op-pi-palette-boundary-v511;ev-th04-op-pi-palette-toolchain-v511;ev-th04-op-pi-palette-omf-v511;ev-th04-op-pi-palette-cold-v511;ev-th04-op-pi-palette-layout-v511;ev-th04-op-pi-palette-raw-v511;ev-th04-op-pi-palette-aggregate-v511,python3 scripts/decoded_function_acceptance.py --artifact th04-op,Decoded function raw exact after cold artifact-local source relink; no honest packed DIET file offset so unit remains source-present.
th04-op-pi-put-v511,th04-op,function,mz-load-module/SHARED,0xDA75,,0x88,0x88,reviewed,authored,source-present,pi_put_8,src/shared/formats/pi_put.cpp,ev-th04-op-target;ev-th04-op-pi-put-boundary-v511;ev-th04-op-pi-put-toolchain-v511;ev-th04-op-pi-put-omf-v511;ev-th04-op-pi-put-cold-v511;ev-th04-op-pi-put-layout-v511;ev-th04-op-pi-put-raw-v511;ev-th04-op-pi-put-aggregate-v511,python3 scripts/decoded_function_acceptance.py --artifact th04-op,Decoded function raw exact after cold artifact-local source relink; no honest packed DIET file offset so unit remains source-present.
th04-op-pi-load-v511,th04-op,function,mz-load-module/SHARED,0xDAFD,,0x46,0x46,reviewed,authored,source-present,pi_load,src/shared/formats/pi_load.cpp,ev-th04-op-target;ev-th04-op-pi-load-boundary-v511;ev-th04-op-pi-load-toolchain-v511;ev-th04-op-pi-load-omf-v511;ev-th04-op-pi-load-cold-v511;ev-th04-op-pi-load-layout-v511;ev-th04-op-pi-load-raw-v511;ev-th04-op-pi-load-aggregate-v511,python3 scripts/decoded_function_acceptance.py --artifact th04-op,Decoded function raw exact after cold artifact-local source relink; no honest packed DIET file offset so unit remains source-present.
th04-maine-pi-palette-v511,th04-maine,function,mz-load-module/SHARED,0xCCB8,,0x25,0x25,reviewed,authored,source-present,pi_palette_apply,src/shared/formats/pi_put.cpp,ev-th04-maine-target;ev-th04-maine-pi-palette-boundary-v511;ev-th04-maine-pi-palette-toolchain-v511;ev-th04-maine-pi-palette-omf-v511;ev-th04-maine-pi-palette-cold-v511;ev-th04-maine-pi-palette-layout-v511;ev-th04-maine-pi-palette-raw-v511;ev-th04-maine-pi-palette-aggregate-v511,python3 scripts/decoded_function_acceptance.py --artifact th04-maine,Decoded function raw exact after cold artifact-local source relink; no honest packed DIET file offset so unit remains source-present.
th04-maine-pi-put-v511,th04-maine,function,mz-load-module/SHARED,0xCCDD,,0x88,0x88,reviewed,authored,source-present,pi_put_8,src/shared/formats/pi_put.cpp,ev-th04-maine-target;ev-th04-maine-pi-put-boundary-v511;ev-th04-maine-pi-put-toolchain-v511;ev-th04-maine-pi-put-omf-v511;ev-th04-maine-pi-put-cold-v511;ev-th04-maine-pi-put-layout-v511;ev-th04-maine-pi-put-raw-v511;ev-th04-maine-pi-put-aggregate-v511,python3 scripts/decoded_function_acceptance.py --artifact th04-maine,Decoded function raw exact after cold artifact-local source relink; no honest packed DIET file offset so unit remains source-present.
th04-maine-pi-load-v511,th04-maine,function,mz-load-module/SHARED,0xCD65,,0x46,0x46,reviewed,authored,source-present,pi_load,src/shared/formats/pi_load.cpp,ev-th04-maine-target;ev-th04-maine-pi-load-boundary-v511;ev-th04-maine-pi-load-toolchain-v511;ev-th04-maine-pi-load-omf-v511;ev-th04-maine-pi-load-cold-v511;ev-th04-maine-pi-load-layout-v511;ev-th04-maine-pi-load-raw-v511;ev-th04-maine-pi-load-aggregate-v511,python3 scripts/decoded_function_acceptance.py --artifact th04-maine,Decoded function raw exact after cold artifact-local source relink; no honest packed DIET file offset so unit remains source-present.
th04-op-pmd-resident-v512,th04-op,function,mz-load-module/SHARED,0xDC16,,0x2E,0x2E,reviewed,authored,source-present,snd_pmd_resident,src/shared/sound/pmd_resident.c,ev-th04-op-target;ev-th04-op-pmd-boundary-v512;ev-th04-op-pmd-toolchain-v512;ev-th04-op-pmd-omf-v512;ev-th04-op-pmd-cold-v512;ev-th04-op-pmd-layout-v512;ev-th04-op-pmd-raw-v512;ev-th04-op-pmd-aggregate-v512,python3 scripts/decoded_function_acceptance.py --artifact th04-op,Decoded function raw exact after cold artifact-local natural-source relink; complete linked program and ordered relocations remain exact; no honest packed DIET file offset.
th04-maine-pmd-resident-v512,th04-maine,function,mz-load-module/SHARED,0xCF2E,,0x2E,0x2E,reviewed,authored,source-present,snd_pmd_resident,src/shared/sound/pmd_resident.c,ev-th04-maine-target;ev-th04-maine-pmd-boundary-v512;ev-th04-maine-pmd-toolchain-v512;ev-th04-maine-pmd-omf-v512;ev-th04-maine-pmd-cold-v512;ev-th04-maine-pmd-layout-v512;ev-th04-maine-pmd-raw-v512;ev-th04-maine-pmd-aggregate-v512,python3 scripts/decoded_function_acceptance.py --artifact th04-maine,Decoded function raw exact after cold artifact-local natural-source relink; complete linked program and ordered relocations remain exact; no honest packed DIET file offset.
th04-op-mmd-resident-v513,th04-op,function,mz-load-module/SHARED,0xDC44,,0x2F,0x2F,reviewed,authored,source-present,snd_mmd_resident,src/shared/sound/mmd_resident.c,ev-th04-op-target;ev-th04-op-mmd-boundary-v513;ev-th04-op-mmd-toolchain-v513;ev-th04-op-mmd-omf-v513;ev-th04-op-mmd-cold-v513;ev-th04-op-mmd-layout-v513;ev-th04-op-mmd-raw-v513;ev-th04-op-mmd-aggregate-v513,python3 scripts/decoded_function_acceptance.py --artifact th04-op,Decoded function raw exact after cold artifact-local natural-source relink. The following target padding byte at 0xDC73 is function-external and explicitly excluded; zero-code alignment emits no LEDATA. No honest packed DIET file offset.
th04-maine-mmd-resident-v513,th04-maine,function,mz-load-module/SHARED,0xCF5C,,0x2F,0x2F,reviewed,authored,source-present,snd_mmd_resident,src/shared/sound/mmd_resident.c,ev-th04-maine-target;ev-th04-maine-mmd-boundary-v513;ev-th04-maine-mmd-toolchain-v513;ev-th04-maine-mmd-omf-v513;ev-th04-maine-mmd-cold-v513;ev-th04-maine-mmd-layout-v513;ev-th04-maine-mmd-raw-v513;ev-th04-maine-mmd-aggregate-v513,python3 scripts/decoded_function_acceptance.py --artifact th04-maine,Decoded function raw exact after cold artifact-local natural-source relink. The following target padding byte at 0xCF8B is function-external and explicitly excluded; zero-code alignment emits no LEDATA. No honest packed DIET file offset.
th04-op-kaja-interrupt-v514,th04-op,function,mz-load-module/SHARED,0xDC74,,0x1E,0x1E,reviewed,authored,source-present,snd_kaja_interrupt,src/shared/sound/kaja_interrupt.cpp,ev-th04-op-target;ev-th04-op-kaja-boundary-v514;ev-th04-op-kaja-toolchain-v514;ev-th04-op-kaja-omf-v514;ev-th04-op-kaja-cold-v514;ev-th04-op-kaja-layout-v514;ev-th04-op-kaja-raw-v514;ev-th04-op-kaja-aggregate-v514,python3 scripts/decoded_function_acceptance.py --artifact th04-op,Decoded function raw exact after cold artifact-local natural-source relink; complete linked program and ordered relocations remain exact; no honest packed DIET file offset.
th04-maine-kaja-interrupt-v514,th04-maine,function,mz-load-module/SHARED,0xCF8C,,0x1E,0x1E,reviewed,authored,source-present,snd_kaja_interrupt,src/shared/sound/kaja_interrupt.cpp,ev-th04-maine-target;ev-th04-maine-kaja-boundary-v514;ev-th04-maine-kaja-toolchain-v514;ev-th04-maine-kaja-omf-v514;ev-th04-maine-kaja-cold-v514;ev-th04-maine-kaja-layout-v514;ev-th04-maine-kaja-raw-v514;ev-th04-maine-kaja-aggregate-v514,python3 scripts/decoded_function_acceptance.py --artifact th04-maine,Decoded function raw exact after cold artifact-local natural-source relink; complete linked program and ordered relocations remain exact; no honest packed DIET file offset.
th04-op-snd-determine-modes-v515,th04-op,function,mz-load-module/SHARED,0xDCE4,,0x9C,0x9C,reviewed,authored,source-present,snd_determine_modes,src/shared/sound/determine_modes.cpp,ev-th04-op-target;ev-th04-op-mode-boundary-v515;ev-th04-op-mode-toolchain-v515;ev-th04-op-mode-omf-v515;ev-th04-op-mode-cold-v515;ev-th04-op-mode-layout-v515;ev-th04-op-mode-raw-v515;ev-th04-op-mode-aggregate-v515,python3 scripts/decoded_function_acceptance.py --artifact th04-op,Decoded function raw exact after cold artifact-local natural-source relink; complete linked program and ordered relocations remain exact; no honest packed DIET file offset.
th04-maine-snd-determine-modes-v515,th04-maine,function,mz-load-module/SHARED,0xCFAA,,0x9C,0x9C,reviewed,authored,source-present,snd_determine_modes,src/shared/sound/determine_modes.cpp,ev-th04-maine-target;ev-th04-maine-mode-boundary-v515;ev-th04-maine-mode-toolchain-v515;ev-th04-maine-mode-omf-v515;ev-th04-maine-mode-cold-v515;ev-th04-maine-mode-layout-v515;ev-th04-maine-mode-raw-v515;ev-th04-maine-mode-aggregate-v515,python3 scripts/decoded_function_acceptance.py --artifact th04-maine,Decoded function raw exact after cold artifact-local natural-source relink; complete linked program and ordered relocations remain exact; no honest packed DIET file offset.
th04-op-snd-delay-measure-v516,th04-op,function,mz-load-module/SHARED,0xDD80,,0x31,0x31,reviewed,authored,source-present,snd_delay_until_measure,src/shared/sound/delay_until_measure.cpp,ev-th04-op-target;ev-th04-op-delay-boundary-v516;ev-th04-op-delay-toolchain-v516;ev-th04-op-delay-omf-v516;ev-th04-op-delay-cold-v516;ev-th04-op-delay-layout-v516;ev-th04-op-delay-raw-v516;ev-th04-op-delay-aggregate-v516,python3 scripts/decoded_function_acceptance.py --artifact th04-op,Decoded function raw exact after cold artifact-local natural-source relink; complete linked program and ordered relocations remain exact; no honest packed DIET file offset.
th04-maine-snd-delay-measure-v516,th04-maine,function,mz-load-module/SHARED,0xD046,,0x31,0x31,reviewed,authored,source-present,snd_delay_until_measure,src/shared/sound/delay_until_measure.cpp,ev-th04-maine-target;ev-th04-maine-delay-boundary-v516;ev-th04-maine-delay-toolchain-v516;ev-th04-maine-delay-omf-v516;ev-th04-maine-delay-cold-v516;ev-th04-maine-delay-layout-v516;ev-th04-maine-delay-raw-v516;ev-th04-maine-delay-aggregate-v516,python3 scripts/decoded_function_acceptance.py --artifact th04-maine,Decoded function raw exact after cold artifact-local natural-source relink; complete linked program and ordered relocations remain exact; no honest packed DIET file offset.
th04-zun-dos-free-v524,th04-zun,code-region,com-payload/_TEXT,0x131E,,0x10,0x10,reviewed,library,source-present,DOS_FREE;MEM_FREE,src/shared/dos/dos_free.asm,ev-th04-zun-dos-free-target-v524;ev-th04-zun-dos-free-toolchain-v524;ev-th04-zun-dos-free-omf-v524;ev-th04-zun-dos-free-cold-v524;ev-th04-zun-dos-free-layout-v524;ev-th04-zun-dos-free-raw-v524;ev-th04-zun-dos-free-aggregate-v524;ev-th04-zun-dos-free-component-v524,python3 scripts/probes/replay_th04_zun_dos_free.py --output-dir .analysis/reconstruction/probes/v524-zun-dos-free-002,"Target-reviewed 16-byte MASTER library support body. Natural TASM source replaces archive member dosfree at physical index 211 with identical target slice, candidate resident bytes, and MAP. Library support only; no authored ZUN exact credit."
th04-zun-dos-axdx-v525,th04-zun,code-region,com-payload/_TEXT,0x132E,,0x15,0x15,reviewed,library,source-present,DOS_AXDX,src/shared/dos/dos_axdx.asm,ev-th04-zun-dos-axdx-target-v525;ev-th04-zun-dos-axdx-toolchain-v525;ev-th04-zun-dos-axdx-omf-v525;ev-th04-zun-dos-axdx-cold-v525;ev-th04-zun-dos-axdx-layout-v525;ev-th04-zun-dos-axdx-raw-v525;ev-th04-zun-dos-axdx-aggregate-v525;ev-th04-zun-dos-axdx-component-v525,python3 scripts/probes/replay_th04_zun_dos_axdx.py --output-dir .analysis/reconstruction/probes/v525-zun-dos-axdx-001,Target-reviewed 21-byte DOS_AXDX function. The containing dosc module is 22 bytes because EVEN emits a function-external 0x90 at payload 0x1343. Local TASM replaces archive member index 216 with identical module/MAP/candidate resident bytes. Library support only; no authored ZUN exact credit.
th04-zun-dos-puts2-v526,th04-zun,code-region,com-payload/_TEXT,0x1344,,0x27,0x27,reviewed,library,source-present,DOS_PUTS2,src/shared/dos/dos_puts2.asm,ev-th04-zun-dos-puts2-target-v526;ev-th04-zun-dos-puts2-toolchain-v526;ev-th04-zun-dos-puts2-omf-v526;ev-th04-zun-dos-puts2-cold-v526;ev-th04-zun-dos-puts2-layout-v526;ev-th04-zun-dos-puts2-raw-v526;ev-th04-zun-dos-puts2-aggregate-v526;ev-th04-zun-dos-puts2-component-v526,python3 scripts/probes/replay_th04_zun_dos_puts2.py --output-dir .analysis/reconstruction/probes/v526-zun-dos-puts2-001,Target-reviewed 39-byte DOS_PUTS2 function. The containing dosputs2 module is 40 bytes because EVEN emits a function-external 0x90 at payload 0x136B. Local TASM replaces archive member index 221 with identical module/MAP/candidate resident bytes. Library support only; no authored ZUN exact credit.
th04-zun-file-create-v527,th04-zun,code-region,com-payload/_TEXT,0x1250,,0x3B,0x3B,reviewed,library,source-present,FILE_CREATE,src/shared/dos/file_create.asm,ev-th04-zun-file-create-target-v527;ev-th04-zun-file-create-toolchain-v527;ev-th04-zun-file-create-omf-v527;ev-th04-zun-file-create-cold-v527;ev-th04-zun-file-create-layout-v527;ev-th04-zun-file-create-raw-v527;ev-th04-zun-file-create-aggregate-v527;ev-th04-zun-file-create-component-v527,python3 scripts/probes/replay_th04_zun_file_create.py --output-dir .analysis/reconstruction/probes/v527-zun-file-create-002,"Target-reviewed 59-byte FILE_CREATE function. The containing filcreat module is 60 bytes because EVEN emits function-external 0x90 at payload 0x128B. Local symbolic TASM preserves zero-placeholder LEDATA, archive index 172, final MAP, linked target module bytes, and candidate resident bytes. Library support only; no authored ZUN exact credit."
th04-zun-file-ropen-v528,th04-zun,code-region,com-payload/_TEXT,0x1174,,0x36,0x36,reviewed,library,source-present,FILE_ROPEN,src/shared/dos/file_ropen.asm,ev-th04-zun-file-ropen-target-v528;ev-th04-zun-file-ropen-toolchain-v528;ev-th04-zun-file-ropen-omf-v528;ev-th04-zun-file-ropen-cold-v528;ev-th04-zun-file-ropen-layout-v528;ev-th04-zun-file-ropen-raw-v528;ev-th04-zun-file-ropen-aggregate-v528;ev-th04-zun-file-ropen-component-v528,python3 scripts/probes/replay_th04_zun_file_ropen.py --output-dir .analysis/reconstruction/probes/v528-zun-file-ropen-001,"Target-reviewed 54-byte FILE_ROPEN function/module. Local symbolic TASM preserves archive index 170, final MAP, linked target bytes, and the candidate resident component. Library support only; no authored ZUN exact credit."
th04-zun-file-write-v529,th04-zun,code-region,com-payload/_TEXT,0x11AA,,0xA6,0xA6,reviewed,library,source-present,FILE_WRITE,src/shared/dos/file_write.asm,ev-th04-zun-file-write-target-v529;ev-th04-zun-file-write-toolchain-v529;ev-th04-zun-file-write-omf-v529;ev-th04-zun-file-write-cold-v529;ev-th04-zun-file-write-layout-v529;ev-th04-zun-file-write-raw-v529;ev-th04-zun-file-write-aggregate-v529;ev-th04-zun-file-write-component-v529,python3 scripts/probes/replay_th04_zun_file_write.py --output-dir .analysis/reconstruction/probes/v529-zun-file-write-001,"Target-reviewed complete 166-byte FILE_WRITE owner. The internal alignment NOP remains inside the function; no module-tail padding is excluded. Local symbolic TASM preserves archive index 171, target bytes, MAP, and resident candidate. Library support only; no authored ZUN exact credit."
th04-zun-file-seek-v530,th04-zun,code-region,com-payload/_TEXT,0x128C,,0x33,0x33,reviewed,library,source-present,FILE_SEEK,src/shared/dos/file_seek.asm,ev-th04-zun-file-seek-target-v530;ev-th04-zun-file-seek-raw-v530;ev-th04-zun-file-seek-toolchain-v530;ev-th04-zun-file-seek-omf-v530;ev-th04-zun-file-seek-cold-v530;ev-th04-zun-file-seek-layout-v530;ev-th04-zun-file-seek-aggregate-v530;ev-th04-zun-file-seek-component-v530,python3 scripts/probes/replay_th04_zun_file_seek.py --output-dir .analysis/reconstruction/probes/v530-zun-file-seek-001,"Target-reviewed 51-byte FILE_SEEK function. Payload 0x12BF=90 is module alignment outside this owner; FILE_TELL follows at 0x12C0. Local symbolic TASM preserves archive index 177, MAP, target bytes, and resident candidate. Library support only."
th04-zun-file-tell-v530,th04-zun,code-region,com-payload/_TEXT,0x12C0,,0x0E,0x0E,reviewed,library,source-present,FILE_TELL,src/shared/dos/file_seek.asm,ev-th04-zun-file-tell-target-v530;ev-th04-zun-file-tell-raw-v530;ev-th04-zun-file-seek-toolchain-v530;ev-th04-zun-file-seek-omf-v530;ev-th04-zun-file-seek-cold-v530;ev-th04-zun-file-seek-layout-v530;ev-th04-zun-file-seek-aggregate-v530;ev-th04-zun-file-seek-component-v530,python3 scripts/probes/replay_th04_zun_file_seek.py --output-dir .analysis/reconstruction/probes/v530-zun-file-seek-001,Target-first review establishes the previously Ghidra-missed 14-byte FILE_TELL function ending RET at the end of the filseek module. Shared TU and cold link preserve target bytes and MAP. Library support only.
th04-zun-file-append-v531,th04-zun,code-region,com-payload/_TEXT,0x12CE,,0x50,0x50,reviewed,library,source-present,FILE_APPEND,src/shared/dos/file_append.asm,ev-th04-zun-file-append-target-v531;ev-th04-zun-file-append-toolchain-v531;ev-th04-zun-file-append-omf-v531;ev-th04-zun-file-append-cold-v531;ev-th04-zun-file-append-layout-v531;ev-th04-zun-file-append-raw-v531;ev-th04-zun-file-append-aggregate-v531;ev-th04-zun-file-append-component-v531,python3 scripts/probes/replay_th04_zun_file_append.py --output-dir .analysis/reconstruction/probes/v531-zun-file-append-001,"Target-reviewed complete 80-byte FILE_APPEND function/module. Local symbolic TASM preserves archive index 182, target bytes, MAP, and resident candidate. Library support only; no authored ZUN exact credit."
th04-zun-file-flush-v532,th04-zun,code-region,com-payload/_TEXT,0x10FA,,0x6B,0x6B,reviewed,library,source-present,FILE_FLUSH,src/shared/dos/file_close.asm,ev-th04-zun-file-flush-target-v532;ev-th04-zun-file-flush-raw-v532;ev-th04-zun-file-close-toolchain-v532;ev-th04-zun-file-close-omf-v532;ev-th04-zun-file-close-cold-v532;ev-th04-zun-file-close-layout-v532;ev-th04-zun-file-close-aggregate-v532;ev-th04-zun-file-close-component-v532,python3 scripts/probes/replay_th04_zun_file_close.py --output-dir .analysis/reconstruction/probes/v532-zun-file-close-001,"Target-reviewed 107-byte FILE_FLUSH function. Payload 0x1165=90 is module alignment outside this owner; FILE_CLOSE follows at 0x1166. Local symbolic TASM preserves archive index 167, MAP, target bytes, and resident candidate. Library support only."
th04-zun-file-close-v532,th04-zun,code-region,com-payload/_TEXT,0x1166,,0x0E,0x0E,reviewed,library,source-present,FILE_CLOSE,src/shared/dos/file_close.asm,ev-th04-zun-file-close-target-v532;ev-th04-zun-file-close-raw-v532;ev-th04-zun-file-close-toolchain-v532;ev-th04-zun-file-close-omf-v532;ev-th04-zun-file-close-cold-v532;ev-th04-zun-file-close-layout-v532;ev-th04-zun-file-close-aggregate-v532;ev-th04-zun-file-close-component-v532,python3 scripts/probes/replay_th04_zun_file_close.py --output-dir .analysis/reconstruction/probes/v532-zun-file-close-001,Target-reviewed 14-byte FILE_CLOSE function ending at the filclose module boundary. Shared TU and cold link preserve target bytes and MAP. Library support only.
th04-zun-dos-ropen-v533,th04-zun,code-region,com-payload/_TEXT,0x136C,,0x18,0x18,reviewed,library,source-present,DOS_ROPEN;FONTFILE_OPEN,src/shared/dos/dos_ropen.asm,ev-th04-zun-fontopen-code-target-v533;ev-th04-zun-fontopen-code-raw-v533;ev-th04-zun-fontopen-toolchain-v533;ev-th04-zun-fontopen-omf-v533;ev-th04-zun-fontopen-cold-v533;ev-th04-zun-fontopen-layout-v533;ev-th04-zun-fontopen-aggregate-v533;ev-th04-zun-fontopen-component-v533,python3 scripts/probes/replay_th04_zun_fontopen.py --output-dir .analysis/reconstruction/probes/v533-zun-fontopen-001,"Target-reviewed 24-byte aliased DOS_ROPEN/FONTFILE_OPEN code owner. Local symbolic TASM preserves archive index 337, target bytes, MAP, and resident candidate. Library support only."
th04-zun-file-sharingmode-v533,th04-zun,data-region,com-payload/_DATA,0x2212,,0x02,0x02,reviewed,library,source-present,file_sharingmode,src/shared/dos/dos_ropen.asm,ev-th04-zun-fontopen-data-target-v533;ev-th04-zun-fontopen-data-raw-v533;ev-th04-zun-fontopen-toolchain-v533;ev-th04-zun-fontopen-omf-v533;ev-th04-zun-fontopen-cold-v533;ev-th04-zun-fontopen-layout-v533;ev-th04-zun-fontopen-aggregate-v533;ev-th04-zun-fontopen-component-v533,python3 scripts/probes/replay_th04_zun_fontopen.py --output-dir .analysis/reconstruction/probes/v533-zun-fontopen-001,Target-reviewed two-byte file_sharingmode data word emitted by the same fontopen TU. Local link preserves target value and MAP. Library support only.
th04-zun-master-version-v534,th04-zun,data-region,com-payload/_DATA,0x219A,,0x5D,0x5D,reviewed,library,source-present,_Master_Version_NEAR;_Master_Version;_Master_Copyright,src/shared/runtime/master_version.asm,ev-th04-zun-version-target-v534;ev-th04-zun-version-toolchain-v534;ev-th04-zun-version-omf-v534;ev-th04-zun-version-grp-cold-v534;ev-th04-zun-version-grp-layout-v534;ev-th04-zun-version-raw-v534;ev-th04-zun-version-grp-aggregate-v534;ev-th04-zun-version-grp-component-v534,python3 scripts/probes/replay_th04_zun_version_grp.py --output-dir .analysis/reconstruction/probes/v534-zun-version-grp-003,Target-reviewed 93-byte MASTER version/copyright DATA owner. Local symbolic TASM preserves archive index 0 and linked DATA/MAP/component. Payload 0x21F7 is linker alignment outside the owner. Library support only.
th04-zun-graph-state-v534,th04-zun,data-region,com-payload/_DATA,0x21F8,,0x0B,0x0B,reviewed,library,source-present,_graph_VramSeg;_graph_VramWords;_graph_VramLines;_graph_VramWidth;_graph_VramZoom;_graph_MeshByte,src/shared/hardware/graph_state.asm,ev-th04-zun-grp-target-v534;ev-th04-zun-grp-toolchain-v534;ev-th04-zun-grp-omf-v534;ev-th04-zun-version-grp-cold-v534;ev-th04-zun-version-grp-layout-v534;ev-th04-zun-grp-raw-v534;ev-th04-zun-version-grp-aggregate-v534;ev-th04-zun-version-grp-component-v534,python3 scripts/probes/replay_th04_zun_version_grp.py --output-dir .analysis/reconstruction/probes/v534-zun-version-grp-003,Target-reviewed 11-byte PC-98 graphics-state DATA owner. Local symbolic TASM preserves archive index 91 and the historical _Master_Version EXTDEF that force-links VERSION. Payload 0x2203 is linker alignment outside the owner. Library support only.
th04-zun-file-state-data-v535,th04-zun,data-region,com-payload/_DATA,0x220E,,0x04,0x04,reviewed,library,source-present,file_BufferSize;file_Handle,src/shared/dos/file_state.asm,ev-th04-zun-file-state-data-target-v535;ev-th04-zun-file-state-toolchain-v535;ev-th04-zun-file-state-omf-v535;ev-th04-zun-file-state-cold-v535;ev-th04-zun-file-state-layout-v535;ev-th04-zun-file-state-data-raw-v535;ev-th04-zun-file-state-aggregate-v535;ev-th04-zun-file-state-component-v535,python3 scripts/probes/replay_th04_zun_file_state.py --output-dir .analysis/reconstruction/probes/v535-zun-file-state-002,Target-reviewed four-byte initialized file-state DATA owner 0000FFFF. Local symbolic TASM preserves archive index 163 and complete resident bytes. Library support only.
th04-zun-file-state-bss-v535,th04-zun,bss-region,resident/_BSS,,,0x14,0x14,reviewed,library,source-present,file_Pointer;file_Buffer;file_BufferPos;file_BufPtr;file_InReadBuf;file_Eof;file_ErrorStat,src/shared/dos/file_state.asm,ev-th04-zun-file-state-bss-omf-v535;ev-th04-zun-file-state-cold-v535;ev-th04-zun-file-state-layout-v535;ev-th04-zun-file-state-aggregate-v535;ev-th04-zun-file-state-component-v535,python3 scripts/probes/replay_th04_zun_file_state.py --output-dir .analysis/reconstruction/probes/v535-zun-file-state-002,Uninitialized 0x14-byte BSS owner from the same physical FIL member. No COM file offset or raw target bytes exist; acceptance is OMF SEGDEF/public plus MAP/link layout only.
th04-maine-score-insert-v543,th04-maine,function,mz-load-module/SCORE_TEXT,0xC3B2,,0x154,0x154,reviewed,authored,source-present,score_insert,src/maine/score/insert.cpp,ev-th04-maine-target;ev-th04-maine-score-insert-boundary-v543;ev-th04-maine-score-insert-toolchain-v543;ev-th04-maine-score-insert-omf-v543;ev-th04-maine-score-insert-cold-v543;ev-th04-maine-score-insert-layout-v543;ev-th04-maine-score-insert-raw-v543;ev-th04-maine-score-insert-aggregate-v543,python3 scripts/decoded_function_acceptance.py --artifact th04-maine,Maintained natural C++ independently compiles the reviewed 340-byte function and links raw-zero into MAINE with unchanged program and ordered relocations. The descriptive name is not target-attested. DIET-packed file offset is unknown so units state remains source-present.
th04-maine-score-put-v544,th04-maine,function,mz-load-module/SCORE_TEXT,0xC506,,0xE6,0xE6,reviewed,authored,source-present,score_put,src/maine/score/put.cpp,ev-th04-maine-target;ev-th04-maine-score-put-boundary-v544;ev-th04-maine-score-put-toolchain-v544;ev-th04-maine-score-put-omf-v544;ev-th04-maine-score-put-cold-v544;ev-th04-maine-score-put-layout-v544;ev-th04-maine-score-put-raw-v544;ev-th04-maine-score-put-aggregate-v544,python3 scripts/decoded_function_acceptance.py --artifact th04-maine,Maintained natural C++ independently compiles the reviewed 230-byte score renderer and links raw-zero into MAINE with unchanged program and ordered relocations. Name is descriptive. DIET-packed file offset unknown; unit remains source-present.
th04-op-stage-put-v545,th04-op,function,mz-load-module/SCORE_TEXT,0xC8A5,,0x50,0x50,reviewed,authored,source-present,stage_put,src/op/score/stage.cpp,ev-th04-op-target;ev-th04-op-hi-view-boundaries-v542;ev-th04-op-stage-put-boundary-v545;ev-th04-op-stage-put-toolchain-v545;ev-th04-op-stage-put-omf-v545;ev-th04-op-stage-put-cold-v545;ev-th04-op-stage-put-layout-v545;ev-th04-op-stage-put-raw-v545;ev-th04-op-stage-put-aggregate-v545,python3 scripts/decoded_function_acceptance.py --artifact th04-op,Maintained natural C++ independently compiles the reviewed 80-byte stage renderer and links raw-zero into OP with unchanged candidate program and ordered relocations. Name is descriptive; DIET-packed file offset unknown.
th04-op-place-put-v552,th04-op,function,mz-load-module/SCORE_TEXT,0xC8F5,,0x125,0x125,reviewed,authored,source-present,place_put,src/op/score/place.cpp,ev-th04-op-target;ev-th04-op-hi-view-boundaries-v542;ev-th04-op-place-put-boundary-v552;ev-th04-op-place-put-toolchain-v552;ev-th04-op-place-put-omf-v552;ev-th04-op-place-put-cold-v552;ev-th04-op-place-put-layout-v552;ev-th04-op-place-put-raw-v552;ev-th04-op-place-put-aggregate-v552,python3 scripts/decoded_function_acceptance.py --artifact th04-op,Maintained natural C++ independently compiles the reviewed 293-byte two-column row renderer with five near and five data OMF fixups and links raw-zero into OP. Descriptive name; packed-file offset unknown.
th04-op-rank-render-v553,th04-op,function,mz-load-module/SCORE_TEXT,0xCA1A,,0x7A,0x7A,reviewed,authored,source-present,rank_render,src/op/score/rank.cpp,ev-th04-op-target;ev-th04-op-hi-view-boundaries-v542;ev-th04-op-rank-render-boundary-v553;ev-th04-op-rank-render-toolchain-v553;ev-th04-op-rank-render-omf-v553;ev-th04-op-rank-render-cold-v553;ev-th04-op-rank-render-layout-v553;ev-th04-op-rank-render-raw-v553;ev-th04-op-rank-render-aggregate-v553,python3 scripts/decoded_function_acceptance.py --artifact th04-op,Maintained natural C++ independently compiles the target-reviewed 122-byte rank renderer including Ghidra-missed reachable tail. Three near and two data OMF fixups; linked raw-zero. Descriptive name; packed-file offset unknown.
th04-op-clear-sprites-v554,th04-op,function,mz-load-module/SCORE_TEXT,0xCBE3,,0xB4,0xB4,reviewed,authored,source-present,cleardata_and_regist_view_sprite,src/op/score/clear.cpp,ev-th04-op-target;ev-th04-op-hi-view-boundaries-v542;ev-th04-op-clear-sprites-boundary-v554;ev-th04-op-clear-sprites-toolchain-v554;ev-th04-op-clear-sprites-omf-v554;ev-th04-op-clear-sprites-cold-v554;ev-th04-op-clear-sprites-layout-v554;ev-th04-op-clear-sprites-raw-v554;ev-th04-op-clear-sprites-aggregate-v554,python3 scripts/decoded_function_acceptance.py --artifact th04-op,Maintained natural C++ independently compiles the reviewed 180-byte clear-state and sprite initializer. One near-call and 25 data-address differing words are all OMF fixups; grouped and linked full-function bytes are raw-zero. The v489 candidate MAP public at 0A74:24A3 corroborates placement but not original naming; packed-file offset unknown.
th04-op-regist-menu-v556,th04-op,function,mz-load-module/SCORE_TEXT,0xCA94,,0x14F,0x14F,reviewed,authored,source-present,regist_view_menu,src/op/score/menu.cpp,ev-th04-op-target;ev-th04-op-hi-view-boundaries-v542;ev-th04-op-regist-menu-boundary-v556;ev-th04-op-regist-menu-toolchain-v556;ev-th04-op-regist-menu-omf-v556;ev-th04-op-regist-menu-cold-v556;ev-th04-op-regist-menu-layout-v556;ev-th04-op-regist-menu-raw-v556;ev-th04-op-regist-menu-aggregate-v556,python3 scripts/decoded_function_acceptance.py --artifact th04-op,Maintained natural C++ independently compiles the reviewed 335-byte registration menu with five near-call and nine data-address OMF fixup words. Grouped and linked full-function bytes are raw-zero; packed-file offset and original source name remain unproven.
th04-maine-stage-put-v547,th04-maine,function,mz-load-module/SCORE_TEXT,0xC5EC,,0x79,0x79,reviewed,authored,source-present,stage_put,src/maine/score/stage.cpp,ev-th04-maine-target;ev-th04-maine-stage-put-boundary-v547;ev-th04-maine-stage-put-toolchain-v547;ev-th04-maine-stage-put-omf-v547;ev-th04-maine-stage-put-cold-v547;ev-th04-maine-stage-put-layout-v547;ev-th04-maine-stage-put-raw-v547;ev-th04-maine-stage-put-aggregate-v547,python3 scripts/decoded_function_acceptance.py --artifact th04-maine,Maintained natural C++ independently compiles the reviewed 121-byte stage renderer and links raw-zero into MAINE with unchanged candidate program and ordered relocations. Descriptive name; packed-file offset unknown.
th04-maine-name-cursor-v548,th04-maine,function,mz-load-module/SCORE_TEXT,0xC665,,0xAC,0xAC,reviewed,authored,source-present,name_cursor_put,src/maine/score/cursor.cpp,ev-th04-maine-target;ev-th04-maine-name-cursor-boundary-v548;ev-th04-maine-name-cursor-toolchain-v548;ev-th04-maine-name-cursor-omf-v548;ev-th04-maine-name-cursor-cold-v548;ev-th04-maine-name-cursor-layout-v548;ev-th04-maine-name-cursor-raw-v548;ev-th04-maine-name-cursor-aggregate-v548,python3 scripts/decoded_function_acceptance.py --artifact th04-maine,Maintained natural C++ independently compiles the reviewed 172-byte cursor renderer with one near-call OMF fixup and links raw-zero into MAINE. Descriptive name; packed-file offset unknown.
th04-maine-place-row-v549,th04-maine,function,mz-load-module/SCORE_TEXT,0xC711,,0xB8,0xB8,reviewed,authored,source-present,place_row_put,src/maine/score/place.cpp,ev-th04-maine-target;ev-th04-maine-place-row-boundary-v549;ev-th04-maine-place-row-toolchain-v549;ev-th04-maine-place-row-omf-v549;ev-th04-maine-place-row-cold-v549;ev-th04-maine-place-row-layout-v549;ev-th04-maine-place-row-raw-v549;ev-th04-maine-place-row-aggregate-v549,python3 scripts/decoded_function_acceptance.py --artifact th04-maine,Maintained natural C++ independently compiles the reviewed 184-byte row renderer with two near-call OMF fixups and links raw-zero into MAINE. Descriptive name; packed-file offset unknown.
th04-maine-places-v550,th04-maine,function,mz-load-module/SCORE_TEXT,0xC7C9,,0x1A,0x1A,reviewed,authored,source-present,places_put,src/maine/score/places.cpp,ev-th04-maine-target;ev-th04-maine-places-boundary-v550;ev-th04-maine-places-toolchain-v550;ev-th04-maine-places-omf-v550;ev-th04-maine-places-cold-v550;ev-th04-maine-places-layout-v550;ev-th04-maine-places-raw-v550;ev-th04-maine-places-aggregate-v550,python3 scripts/decoded_function_acceptance.py --artifact th04-maine,Maintained natural C++ independently compiles the reviewed 26-byte row dispatcher with one near-call OMF fixup and links raw-zero into MAINE. Descriptive name; packed-file offset unknown.
th04-maine-alphabet-cursor-v551,th04-maine,function,mz-load-module/SCORE_TEXT,0xC7E3,,0x31,0x31,reviewed,authored,source-present,alphabet_cursor_put,src/maine/score/alpha.cpp,ev-th04-maine-target;ev-th04-maine-alphabet-cursor-boundary-v551;ev-th04-maine-alphabet-cursor-toolchain-v551;ev-th04-maine-alphabet-cursor-omf-v551;ev-th04-maine-alphabet-cursor-cold-v551;ev-th04-maine-alphabet-cursor-layout-v551;ev-th04-maine-alphabet-cursor-raw-v551;ev-th04-maine-alphabet-cursor-aggregate-v551,python3 scripts/decoded_function_acceptance.py --artifact th04-maine,Maintained natural C++ independently compiles the reviewed 49-byte alphabet cursor renderer with standalone CODE equality and links raw-zero into MAINE. Descriptive name; packed-file offset unknown.
th04-maine-score-load-for-v557,th04-maine,function,mz-load-module/SCORE_TEXT,0xC2AD,,0x69,0x69,reviewed,authored,source-present,hiscore_scoredat_load_for,src/maine/score/load_for.cpp,ev-th04-maine-target;ev-th04-maine-score-load-for-boundary-v557;ev-th04-maine-score-load-for-toolchain-v557;ev-th04-maine-score-load-for-omf-v557;ev-th04-maine-score-load-for-cold-v557;ev-th04-maine-score-load-for-layout-v557;ev-th04-maine-score-load-for-raw-v557;ev-th04-maine-score-load-for-aggregate-v557,python3 scripts/decoded_function_acceptance.py --artifact th04-maine,Complete 105-byte decoded function is raw-zero in two focused and aggregate cold rounds with 559 ordered relocations. DIET-packed file offset unknown; this is not whole-MAINE exactness.
th04-op-score-load-both-v558,th04-op,function,mz-load-module/SCORE_TEXT,0xC733,,0x6B,0x6B,reviewed,authored,source-present,hiscore_scoredat_load_both,src/op/score/loadboth.cpp,ev-th04-op-target;ev-th04-op-score-load-both-boundary-v558;ev-th04-op-score-load-both-toolchain-v558;ev-th04-op-score-load-both-omf-v558;ev-th04-op-score-load-both-cold-v558;ev-th04-op-score-load-both-layout-v558;ev-th04-op-score-load-both-raw-v558;ev-th04-op-score-load-both-aggregate-v558,python3 scripts/decoded_function_acceptance.py --artifact th04-op,The complete 107-byte decoded loader is raw-zero in two focused and 19-slice aggregate cold rounds with 804 ordered relocations. Packed-file offset is unknown; this is not whole-OP exactness.
th04-op-scores-put-v559,th04-op,function,mz-load-module/SCORE_TEXT,0xC79E,,0x107,0x107,reviewed,authored,source-present,scores_put,src/op/score/scoreput.cpp,ev-th04-op-target;ev-th04-op-scores-put-boundary-v559;ev-th04-op-scores-put-toolchain-v559;ev-th04-op-scores-put-omf-v559;ev-th04-op-scores-put-cold-v559;ev-th04-op-scores-put-layout-v559;ev-th04-op-scores-put-raw-v559;ev-th04-op-scores-put-aggregate-v559,python3 scripts/decoded_function_acceptance.py --artifact th04-op,Target-reviewed 263-byte decoded renderer is raw-zero in two focused cold rounds and the 20-slice cold aggregate; DIET-packed OP file offset is unknown.
th04-op-scoredat-recreate-v561,th04-op,function,mz-load-module/SCORE_TEXT,0xC68C,,0xA7,0xA7,reviewed,authored,source-present,scoredat_recreate,src/op/score/scoregen.cpp,ev-th04-op-target;ev-th04-op-scoredat-recreate-boundary-v561;ev-th04-op-scoredat-recreate-toolchain-v561;ev-th04-op-scoredat-recreate-omf-v561;ev-th04-op-scoredat-recreate-cold-v561;ev-th04-op-scoredat-recreate-layout-v561;ev-th04-op-scoredat-recreate-raw-v561;ev-th04-op-scoredat-recreate-aggregate-v561,python3 scripts/decoded_function_acceptance.py --artifact th04-op,"Target-reviewed 167-byte function is raw-zero in two focused cold links and the 21-slice OP aggregate; the DIET-packed file offset remains unknown."
th04-op-scoredat-encode-v562,th04-op,function,mz-load-module/SCORE_TEXT,0xC627,,0x65,0x65,reviewed,authored,source-present,scoredat_encode,src/op/score/scoreenc.cpp,ev-th04-op-target;ev-th04-op-scoredat-encode-boundary-v562;ev-th04-op-scoredat-encode-codegen-v562,python3 scripts/probes/probe_th04_op_scoredat_encode_codegen.py --output-dir .analysis/reconstruction/probes/v562-op-scoredat-encode-codegen-003,"Target-reviewed encoder source is maintained but not exact: pinned standalone C++ output is 111 bytes versus the 101-byte target because TC86 calls the byte-rotate helper; no packed offset is known."
th04-op-input-wait-v565,th04-op,function,mz-load-module/SHARED,0xDB62,,0x56,0x56,reviewed,authored,source-present,input_wait_for_change,src/shared/hardware/input_wait.cpp,ev-th04-op-target;ev-toolchain-surfaces;ev-th04-op-input-wait-boundary-v565;ev-th04-op-input-wait-toolchain-v565;ev-th04-op-input-wait-omf-v565;ev-th04-op-input-wait-cold-v565;ev-th04-op-input-wait-layout-v565;ev-th04-op-input-wait-raw-v565;ev-th04-op-input-wait-aggregate-v565,python3 scripts/decoded_function_acceptance.py --artifact th04-op,"Maintained shared natural C++ reproduces all 86 decoded bytes in two cold rounds and preserves the complete v489 program image and ordered relocations; DIET-packed file offset remains unknown."
th04-maine-input-wait-v565,th04-maine,function,mz-load-module/SHARED,0xCE7A,,0x56,0x56,reviewed,authored,source-present,input_wait_for_change,src/shared/hardware/input_wait.cpp,ev-th04-maine-target;ev-toolchain-surfaces;ev-th04-maine-input-wait-boundary-v565;ev-th04-maine-input-wait-toolchain-v565;ev-th04-maine-input-wait-omf-v565;ev-th04-maine-input-wait-cold-v565;ev-th04-maine-input-wait-layout-v565;ev-th04-maine-input-wait-raw-v565;ev-th04-maine-input-wait-aggregate-v565,python3 scripts/decoded_function_acceptance.py --artifact th04-maine,"Maintained shared natural C++ reproduces all 86 decoded bytes in two cold rounds and preserves the complete v489 program image and ordered relocations; DIET-packed file offset remains unknown."
th04-op-vector-polar-v570,th04-op,function,mz-load-module/SHARED,0xDBB8,,0x1C,0x1C,reviewed,authored,source-present,"polar(int,int,int)",src/shared/math/vector.cpp,ev-th04-op-target;ev-toolchain-surfaces;ev-th04-op-vector-math-boundary-v570;ev-th04-op-vector-math-toolchain-v570;ev-th04-op-vector-math-omf-v570;ev-th04-op-vector-math-cold-v570;ev-th04-op-vector-math-layout-v570;ev-th04-op-vector-math-aggregate-v570;ev-th04-op-vector-math-raw-polar-v570,python3 scripts/decoded_function_acceptance.py --artifact th04-op,"Function owner only; decoded state is tracked separately; no DIET-packed file offset is claimed."
th04-op-vector2-at-v570,th04-op,function,mz-load-module/SHARED,0xDBD4,,0x42,0x42,reviewed,authored,source-present,VECTOR2_AT,src/shared/math/vector.cpp,ev-th04-op-target;ev-toolchain-surfaces;ev-th04-op-vector-math-boundary-v570;ev-th04-op-vector-math-toolchain-v570;ev-th04-op-vector-math-omf-v570;ev-th04-op-vector-math-cold-v570;ev-th04-op-vector-math-layout-v570;ev-th04-op-vector-math-aggregate-v570;ev-th04-op-vector-math-raw-vector2-at-v570,python3 scripts/decoded_function_acceptance.py --artifact th04-op,"Function owner only; decoded state is tracked separately; no DIET-packed file offset is claimed."
th04-maine-vector-polar-v570,th04-maine,function,mz-load-module/SHARED,0xCED0,,0x1C,0x1C,reviewed,authored,source-present,"polar(int,int,int)",src/shared/math/vector.cpp,ev-th04-maine-target;ev-toolchain-surfaces;ev-th04-maine-vector-math-boundary-v570;ev-th04-maine-vector-math-toolchain-v570;ev-th04-maine-vector-math-omf-v570;ev-th04-maine-vector-math-cold-v570;ev-th04-maine-vector-math-layout-v570;ev-th04-maine-vector-math-aggregate-v570;ev-th04-maine-vector-math-raw-polar-v570,python3 scripts/decoded_function_acceptance.py --artifact th04-maine,"Function owner only; decoded state is tracked separately; no DIET-packed file offset is claimed."
th04-maine-vector2-at-v570,th04-maine,function,mz-load-module/SHARED,0xCEEC,,0x42,0x42,reviewed,authored,source-present,VECTOR2_AT,src/shared/math/vector.cpp,ev-th04-maine-target;ev-toolchain-surfaces;ev-th04-maine-vector-math-boundary-v570;ev-th04-maine-vector-math-toolchain-v570;ev-th04-maine-vector-math-omf-v570;ev-th04-maine-vector-math-cold-v570;ev-th04-maine-vector-math-layout-v570;ev-th04-maine-vector-math-aggregate-v570;ev-th04-maine-vector-math-raw-vector2-at-v570,python3 scripts/decoded_function_acceptance.py --artifact th04-maine,"Function owner only; decoded state is tracked separately; no DIET-packed file offset is claimed."
th04-op-scoredat-decode-v563,th04-op,function,mz-load-module/SCORE_TEXT,0xC57A,,0xAD,0xAD,reviewed,authored,source-present,scoredat_decode,src/op/score/scoredec.cpp,ev-th04-op-target;ev-th04-op-score-codec-boundaries-v540;ev-th04-op-scoredat-decode-codegen-v563,python3 scripts/probes/probe_th04_op_scoredat_decode_codegen.py --output-dir .analysis/reconstruction/probes/v563-op-scoredat-decode-codegen-005,"Target-reviewed decoder source is maintained but not exact: pinned standalone C++ output is 197 bytes versus the 173-byte target because TC86 does not emit the target byte rotations; no packed offset is known."
th04-maine-box-animate-v573,th04-maine,function,mz-load-module/CUTSCENE_TEXT,0xA815,,0x32,0x32,reviewed,authored,source-present,box_1_to_0_animate,src/maine/cutscene/box_animate.cpp,ev-th04-maine-target;ev-toolchain-surfaces;ev-th04-maine-box-animate-boundary-v572;ev-th04-maine-box-animate-upstream-v573;ev-th04-maine-box-animate-toolchain-v573;ev-th04-maine-box-animate-producer-boundary-v573;ev-th04-maine-box-animate-omf-v573;ev-th04-maine-box-animate-cold-v573;ev-th04-maine-box-animate-layout-v573;ev-th04-maine-box-animate-raw-v573;ev-th04-maine-box-animate-aggregate-v573,python3 scripts/decoded_function_acceptance.py --artifact th04-maine,"Natural maintained C++ produces raw-zero for the reviewed 50-byte decoded function. The exact state belongs to decoded-function acceptance only; no packed-file offset or whole-MAINE exactness is claimed."
th04-maine-scoredat-decode-v574,th04-maine,function,mz-load-module/SCORE_TEXT,0xC149,,0x58,0x58,reviewed,authored,source-present,scoredat_decode,src/maine/score/scoredec.cpp,ev-th04-maine-target;ev-th04-maine-score-codec-boundaries-v540;ev-th04-maine-scoredat-decode-target-v574;ev-th04-maine-scoredat-decode-codegen-v574,python3 scripts/probes/replay_th04_maine_scoredat_decode.py --output-dir .analysis/reconstruction/probes/v574-maine-scoredat-decode-005,"Natural maintained source is present, but pinned TC86 standalone CODE is 97 bytes versus the reviewed 88-byte target. No packed-file offset or exact state is claimed."
th04-maine-scoredat-encode-v577,th04-maine,function,mz-load-module/SCORE_TEXT,0xC1A1,,0x65,0x65,reviewed,authored,source-present,scoredat_encode,src/maine/score/scoreenc.cpp,ev-th04-maine-target;ev-th04-maine-score-codec-boundaries-v540;ev-th04-maine-scoredat-encode-target-v577;ev-th04-maine-scoredat-encode-codegen-v577,python3 scripts/probes/replay_th04_maine_scoredat_encode.py --output-dir .analysis/reconstruction/probes/v577-maine-scoredat-encode-002,"Target-reviewed 101-byte owner at 1A05:2151; natural maintained source emits 113 standalone bytes (+12) because TC86 expands the target's byte ROR into shifts and OR. No packed-file offset or exact state is claimed."
th04-maine-scoredat-recreate-v580,th04-maine,function,mz-load-module/SCORE_TEXT,0xC206,,0xA7,0xA7,reviewed,authored,source-present,scoredat_recreate,src/maine/score/scoregen.cpp,ev-th04-maine-target;ev-th04-maine-scoredat-recreate-boundary-v580;ev-th04-maine-scoredat-recreate-codegen-v580;ev-th04-maine-scoredat-recreate-omf-v580;ev-th04-maine-scoredat-recreate-cold-v580;ev-th04-maine-scoredat-recreate-layout-v580;ev-th04-maine-scoredat-recreate-raw-v580;ev-th04-maine-scoredat-recreate-aggregate-v580,python3 scripts/decoded_function_acceptance.py --artifact th04-maine,"Target-reviewed 167-byte MAINE score initializer at 1A05:21B6 is decoded-function exact after two focused cold rounds and the 26-slice MAINE aggregate. Candidate program image/MAP remain the v489 baseline and 559 ordered relocations agree; packed-file offset and whole-MAINE exactness are not claimed. Candidate symbol identity remains unverified."
th04-op-se-reset-v581,th04-op,function,mz-load-module/SHARED,0xE2E6,,0xB,0xB,reviewed,authored,source-present,snd_se_reset,src/shared/sound/se_reset.cpp,ev-th04-op-target;ev-toolchain-surfaces;ev-th04-op-se-reset-boundary-v581;ev-th04-op-se-reset-toolchain-v581;ev-th04-op-se-reset-omf-v581;ev-th04-op-se-reset-cold-v581;ev-th04-op-se-reset-layout-v581;ev-th04-op-se-reset-raw-v581;ev-th04-op-se-reset-aggregate-v581,python3 scripts/decoded_function_acceptance.py --artifact th04-op,Maintained shared natural C++ reproduces the complete 11-byte decoded body and 12-byte compiler producer in two cold rounds while preserving the v489 linked program and all ordered relocations; DIET-packed file offset remains unknown.
th04-maine-se-reset-v581,th04-maine,function,mz-load-module/SHARED,0xD594,,0xB,0xB,reviewed,authored,source-present,snd_se_reset,src/shared/sound/se_reset.cpp,ev-th04-maine-target;ev-toolchain-surfaces;ev-th04-maine-se-reset-boundary-v581;ev-th04-maine-se-reset-toolchain-v581;ev-th04-maine-se-reset-omf-v581;ev-th04-maine-se-reset-cold-v581;ev-th04-maine-se-reset-layout-v581;ev-th04-maine-se-reset-raw-v581;ev-th04-maine-se-reset-aggregate-v581,python3 scripts/decoded_function_acceptance.py --artifact th04-maine,Maintained shared natural C++ reproduces the complete 11-byte decoded body and 12-byte compiler producer in two cold rounds while preserving the v489 linked program and all ordered relocations; MAINE boundary uses explicit no-Ghidra target review and DIET-packed file offset remains unknown.
th04-maine-cutscene-script-free-v582,th04-maine,function,mz-load-module/CUTSCENE_TEXT,0xA2D1,,0x5,0x5,reviewed,authored,source-present,cutscene_script_free,src/maine/cutscene/script_free.cpp,ev-th04-maine-target;ev-toolchain-surfaces;ev-th04-maine-cutscene-script-free-boundary-v582;ev-th04-maine-cutscene-script-free-toolchain-v582;ev-th04-maine-cutscene-script-free-omf-v582;ev-th04-maine-cutscene-script-free-cold-v582;ev-th04-maine-cutscene-script-free-layout-v582;ev-th04-maine-cutscene-script-free-raw-v582;ev-th04-maine-cutscene-script-free-aggregate-v582,python3 scripts/decoded_function_acceptance.py --artifact th04-maine,Focused maintained-source replay is raw-zero for the complete cutscene_script_free function and preserves the full linked producer/relocation surface; packed-file offset remains unknown.
th04-op-main-cdg-free-v583,th04-op,function,mz-load-module/OP_TITLE_TEXT,0xCCC8,,0xA,0xA,reviewed,authored,source-present,main_cdg_free,src/op/title/main_cdg_free.cpp,ev-th04-op-target;ev-toolchain-surfaces;ev-th04-op-main-cdg-free-boundary-v583;ev-th04-op-main-cdg-free-toolchain-v583;ev-th04-op-main-cdg-free-omf-v583;ev-th04-op-main-cdg-free-cold-v583;ev-th04-op-main-cdg-free-layout-v583;ev-th04-op-main-cdg-free-raw-v583;ev-th04-op-main-cdg-free-aggregate-v583,python3 scripts/decoded_function_acceptance.py --artifact th04-op,Focused maintained-source replay is raw-zero for the complete main_cdg_free function and preserves the full linked producer/relocation surface; packed-file offset remains unknown.
th04-op-nopoly-free-v584,th04-op,function,mz-load-module/OP_MUSIC_TEXT,0xBF99,,0xE,0xE,reviewed,authored,source-present,nopoly_B_free,src/op/music/nopoly_free.cpp,ev-th04-op-target;ev-toolchain-surfaces;ev-th04-op-nopoly-free-boundary-v584;ev-th04-op-nopoly-free-toolchain-v584;ev-th04-op-nopoly-free-omf-v584;ev-th04-op-nopoly-free-cold-v584;ev-th04-op-nopoly-free-layout-v584;ev-th04-op-nopoly-free-raw-v584;ev-th04-op-nopoly-free-aggregate-v584,python3 scripts/decoded_function_acceptance.py --artifact th04-op,Focused maintained-source replay is raw-zero for the complete nopoly_B_free function and preserves the full linked producer/relocation surface; packed-file offset remains unknown.
th04-maine-box-bg-free-v585,th04-maine,function,mz-load-module/CUTSCENE_TEXT,0xA57F,,0x1F,0x1F,reviewed,authored,source-present,box_bg_free,src/maine/cutscene/box_bg_free.cpp,ev-th04-maine-target;ev-toolchain-surfaces;ev-th04-maine-box-bg-free-boundary-v585;ev-th04-maine-box-bg-free-toolchain-v585;ev-th04-maine-box-bg-free-omf-v585;ev-th04-maine-box-bg-free-cold-v585;ev-th04-maine-box-bg-free-layout-v585;ev-th04-maine-box-bg-free-raw-v585;ev-th04-maine-box-bg-free-aggregate-v585,python3 scripts/decoded_function_acceptance.py --artifact th04-maine,Focused maintained-source replay is raw-zero for the complete box_bg_free function and preserves the full linked producer/relocation surface; packed-file offset remains unknown.
th04-op-frame-delay-2-v587,th04-op,function,mz-load-module/SHARED,0xE6DE,,0x15,0x15,reviewed,authored,source-present,frame_delay_2,src/op/hardware/frame_delay_2.cpp,ev-th04-op-target;ev-toolchain-surfaces;ev-th04-op-frame-delay-2-boundary-v587;ev-th04-op-frame-delay-2-toolchain-v587;ev-th04-op-frame-delay-2-omf-v587;ev-th04-op-frame-delay-2-cold-v587;ev-th04-op-frame-delay-2-layout-v587;ev-th04-op-frame-delay-2-raw-v587;ev-th04-op-frame-delay-2-aggregate-v587,python3 scripts/decoded_function_acceptance.py --artifact th04-op,Focused maintained-source replay is raw-zero for complete frame_delay_2; packed-file offset remains unknown.
th04-op-raise-bg-free-v588,th04-op,function,mz-load-module/OP_01_TEXT,0xD1F3,,0x17,0x17,reviewed,authored,source-present,raise_bg_free,src/op/menu/raise_bg_free.cpp,ev-th04-op-target;ev-toolchain-surfaces;ev-th04-op-raise-bg-free-boundary-v588;ev-th04-op-raise-bg-free-toolchain-v588;ev-th04-op-raise-bg-free-omf-v588;ev-th04-op-raise-bg-free-cold-v588;ev-th04-op-raise-bg-free-layout-v588;ev-th04-op-raise-bg-free-raw-v588;ev-th04-op-raise-bg-free-aggregate-v588,python3 scripts/decoded_function_acceptance.py --artifact th04-op,Focused maintained-source replay is raw-zero for complete raise_bg_free; packed-file offset remains unknown.
th04-maine-script-param-second-v590,th04-maine,function,mz-load-module/CUTSCENE_TEXT,0xA713,,0x28,0x28,reviewed,authored,source-present,script_param_read_number_second,src/maine/cutscene/script_param_second.cpp,ev-th04-maine-target;ev-toolchain-surfaces;ev-th04-maine-script-param-second-boundary-v590;ev-th04-maine-script-param-second-toolchain-v590;ev-th04-maine-script-param-second-omf-v590;ev-th04-maine-script-param-second-cold-v590;ev-th04-maine-script-param-second-layout-v590;ev-th04-maine-script-param-second-raw-v590;ev-th04-maine-script-param-second-aggregate-v590,python3 scripts/decoded_function_acceptance.py --artifact th04-maine,Focused maintained-source replay is raw-zero for the complete 40-byte helper and preserves CUTSCENE_TEXT plus all ordered relocations; no packed-file offset.
th04-op-game-exit-to-dos-v592,th04-op,function,mz-load-module/SHARED,0xDDB1,,0x19,0x19,reviewed,authored,source-present,game_exit_to_dos,src/op/core/game_exit_to_dos.cpp,ev-th04-op-target;ev-toolchain-surfaces;ev-th04-op-game-exit-to-dos-boundary-v592;ev-th04-op-game-exit-to-dos-toolchain-v592;ev-th04-op-game-exit-to-dos-omf-v592;ev-th04-op-game-exit-to-dos-cold-v592;ev-th04-op-game-exit-to-dos-layout-v592;ev-th04-op-game-exit-to-dos-raw-v592;ev-th04-op-game-exit-to-dos-aggregate-v592,python3 scripts/decoded_function_acceptance.py --artifact th04-op,Focused natural-source replay raw-matches the complete 25-byte wrapper after TLINK same-segment call optimization; no packed-file offset.
th04-op-tracklist-put-both-v594,th04-op,function,mz-load-module/OP_MUSIC_TEXT,0xBF41,,0x27,0x27,reviewed,authored,source-present,tracklist_put_both,src/op/music/tracklist_put_both.cpp,ev-th04-op-target;ev-toolchain-surfaces;ev-th04-op-tracklist-put-both-boundary-v594;ev-th04-op-tracklist-put-both-toolchain-v594;ev-th04-op-tracklist-put-both-omf-v594;ev-th04-op-tracklist-put-both-cold-v594;ev-th04-op-tracklist-put-both-layout-v594;ev-th04-op-tracklist-put-both-raw-v594;ev-th04-op-tracklist-put-both-aggregate-v594,python3 scripts/decoded_function_acceptance.py --artifact th04-op,Focused maintained-source replay is raw-zero for the complete 39-byte renderer and preserves OP_MUSIC_TEXT plus all ordered relocations; no packed-file offset.
th04-op-bgm-help-put-v596,th04-op,function,mz-load-module/OP_SETUP_TEXT,0xB738,,0x2E,0x2E,reviewed,authored,source-present,bgm_help_put,src/op/setup/help_put.cpp,ev-th04-op-target;ev-toolchain-surfaces;ev-th04-op-bgm-help-put-boundary-v596;ev-th04-op-bgm-help-put-toolchain-v596;ev-th04-op-bgm-help-put-omf-v596;ev-th04-op-bgm-help-put-cold-v596;ev-th04-op-bgm-help-put-layout-v596;ev-th04-op-bgm-help-put-raw-v596;ev-th04-op-bgm-help-put-aggregate-v596,python3 scripts/decoded_function_acceptance.py --artifact th04-op,Focused maintained-source replay is raw-zero for complete bgm_help_put and preserves OP_SETUP_TEXT plus all ordered relocations; no packed-file offset.
th04-op-se-help-put-v596,th04-op,function,mz-load-module/OP_SETUP_TEXT,0xB766,,0x2E,0x2E,reviewed,authored,source-present,se_help_put,src/op/setup/help_put.cpp,ev-th04-op-target;ev-toolchain-surfaces;ev-th04-op-se-help-put-boundary-v596;ev-th04-op-se-help-put-toolchain-v596;ev-th04-op-se-help-put-omf-v596;ev-th04-op-se-help-put-cold-v596;ev-th04-op-se-help-put-layout-v596;ev-th04-op-se-help-put-raw-v596;ev-th04-op-se-help-put-aggregate-v596,python3 scripts/decoded_function_acceptance.py --artifact th04-op,Focused maintained-source replay is raw-zero for complete se_help_put and preserves OP_SETUP_TEXT plus all ordered relocations; no packed-file offset.
th04-op-cmt-unput-v598,th04-op,function,mz-load-module/OP_MUSIC_TEXT,0xC33F,,0x30,0x30,reviewed,authored,source-present,cmt_unput_both_animate,src/op/music/cmt_unput_both_animate.cpp,ev-th04-op-target;ev-toolchain-surfaces;ev-th04-op-cmt-unput-boundary-v598;ev-th04-op-cmt-unput-toolchain-v598;ev-th04-op-cmt-unput-omf-v598;ev-th04-op-cmt-unput-cold-v598;ev-th04-op-cmt-unput-layout-v598;ev-th04-op-cmt-unput-raw-v598;ev-th04-op-cmt-unput-aggregate-v598,python3 scripts/decoded_function_acceptance.py --artifact th04-op,Focused maintained-source replay is raw-zero for the complete 48-byte animation helper and preserves OP_MUSIC_TEXT plus all ordered relocations; no packed-file offset.
th04-op-cmt-fadein-v600,th04-op,function,mz-load-module/OP_MUSIC_TEXT,0xC30E,,0x31,0x31,reviewed,authored,source-present,cmt_fadein_both_animate,src/op/music/cmt_fadein_both_animate.cpp,ev-th04-op-target;ev-toolchain-surfaces;ev-th04-op-cmt-fadein-boundary-v600;ev-th04-op-cmt-fadein-toolchain-v600;ev-th04-op-cmt-fadein-omf-v600;ev-th04-op-cmt-fadein-cold-v600;ev-th04-op-cmt-fadein-layout-v600;ev-th04-op-cmt-fadein-raw-v600;ev-th04-op-cmt-fadein-aggregate-v600,python3 scripts/decoded_function_acceptance.py --artifact th04-op,Focused maintained-source replay is raw-zero for the complete 49-byte fade-in helper and preserves OP_MUSIC_TEXT plus all ordered relocations; no packed-file offset.
th04-op-main-cdg-load-v602,th04-op,function,mz-load-module/OP_TITLE_TEXT,0xCC97,,0x31,0x31,reviewed,authored,source-present,main_cdg_load,src/op/title/main_cdg_load.cpp,ev-th04-op-target;ev-toolchain-surfaces;ev-th04-op-main-cdg-load-boundary-v602;ev-th04-op-main-cdg-load-toolchain-v602;ev-th04-op-main-cdg-load-omf-v602;ev-th04-op-main-cdg-load-cold-v602;ev-th04-op-main-cdg-load-layout-v602;ev-th04-op-main-cdg-load-raw-v602;ev-th04-op-main-cdg-load-aggregate-v602,python3 scripts/decoded_function_acceptance.py --artifact th04-op,Focused maintained-source replay is raw-zero for the complete 49-byte loader and preserves OP_TITLE_TEXT plus all ordered relocations; no packed-file offset.
th04-maine-cfg-resident-v604,th04-maine,function,mz-load-module/MAINE_E_TEXT,0xA059,,0x31,0x31,reviewed,authored,source-present,cfg_load_resident_ptr,src/maine/core/cfg_load_resident_ptr.cpp,ev-th04-maine-target;ev-toolchain-surfaces;ev-th04-maine-cfg-resident-boundary-v604;ev-th04-maine-cfg-resident-toolchain-v604;ev-th04-maine-cfg-resident-omf-v604;ev-th04-maine-cfg-resident-cold-v604;ev-th04-maine-cfg-resident-layout-v604;ev-th04-maine-cfg-resident-raw-v604;ev-th04-maine-cfg-resident-aggregate-v604,python3 scripts/decoded_function_acceptance.py --artifact th04-maine,Focused maintained-source replay is raw-zero for the complete 49-byte CFG resident loader and preserves MAINE_E_TEXT plus all ordered relocations; no packed-file offset.
th04-op-nopoly-snap-v606,th04-op,function,mz-load-module/OP_MUSIC_TEXT,0xBF68,,0x31,0x31,reviewed,authored,source-present,nopoly_B_snap,src/op/music/nopoly_snap.cpp,ev-th04-op-target;ev-toolchain-surfaces;ev-th04-op-nopoly-snap-boundary-v606;ev-th04-op-nopoly-snap-toolchain-v606;ev-th04-op-nopoly-snap-omf-v606;ev-th04-op-nopoly-snap-cold-v606;ev-th04-op-nopoly-snap-layout-v606;ev-th04-op-nopoly-snap-raw-v606;ev-th04-op-nopoly-snap-aggregate-v606,python3 scripts/decoded_function_acceptance.py --artifact th04-op,Focused maintained-source replay is raw-zero for the complete 49-byte VRAM snapshot leaf and preserves OP_MUSIC_TEXT plus all ordered relocations; no packed-file offset.
th04-maine-game-exec-v608,th04-maine,function,mz-load-module/MAINE_E_TEXT,0xA08A,,0x33,0x33,reviewed,authored,source-present,game_exit_and_exec,src/maine/core/game_exit_and_exec.cpp,ev-th04-maine-target;ev-toolchain-surfaces;ev-th04-maine-game-exec-boundary-v608;ev-th04-maine-game-exec-toolchain-v608;ev-th04-maine-game-exec-omf-v608;ev-th04-maine-game-exec-cold-v608;ev-th04-maine-game-exec-layout-v608;ev-th04-maine-game-exec-raw-v608;ev-th04-maine-game-exec-aggregate-v608,python3 scripts/decoded_function_acceptance.py --artifact th04-maine,Focused maintained-source replay is raw-zero for the complete 51-byte wrapper and preserves MAINE_E_TEXT plus all ordered relocations; no packed-file offset.
th04-op-music-update-flip-v610,th04-op,function,mz-load-module/OP_MUSIC_TEXT,0xC244,,0x37,0x37,reviewed,authored,source-present,music_update_render_and_flip,src/op/music/music_update_render_and_flip.cpp,ev-th04-op-target;ev-toolchain-surfaces;ev-th04-op-music-update-flip-boundary-v610;ev-th04-op-music-update-flip-toolchain-v610;ev-th04-op-music-update-flip-omf-v610;ev-th04-op-music-update-flip-cold-v610;ev-th04-op-music-update-flip-layout-v610;ev-th04-op-music-update-flip-raw-v610;ev-th04-op-music-update-flip-aggregate-v610,python3 scripts/decoded_function_acceptance.py --artifact th04-op,Focused maintained-source replay is raw-zero for the complete 55-byte helper and preserves OP_MUSIC_TEXT plus all ordered relocations; no packed-file offset.
th04-op-rollup-v612,th04-op,function,mz-load-module/OP_SETUP_TEXT,0xB65C,,0x3C,0x3C,reviewed,authored,source-present,rollup,src/op/setup/rollup.cpp,ev-th04-op-target;ev-toolchain-surfaces;ev-th04-op-rollup-boundary-v612;ev-th04-op-rollup-toolchain-v612;ev-th04-op-rollup-omf-v612;ev-th04-op-rollup-cold-v612;ev-th04-op-rollup-layout-v612;ev-th04-op-rollup-raw-v612;ev-th04-op-rollup-aggregate-v612,python3 scripts/decoded_function_acceptance.py --artifact th04-op,Focused maintained-source replay is raw-zero for the complete 60-byte rollup and preserves OP_SETUP_TEXT plus all ordered relocations; no packed-file offset.
th04-maine-cutscene-script-load-v614,th04-maine,function,mz-load-module/CUTSCENE_TEXT,0xA292,,0x3F,0x3F,reviewed,authored,source-present,cutscene_script_load,src/maine/cutscene/script_load.cpp,ev-th04-maine-target;ev-toolchain-surfaces;ev-th04-maine-script-load-boundary-v614;ev-th04-maine-script-load-toolchain-v614;ev-th04-maine-script-load-omf-v614;ev-th04-maine-script-load-cold-v614;ev-th04-maine-script-load-layout-v614;ev-th04-maine-script-load-raw-v614;ev-th04-maine-script-load-aggregate-v614,python3 scripts/decoded_function_acceptance.py --artifact th04-maine,Focused maintained-source replay is raw-zero for the complete 63-byte loader and preserves CUTSCENE_TEXT plus all ordered relocations; no packed-file offset.
th04-maine-end-animate-v616,th04-maine,function,mz-load-module/MAINE_E_TEXT,0xA0BD,,0x45,0x45,reviewed,authored,source-present,end_animate,src/maine/end/end_animate.cpp,ev-th04-maine-target;ev-toolchain-surfaces;ev-th04-maine-end-animate-boundary-v616;ev-th04-maine-end-animate-toolchain-v616;ev-th04-maine-end-animate-omf-v616;ev-th04-maine-end-animate-cold-v616;ev-th04-maine-end-animate-layout-v616;ev-th04-maine-end-animate-raw-v616;ev-th04-maine-end-animate-aggregate-v616,python3 scripts/decoded_function_acceptance.py --artifact th04-maine,Focused maintained-source replay is raw-zero for the complete 69-byte ending wrapper and preserves MAINE_E_TEXT including static-data link semantics; no packed-file offset.
th04-op-cmt-put-v618,th04-op,function,mz-load-module/OP_MUSIC_TEXT,0xC2C4,,0x4A,0x4A,reviewed,authored,source-present,cmt_put,src/op/music/cmt_put.cpp,ev-th04-op-target;ev-toolchain-surfaces;ev-th04-op-cmt-put-boundary-v618;ev-th04-op-cmt-put-toolchain-v618;ev-th04-op-cmt-put-omf-v618;ev-th04-op-cmt-put-cold-v618;ev-th04-op-cmt-put-layout-v618;ev-th04-op-cmt-put-raw-v618;ev-th04-op-cmt-put-aggregate-v618,python3 scripts/decoded_function_acceptance.py --artifact th04-op,Focused maintained-source replay is raw-zero for the complete 74-byte comment renderer and preserves OP_MUSIC_TEXT plus all ordered relocations; no packed-file offset.
th04-op-cmt-load-v620,th04-op,function,mz-load-module/OP_MUSIC_TEXT,0xC27B,,0x49,0x49,reviewed,authored,source-present,cmt_load,src/op/music/cmt_load.cpp,ev-th04-op-target;ev-toolchain-surfaces;ev-th04-op-cmt-load-boundary-v620;ev-th04-op-cmt-load-toolchain-v620;ev-th04-op-cmt-load-omf-v620;ev-th04-op-cmt-load-cold-v620;ev-th04-op-cmt-load-layout-v620;ev-th04-op-cmt-load-raw-v620;ev-th04-op-cmt-load-aggregate-v620,python3 scripts/decoded_function_acceptance.py --artifact th04-op,Focused maintained-source replay is raw-zero for the complete 73-byte comment loader and preserves OP_MUSIC_TEXT plus all ordered relocations; no packed-file offset.
th04-op-cmt-transition-v622,th04-op,function,mz-load-module/OP_MUSIC_TEXT,0xC36F,,0x48,0x48,reviewed,authored,source-present,cmt_load_unput_and_put_both_animate,src/op/music/cmt_load_unput_and_put_both_animate.cpp,ev-th04-op-target;ev-toolchain-surfaces;ev-th04-op-cmt-transition-boundary-v622;ev-th04-op-cmt-transition-toolchain-v622;ev-th04-op-cmt-transition-omf-v622;ev-th04-op-cmt-transition-cold-v622;ev-th04-op-cmt-transition-layout-v622;ev-th04-op-cmt-transition-raw-v622;ev-th04-op-cmt-transition-aggregate-v622,python3 scripts/decoded_function_acceptance.py --artifact th04-op,Focused maintained-source replay is raw-zero for the complete 72-byte comment transition wrapper and preserves OP_MUSIC_TEXT plus all ordered relocations; no packed-file offset.
th04-op-bgm-choice-v624,th04-op,function,mz-load-module/OP_SETUP_TEXT,0xB698,,0x4F,0x4F,reviewed,authored,source-present,bgm_choice_put,src/op/setup/bgm_choice_put.cpp,ev-th04-op-target;ev-toolchain-surfaces;ev-th04-op-bgm-choice-boundary-v624;ev-th04-op-bgm-choice-toolchain-v624;ev-th04-op-bgm-choice-omf-v624;ev-th04-op-bgm-choice-cold-v624;ev-th04-op-bgm-choice-layout-v624;ev-th04-op-bgm-choice-raw-v624;ev-th04-op-bgm-choice-aggregate-v624,python3 scripts/decoded_function_acceptance.py --artifact th04-op,Focused maintained-source replay is raw-zero for the complete 79-byte BGM choice renderer and preserves OP_SETUP_TEXT plus grouped choice-string OMF and all ordered relocations; no packed-file offset.
th04-op-se-choice-v626,th04-op,function,mz-load-module/OP_SETUP_TEXT,0xB6E7,,0x51,0x51,reviewed,authored,source-present,se_choice_put,src/op/setup/se_choice_put.cpp,ev-th04-op-target;ev-toolchain-surfaces;ev-th04-op-se-choice-boundary-v626;ev-th04-op-se-choice-toolchain-v626;ev-th04-op-se-choice-omf-v626;ev-th04-op-se-choice-cold-v626;ev-th04-op-se-choice-layout-v626;ev-th04-op-se-choice-raw-v626;ev-th04-op-se-choice-aggregate-v626,python3 scripts/decoded_function_acceptance.py --artifact th04-op,Focused maintained-source replay is raw-zero for the complete 81-byte SE choice renderer and preserves OP_SETUP_TEXT plus grouped choice-string OMF and all ordered relocations; no packed-file offset.
th04-op-window-rollup-put-v628,th04-op,function,mz-load-module/OP_SETUP_TEXT,0xB519,,0x59,0x59,reviewed,authored,source-present,window_rollup_put,src/op/setup/window_rollup_put.cpp,ev-th04-op-target;ev-toolchain-surfaces;ev-th04-op-window-rollup-put-boundary-v628;ev-th04-op-window-rollup-put-toolchain-v628;ev-th04-op-window-rollup-put-omf-v628;ev-th04-op-window-rollup-put-cold-v628;ev-th04-op-window-rollup-put-layout-v628;ev-th04-op-window-rollup-put-raw-v628;ev-th04-op-window-rollup-put-aggregate-v628,python3 scripts/decoded_function_acceptance.py --artifact th04-op,Focused maintained-source replay is raw-zero for the complete 89-byte window rollup renderer and preserves OP_SETUP_TEXT plus grouped OMF and all ordered relocations; v629 aggregate passes 45/45; no packed-file offset.
th04-op-dropdown-v630,th04-op,function,mz-load-module/OP_SETUP_TEXT,0xB572,,0x70,0x70,reviewed,authored,source-present,dropdown,src/op/setup/dropdown.cpp,ev-th04-op-target;ev-toolchain-surfaces;ev-th04-op-dropdown-boundary-v630;ev-th04-op-dropdown-toolchain-v630;ev-th04-op-dropdown-omf-v630;ev-th04-op-dropdown-cold-v630;ev-th04-op-dropdown-layout-v630;ev-th04-op-dropdown-raw-v630;ev-th04-op-dropdown-aggregate-v630,python3 scripts/decoded_function_acceptance.py --artifact th04-op,Focused maintained-source replay is raw-zero for the complete 112-byte dropdown animation and preserves OP_SETUP_TEXT plus grouped OMF and all ordered relocations; v631 aggregate passes 46/46; no packed-file offset.
th04-op-window-dropdown-put-v632,th04-op,function,mz-load-module/OP_SETUP_TEXT,0xB49F,,0x7A,0x7A,reviewed,authored,source-present,window_dropdown_put,src/op/setup/window_dropdown_put.cpp,ev-th04-op-target;ev-toolchain-surfaces;ev-th04-op-window-dropdown-put-boundary-v632;ev-th04-op-window-dropdown-put-toolchain-v632;ev-th04-op-window-dropdown-put-omf-v632;ev-th04-op-window-dropdown-put-cold-v632;ev-th04-op-window-dropdown-put-layout-v632;ev-th04-op-window-dropdown-put-raw-v632;ev-th04-op-window-dropdown-put-aggregate-v632,python3 scripts/decoded_function_acceptance.py --artifact th04-op,Focused maintained-source replay is raw-zero for the complete 122-byte window dropdown renderer and preserves OP_SETUP_TEXT plus grouped OMF and all ordered relocations; v633 aggregate passes 47/47; no packed-file offset.
th04-op-singleline-v634,th04-op,function,mz-load-module/OP_SETUP_TEXT,0xB5E2,,0x7A,0x7A,reviewed,authored,source-present,singleline,src/op/setup/singleline.cpp,ev-th04-op-target;ev-toolchain-surfaces;ev-th04-op-singleline-boundary-v634;ev-th04-op-singleline-toolchain-v634;ev-th04-op-singleline-omf-v634;ev-th04-op-singleline-cold-v634;ev-th04-op-singleline-layout-v634;ev-th04-op-singleline-raw-v634;ev-th04-op-singleline-aggregate-v634,python3 scripts/decoded_function_acceptance.py --artifact th04-op,Focused maintained-source replay is raw-zero for the complete 122-byte singleline renderer and preserves OP_SETUP_TEXT plus grouped OMF and all ordered relocations; v635 aggregate passes 48/48; no packed-file offset.
th04-op-track-put-both-v636,th04-op,function,mz-load-module/OP_MUSIC_TEXT,0xBED5,,0x6C,0x6C,reviewed,authored,source-present,track_put_both,src/op/music/track_put_both.cpp,ev-th04-op-target;ev-toolchain-surfaces;ev-th04-op-track-put-both-boundary-v636;ev-th04-op-track-put-both-toolchain-v636;ev-th04-op-track-put-both-omf-v636;ev-th04-op-track-put-both-cold-v636;ev-th04-op-track-put-both-layout-v636;ev-th04-op-track-put-both-raw-v636;ev-th04-op-track-put-both-aggregate-v636,python3 scripts/decoded_function_acceptance.py --artifact th04-op,Focused maintained-source replay is raw-zero for the complete 108-byte track renderer and preserves OP_MUSIC_TEXT plus grouped OMF and all ordered relocations; v637 aggregate passes 49/49; no packed-file offset.
th04-op-playchar-title-box-v638,th04-op,function,mz-load-module/OP_01_TEXT,0xD338,,0x6A,0x6A,reviewed,authored,source-present,playchar_title_box_put,src/op/menu/playchar_title_box_put.cpp,ev-th04-op-target;ev-toolchain-surfaces;ev-th04-op-playchar-title-box-boundary-v638;ev-th04-op-playchar-title-box-toolchain-v638;ev-th04-op-playchar-title-box-omf-v638;ev-th04-op-playchar-title-box-cold-v638;ev-th04-op-playchar-title-box-layout-v638;ev-th04-op-playchar-title-box-raw-v638;ev-th04-op-playchar-title-box-aggregate-v638,python3 scripts/decoded_function_acceptance.py --artifact th04-op,Focused maintained-source replay is raw-zero for the complete 106-byte playchar title-box renderer and preserves OP_01_TEXT plus grouped OMF and all ordered relocations; v639 aggregate passes 50/50; no packed-file offset.
th04-op-pic-darken-v640,th04-op,function,mz-load-module/OP_01_TEXT,0xD20A,,0x7B,0x7B,reviewed,authored,source-present,pic_darken,src/op/menu/pic_darken.cpp,ev-th04-op-target;ev-toolchain-surfaces;ev-th04-op-pic-darken-boundary-v640;ev-th04-op-pic-darken-toolchain-v640;ev-th04-op-pic-darken-omf-v640;ev-th04-op-pic-darken-cold-v640;ev-th04-op-pic-darken-layout-v640;ev-th04-op-pic-darken-raw-v640;ev-th04-op-pic-darken-aggregate-v640,python3 scripts/decoded_function_acceptance.py --artifact th04-op,Focused maintained-source replay is raw-zero for the complete 123-byte playchar darkening helper and preserves OP_01_TEXT plus grouped OMF and all ordered relocations; v641 aggregate passes 51/51; no packed-file offset.
th04-op-snd-se-update-v642,th04-op,function,mz-load-module/SHARED,0xE32C,,0x4C,0x4C,reviewed,authored,source-present,snd_se_update,src/op/sound/se_update.cpp,ev-th04-op-target;ev-toolchain-surfaces;ev-th04-op-snd-se-update-boundary-v642;ev-th04-op-snd-se-update-codegen-v642,python3 scripts/probes/probe_th04_op_snd_se_update_codegen.py --output-dir .analysis/reconstruction/probes/v642-op-se-update-codegen-gap-002,Maintained natural C++ preserves the reviewed behavior but compiles to 77 bytes versus the 76-byte target. A register-specific control explains the gap but is diagnostic-only.
th04-maine-cursor-advance-v643,th04-maine,function,mz-load-module/CUTSCENE_TEXT,0xA73B,,0x54,0x54,reviewed,authored,source-present,cursor_advance_and_animate,src/maine/cutscene/cursor_advance.cpp,ev-th04-maine-target;ev-toolchain-surfaces;ev-th04-maine-cursor-advance-boundary-v643;ev-th04-maine-cursor-advance-toolchain-v643;ev-th04-maine-cursor-advance-omf-v643;ev-th04-maine-cursor-advance-cold-v643;ev-th04-maine-cursor-advance-layout-v643;ev-th04-maine-cursor-advance-raw-v643;ev-th04-maine-cursor-advance-aggregate-v643,python3 scripts/decoded_function_acceptance.py --artifact th04-maine,Focused maintained-source replay is raw-zero for the complete 84-byte cursor advance helper and preserves CUTSCENE_TEXT plus all ordered relocations; repaired v644 aggregate passes 35/35; no packed-file offset.
th04-maine-box-masked-v645,th04-maine,function,mz-load-module/CUTSCENE_TEXT,0xA78F,,0x86,0x86,reviewed,authored,source-present,box_1_to_0_masked,src/maine/cutscene/box_1_to_0_masked.cpp,ev-th04-maine-target;ev-toolchain-surfaces;ev-th04-maine-box-masked-boundary-v645;ev-th04-maine-box-masked-codegen-v645,python3 scripts/probes/probe_th04_maine_box_masked_codegen.py --output-dir .analysis/reconstruction/probes/v645-maine-box-masked-codegen-gap-001,"Maintained natural C++ is behaviorally aligned and exactly 134 bytes, but 18 non-relocation bytes differ in the first three EGC port-write AX/DX load orders. Historical outport2 inline assembly is decomp-only evidence and grants no exact credit."
th04-maine-box-bg-put-v647,th04-maine,function,mz-load-module/CUTSCENE_TEXT,0xA59E,,0xAF,0xAF,reviewed,authored,source-present,box_bg_put,src/maine/cutscene/box_bg_put.cpp,ev-th04-maine-target;ev-toolchain-surfaces;ev-th04-maine-box-bg-put-boundary-v647;ev-th04-maine-box-bg-put-toolchain-v647;ev-th04-maine-box-bg-put-omf-v647;ev-th04-maine-box-bg-put-cold-v647;ev-th04-maine-box-bg-put-layout-v647;ev-th04-maine-box-bg-put-raw-v647;ev-th04-maine-box-bg-put-aggregate-v647,python3 scripts/decoded_function_acceptance.py --artifact th04-maine,Focused maintained-source replay is raw-zero for the complete 175-byte box background restore helper and preserves CUTSCENE_TEXT plus all ordered relocations; v648 aggregate passes 36/36; no packed-file offset.
th04-maine-script-param-first-v649,th04-maine,function,mz-load-module/CUTSCENE_TEXT,0xA64D,,0xC6,0xC6,reviewed,authored,source-present,script_param_read_number_first,src/maine/cutscene/script_param_first.cpp,ev-th04-maine-target;ev-toolchain-surfaces;ev-th04-maine-script-param-first-boundary-v649;ev-th04-maine-script-param-first-toolchain-v649;ev-th04-maine-script-param-first-omf-v649;ev-th04-maine-script-param-first-cold-v649;ev-th04-maine-script-param-first-layout-v649;ev-th04-maine-script-param-first-raw-v649;ev-th04-maine-script-param-first-aggregate-v649,python3 scripts/decoded_function_acceptance.py --artifact th04-maine,Focused maintained-source replay is raw-zero for the complete 198-byte first script-number parser and preserves CUTSCENE_TEXT plus all ordered relocations; v650 aggregate passes 37/37; no packed-file offset.
th04-maine-pic-copy-to-other-v651,th04-maine,function,mz-load-module/CUTSCENE_TEXT,0xA30A,,0x75,0x75,reviewed,authored,source-present,pic_copy_to_other,src/maine/cutscene/pic_copy_to_other.cpp,ev-th04-maine-target;ev-toolchain-surfaces;ev-th04-maine-pic-copy-to-other-boundary-v651;ev-th04-maine-pic-copy-to-other-toolchain-v651;ev-th04-maine-pic-copy-to-other-omf-v651;ev-th04-maine-pic-copy-to-other-cold-v651;ev-th04-maine-pic-copy-to-other-layout-v651;ev-th04-maine-pic-copy-to-other-raw-v651;ev-th04-maine-pic-copy-to-other-aggregate-v651,python3 scripts/decoded_function_acceptance.py --artifact th04-maine,Focused maintained-source replay is raw-zero for the complete 117-byte picture page copy helper and preserves CUTSCENE_TEXT plus all ordered relocations; v652 aggregate passes 38/38; no packed-file offset.
th04-maine-egc-start-copy-v653,th04-maine,function,mz-load-module/CUTSCENE_TEXT,0xA2D6,,0x34,0x34,reviewed,authored,source-present,egc_start_copy,src/maine/cutscene/egc_start_copy.cpp,ev-th04-maine-target;ev-toolchain-surfaces;ev-th04-maine-egc-start-copy-boundary-v653;ev-th04-maine-egc-start-copy-codegen-v653,python3 scripts/probes/probe_th04_maine_egc_start_copy_codegen.py --output-dir .analysis/reconstruction/probes/v653-maine-egc-start-codegen-gap-002,Maintained natural C++ preserves target semantics but direct outport() compiles to 51 bytes versus the 52-byte target and reverses AX/DX load order on all six EGC word writes. Three other ordinary-C++ variants are 65/65/82 bytes. Decomp-only outport2 is not accepted.
th04-op-game-exit-v654,th04-op,function,mz-load-module/SHARED,0xE0AC,,0x48,0x48,reviewed,authored,source-present,game_exit,src/shared/core/game_exit.cpp,ev-th04-op-target;ev-toolchain-surfaces;ev-th04-op-game-exit-boundary-v654;ev-th04-op-game-exit-toolchain-v654;ev-th04-op-game-exit-omf-v654;ev-th04-op-game-exit-cold-v654;ev-th04-op-game-exit-layout-v654;ev-th04-op-game-exit-raw-v654;ev-th04-op-game-exit-aggregate-v654,python3 scripts/decoded_function_acceptance.py --artifact th04-op,Focused shared-source replay is raw-zero for the complete 72-byte game_exit wrapper and preserves the SHARED owner contribution plus all 804 ordered relocations; v655 aggregate passes 52/52; no packed-file offset.
th04-maine-game-exit-v654,th04-maine,function,mz-load-module/SHARED,0xD3F4,,0x48,0x48,reviewed,authored,source-present,game_exit,src/shared/core/game_exit.cpp,ev-th04-maine-target;ev-toolchain-surfaces;ev-th04-maine-game-exit-boundary-v654;ev-th04-maine-game-exit-toolchain-v654;ev-th04-maine-game-exit-omf-v654;ev-th04-maine-game-exit-cold-v654;ev-th04-maine-game-exit-layout-v654;ev-th04-maine-game-exit-raw-v654;ev-th04-maine-game-exit-aggregate-v654,python3 scripts/decoded_function_acceptance.py --artifact th04-maine,Focused shared-source replay is raw-zero for the complete 72-byte game_exit wrapper and preserves the SHARED owner contribution plus all 559 ordered relocations; v655 aggregate passes 39/39; no packed-file offset.
th04-maine-game-init-main-v656,th04-maine,function,mz-load-module/SHARED,0xD43C,,0x4D,0x4D,reviewed,authored,source-present,game_init_main,src/shared/core/game_init_main.cpp,ev-th04-maine-target;ev-toolchain-surfaces;ev-th04-maine-game-init-main-boundary-v656;ev-th04-maine-game-init-main-toolchain-v656;ev-th04-maine-game-init-main-omf-v656;ev-th04-maine-game-init-main-cold-v656;ev-th04-maine-game-init-main-layout-v656;ev-th04-maine-game-init-main-raw-v656;ev-th04-maine-game-init-main-aggregate-v656,python3 scripts/decoded_function_acceptance.py --artifact th04-maine,Focused maintained-source replay is raw-zero for the complete 77-byte game_init_main; the 78-byte owner includes one trailing codestring zero. The v657 aggregate passes 40/40 with all 559 ordered relocations preserved; no packed-file offset.
th04-op-playchar-menu-initial-v658,th04-op,function,mz-load-module/OP_01_TEXT,0xD6B2,,0x56,0x56,reviewed,authored,source-present,playchar_menu_put_initial,src/op/menu/playchar_menu_initial.cpp,ev-th04-op-target;ev-toolchain-surfaces;ev-th04-op-playchar-menu-initial-boundary-v658;ev-th04-op-playchar-menu-initial-toolchain-v658;ev-th04-op-playchar-menu-initial-omf-v658;ev-th04-op-playchar-menu-initial-cold-v658;ev-th04-op-playchar-menu-initial-layout-v658;ev-th04-op-playchar-menu-initial-raw-v658;ev-th04-op-playchar-menu-initial-aggregate-v658,python3 scripts/decoded_function_acceptance.py --artifact th04-op,Focused maintained-source replay is raw-zero for the complete 86-byte initial character-menu renderer and preserves OP_01_TEXT plus grouped OMF and all ordered relocations; v659 aggregate passes 53/53; no packed-file offset.
th04-op-shottype-menu-initial-v660,th04-op,function,mz-load-module/OP_01_TEXT,0xD650,,0x62,0x62,reviewed,authored,source-present,shottype_menu_put_initial,src/op/menu/shottype_menu_initial.cpp,ev-th04-op-target;ev-toolchain-surfaces;ev-th04-op-shottype-menu-initial-boundary-v660;ev-th04-op-shottype-menu-initial-toolchain-v660;ev-th04-op-shottype-menu-initial-omf-v660;ev-th04-op-shottype-menu-initial-cold-v660;ev-th04-op-shottype-menu-initial-layout-v660;ev-th04-op-shottype-menu-initial-raw-v660;ev-th04-op-shottype-menu-initial-aggregate-v660,python3 scripts/decoded_function_acceptance.py --artifact th04-op,Focused maintained-source replay is raw-zero for the complete 98-byte initial shot-type renderer and preserves OP_01_TEXT plus grouped OMF and all ordered relocations; v661 aggregate passes 54/54; no packed-file offset.
th04-op-start-extra-v662,th04-op,function,mz-load-module/OP_MAIN_TEXT,0xA96C,,0x5D,0x5D,reviewed,authored,source-present,start_extra,src/op/start/start_extra.cpp,ev-th04-op-target;ev-toolchain-surfaces;ev-th04-op-start-extra-boundary-v662;ev-th04-op-start-extra-toolchain-v662;ev-th04-op-start-extra-omf-v662;ev-th04-op-start-extra-cold-v662;ev-th04-op-start-extra-layout-v662;ev-th04-op-start-extra-raw-v662;ev-th04-op-start-extra-aggregate-v662,python3 scripts/decoded_function_acceptance.py --artifact th04-op,Focused maintained-source replay is raw-zero for the complete 93-byte Extra-start wrapper and preserves OP_MAIN_TEXT plus grouped OMF and all ordered relocations; v663 aggregate passes 55/55; no packed-file offset.
th04-op-menu-sel-update-v664,th04-op,function,mz-load-module/OP_MAIN_TEXT,0xAE28,,0x6E,0x6E,reviewed,authored,source-present,menu_sel_update_and_render,src/op/main/menu_sel_update.cpp,ev-th04-op-target;ev-toolchain-surfaces;ev-th04-op-menu-sel-update-boundary-v664;ev-th04-op-menu-sel-update-toolchain-v664;ev-th04-op-menu-sel-update-omf-v664;ev-th04-op-menu-sel-update-cold-v664;ev-th04-op-menu-sel-update-layout-v664;ev-th04-op-menu-sel-update-raw-v664;ev-th04-op-menu-sel-update-aggregate-v664,python3 scripts/decoded_function_acceptance.py --artifact th04-op,Focused maintained-source replay is raw-zero for the complete 110-byte menu selection updater and preserves OP_MAIN_TEXT plus grouped OMF and all ordered relocations; v665 aggregate passes 56/56; no packed-file offset.
th04-op-start-game-v666,th04-op,function,mz-load-module/OP_MAIN_TEXT,0xA8F1,,0x7B,0x7B,reviewed,authored,source-present,start_game,src/op/start/start_game.cpp,ev-th04-op-target;ev-toolchain-surfaces;ev-th04-op-start-game-boundary-v666;ev-th04-op-start-game-toolchain-v666;ev-th04-op-start-game-omf-v666;ev-th04-op-start-game-cold-v666;ev-th04-op-start-game-layout-v666;ev-th04-op-start-game-raw-v666;ev-th04-op-start-game-aggregate-v666,python3 scripts/decoded_function_acceptance.py --artifact th04-op,Focused maintained-source replay is raw-zero for the complete 123-byte normal-game start wrapper and preserves OP_MAIN_TEXT plus grouped OMF and all ordered relocations; v667 aggregate passes 57/57; no packed-file offset.
th04-op-cfg-save-exit-v668,th04-op,function,mz-load-module/OP_MAIN_TEXT,0xA873,,0x7E,0x7E,reviewed,authored,source-present,cfg_save_exit,src/op/config/cfg_save_exit.cpp,ev-th04-op-target;ev-toolchain-surfaces;ev-th04-op-cfg-save-exit-boundary-v668;ev-th04-op-cfg-save-exit-toolchain-v668;ev-th04-op-cfg-save-exit-omf-v668;ev-th04-op-cfg-save-exit-cold-v668;ev-th04-op-cfg-save-exit-layout-v668;ev-th04-op-cfg-save-exit-raw-v668;ev-th04-op-cfg-save-exit-aggregate-v668,python3 scripts/decoded_function_acceptance.py --artifact th04-op,Focused maintained-source replay is raw-zero for the complete 126-byte cfg_save_exit and preserves OP_MAIN_TEXT plus grouped OMF and all ordered relocations; v669 aggregate passes 58/58; no packed-file offset.
th04-op-nopoly-b-put-v670,th04-op,function,mz-load-module/OP_MUSIC_TEXT,0xBFA7,,0x1E,0x1E,reviewed,authored,source-present,nopoly_B_put,src/op/music/nopoly_put.cpp,ev-th04-op-target;ev-toolchain-surfaces;ev-th04-op-nopoly-b-put-boundary-v670;ev-th04-op-nopoly-b-put-codegen-v670,python3 scripts/probes/probe_th04_op_nopoly_b_put_codegen.py --output-dir .analysis/reconstruction/probes/v670-op-nopoly-b-put-codegen-gap-002,"Natural intrinsic memcpy is semantic and exactly 30 bytes with REP MOVSW, but TC86 emits a different segment-register setup order than target. Pseudoregister/decomp-helper forcing is not accepted."
th04-op-game-init-op-v671,th04-op,function,mz-load-module/SHARED,0xE0F4,,0x81,0x81,reviewed,authored,source-present,game_init_op,src/shared/core/game_init_op.cpp,ev-th04-op-target;ev-toolchain-surfaces;ev-th04-op-game-init-op-boundary-v671;ev-th04-op-game-init-op-toolchain-v671;ev-th04-op-game-init-op-omf-v671;ev-th04-op-game-init-op-cold-v671;ev-th04-op-game-init-op-layout-v671;ev-th04-op-game-init-op-raw-v671;ev-th04-op-game-init-op-aggregate-v671,python3 scripts/decoded_function_acceptance.py --artifact th04-op,Focused maintained-source replay is raw-zero for the complete 129-byte game_init_op; the 130-byte owner includes one trailing codestring zero; v672 aggregate passes 59/59 with all 804 ordered relocations preserved.
th04-op-cfg-save-v673,th04-op,function,mz-load-module/OP_MAIN_TEXT,0xA7F0,,0x83,0x83,reviewed,authored,source-present,cfg_save,src/op/config/cfg_save.cpp,ev-th04-op-target;ev-toolchain-surfaces;ev-th04-op-cfg-save-boundary-v673;ev-th04-op-cfg-save-toolchain-v673;ev-th04-op-cfg-save-omf-v673;ev-th04-op-cfg-save-cold-v673;ev-th04-op-cfg-save-layout-v673;ev-th04-op-cfg-save-raw-v673;ev-th04-op-cfg-save-aggregate-v673,python3 scripts/decoded_function_acceptance.py --artifact th04-op,Focused maintained-source replay is raw-zero for the complete 131-byte cfg_save and preserves OP_MAIN_TEXT plus grouped OMF and all ordered relocations; v674 aggregate passes 60/60; no packed-file offset.
th04-op-snd-se-play-v675,th04-op,function,mz-load-module/SHARED,0xE2F2,,0x39,0x39,reviewed,authored,source-present,SND_SE_PLAY,src/shared/sound/se_play.cpp,ev-th04-op-target;ev-toolchain-surfaces;ev-th04-op-snd-se-play-boundary-v675;ev-th04-op-snd-se-play-codegen-v675,python3 scripts/probes/probe_th04_op_snd_se_play_codegen.py --output-dir .analysis/reconstruction/probes/v675-op-snd-se-play-codegen-gap-002,Maintained ordinary Pascal C++ preserves the target selection semantics but compiles to 60 bytes versus the 57-byte target: normal parameter access creates a BP frame and ordinary current-index zero-extension differs from the target pseudoregister shape. Cross-game pseudoregister forcing is not accepted.
th04-op-setup-menu-v676,th04-op,function,mz-load-module/OP_SETUP_TEXT,0xB9CE,,0x77,0x77,reviewed,authored,source-present,setup_menu,src/op/setup/setup_menu.cpp,ev-th04-op-target;ev-toolchain-surfaces;ev-th04-op-setup-menu-boundary-v676;ev-th04-op-setup-menu-toolchain-v676;ev-th04-op-setup-menu-omf-v676;ev-th04-op-setup-menu-cold-v676;ev-th04-op-setup-menu-layout-v676;ev-th04-op-setup-menu-raw-v676;ev-th04-op-setup-menu-aggregate-v676,python3 scripts/decoded_function_acceptance.py --artifact th04-op,Focused maintained-source replay is raw-zero for the complete 119-byte setup menu wrapper and preserves OP_SETUP_TEXT plus grouped OMF and all ordered relocations; v677 aggregate passes 61/61; no packed-file offset.
th04-op-polygon-build-v678,th04-op,function,mz-load-module/OP_MUSIC_TEXT,0xBFC5,,0x89,0x89,reviewed,authored,source-present,polygon_build,src/op/music/polygon_build.cpp,ev-th04-op-target;ev-toolchain-surfaces;ev-th04-op-polygon-build-boundary-v678;ev-th04-op-polygon-build-toolchain-v678;ev-th04-op-polygon-build-omf-v678;ev-th04-op-polygon-build-cold-v678;ev-th04-op-polygon-build-layout-v678;ev-th04-op-polygon-build-raw-v678;ev-th04-op-polygon-build-aggregate-v678,python3 scripts/decoded_function_acceptance.py --artifact th04-op,Focused maintained-source replay is raw-zero for the complete 137-byte polygon builder and preserves OP_MUSIC_TEXT plus grouped OMF and all ordered relocations; v679 aggregate passes 62/62; no packed-file offset.
th04-op-cfg-load-v680,th04-op,function,mz-load-module/OP_MAIN_TEXT,0xA74C,,0xA4,0xA4,reviewed,authored,source-present,cfg_load,src/op/config/cfg_load.cpp,ev-th04-op-target;ev-toolchain-surfaces;ev-th04-op-cfg-load-boundary-v680;ev-th04-op-cfg-load-toolchain-v680;ev-th04-op-cfg-load-omf-v680;ev-th04-op-cfg-load-cold-v680;ev-th04-op-cfg-load-layout-v680;ev-th04-op-cfg-load-raw-v680;ev-th04-op-cfg-load-aggregate-v680,python3 scripts/decoded_function_acceptance.py --artifact th04-op,Focused maintained-source replay is raw-zero for the complete 164-byte cfg_load and preserves OP_MAIN_TEXT plus grouped OMF and all ordered relocations; v681 aggregate passes 63/63; no packed-file offset.
th04-maine-hiscore-save-v682,th04-maine,function,mz-load-module/SCORE_TEXT,0xC316,,0x9C,0x9C,reviewed,authored,source-present,hiscore_scoredat_save,src/maine/score/hisave.cpp,ev-th04-maine-target;ev-toolchain-surfaces;ev-th04-maine-hiscore-save-boundary-v682;ev-th04-maine-hiscore-save-toolchain-v682;ev-th04-maine-hiscore-save-omf-v682;ev-th04-maine-hiscore-save-cold-v682;ev-th04-maine-hiscore-save-layout-v682;ev-th04-maine-hiscore-save-raw-v682;ev-th04-maine-hiscore-save-aggregate-v682,python3 scripts/decoded_function_acceptance.py --artifact th04-maine,"Focused maintained-source replay is raw-zero for the complete 156-byte high-score save wrapper and preserves grouped SCORE_TEXT, MAINE EXE/MAP, and all 559 relocations; v683 aggregate passes 41/41; surrounding codecs remain nonexact."
th04-op-playchar-titles-v684,th04-op,function,mz-load-module/OP_01_TEXT,0xD285,,0xB3,0xB3,reviewed,authored,source-present,playchar_titles_put,src/op/menu/playchar_titles_put.cpp,ev-th04-op-target;ev-toolchain-surfaces;ev-th04-op-playchar-titles-boundary-v684;ev-th04-op-playchar-titles-toolchain-v684;ev-th04-op-playchar-titles-omf-v684;ev-th04-op-playchar-titles-cold-v684;ev-th04-op-playchar-titles-layout-v684;ev-th04-op-playchar-titles-raw-v684;ev-th04-op-playchar-titles-aggregate-v684,python3 scripts/decoded_function_acceptance.py --artifact th04-op,Focused maintained-source replay is raw-zero for the complete 179-byte playchar title renderer and preserves OP_01_TEXT plus grouped OMF and all ordered relocations; v685 aggregate passes 64/64; no packed-file offset.
th04-maine-script-op-v685,th04-maine,function,mz-load-module/CUTSCENE_TEXT,0xA847,,0x575,0x575,reviewed,authored,source-present,script_op,src/maine/cutscene/script_op.inl,ev-th04-maine-target;ev-toolchain-surfaces;ev-th04-maine-script-op-boundary-v571;ev-th04-maine-script-op-producer-boundary-v685;ev-th04-maine-script-op-toolchain-v685;ev-th04-maine-script-op-omf-v685;ev-th04-maine-script-op-cold-v685;ev-th04-maine-script-op-layout-v685;ev-th04-maine-script-op-raw-v685;ev-th04-maine-script-op-aggregate-v686,python3 scripts/decoded_function_acceptance.py --artifact th04-maine,Maintained natural C++ is raw-zero across the reviewed 1397-byte decoded owner. The adjacent 64-byte switch table is compiler data outside the function body; decoded exactness carries no packed-file or whole-MAINE claim.
th04-maine-cutscene-animate-v687,th04-maine,function,mz-load-module/CUTSCENE_TEXT,0xADFC,,0xD4,0xD4,reviewed,authored,source-present,cutscene_animate,src/maine/cutscene/cutscene_animate.inl,ev-th04-maine-target;ev-toolchain-surfaces;ev-th04-maine-cutscene-animate-boundary-v687;ev-th04-maine-cutscene-animate-producer-boundary-v687;ev-th04-maine-cutscene-animate-toolchain-v687;ev-th04-maine-cutscene-animate-omf-v687;ev-th04-maine-cutscene-animate-cold-v687;ev-th04-maine-cutscene-animate-layout-v687;ev-th04-maine-cutscene-animate-raw-v687;ev-th04-maine-cutscene-animate-aggregate-v688,python3 scripts/decoded_function_acceptance.py --artifact th04-maine,"Maintained natural C++ is raw-zero across the complete 212-byte decoded function; the full CUTSCENE_TEXT producer and 559 ordered relocations are preserved, and the v688 43-slice aggregate passes."
th04-maine-box-bg-snap-v689,th04-maine,function,mz-load-module/CUTSCENE_TEXT,0xA4AE,,0xD1,0xD1,reviewed,authored,source-present,box_bg_allocate_and_snap,src/maine/cutscene/box_bg_snap.inl,ev-th04-maine-target;ev-toolchain-surfaces;ev-th04-maine-box-bg-snap-boundary-v689;ev-th04-maine-box-bg-snap-producer-boundary-v689;ev-th04-maine-box-bg-snap-toolchain-v689;ev-th04-maine-box-bg-snap-omf-v689;ev-th04-maine-box-bg-snap-cold-v689;ev-th04-maine-box-bg-snap-layout-v689;ev-th04-maine-box-bg-snap-raw-v689;ev-th04-maine-box-bg-snap-aggregate-v690,python3 scripts/decoded_function_acceptance.py --artifact th04-maine,"Maintained natural C++ is raw-zero across the complete 209-byte decoded function; the full CUTSCENE_TEXT producer and 559 ordered relocations are preserved, and the v690 44-slice aggregate passes."
th04-maine-pic-put-both-masked-v691,th04-maine,function,mz-load-module/CUTSCENE_TEXT,0xA37F,,0x12F,0x12F,reviewed,authored,source-present,pic_put_both_masked,src/maine/cutscene/pic_put_both_masked.inl,ev-th04-maine-target;ev-toolchain-surfaces;ev-th04-maine-pic-put-both-masked-boundary-v691;ev-th04-maine-pic-put-both-masked-producer-boundary-v691;ev-th04-maine-pic-put-both-masked-toolchain-v691;ev-th04-maine-pic-put-both-masked-omf-v691;ev-th04-maine-pic-put-both-masked-cold-v691;ev-th04-maine-pic-put-both-masked-layout-v691;ev-th04-maine-pic-put-both-masked-raw-v691;ev-th04-maine-pic-put-both-masked-aggregate-v692,python3 scripts/decoded_function_acceptance.py --artifact th04-maine,"Maintained natural C++ is raw-zero across the complete 303-byte decoded function; raw target confirms the script_op caller missed by Ghidra, the full CUTSCENE_TEXT producer and 559 relocations are preserved, and the v692 45-slice aggregate passes."
